time_s,state_of_charge,outlet_temperature_c,storage_heat_mw,deliverable_power_mw
0.0,1.0,400.0,0.3160681138888889,0.3160681138888889
19.2,0.9986666666666668,399.9999999999999,0.31606811388888845,0.31606811388888845
38.4,0.9973333333333336,399.9999999999999,0.31606811388888845,0.31606811388888845
57.599999999999994,0.9959999999999999,399.9999999999999,0.31606811388888845,0.31606811388888845
76.8,0.9946666666666665,399.9999999999999,0.31606811388888845,0.31606811388888845
96.0,0.9933333333333331,399.9999999999999,0.31606811388888845,0.31606811388888845
115.19999999999999,0.992,399.9999999999999,0.31606811388888845,0.31606811388888845
134.4,0.9906666666666664,399.9999999999999,0.31606811388888845,0.31606811388888845
153.6,0.989333333333333,399.9999999999999,0.31606811388888845,0.31606811388888845
172.79999999999998,0.9879999999999995,399.9999999999999,0.31606811388888845,0.31606811388888845
192.0,0.986666666666666,399.9999999999999,0.31606811388888845,0.31606811388888845
211.2,0.9853333333333328,399.9999999999999,0.31606811388888845,0.31606811388888845
230.39999999999998,0.9839999999999992,399.9999999999999,0.31606811388888845,0.31606811388888845
249.6,0.9826666666666657,399.99999999999983,0.3160681138888882,0.3160681138888882
268.8,0.9813333333333325,399.9999999999998,0.31606811388888806,0.31606811388888806
288.0,0.9799999999999991,399.9999999999998,0.31606811388888806,0.31606811388888806
307.2,0.9786666666666658,399.99999999999966,0.31606811388888756,0.31606811388888756
326.4,0.9773333333333324,399.99999999999955,0.3160681138888871,0.3160681138888871
345.59999999999997,0.975999999999999,399.99999999999943,0.3160681138888866,0.3160681138888866
364.8,0.9746666666666658,399.99999999999915,0.31606811388888556,0.31606811388888556
384.0,0.9733333333333324,399.999999999999,0.3160681138888849,0.3160681138888849
403.2,0.9719999999999991,399.9999999999985,0.3160681138888831,0.3160681138888831
422.4,0.9706666666666657,399.999999999998,0.31606811388888106,0.31606811388888106
441.59999999999997,0.9693333333333323,399.9999999999974,0.3160681138888786,0.3160681138888786
460.79999999999995,0.967999999999999,399.9999999999966,0.31606811388887546,0.31606811388887546
480.0,0.9666666666666658,399.99999999999557,0.3160681138888714,0.3160681138888714
499.2,0.9653333333333324,399.99999999999426,0.3160681138888662,0.3160681138888662
518.4,0.9639999999999992,399.99999999999267,0.3160681138888599,0.3160681138888599
537.6,0.9626666666666658,399.99999999999056,0.31606811388885164,0.31606811388885164
556.8,0.9613333333333327,399.999999999988,0.31606811388884154,0.31606811388884154
576.0,0.9599999999999995,399.99999999998477,0.3160681138888287,0.3160681138888287
595.1999999999999,0.9586666666666666,399.9999999999808,0.316068113888813,0.316068113888813
614.4,0.9573333333333334,399.99999999997596,0.3160681138887939,0.3160681138887939
633.6,0.9560000000000006,399.99999999997004,0.3160681138887706,0.3160681138887706
652.8,0.9546666666666679,399.99999999996277,0.31606811388874184,0.31606811388874184
672.0,0.9533333333333354,399.99999999995396,0.31606811388870704,0.31606811388870704
691.1999999999999,0.9520000000000028,399.99999999994327,0.31606811388866474,0.31606811388866474
710.4,0.9506666666666704,399.9999999999304,0.316068113888614,0.316068113888614
729.6,0.9493333333333388,399.99999999991485,0.3160681138885525,0.3160681138885525
748.8,0.9480000000000071,399.9999999998962,0.31606811388847883,0.31606811388847883
768.0,0.9466666666666755,399.99999999987386,0.3160681138883906,0.3160681138883906
787.1999999999999,0.9453333333333447,399.9999999998473,0.3160681138882857,0.3160681138882857
806.4,0.9440000000000145,399.9999999998156,0.31606811388816036,0.31606811388816036
825.6,0.9426666666666847,399.9999999997781,0.31606811388801215,0.31606811388801215
844.8,0.9413333333333557,399.99999999973363,0.3160681138878365,0.3160681138878365
864.0,0.9400000000000275,399.9999999996812,0.31606811388762945,0.31606811388762945
883.1999999999999,0.9386666666667006,399.9999999996195,0.3160681138873856,0.3160681138873856
902.4,0.9373333333333748,399.9999999995469,0.31606811388709877,0.31606811388709877
921.5999999999999,0.9360000000000505,399.9999999994617,0.3160681138867621,0.3160681138867621
940.8,0.9346666666667275,399.99999999936216,0.3160681138863689,0.3160681138863689
960.0,0.9333333333334067,399.99999999924586,0.31606811388590944,0.31606811388590944
979.1999999999999,0.9320000000000881,399.99999999911057,0.3160681138853749,0.3160681138853749
998.4,0.930666666666772,399.9999999989532,0.31606811388475303,0.31606811388475303
1017.5999999999999,0.9293333333334592,399.99999999877053,0.3160681138840315,0.3160681138840315
1036.8,0.9280000000001496,399.99999999855913,0.3160681138831963,0.3160681138831963
1056.0,0.9266666666668444,399.9999999983146,0.3160681138822301,0.3160681138822301
1075.2,0.9253333333335438,399.9999999980324,0.3160681138811153,0.3160681138811153
1094.3999999999999,0.9240000000002486,399.99999999770756,0.31606811387983186,0.31606811387983186
1113.6,0.9226666666669595,399.9999999973339,0.31606811387835543,0.31606811387835543
1132.8,0.921333333333678,399.999999996905,0.316068113876661,0.316068113876661
1152.0,0.920000000000404,399.9999999964134,0.31606811387471884,0.31606811387471884
1171.2,0.9186666666671398,399.9999999958509,0.31606811387249634,0.31606811387249634
1190.3999999999999,0.9173333333338861,399.9999999952081,0.3160681138699568,0.3160681138699568
1209.6,0.9160000000006449,399.99999999447476,0.3160681138670595,0.3160681138670595
1228.8,0.9146666666674176,399.9999999936395,0.31606811386375955,0.31606811386375955
1248.0,0.9133333333342062,399.9999999926893,0.31606811386000544,0.31606811386000544
1267.2,0.9120000000010126,399.99999999160985,0.3160681138557407,0.3160681138557407
1286.3999999999999,0.9106666666678395,399.99999999038545,0.3160681138509032,0.3160681138509032
1305.6,0.9093333333346895,399.9999999889985,0.3160681138454237,0.3160681138454237
1324.8,0.9080000000015654,399.99999998742925,0.31606811383922373,0.31606811383922373
1344.0,0.9066666666684713,399.99999998565625,0.3160681138322189,0.3160681138322189
1363.2,0.9053333333354102,399.99999998365536,0.31606811382431366,0.31606811382431366
1382.3999999999999,0.9040000000023869,399.99999998140026,0.3160681138154041,0.3160681138154041
1401.6,0.9026666666694055,399.99999997886175,0.3160681138053748,0.3160681138053748
1420.8,0.9013333333364723,399.9999999760076,0.31606811379409844,0.31606811379409844
1440.0,0.900000000003592,399.9999999728019,0.31606811378143324,0.31606811378143324
1459.2,0.8986666666707719,399.99999996920593,0.3160681137672261,0.3160681137672261
1478.3999999999999,0.8973333333380189,399.9999999651766,0.3160681137513068,0.3160681137513068
1497.6,0.8960000000053411,399.9999999606664,0.31606811373348775,0.31606811373348775
1516.8,0.8946666666727474,399.9999999556237,0.31606811371356475,0.31606811371356475
1536.0,0.8933333333402473,399.9999999499912,0.3160681136913116,0.3160681136913116
1555.2,0.8920000000078522,399.99999994370677,0.31606811366648274,0.31606811366648274
1574.3999999999999,0.8906666666755737,399.9999999367017,0.3160681136388069,0.3160681136388069
1593.6,0.8893333333434251,399.9999999289016,0.31606811360798975,0.31606811360798975
1612.8,0.8880000000114213,399.99999992022447,0.3160681135737076,0.3160681135737076
1632.0,0.8866666666795782,399.99999991058104,0.3160681135356079,0.3160681135356079
1651.2,0.8853333333479135,399.99999989987384,0.3160681134933053,0.3160681134933053
1670.3999999999999,0.8840000000164471,399.99999988799664,0.31606811344638025,0.31606811344638025
1689.6,0.8826666666851996,399.9999998748336,0.31606811339437496,0.31606811339437496
1708.8,0.8813333333541953,399.99999986025864,0.3160681133367916,0.3160681133367916
1728.0,0.8800000000234595,399.9999998441346,0.31606811327308787,0.31606811327308787
1747.2,0.8786666666930208,399.9999998263124,0.3160681132026749,0.3160681132026749
1766.3999999999999,0.8773333333629103,399.99999980662983,0.31606811312491206,0.31606811312491206
1785.6,0.8760000000331615,399.99999978491127,0.31606811303910526,0.31606811303910526
1804.8,0.874666666703812,399.9999997609658,0.3160681129445003,0.3160681129445003
1824.0,0.8733333333749022,399.99999973458677,0.31606811284028064,0.31606811284028064
1843.1999999999998,0.8720000000464763,399.99999970555,0.31606811272556073,0.31606811272556073
1862.3999999999999,0.8706666667185826,399.9999996736131,0.3160681125993828,0.3160681125993828
1881.6,0.869333333391274,399.9999996385138,0.31606811246071076,0.31606811246071076
1900.8,0.8680000000646076,399.9999995999685,0.3160681123084238,0.3160681123084238
1920.0,0.8666666667386465,399.9999995576707,0.31606811214131164,0.31606811214131164
1939.1999999999998,0.8653333334134581,399.9999995112898,0.31606811195806744,0.31606811195806744
1958.3999999999999,0.8640000000891169,399.99999946046887,0.3160681117572816,0.3160681117572816
1977.6,0.8626666667657031,399.99999940482314,0.3160681115374336,0.3160681115374336
1996.8,0.861333333443304,399.99999934393793,0.3160681112968851,0.3160681112968851
2016.0,0.8600000001220144,399.99999927736656,0.31606811103387156,0.31606811103387156
2035.1999999999998,0.8586666668019373,399.99999920462847,0.31606811074649416,0.31606811074649416
2054.4,0.8573333334831837,399.99999912520667,0.31606811043271044,0.31606811043271044
2073.6,0.8560000001658745,399.99999903854535,0.3160681100903245,0.3160681100903245
2092.7999999999997,0.8546666668501404,399.9999989440475,0.31606810971697746,0.31606810971697746
2112.0,0.8533333335361226,399.9999988410716,0.316068109310135,0.316068109310135
2131.2,0.8520000002239737,399.99999872892977,0.31606810886707926,0.31606810886707926
2150.4,0.8506666669138588,399.99999860688393,0.3160681083848943,0.3160681083848943
2169.6,0.8493333336059563,399.9999984741429,0.3160681078604542,0.3160681078604542
2188.7999999999997,0.8480000003004586,399.99999832985895,0.3160681072904098,0.3160681072904098
2208.0,0.8466666669975731,399.9999981731244,0.3160681066711749,0.3160681066711749
2227.2,0.8453333336975235,399.99999800296774,0.3160681059989112,0.3160681059989112
2246.4,0.844000000400551,399.99999781834987,0.3160681052695134,0.3160681052695134
2265.6,0.8426666671069148,399.9999976181598,0.3160681044785922,0.3160681044785922
2284.7999999999997,0.8413333338168947,399.9999974012102,0.31606810362145643,0.31606810362145643
2304.0,0.8400000005307907,399.9999971662331,0.3160681026930968,0.3160681026930968
2323.2,0.8386666672489259,399.999996911875,0.31606810168816574,0.31606810168816574
2342.4,0.8373333339716478,399.99999663669155,0.3160681006009569,0.3160681006009569
2361.6,0.8360000006993287,399.9999963391424,0.31606809942538444,0.31606809942538444
2380.7999999999997,0.8346666674323687,399.999996017586,0.3160680981549629,0.3160680981549629
2400.0,0.8333333341711976,399.9999956702727,0.3160680967827797,0.3160680967827797
2419.2,0.832000000916275,399.99999529533994,0.316068095301476,0.316068095301476
2438.4,0.8306666676680952,399.9999948908046,0.316068093703217,0.316068093703217
2457.6,0.8293333344271857,399.9999944545571,0.31606809197966795,0.31606809197966795
2476.7999999999997,0.8280000011941129,399.999993984354,0.3160680901219653,0.3160680901219653
2496.0,0.8266666679694828,399.99999347781034,0.3160680881206866,0.3160680881206866
2515.2,0.8253333347539429,399.9999929323921,0.3160680859658202,0.3160680859658202
2534.4,0.8240000015481861,399.99999234540826,0.3160680836467342,0.3160680836467342
2553.6,0.8226666683529525,399.9999917140021,0.3160680811521422,0.3160680811521422
2572.7999999999997,0.8213333351690335,399.99999103514216,0.3160680784700675,0.3160680784700675
2592.0,0.8200000019972732,399.9999903056133,0.31606807558780753,0.31606807558780753
2611.2,0.8186666688385731,399.9999895220068,0.3160680724918945,0.3160680724918945
2630.4,0.8173333356938944,399.99998868071,0.3160680691680558,0.3160680691680558
2649.6,0.8160000025642629,399.9999877778962,0.3160680656011727,0.3160680656011727
2668.7999999999997,0.8146666694507709,399.9999868095134,0.3160680617752362,0.3160680617752362
2688.0,0.8133333363545832,399.9999857712724,0.31606805767330026,0.31606805767330026
2707.2,0.8120000032769391,399.9999846586355,0.3160680532774372,0.3160680532774372
2726.4,0.810666670219159,399.99998346680354,0.31606804856868614,0.31606804856868614
2745.6,0.8093333371826472,399.99998219070267,0.3160680435270012,0.3160680435270012
2764.7999999999997,0.8080000041688975,399.99998082497115,0.3160680381311988,0.3160680381311988
2784.0,0.8066666711794983,399.99997936394504,0.3160680323589018,0.3160680323589018
2803.2,0.8053333382161376,399.99997780164335,0.31606802618647994,0.31606802618647994
2822.4,0.8040000052806082,399.99997613175293,0.316068019588991,0.316068019588991
2841.6,0.8026666723748148,399.99997434761224,0.3160680125401162,0.3160680125401162
2860.7999999999997,0.8013333395007781,399.99997244219503,0.3160680050120959,0.3160680050120959
2880.0,0.8000000066606433,399.9999704080927,0.31606799697565974,0.31606799697565974
2899.2,0.7986666738566847,399.999968237497,0.3160679883999587,0.3160679883999587
2918.4,0.7973333410913149,399.99996592218076,0.3160679792524883,0.3160679792524883
2937.6,0.7960000083670903,399.9999634534788,0.31606796949901367,0.31606796949901367
2956.7999999999997,0.7946666756867191,399.99996082226824,0.3160679591034916,0.3160679591034916
2976.0,0.7933333430530699,399.9999580189469,0.31606794802798566,0.31606794802798566
2995.2,0.7920000104691797,399.9999550334124,0.3160679362325823,0.3160679362325823
3014.4,0.7906666779382623,399.99995185503946,0.316067923675303,0.316067923675303
3033.6,0.789333345463718,399.9999484726564,0.3160679103120101,0.3160679103120101
3052.7999999999997,0.7880000130491425,399.9999448745215,0.3160678960963136,0.3160678960963136
3072.0,0.7866666806983375,399.999941048298,0.3160678809794732,0.3160678809794732
3091.2,0.7853333484153202,399.99993698102793,0.3160678649102934,0.3160678649102934
3110.4,0.784000016204335,399.99993265910575,0.31606784783502095,0.31606784783502095
3129.6,0.7826666840698643,399.99992806825014,0.31606782969723257,0.31606782969723257
3148.7999999999997,0.7813333520166397,399.99992319347615,0.3160678104377248,0.3160678104377248
3168.0,0.7800000200496552,399.99991801906475,0.31606778999439417,0.31606778999439417
3187.2,0.7786666881741795,399.9999125285323,0.3160677683021163,0.3160677683021163
3206.4,0.7773333563957696,399.99990670459954,0.31606774529262316,0.31606774529262316
3225.6,0.7760000247202834,399.99990052915814,0.31606772089437174,0.31606772089437174
3244.7999999999997,0.7746666931538961,399.99989398323686,0.31606769503240933,0.31606769503240933
3264.0,0.7733333617031132,399.99988704696705,0.31606766762823785,0.31606766762823785
3283.2,0.7720000303747871,399.9998796995461,0.3160676385996694,0.3160676385996694
3302.4,0.7706666991761338,399.9998719192007,0.31606760786068067,0.31606760786068067
3321.6,0.769333368114748,399.99986368314757,0.3160675753212584,0.3160675753212584
3340.7999999999997,0.768000037198622,399.9998549675547,0.316067540887246,0.316067540887246
3360.0,0.7666667064361636,399.99984574749993,0.31606750446017945,0.31606750446017945
3379.2,0.7653333758362147,399.9998359969287,0.31606746593712126,0.31606746593712126
3398.4,0.7640000454080711,399.99982568861105,0.3160674252104897,0.3160674252104897
3417.6,0.7626667151615028,399.99981479409615,0.31606738216788,0.31606738216788
3436.7999999999997,0.7613333851067748,399.99980328366667,0.31606733669188336,0.31606733669188336
3456.0,0.7600000552546697,399.99979112629103,0.31606728865989847,0.31606728865989847
3475.2,0.7586667256165103,399.99977828957464,0.3160672379439392,0.3160672379439392
3494.4,0.7573333962041815,399.99976473970906,0.3160671844104336,0.3160671844104336
3513.6,0.7560000670301579,399.9997504414207,0.3160671279200206,0.3160671279200206
3532.7999999999997,0.7546667381075259,399.99973535791725,0.31606706832733955,0.31606706832733955
3552.0,0.753333409450012,399.9997194508327,0.3160670054808118,0.3160670054808118
3571.2,0.7520000810720091,399.99970268017114,0.3160669392224198,0.3160669392224198
3590.4,0.7506667529886047,399.9996850042489,0.3160668693874772,0.3160668693874772
3609.6,0.7493334252156109,399.9996663796345,0.31606679580439295,0.31606679580439295
3628.7999999999997,0.7480000977695926,399.9996467610881,0.316066718294431,0.316066718294431
3648.0,0.746666770667901,399.9996261014983,0.3160666366714611,0.3160666366714611
3667.2,0.7453334439287039,399.99960435181725,0.31606655074170287,0.31606655074170287
3686.3999999999996,0.7440001175710207,399.9995814609954,0.3160664603034667,0.3160664603034667
3705.6,0.7426667916147554,399.9995573759124,0.31606636514688224,0.31606636514688224
3724.7999999999997,0.7413334660807335,399.9995320413079,0.31606626505362395,0.31606626505362395
3744.0,0.740000140990738,399.99950539971036,0.31606615979663044,0.31606615979663044
3763.2,0.7386668163675487,399.99947739136286,0.3160660491398109,0.3160660491398109
3782.3999999999996,0.7373334922349793,399.9994479541487,0.3160659328377514,0.3160659328377514
3801.6,0.7360001686179207,399.9994170235136,0.31606581063540773,0.31606581063540773
3820.7999999999997,0.7346668455423808,399.99938453238747,0.31606568226779574,0.31606568226779574
3840.0,0.7333335230355288,399.99935041110274,0.3160655474596694,0.3160655474596694
3859.2,0.7320002011257404,399.99931458731226,0.3160654059251958,0.3160654059251958
3878.3999999999996,0.730666879842642,399.9992769859038,0.3160652573676177,0.3160652573676177
3897.6,0.7293335592171599,399.99923752891397,0.3160651014789132,0.3160651014789132
3916.7999999999997,0.7280002392815693,399.99919613543847,0.31606493793944157,0.31606493793944157
3936.0,0.7266669200695435,399.99915272154203,0.3160647664175871,0.3160647664175871
3955.2,0.7253336016162074,399.999107200165,0.31606458656938974,0.31606458656938974
3974.3999999999996,0.7240002839581903,399.9990594810283,0.31606439803817077,0.31606439803817077
3993.6,0.7226669671336812,399.9990094705367,0.3160642004541487,0.3160642004541487
4012.7999999999997,0.7213336511824866,399.99895707167855,0.31606399343404534,0.31606399343404534
4032.0,0.7200003361460877,399.9989021839253,0.31606377658068724,0.31606377658068724
4051.2,0.7186670220677024,399.9988447031275,0.3160635494825954,0.3160635494825954
4070.3999999999996,0.7173337089923454,399.99878452140837,0.3160633117135648,0.3160633117135648
4089.6,0.7160003969668943,399.9987215270567,0.3160630628322409,0.3160630628322409
4108.8,0.7146670860401542,399.99865560441606,0.3160628023816822,0.3160628023816822
4128.0,0.7133337762629244,399.9985866337718,0.31606252988891426,0.31606252988891426
4147.2,0.7120004676880705,399.99851449123673,0.31606224486447676,0.31606224486447676
4166.4,0.7106671603705931,399.9984390486338,0.3160619468019617,0.3160619468019617
4185.599999999999,0.7093338543677036,399.9983601733764,0.31606163517753855,0.31606163517753855
4204.8,0.7080005497388976,399.99827772834715,0.3160613094494774,0.3160613094494774
4224.0,0.7066672465460346,399.99819157177285,0.3160609690576532,0.3160609690576532
4243.2,0.7053339448534163,399.99810155709866,0.31606061342304953,0.31606061342304953
4262.4,0.7040006447278685,399.9980075328591,0.3160602419472488,0.3160602419472488
4281.599999999999,0.702667346238826,399.9979093425465,0.3160598540119125,0.3160598540119125
4300.8,0.7013340494584179,399.99780682447755,0.31605944897825383,0.31605944897825383
4320.0,0.7000007544615569,399.99769981165707,0.31605902618649967,0.31605902618649967
4339.2,0.6986674613260296,399.9975881316399,0.3160585849553447,0.3160585849553447
4358.4,0.6973341701325896,399.9974716063893,0.3160581245813926,0.3160581245813926
4377.599999999999,0.696000880965054,399.9973500521344,0.31605764433859157,0.31605764433859157
4396.8,0.6946675939104001,399.9972232792236,0.31605714347765645,0.31605714347765645
4416.0,0.6933343090588672,399.9970910919771,0.31605662122548545,0.31605662122548545
4435.2,0.692001026504058,399.9969532885356,0.31605607678456255,0.31605607678456255
4454.4,0.6906677463430462,399.99680966070764,0.3160555093323539,0.3160555093323539
4473.599999999999,0.6893344686764825,399.9966599938135,0.3160549180206922,0.3160549180206922
4492.8,0.688001193608707,399.99650406652745,0.31605430197515205,0.31605430197515205
4512.0,0.6866679212478618,399.99634165071734,0.31605366029441745,0.31605366029441745
4531.2,0.685334651706007,399.9961725112816,0.31605299204963694,0.31605299204963694
4550.4,0.6840013850992405,399.99599640598325,0.31605229628376824,0.31605229628376824
4569.599999999999,0.6826681215478192,399.99581308528303,0.3160515720109189,0.3160515720109189
4588.8,0.6813348611762828,399.9956222921681,0.31605081821566905,0.31605081821566905
4608.0,0.680001604113583,399.9954237619801,0.3160500338523931,0.3160500338523931
4627.2,0.6786683504932123,399.9952172222391,0.3160492178445634,0.3160492178445634
4646.4,0.6773351004533379,399.9950023924671,0.31604836908405287,0.31604836908405287
4665.599999999999,0.6760018541369376,399.994778984007,0.3160474864304202,0.3160474864304202
4684.8,0.6746686116919404,399.9945466998405,0.3160465687101904,0.3160465687101904
4704.0,0.6733353732713668,399.99430523440356,0.3160456147161251,0.3160456147161251
4723.2,0.6720021390334768,399.994054273399,0.31604462320648297,0.31604462320648297
4742.4,0.6706689091419167,399.9937934936072,0.31604359290427125,0.31604359290427125
4761.599999999999,0.6693356837658718,399.9935225626935,0.3160425224964852,0.3160425224964852
4780.8,0.6680024630802214,399.99324113901497,0.3160414106333442,0.3160414106333442
4800.0,0.6666692472656975,399.99294887142344,0.3160402559275141,0.3160402559275141
4819.2,0.6653360365090464,399.99264539906665,0.3160390569533213,0.3160390569533213
4838.4,0.6640028310031934,399.9923303511874,0.31603781224595895,0.31603781224595895
4857.599999999999,0.6626696309474112,399.99200334692034,0.316036520300685,0.316036520300685
4876.8,0.661336436547493,399.99166399508636,0.3160351795720086,0.3160351795720086
4896.0,0.6600032480159264,399.99131189398497,0.31603378847287095,0.31603378847287095
4915.2,0.6586700655720732,399.99094663118495,0.31603234537381747,0.31603234537381747
4934.4,0.6573368894423515,399.9905677833117,0.3160308486021581,0.3160308486021581
4953.599999999999,0.6560037198604208,399.99017491583436,0.316029296441126,0.316029296441126
4972.8,0.6546705570673732,399.98976758284834,0.3160276871290183,0.3160276871290183
4992.0,0.6533374013119254,399.98934532685877,0.31602601885834075,0.31602601885834075
5011.2,0.652004252850616,399.98890767856,0.3160242897749365,0.3160242897749365
5030.4,0.6506711119480058,399.9884541566131,0.316022497977107,0.316022497977107
5049.599999999999,0.6493379788768819,399.9879842674229,0.31602064151473097,0.31602064151473097
5068.8,0.6480048539184666,399.98749750491214,0.3160187183883723,0.3160187183883723
5088.0,0.6466717373626283,399.9869933502937,0.3160167265483803,0.3160167265483803
5107.2,0.6453386295080976,399.98647127184194,0.31601466389398597,0.31601466389398597
5126.4,0.6440055306626864,399.98593072466133,0.3160125282723879,0.3160125282723879
5145.599999999999,0.6426724411435122,399.98537115045394,0.31601031747783404,0.31601031747783404
5164.8,0.641339361277224,399.9847919772859,0.31600802925069865,0.31600802925069865
5184.0,0.6400062914002348,399.98419261935095,0.31600566127654806,0.31600566127654806
5203.2,0.6386732318589557,399.9835724767336,0.3160032111852056,0.3160032111852056
5222.4,0.6373401830100363,399.98293093517043,0.3160006765498073,0.3160006765498073
5241.599999999999,0.636007145220606,399.9822673658102,0.31599805488585564,0.31599805488585564
5260.8,0.634674118868523,399.9815811249724,0.3159953436502649,0.3159953436502649
5280.0,0.6333411043426245,399.9808715539047,0.31599254024040185,0.31599254024040185
5299.2,0.6320081020429821,399.98013797853895,0.31598964199312374,0.31598964199312374
5318.4,0.630675112381161,399.97937970924676,0.31598664618381117,0.31598664618381117
5337.599999999999,0.6293421357804847,399.9785960405932,0.3159835500253955,0.3159835500253955
5356.8,0.6280091726762997,399.9777862510897,0.3159803506673829,0.3159803506673829
5376.0,0.6266762235162506,399.97694960294655,0.31597704519487546,0.31597704519487546
5395.2,0.6253432887605536,399.97608534182376,0.31597363062758815,0.31597363062758815
5414.4,0.6240103688822769,399.9751926965819,0.3159701039188637,0.3159701039188637
5433.599999999999,0.6226774643676264,399.9742708790318,0.3159664619546834,0.3159664619546834
5452.8,0.6213445757162317,399.97331908368335,0.31596270155267603,0.31596270155267603
5472.0,0.62001170344144,399.9723364874946,0.3159588194611249,0.3159588194611249
5491.2,0.6186788480706129,399.97132224961956,0.3159548123579724,0.3159548123579724
5510.4,0.617346010145427,399.97027551115633,0.3159506768498248,0.3159506768498248
5529.599999999999,0.6160131902221787,399.9691953948941,0.3159464094709524,0.3159464094709524
5548.8,0.6146803888720943,399.96808100506047,0.3159420066822918,0.3159420066822918
5568.0,0.6133476066816432,399.966931427069,0.3159374648704478,0.3159374648704478
5587.2,0.6120148442528552,399.965745727266,0.3159327803466929,0.3159327803466929
5606.4,0.6106821022036439,399.96452295267704,0.3159279493459675,0.3159279493459675
5625.599999999999,0.6093493811681312,399.9632621307555,0.31592296802588377,0.31592296802588377
5644.8,0.6080166817969791,399.9619622691287,0.3159178324657252,0.3159178324657252
5664.0,0.6066840047577231,399.9606223553464,0.3159125386654508,0.3159125386654508
5683.2,0.6053513507351127,399.9592413566292,0.31590708254470296,0.31590708254470296
5702.4,0.6040187204314524,399.95781821961674,0.3159014599418113,0.3159014599418113
5721.599999999999,0.6026861145669504,399.956351870117,0.3158956666128026,0.3158956666128026
5740.8,0.6013535338800692,399.95484121285693,0.3158896982304162,0.3158896982304162
5760.0,0.6000209791278822,399.9532851312328,0.3158835503831162,0.3158835503831162
5779.2,0.5986884510864308,399.95168248706204,0.3158772185741126,0.3158772185741126
5798.4,0.5973559505510919,399.95003212033606,0.31587069822038377,0.31587069822038377
5817.599999999999,0.5960234783369422,399.9483328489743,0.3158639846517051,0.3158639846517051
5836.8,0.5946910352791326,399.946583468579,0.3158570731096798,0.3158570731096798
5856.0,0.5933586222332627,399.9447827521917,0.3158499587467777,0.3158499587467777
5875.2,0.5920262400757617,399.94292945005157,0.31584263662537887,0.31584263662537887
5894.4,0.5906938897042724,399.9410222893541,0.31583510171682233,0.31583510171682233
5913.599999999999,0.5893615720380387,399.9390599740125,0.3158273489004612,0.3158273489004612
5932.8,0.5880292880182983,399.9370411844207,0.3158193729627286,0.3158193729627286
5952.0,0.586697038608678,399.9349645772177,0.31581116859620445,0.31581116859620445
5971.2,0.5853648247955936,399.9328287850544,0.3158027303986955,0.3158027303986955
5990.4,0.5840326475886541,399.9306324163623,0.31579405287232143,0.31579405287232143
6009.599999999999,0.5827005080210687,399.92837405512455,0.31578513042261025,0.31578513042261025
6028.8,0.5813684071500578,399.9260522606491,0.3157759573576016,0.3157759573576016
6048.0,0.5800363460572687,399.9236655673445,0.3157665278869613,0.3157665278869613
6067.2,0.5787043258491937,399.92121248449814,0.3157568361211056,0.3157568361211056
6086.4,0.5773723476575926,399.9186914960573,0.3157468760703352,0.3157468760703352
6105.599999999999,0.576040412639919,399.9161010604128,0.3157366416439814,0.3157366416439814
6124.8,0.5747085219797491,399.9134396101854,0.31572612664956146,0.31572612664956146
6144.0,0.5733766768872154,399.91070555201594,0.3157153247919505,0.3157153247919505
6163.2,0.5720448785994428,399.90789726635757,0.31570422967255923,0.31570422967255923
6182.4,0.5707131283809881,399.90501310727205,0.31569283478853033,0.31569283478853033
6201.599999999999,0.5693814275242843,399.90205140222935,0.315681133531946,0.315681133531946
6220.8,0.5680497773500857,399.8990104519098,0.31566911918904694,0.31566911918904694
6240.0,0.5667181792079188,399.89588853001163,0.31565678493947114,0.31565678493947114
6259.2,0.5653866344765346,399.8926838830606,0.3156441238555025,0.3156441238555025
6278.4,0.564055144564364,399.8893947302237,0.31563112890133443,0.31563112890133443
6297.599999999999,0.5627237109099784,399.886019263128,0.3156177929323539,0.3156177929323539
6316.8,0.5613923349825504,399.88255564568215,0.3156041086944371,0.3156041086944371
6336.0,0.5600610182823186,399.8790020139031,0.31559006882326396,0.31559006882326396
6355.2,0.558729762341056,399.87535647574657,0.3155756658436484,0.3155756658436484
6374.4,0.5573985687225402,399.871617110942,0.3155608921688868,0.3155608921688868
6393.599999999999,0.5560674390230262,399.86778197083254,0.3155457401001256,0.3155457401001256
6412.8,0.5547363748717226,399.8638490782192,0.31553020182574515,0.31553020182574515
6432.0,0.553405377931269,399.8598164272097,0.31551426942076344,0.31551426942076344
6451.2,0.5520744498982177,399.8556819830731,0.3154979348462606,0.3154979348462606
6470.4,0.5507435925035161,399.8514436820985,0.31548118994882124,0.31548118994882124
6489.599999999999,0.5494128075129918,399.84709943145896,0.3154640264599976,0.3154640264599976
6508.8,0.5480820967278403,399.8426471090821,0.3154464359957967,0.3154464359957967
6528.0,0.5467514619851148,399.8380845635234,0.3154284100561808,0.3154284100561808
6547.2,0.5454209051582173,399.833409613848,0.3154099400246004,0.3154099400246004
6566.4,0.544090428157392,399.82862004951545,0.31539101716753865,0.31539101716753865
6585.599999999999,0.5427600329302208,399.82371363027255,0.315371632634088,0.315371632634088
6604.8,0.5414297214621199,399.81868808605,0.31535177745554177,0.31535177745554177
6624.0,0.5400994957768388,399.81354111686613,0.31533144254501455,0.31533144254501455
6643.2,0.5387693579369599,399.80827039273674,0.3153106186970845,0.3153106186970845
6662.4,0.5374393100443998,399.80287355359036,0.31528929658745997,0.31528929658745997
6681.599999999999,0.5361093542409133,399.79734820919026,0.3152674667726709,0.3152674667726709
6700.8,0.5347794927085955,399.79169193906324,0.31524511968978725,0.31524511968978725
6720.0,0.5334497276703882,399.78590229243383,0.31522224565615925,0.31522224565615925
6739.2,0.5321200613905853,399.7799767881663,0.3151988348691883,0.3151988348691883
6758.4,0.5307904961753401,399.77391291471235,0.3151748774061201,0.3151748774061201
6777.599999999999,0.5294610343731722,399.7677081300662,0.3151503632238676,0.3151503632238676
6796.8,0.5281316783754767,399.7613598617266,0.31512528215886065,0.31512528215886065
6816.0,0.5268024306170321,399.75486550666506,0.31509962392692037,0.31509962392692037
6835.2,0.5254732935765104,399.7482224313028,0.3150733781231682,0.3150733781231682
6854.4,0.5241442697769855,399.7414279714927,0.31504653422195494,0.31504653422195494
6873.599999999999,0.5228153617864436,399.73447943251034,0.31501908157682434,0.31501908157682434
6892.8,0.5214865722182926,399.7273740890519,0.3149910094205064,0.3149910094205064
6912.0,0.520157903731872,399.72010918523904,0.3149623068649349,0.3149623068649349
6931.2,0.5188293590329613,399.7126819346318,0.31493296290129974,0.31493296290129974
6950.4,0.5175009408742905,399.70508952024903,0.314902966400127,0.314902966400127
6969.599999999999,0.5161726520560471,399.6973290945971,0.3148723061113921,0.3148723061113921
6988.8,0.5148444954263856,399.68939777970496,0.3148409706646595,0.3148409706646595
7008.0,0.5135164738819327,399.681292667169,0.3148089485692582,0.3148089485692582
7027.2,0.512188590368296,399.67301081820426,0.3147762282144858,0.3147762282144858
7046.4,0.5108608478805675,399.6645492637049,0.31474279786984594,0.31474279786984594
7065.599999999999,0.5095332494638288,399.65590500431176,0.3147086456853166,0.3147086456853166
7084.8,0.508205798213654,399.64707501048923,0.3146737596916524,0.3146737596916524
7104.0,0.5068784972766105,399.6380562226094,0.31463812780071815,0.31463812780071815
7123.2,0.5055513498507598,399.62884555104506,0.3146017378058557,0.3146017378058557
7142.4,0.5042243591861552,399.6194398762711,0.31456457738228494,0.31456457738228494
7161.599999999999,0.502897528585339,399.60983604897433,0.3145266340875374,0.3145266340875374
7180.8,0.501570861403836,399.6000308901718,0.31448789536192373,0.31448789536192373
7200.0,0.5002443610506471,399.5900211913376,0.3144483485290347,0.3144483485290347
7219.2,0.49891803098873805,399.57980371453897,0.3144079807962791,0.3144079807962791
7238.4,0.4975918747355283,399.5693751925797,0.31436677925545015,0.31436677925545015
7257.599999999999,0.4962658958633757,399.5587323291541,0.3143247308833339,0.3143247308833339
7276.8,0.4949400980000588,399.54787179900865,0.3142818225423475,0.3142818225423475
7296.0,0.4936144848292569,399.5367902481122,0.31423804098121244,0.31423804098121244
7315.2,0.4922890600910264,399.52548429383626,0.31419337283566606,0.31419337283566606
7334.4,0.490963827582274,399.51395052514334,0.31414780462920605,0.31414780462920605
7353.599999999999,0.4896387911572274,399.50218550278413,0.3141013227738693,0.3141013227738693
7372.799999999999,0.48831395472790234,399.4901857595051,0.31405391357105245,0.31405391357105245
7392.0,0.48698932226456454,399.4779478002628,0.314005563212358,0.314005563212358
7411.2,0.4856648977961904,399.46546810244956,0.3139562577804862,0.3139562577804862
7430.4,0.48434068541092146,399.45274311612667,0.31390598325015695,0.31390598325015695
7449.599999999999,0.483016689256517,399.4397692642679,0.3138547254890711,0.3138547254890711
7468.799999999999,0.48169291354080007,399.4265429430109,0.31380247025890357,0.31380247025890357
7488.0,0.4803693625321012,399.41306052191874,0.313749203216338,0.313749203216338
7507.2,0.4790460405596969,399.3993183442506,0.31369490991413435,0.31369490991413435
7526.4,0.4777229520142428,399.3853127272409,0.31363957580223295,0.31363957580223295
7545.599999999999,0.4764001013482031,399.37103996238847,0.3135831862288969,0.3135831862288969
7564.799999999999,0.47507749307627384,399.35649631575427,0.3135257264418877,0.3135257264418877
7584.0,0.4737551317758026,399.3416780282689,0.3134671815896807,0.3134671815896807
7603.2,0.4724330220872018,399.3265813160488,0.3134075367227141,0.3134075367227141
7622.4,0.4711111687143563,399.3112023707221,0.3133467767946765,0.3133467767946765
7641.599999999999,0.4697895764250267,399.29553735976333,0.31328488666382903,0.31328488666382903
7660.799999999999,0.46846825005124604,399.2795824268373,0.3132218510943646,0.3132218510943646
7680.0,0.4671471944897102,399.26333369215274,0.3131576547578042,0.3131576547578042
7699.2,0.46582641470216307,399.2467872528241,0.313092282234427,0.313092282234427
7718.4,0.46450591571577565,399.2299391832438,0.31302571801474055,0.31302571801474055
7737.599999999999,0.4631857026235179,399.212785535462,0.31295794650098163,0.31295794650098163
7756.799999999999,0.46186578058452477,399.1953223395768,0.3128889520086579,0.3128889520086579
7776.0,0.4605461548244559,399.1775456041331,0.312818718768123,0.312818718768123
7795.2,0.4592268306358469,399.15945131653035,0.3127472309261884,0.3127472309261884
7814.4,0.4579078133784562,399.1410354434389,0.31267447254776803,0.31267447254776803
7833.599999999999,0.4565891084796023,399.1222939312264,0.3126004276175626,0.3126004276175626
7852.799999999999,0.4552707214344957,399.1032227063922,0.3125250800417765,0.3125250800417765
7872.0,0.4539526578065621,399.0838176760107,0.31244841364986853,0.31244841364986853
7891.2,0.45263492322775895,399.0640747281842,0.31237041219634193,0.31237041219634193
7910.4,0.4513175233988838,399.0439897325036,0.31229105936256385,0.31229105936256385
7929.599999999999,0.45000046408987515,399.0235585405184,0.31221033875862325,0.31221033875862325
7948.799999999999,0.44868375114010484,399.0027769862151,0.3121282339252191,0.3121282339252191
7968.0,0.44736739045866314,398.98164088650486,0.31204472833558927,0.31204472833558927
7987.2,0.4460513880246344,398.9601460417182,0.31195980539746354,0.31195980539746354
8006.4,0.44473574988736586,398.9382882361096,0.3118734484550579,0.3118734484550579
8025.599999999999,0.44342048216672636,398.91606323837044,0.3117856407911003,0.3117856407911003
8044.799999999999,0.4421055910533571,398.8934668021491,0.31169636562888664,0.31169636562888664
8064.0,0.4407910828089141,398.87049466658,0.3116056061343701,0.3116056061343701
8083.2,0.43947696376630035,398.84714255682144,0.31151334541828624,0.31151334541828624
8102.4,0.4381632403298903,398.82340618460034,0.31141956653830516,0.31141956653830516
8121.599999999999,0.4368499189757442,398.7992812487657,0.31132425250121826,0.31132425250121826
8140.799999999999,0.4355370062518132,398.7747634358497,0.31122738626515534,0.31122738626515534
8160.0,0.434224508778136,398.74984842063697,0.3111289507418328,0.3111289507418328
8179.2,0.43291243324702344,398.7245318667409,0.3110289287988316,0.3110289287988316
8198.4,0.43160078642323696,398.69880942718817,0.31092730326190593,0.31092730326190593
8217.6,0.4302895751441534,398.67267674501056,0.31082405691732173,0.31082405691732173
8236.8,0.4289788063199226,398.64612945384414,0.3107191725142239,0.3107191725142239
8256.0,0.42766848693361353,398.6191631785359,0.31061263276703294,0.31061263276703294
8275.199999999999,0.42635862404135094,398.59177353575717,0.3105044203578683,0.3105044203578683
8294.4,0.42504922477244034,398.5639561346251,0.31039451793900436,0.31039451793900436
8313.6,0.42374029632948484,398.5357065773294,0.31028290813534637,0.31028290813534637
8332.8,0.4224318459884886,398.50702045976806,0.3101695735469413,0.3101695735469413
8352.0,0.4211238810989521,398.4778933721878,0.31005449675150915,0.31005449675150915
8371.199999999999,0.4198164090839549,398.4483208998324,0.30993766030700426,0.30993766030700426
8390.4,0.4185094374402282,398.41829862359714,0.3098190467542,0.3098190467542
8409.6,0.4172029737382168,398.38782212068924,0.30969863861929964,0.30969863861929964
8428.8,0.41589702562212844,398.3568869652949,0.3095764184165703,0.3095764184165703
8448.0,0.4145916008099742,398.3254887292525,0.3094523686510034,0.3094523686510034
8467.199999999999,0.4132867070935952,398.2936229827313,0.3093264718209955,0.3093264718209955
8486.4,0.4119823523386799,398.26128529491615,0.3091987104210548,0.3091987104210548
8505.6,0.4106785444847682,398.22847123469813,0.309069066944528,0.309069066944528
8524.8,0.40937529154524543,398.1951763713701,0.30893752388634954,0.30893752388634954
8544.0,0.40807260160732317,398.1613962753282,0.30880406374581254,0.30880406374581254
8563.199999999999,0.4067704828320101,398.1271265187781,0.3086686690293598,0.3086686690293598
8582.4,0.40546894345406925,398.0923626764465,0.30853132225339386,0.30853132225339386
8601.6,0.4041679917819642,398.057100326298,0.3083920059471097,0.3083920059471097
8620.8,0.40286763619779314,398.0213350502554,0.30825070265534105,0.30825070265534105
8640.0,0.401567885157211,397.98506243492636,0.30810739494143025,0.30810739494143025
8659.199999999999,0.4002687471893388,397.94827807233276,0.3079620653901107,0.3079620653901107
8678.4,0.39897023089666134,397.91097756064573,0.3078146966104105,0.3078146966104105
8697.6,0.39767234495491255,397.87315650492366,0.3076652712385685,0.3076652712385685
8716.8,0.3963750981129481,397.8348105178553,0.3075137719409698,0.3075137719409698
8736.0,0.39507849919260635,397.7959352205054,0.30736018141709154,0.30736018141709154
8755.199999999999,0.3937825570885552,397.7565262430646,0.30720448240246667,0.30720448240246667
8774.4,0.3924872807681284,397.7165792256033,0.3070466576716606,0.3070466576716606
8793.6,0.39119267927114787,397.6760898188273,0.3068866900412583,0.3068866900412583
8812.8,0.3898987617097338,397.63505368483794,0.306724562372867,0.306724562372867
8832.0,0.38860553726810226,397.5934664978942,0.3065602575761264,0.3065602575761264
8851.199999999999,0.38731301520234923,397.5513239451783,0.3063937586117341,0.3063937586117341
8870.4,0.38602120484022306,397.5086217275629,0.30622504849447707,0.30622504849447707
8889.6,0.3847301155808834,397.46535556038197,0.306054110296276,0.306054110296276
8908.8,0.3834397568946466,397.421521174202,0.3058809271492337,0.3058809271492337
8928.0,0.3821501383227199,397.37711431559705,0.3057054822486963,0.3057054822486963
8947.199999999999,0.3808612694769211,397.3321307479248,0.3055277588563193,0.3055277588563193
8966.4,0.37957316003938596,397.2865662521036,0.3053477403031381,0.3053477403031381
8985.6,0.3782858197622627,397.24041662739234,0.30516540999264835,0.30516540999264835
9004.8,0.37699925846739313,397.1936776921703,0.30498075140388836,0.30498075140388836
9024.0,0.375713486045981,397.1463452847187,0.30479374809452514,0.30479374809452514
9043.199999999999,0.3744285124582476,397.09841526400317,0.30460438370394755,0.30460438370394755
9062.4,0.37314434773307315,397.0498835104565,0.3044126419563573,0.3044126419563573
9081.6,0.3718610019676271,397.0007459267621,0.30421850666386546,0.30421850666386546
9100.8,0.3705784853269831,396.9509984386381,0.30402196172958984,0.30402196172958984
9120.0,0.3692968080437227,396.90063699562063,0.30382299115074907,0.30382299115074907
9139.199999999999,0.36801598041752503,396.8496575718479,0.30362157902176173,0.30362157902176173
9158.4,0.36673601281474427,396.79805616684365,0.3034177095373403,0.3034177095373403
9177.6,0.36545691566797267,396.7458288063001,0.3032113669955854,0.3032113669955854
9196.8,0.3641786994755915,396.69297154286016,0.3030025358010755,0.3030025358010755
9216.0,0.3629013748013097,396.63948045689904,0.3027912004679555,0.3027912004679555
9235.199999999999,0.36162495227368785,396.5853516573044,0.30257734562301863,0.30257734562301863
9254.4,0.36034944258565016,396.5305812822557,0.3023609560087858,0.3023609560087858
9273.6,0.35907485649398346,396.4751655000017,0.3021420164865771,0.3021420164865771
9292.8,0.35780120481882294,396.4191005096363,0.30192051203957715,0.30192051203957715
9312.0,0.356528498443125,396.362382541873,0.30169642777589517,0.30169642777589517
9331.199999999999,0.355256748312128,396.3050078598169,0.3014697489316146,0.3014697489316146
9350.4,0.35398596543279903,396.24697275973426,0.3012404608738337,0.3012404608738337
9369.6,0.35271616087326857,396.1882735718203,0.30100854910369895,0.30100854910369895
9388.8,0.3514473457622524,396.1289066609638,0.30077399925942633,0.30077399925942633
9408.0,0.35017953128846047,396.06886842750936,0.3005367971193117,0.3005367971193117
9427.199999999999,0.34891272869999346,396.00815530801543,0.3002969286047272,0.3002969286047272
9446.4,0.34764694930372647,395.94676377601155,0.30005437978311206,0.30005437978311206
9465.6,0.3463822044646807,395.8846903427492,0.299809136870939,0.299809136870939
9484.8,0.3451185056053814,395.82193155795125,0.29956118623667594,0.29956118623667594
9504.0,0.3438558642052053,395.7584840105572,0.2993105144037295,0.2993105144037295
9523.199999999999,0.34259429179971423,395.6943443294634,0.29905710805337005,0.29905710805337005
9542.4,0.3413337999799765,395.62950918426014,0.29880095402764384,0.29880095402764384
9561.6,0.3400744003918771,395.5639752859644,0.2985420393322672,0.2985420393322672
9580.8,0.3388161047354145,395.49773938774734,0.29828035113950224,0.29828035113950224
9600.0,0.3375589247639868,395.43079828565766,0.2980158767910131,0.2980158767910131
9619.199999999999,0.33630287228366446,395.36314881933953,0.2977486038007036,0.2977486038007036
9638.4,0.33504795915245206,395.29478787274616,0.29747851985753576,0.29747851985753576
9657.6,0.33379419727953774,395.2257123748473,0.2972056128283255,0.2972056128283255
9676.8,0.33254159862453214,395.1559193003316,0.29692987076051697,0.29692987076051697
9696.0,0.3312901751966938,395.08540567030343,0.29665128188493617,0.29665128188493617
9715.199999999999,0.33003993905414414,395.014168552974,0.29636983461852123,0.29636983461852123
9734.4,0.3287909023030716,394.94220506434544,0.29608551756702506,0.29608551756702506
9753.6,0.3275430770969234,394.8695123688903,0.29579831952769997,0.29579831952769997
9772.8,0.3262964756355862,394.79608768022337,0.295508229491952,0.295508229491952
9792.0,0.3250511101645566,394.72192826176763,0.29521523664797195,0.29521523664797195
9811.199999999999,0.32380699297409965,394.6470314274132,0.2949193303833388,0.2949193303833388
9830.4,0.3225641363983968,394.57139454216934,0.2946205002875956,0.2946205002875956
9849.6,0.32132255281468314,394.4950150228102,0.29431873615480086,0.29431873615480086
9868.8,0.32008225464237444,394.41789033851177,0.29401402798604476,0.29401402798604476
9888.0,0.3188432543421829,394.34001801148315,0.2937063659919439,0.2937063659919439
9907.199999999999,0.31760556441522303,394.2613956175892,0.2933957405951002,0.2933957405951002
9926.4,0.31636919740210684,394.1820207869656,0.29308214243253217,0.29308214243253217
9945.6,0.3151341658820297,394.10189120462695,0.2927655623580761,0.2927655623580761
9964.8,0.31390048247184527,394.02100461106505,0.292445991444751,0.292445991444751
9984.0,0.3126681598251311,393.939358802841,0.2921234209870972,0.2921234209870972
10003.199999999999,0.3114372106312449,393.8569516331679,0.29179784250347846,0.29179784250347846
10022.4,0.3102076476143701,393.77378101248433,0.2914692477383481,0.2914692477383481
10041.6,0.30897948353255306,393.6898449090216,0.29113762866448994,0.29113762866448994
10060.8,0.30775273117673035,393.60514134935903,0.2908029774852122,0.2908029774852122
10080.0,0.3065274033697474,393.5196684189735,0.29046528663651827,0.29046528663651827
10099.199999999999,0.3053035129653677,393.4334242627775,0.2901245487892333,0.2901245487892333
10118.4,0.3040810728472734,393.3464070856489,0.289780756851096,0.289780756851096
10137.6,0.30286009592805735,393.2586151529517,0.2894339039688177,0.2894339039688177
10156.8,0.30164059514820646,393.1700467910471,0.2890839835301002,0.2890839835301002
10176.0,0.3004225834750765,393.08070038779425,0.288730989165614,0.288730989165614
10195.199999999999,0.29920607390185894,392.99057439304255,0.2883749147509449,0.2883749147509449
10214.4,0.2979910794465403,392.8996673191128,0.28801575440849314,0.28801575440849314
10233.6,0.29677761315085227,392.8079777412693,0.28765350250934,0.28765350250934
10252.8,0.29556568807921574,392.7155042981819,0.28728815367507177,0.28728815367507177
10272.0,0.29435531731767606,392.62224569237617,0.2869197027795603,0.2869197027795603
10291.199999999999,0.2931465139728314,392.52820069067616,0.2865481449507103,0.2865481449507103
10310.4,0.2919392911707541,392.43336812463355,0.2861734755721561,0.2861734755721561
10329.6,0.2907336620559049,392.3377468909492,0.2857956902849268,0.2857956902849268
10348.8,0.28952963979004026,392.24133595188124,0.2854147849890586,0.2854147849890586
10368.0,0.2883272375511128,392.1441343356443,0.28503075584517157,0.28503075584517157
10387.199999999999,0.28712646853216606,392.0461411367978,0.2846435992760047,0.2846435992760047
10406.4,0.28592734594022234,391.947355516622,0.28425331196790077,0.28425331196790077
10425.6,0.2847298829951642,391.84777670348393,0.2838598908722528,0.2838598908722528
10444.8,0.2835340929286111,391.74740399319245,0.2834633332069059,0.2834633332069059
10464.0,0.28233998898278856,391.646236749341,0.28306363645751276,0.28306363645751276
10483.199999999999,0.2811475844093945,391.54427440364026,0.28266079837884606,0.28266079837884606
10502.4,0.27995689246845706,391.4415164562381,0.28225481699606497,0.28225481699606497
10521.6,0.2787679264271898,391.33796247602913,0.2818456906059358,0.2818456906059358
10540.8,0.2775806995588405,391.23361210095237,0.2814334177780094,0.2814334177780094
10560.0,0.27639522514153575,391.12846503827666,0.2810179973557485,0.2810179973557485
10579.199999999999,0.27521151645712116,391.02252106487526,0.2805994284576126,0.2805994284576126
10598.4,0.2740295867899963,390.91578002748827,0.2801777104780945,0.2801777104780945
10617.6,0.27284944942594663,390.80824184297273,0.2797528430887087,0.2797528430887087
10636.8,0.27167111765097085,390.69990649854213,0.2793248262389377,0.2793248262389377
10656.0,0.2704946047501043,390.59077405199207,0.2788936601571232,0.2788936601571232
10675.199999999999,0.2693199240062389,390.480844631916,0.2784593453513189,0.2784593453513189
10694.4,0.26814708869894033,390.37011843790697,0.27802188261008726,0.27802188261008726
10713.6,0.26697611210326117,390.25859574074826,0.27758127300325286,0.27758127300325286
10732.8,0.26580700748855113,390.14627688259253,0.27713751788260993,0.27713751788260993
10752.0,0.2646397881172657,390.0331622771266,0.2766906188825737,0.2766906188825737
10771.199999999999,0.2634744672437701,389.9192524097266,0.276240577920793,0.276240577920793
10790.4,0.26231105811314337,389.8045478375985,0.2757873971987059,0.2757873971987059
10809.6,0.2611495739599782,389.68904918990825,0.2753310792020538,0.2753310792020538
10828.8,0.2599900280071798,389.5727571678982,0.2748716267013408,0.2748716267013408
10848.0,0.2588324334647632,389.4556725449919,0.2744090427522484,0.2744090427522484
10867.199999999999,0.25767680352864847,389.337796166886,0.2739433306959986,0.2739433306959986
10886.4,0.25652315137945453,389.2191289516304,0.27347449415967007,0.27347449415967007
10905.6,0.25537149018129285,389.0996718896957,0.2730025370564649,0.2730025370564649
10924.8,0.25422183308055907,388.97942604402743,0.2725274635859231,0.2725274635859231
10944.0,0.25307419320472413,388.8583925500892,0.2720492782340927,0.2720492782340927
10963.199999999999,0.25192858366112586,388.7365726158925,0.27156798577364744,0.27156798577364744
10982.4,0.25078501753575877,388.6139675220143,0.27108359126395687,0.27108359126395687
11001.6,0.24964350789206535,388.49057862160197,0.2705961000511049,0.2705961000511049
11020.8,0.24850406776972586,388.36640734036627,0.2701055177678632,0.2701055177678632
11040.0,0.24736671018344977,388.2414551765612,0.2696118503336107,0.2696118503336107
11059.199999999999,0.24623144812176717,388.1157237009523,0.2691151039542085,0.2691151039542085
11078.4,0.2450982945458209,387.9892145567712,0.2686152851218207,0.2686152851218207
11097.6,0.24396726238815983,387.8619294596596,0.268112400614693,0.268112400614693
11116.8,0.24283836455153313,387.7338701975989,0.2676064574968738,0.2676064574968738
11136.0,0.24171161390768592,387.6050386308292,0.26709746311789573,0.26709746311789573
11155.199999999999,0.24058702329615647,387.4754366917542,0.2665854251123986,0.2665854251123986
11174.4,0.23946460552307586,387.3450663848359,0.26607035139971363,0.26607035139971363
11193.6,0.2383443733599678,387.2139297864749,0.26555225018339174,0.26555225018339174
11212.8,0.23722633954255318,387.08202904488013,0.2650311299506866,0.2650311299506866
11232.0,0.23611051676955422,386.9493663799249,0.2645069994719883,0.2645069994719883
11251.199999999999,0.23499691770150433,386.81594408299264,0.2639798678002119,0.2639798678002119
11270.4,0.23388555495955757,386.6817645168083,0.26344974427013296,0.26344974427013296
11289.6,0.23277644112430318,386.5468301152594,0.26291663849767943,0.26291663849767943
11308.8,0.23166958873458302,386.41114338320455,0.2623805603791753,0.2623805603791753
11328.0,0.23056501028631177,386.2747068962694,0.261841520090535,0.261841520090535
11347.199999999999,0.22946271823130113,386.1375233006318,0.26129952808641427,0.26129952808641427
11366.4,0.22836272497608776,385.99959531279404,0.2607545950993096,0.2607545950993096
11385.6,0.22726504288076535,385.8609257193436,0.2602067321386143,0.2602067321386143
11404.8,0.2261696842578202,385.7215173767027,0.25965595048962825,0.25965595048962825
11424.0,0.2250766613709724,385.58137321086537,0.25910226171251904,0.25910226171251904
11443.199999999999,0.22398598643402026,385.4404962171236,0.25854567764124037,0.25854567764124037
11462.4,0.22289767160969057,385.29888945978166,0.257986210382403,0.257986210382403
11481.6,0.22181172900849289,385.1565560718584,0.25742387231409897,0.25742387231409897
11500.8,0.22072817068757988,385.0134992547796,0.256858676084686,0.256858676084686
11520.0,0.2196470086496121,384.86972227805757,0.25629063461152113,0.25629063461152113
11539.199999999999,0.21856825484162934,384.72522847896005,0.2557197610796538,0.2557197610796538
11558.4,0.21749192115392638,384.5800212621686,0.25514606894047465,0.25514606894047465
11577.6,0.2164180194189359,384.43410409942487,0.2545695719103193,0.2545695719103193
11596.8,0.2153465614101164,384.2874805291666,0.25399028396902945,0.25399028396902945
11616.0,0.21427755884084712,384.1401541561526,0.25340821935847174,0.25340821935847174
11635.199999999999,0.2132110233633291,383.9921286510771,0.2528233925810134,0.2528233925810134
11654.4,0.2121469665674928,383.84340775017284,0.25223581839795506,0.25223581839795506
11673.6,0.21108539997991269,383.69399525480463,0.2516455118279243,0.2516455118279243
11692.8,0.21002633506272836,383.5438950310513,0.2510524881452241,0.2510524881452241
11712.0,0.20896978321257365,383.39311100927836,0.2504567628781446,0.2504567628781446
11731.199999999999,0.207915755759512,383.2416471836992,0.2498583518072295,0.2498583518072295
11750.4,0.20686426396597976,383.0895076119273,0.24925727096350692,0.24925727096350692
11769.6,0.20581531902573774,382.93669641451777,0.24865353662667786,0.24865353662667786
11788.8,0.20476893206282937,382.78321777449895,0.24804716532326562,0.24804716532326562
11808.0,0.20372511413054772,382.6290759368947,0.24743817382472885,0.24743817382472885
11827.199999999999,0.20268387621041045,382.4742752082362,0.24682657914553227,0.24682657914553227
11846.4,0.20164522921114258,382.31881995606454,0.24621239854118213,0.24621239854118213
11865.6,0.2006091839676688,382.16271460842455,0.24559564950622537,0.24559564950622537
11884.8,0.19957575124011295,382.00596365334803,0.2449763497722089,0.2449763497722089
11904.0,0.19854494171280745,381.84857163832845,0.24435451730560379,0.24435451730560379
11923.199999999999,0.19751676599331094,381.69054316978685,0.2437301703056951,0.2437301703056951
11942.4,0.19649123461143544,381.53188291252803,0.2431033272024336,0.2431033272024336
11961.6,0.19546835801828227,381.37259558918845,0.2424740066542542,0.2424740066542542
11980.8,0.1944481465852876,381.21268597967554,0.24184222754586104,0.24184222754586104
12000.0,0.19343061060327757,381.0521589205975,0.24120800898597441,0.24120800898597441
12019.199999999999,0.1924157602815327,380.8910193046864,0.24057137030505185,0.24057137030505185
12038.4,0.1914036057468625,380.72927208021076,0.2399323310529672,0.2399323310529672
12057.6,0.19039415704268928,380.5669222503823,0.23929091099666633,0.23929091099666633
12076.8,0.18938742412814327,380.40397487275254,0.23864713011778418,0.23864713011778418
12096.0,0.18838341687716642,380.24043505860305,0.2380010086102346,0.2380010086102346
12115.199999999999,0.18738214507762754,380.0763079723271,0.23735256687776796,0.23735256687776796
12134.4,0.18638361843044737,379.91159883080473,0.23670182553150268,0.23670182553150268
12153.6,0.18538784654873453,379.74631290276847,0.2360488053874177,0.2360488053874177
12172.8,0.18439483895693162,379.580455508164,0.2353935274638282,0.2353935274638282
12192.0,0.18340460508997317,379.414032017502,0.2347360129788239,0.2347360129788239
12211.199999999999,0.18241715429245298,379.24704785120383,0.2340762833476843,0.2340762833476843
12230.4,0.18143249581780402,379.07950847894006,0.23341436018026504,0.23341436018026504
12249.6,0.18045063882748788,378.91141941896205,0.23275026527835752,0.23275026527835752
12268.8,0.17947159239019736,378.7427862374277,0.23208402063302447,0.23208402063302447
12288.0,0.17849536548106867,378.57361454771996,0.23141564842190787,0.23141564842190787
12307.199999999999,0.177521966980906,378.4039100097594,0.23074517100651312,0.23074517100651312
12326.4,0.17655140567541747,378.23367832931086,0.23007261092946935,0.23007261092946935
12345.6,0.1755836902544626,378.0629252572843,0.2293979909117672,0.2293979909117672
12364.8,0.17461882931131203,377.8916565890286,0.22872133384996932,0.22872133384996932
12384.0,0.17365683134191817,377.7198781636217,0.22804266281340457,0.22804266281340457
12403.199999999999,0.1726977047441989,377.54759586315356,0.22736200104133714,0.22736200104133714
12422.4,0.17174145781733213,377.3748156120045,0.22667937194011306,0.22667937194011306
12441.6,0.17078809876106343,377.20154337611854,0.22599479908029066,0.22599479908029066
12460.8,0.16983763567502552,377.0277851622714,0.22530830619374864,0.22530830619374864
12480.0,0.16889007655806998,376.8535470173336,0.2246199171707737,0.2246199171707737
12499.199999999999,0.16794542930761105,376.6788350275288,0.2239296560571315,0.2239296560571315
12518.4,0.16700370171898282,376.50365531768847,0.22323754705112103,0.22323754705112103
12537.6,0.16606490148480776,376.3280140505004,0.2225436145006063,0.2225436145006063
12556.8,0.1651290361943784,376.15191742575536,0.22184788290003912,0.22184788290003912
12576.0,0.16419611333305187,375.9753716795872,0.22115037688745828,0.22115037688745828
12595.199999999999,0.16326614028165654,375.79838308371103,0.22045112124147787,0.22045112124147787
12614.4,0.1623391243159121,375.62095794465654,0.21975014087826006,0.21975014087826006
12633.6,0.16141507260586208,375.4431026029983,0.2190474608484727,0.2190474608484727
12652.8,0.16049399221531896,375.2648234325821,0.21834310633423365,0.21834310633423365
12672.0,0.15957589010132306,375.08612683974866,0.21763710264604325,0.21763710264604325
12691.199999999999,0.15866077311361373,374.9070192625538,0.21692947521970332,0.21692947521970332
12710.4,0.15774864799411387,374.72750716998553,0.21622024961322464,0.21622024961322464
12729.6,0.15683952137642748,374.5475970611793,0.21550945150372558,0.21550945150372558
12748.8,0.15593339978535023,374.3672954646291,0.21479710668431573,0.21479710668431573
12768.0,0.1550302896363935,374.1866089373976,0.2140832410609758,0.2140832410609758
12787.199999999999,0.15413019723532154,374.0055440643228,0.21336788064942236,0.21336788064942236
12806.4,0.15323312877770107,373.82410745722404,0.21265105157197106,0.21265105157197106
12825.6,0.15233909034846596,373.6423057541036,0.21193278005438262,0.21193278005438262
12844.8,0.15144808792149336,373.46014561834915,0.21121309242271205,0.21121309242271205
12864.0,0.1505601273591944,373.2776337379328,0.2104920151001431,0.2104920151001431
12883.199999999999,0.1496752144121176,373.0947768246092,0.2097695746038215,0.2097695746038215
12902.4,0.14879335471856564,372.9115816131127,0.2090457975416817,0.2090457975416817
12921.6,0.14791455380422644,372.72805486035185,0.20832071060926585,0.20832071060926585
12940.8,0.14703881708181624,372.54420334460497,0.20759434058654425,0.20759434058654425
12960.0,0.14616614985073761,372.3600338647132,0.20686671433472822,0.20686671433472822
12979.199999999999,0.14529655729674967,372.17555323927326,0.20613785879308008,0.20613785879308008
12998.4,0.14443004449165248,371.9907683058303,0.20540780097572497,0.20540780097572497
13017.6,0.14356661639298451,371.80568592006915,0.20467656796845532,0.20467656796845532
13036.8,0.14270627784373432,371.6203129550064,0.20394418692553812,0.20394418692553812
13056.0,0.14184903357206455,371.4346563001818,0.20321068506652154,0.20321068506652154
13075.199999999999,0.1409948881910503,371.2487228608495,0.2024760896730386,0.2024760896730386
13094.4,0.14014384619843076,371.0625195571702,0.20174042808561618,0.20174042808561618
13113.6,0.1392959119763739,370.8760533234032,0.20100372770048233,0.20100372770048233
13132.8,0.13845108979125553,370.6893311070986,0.20026601596637553,0.20026601596637553
13152.0,0.1376093837934506,370.5023598682909,0.1995273203813578,0.1995273203813578
13171.199999999999,0.136770798017139,370.3151465786927,0.19878766848962975,0.19878766848962975
13190.4,0.13593533638012412,370.1276982208897,0.19804708787835035,0.19804708787835035
13209.6,0.13510300268366507,369.94002178753703,0.1973056061744606,0.1973056061744606
13228.8,0.13427380061232244,369.75212428055585,0.196563251041511,0.196563251041511
13248.0,0.13344773373381685,369.5640127103325,0.19582005017649645,0.19582005017649645
13267.199999999999,0.13262480549890146,369.3756940949181,0.195076031306694,0.195076031306694
13286.4,0.1318050192412476,369.1871754592307,0.19433122218651103,0.19433122218651103
13305.6,0.1309883781773432,368.99846383425836,0.19358565059433722,0.19358565059433722
13324.8,0.1301748854064054,368.80956625626493,0.19283934432940517,0.19283934432940517
13344.0,0.1293645439103054,368.62048976599755,0.19209233120866087,0.19209233120866087
13363.199999999999,0.12855735655350709,368.431241407896,0.19134463906363924,0.19134463906363924
13382.4,0.12775332608301856,368.24182822930504,0.1905962957373525,0.1905962957373525
13401.6,0.126952455128357,368.05225727968866,0.18984732908118535,0.18984732908118535
13420.8,0.12615474620152614,367.8625356098474,0.18909776695180305,0.18909776695180305
13440.0,0.1253602016970071,367.67267027113786,0.18834763720806813,0.18834763720806813
13459.199999999999,0.12456882389176215,367.4826683146958,0.18759696770797007,0.18759696770797007
13478.4,0.12378061494525114,367.29253679066096,0.18684578630556373,0.18684578630556373
13497.6,0.12299557689946097,367.10228274740695,0.18609412084792584,0.18609412084792584
13516.8,0.12221371167894801,366.91191323077214,0.18534199917211708,0.18534199917211708
13536.0,0.12143502109089302,366.72143528329576,0.18458944910216346,0.18458944910216346
13555.199999999999,0.12065950682516882,366.53085594345623,0.1838364984460476,0.1838364984460476
13574.4,0.1198871704544202,366.340182244914,0.18308317499271679,0.18308317499271679
13593.6,0.1191180134341575,366.1494212157572,0.18232950650910307,0.18232950650910307
13612.8,0.1183520371028615,365.958579877752,0.18157552073716154,0.18157552073716154
13632.0,0.11758924268210151,365.7676652455966,0.18082124539092218,0.18082124539092218
13651.199999999999,0.1168296312766651,365.57668432617874,0.1800667081535575,0.1800667081535575
13670.4,0.11607320387470106,365.3856441178383,0.17931193667446868,0.17931193667446868
13689.6,0.11531996134787383,365.1945516096336,0.1785569585663868,0.1785569585663868
13708.8,0.11456990445153022,365.0034137806122,0.1778018014024917,0.1778018014024917
13728.0,0.1138230338248787,364.81223759908653,0.17704649271355039,0.17704649271355039
13747.199999999999,0.11307934999118008,364.62103002191344,0.17629105998507086,0.17629105998507086
13766.4,0.11233885335795031,364.4297979937794,0.17553553065447744,0.17553553065447744
13785.6,0.1116015442171754,364.2385484464895,0.17477993210830223,0.17477993210830223
13804.8,0.11086742274553771,364.0472882982624,0.17402429167939906,0.17402429167939906
13824.0,0.11013648900465381,363.85602445302925,0.17326863664417433,0.17326863664417433
13843.199999999999,0.10940874294132481,363.6647637997388,0.172512994219841,0.172512994219841
13862.4,0.1086841843877969,363.4735132116668,0.17175739156169018,0.17175739156169018
13881.6,0.10796281306203459,363.2822795457312,0.1710018557603863,0.1710018557603863
13900.8,0.10724462856800433,363.09106964181296,0.1702464138392823,0.1702464138392823
13920.0,0.10652963039596955,362.89989032208143,0.16949109275175597,0.16949109275175597
13939.199999999999,0.10581781792279735,362.70874839032643,0.16873591937856997,0.16873591937856997
13958.4,0.10510919041227565,362.5176506312952,0.16798092052525262,0.16798092052525262
13977.6,0.10440374701544168,362.32660381003575,0.16722612291950323,0.16722612291950323
13996.8,0.10370148677092084,362.13561467124504,0.1664715532086177,0.1664715532086177
14016.0,0.10300240860527707,361.9446899386246,0.16571723795694168,0.16571723795694168
14035.199999999999,0.10230651133337297,361.7538363142404,0.16496320364334202,0.16496320364334202
14054.4,0.10161379365874146,361.5630604778904,0.16420947665870805,0.16420947665870805
14073.6,0.10092425417396678,361.37236908647685,0.16345608330347142,0.16345608330347142
14092.8,0.10023789136107691,361.181768773386,0.16270304978515573,0.16270304978515573
14112.0,0.09955470359194565,360.99126614787326,0.16195040221594706,0.16195040221594706
14131.199999999999,0.0988746891287046,360.80086779445554,0.1611981666102934,0.1611981666102934
14150.4,0.09819784612416606,360.6105802723087,0.16044636888252417,0.16044636888252417
14169.6,0.09752417262225482,360.4204101146733,0.15969503484450198,0.15969503484450198
14188.8,0.09685366655845035,360.2303638282653,0.15894419020329492,0.15894419020329492
14208.0,0.09618632576023868,360.04044789269443,0.1581938605588783,0.1581938605588783
14227.199999999999,0.0955221479475738,359.8506687598886,0.15744407140186073,0.15744407140186073
14246.4,0.09486113073334827,359.6610328535257,0.156694848111239,0.156694848111239
14265.6,0.09420327162387365,359.4715465684717,0.15594621595217867,0.15594621595217867
14284.8,0.09354856801936982,359.2822162702256,0.1551982000738204,0.1551982000738204
14304.0,0.09289701721446349,359.09304829437184,0.15445082550711692,0.15445082550711692
14323.199999999999,0.09224861639869601,358.9040489460391,0.15370411716269491,0.15370411716269491
14342.4,0.0916033626570399,358.7152244993664,0.15295809982874553,0.15295809982874553
14361.6,0.09096125297042346,358.52658119697645,0.1522127981689435,0.1522127981689435
14380.8,0.09032228421626573,358.3381252494556,0.15146823672039267,0.15146823672039267
14400.0,0.08968645316901826,358.1498628348414,0.15072443989160164,0.15072443989160164
14419.199999999999,0.08905375650071619,357.9618000981173,0.14998143196048713,0.14998143196048713
14438.4,0.08842419078153756,357.7739431507143,0.1492392370724047,0.1492392370724047
14457.6,0.08779775248037056,357.58629807002063,0.14849787923821256,0.14849787923821256
14476.8,0.0871744379653889,357.39887089889777,0.1477573823323584,0.1477573823323584
14496.0,0.08655424350463545,357.21166764520433,0.14701777009099906,0.14701777009099906
14515.199999999999,0.08593716526661328,357.0246942813278,0.14627906611015015,0.14627906611015015
14534.4,0.08532319932088446,356.8379567437227,0.14554129384386144,0.14554129384386144
14553.6,0.08471234163867686,356.65146093245716,0.1448044766024254,0.1448044766024254
14572.8,0.08410458809349737,356.4652127107663,0.14406863755061305,0.14406863755061305
14592.0,0.08349993446175366,356.27921790461335,0.14333379970593937,0.14333379970593937
14611.199999999999,0.08289837642338262,356.093482302259,0.1425999859369625,0.1425999859369625
14630.4,0.08229990956248534,355.90801165383675,0.1418672189616053,0.1418672189616053
14649.6,0.08170452936796967,355.72281167093746,0.14113552134551488,0.14113552134551488
14668.8,0.08111223123419954,355.53788802620073,0.14040491550044745,0.14040491550044745
14688.0,0.08052301046165093,355.35324635291374,0.1396754236826836,0.1396754236826836
14707.199999999999,0.07993686225757396,355.1688922446185,0.13894706799147685,0.13894706799147685
14726.4,0.0793537817366618,354.98483125472563,0.13821987036752728,0.13821987036752728
14745.599999999999,0.07877376392172614,354.801068896137,0.13749385259149122,0.13749385259149122
14764.8,0.07819680374437814,354.61761064087534,0.13676903628251752,0.13676903628251752
14784.0,0.07762289604571611,354.4344619197216,0.13604544289681478,0.13604544289681478
14803.199999999999,0.07705203557701845,354.2516281218604,0.1353230937262505,0.1353230937262505
14822.4,0.0764842170004428,354.06911459453255,0.134602009896979,0.134602009896979
14841.599999999999,0.0759194348897312,353.88692664269604,0.13388221236810094,0.13388221236810094
14860.8,0.07535768373091953,353.70506952869437,0.13316372193035364,0.13316372193035364
14880.0,0.07479895792305395,353.5235484719321,0.13244655920482898,0.13244655920482898
14899.199999999999,0.07424325177891118,353.3423686485593,0.1317307446417269,0.1317307446417269
14918.4,0.07369055952572504,353.1615351911626,0.1310162985191348,0.1310162985191348
14937.599999999999,0.0731408753059172,352.98105318846456,0.13030324094183898,0.13030324094183898
14956.8,0.07259419317783326,352.8009276850307,0.12959159184016855,0.12959159184016855
14976.0,0.07205050711648343,352.62116368098407,0.12888137096886698,0.12888137096886698
14995.199999999999,0.07150981101428787,352.44176613172743,0.12817259790599408,0.12817259790599408
15014.4,0.07097209868182655,352.26273994767377,0.12746529205186197,0.12746529205186197
15033.599999999999,0.07043736384859345,352.0840899939835,0.12675947262799683,0.12675947262799683
15052.8,0.06990560016375494,351.90582109031027,0.12605515867613376,0.12605515867613376
15072.0,0.06937680119691227,351.7279380105537,0.12535236905724123,0.12535236905724123
15091.199999999999,0.06885096043886858,351.5504454826203,0.12465112245057525,0.12465112245057525
15110.4,0.06832807130239858,351.37334818819204,0.12395143735276559,0.12395143735276559
15129.599999999999,0.06780812712302352,351.19665076250163,0.12325333207692825,0.12325333207692825
15148.8,0.06729112115978816,351.02035779411676,0.12255682475181225,0.12255682475181225
15168.0,0.0667770465960425,350.8444738247308,0.12186193332097339,0.12186193332097339
15187.199999999999,0.06626589654022645,350.66900334896184,0.12116867554197981,0.12116867554197981
15206.4,0.0657576640266571,350.49395081415855,0.12047706898564553,0.12047706898564553
15225.599999999999,0.06525234201632016,350.3193206202139,0.11978713103529376,0.11978713103529376
15244.8,0.06474992339766364,350.1451171193867,0.11909887888605272,0.11909887888605272
15264.0,0.06425040098739475,349.97134461613,0.11841232954417648,0.11841232954417648
15283.199999999999,0.06375376753127919,349.7980073669271,0.1177274998263983,0.1177274998263983
15302.4,0.06326001570494351,349.6251095801353,0.11704440635931274,0.11704440635931274
15321.599999999999,0.06276913811467953,349.45265541583655,0.11636306557878533,0.11636306557878533
15340.8,0.0622811272982513,349.2806489856956,0.11568349372939278,0.11568349372939278
15360.0,0.06179597572570418,349.1090943528256,0.11500570686389115,0.11500570686389115
15379.199999999999,0.06131367580017653,348.9379955316609,0.11432972084271435,0.11432972084271435
15398.4,0.06083421985871258,348.7673564878368,0.11365555133349844,0.11365555133349844
15417.599999999999,0.06035760017307794,348.5971811380773,0.11298321381063753,0.11298321381063753
15436.8,0.05988380895057634,348.4274733500887,0.11231272355486484,0.11231272355486484
15456.0,0.059412838334868566,348.25823694246174,0.11164409565286504,0.11164409565286504
15475.199999999999,0.0589446804067922,348.08947568457984,0.11097734499691195,0.11097734499691195
15494.4,0.05847932718518321,347.9211932965348,0.11031248628453552,0.11031248628453552
15513.599999999999,0.058016770627698985,347.75339344904955,0.10964953401821673,0.10964953401821673
15532.8,0.05755700263164203,347.58607976340744,0.10898850250510796,0.10898850250510796
15552.0,0.0571000150347855,347.41925581138906,0.10832940585678372,0.10832940585678372
15571.199999999999,0.05664579961619846,347.25292511521576,0.1076722579890172,0.1076722579890172
15590.4,0.056194348097073424,347.08709114749917,0.10701707262158101,0.10701707262158101
15609.599999999999,0.05574565214155333,346.921757331199,0.10636386327808041,0.10636386327808041
15628.8,0.055299703357560175,346.75692703958634,0.10571264328580834,0.10571264328580834
15648.0,0.05485649329762328,346.5926035962143,0.10506342577562923,0.10506342577562923
15667.199999999999,0.05441601345970833,346.4287902748949,0.10441622368188794,0.10441622368188794
15686.4,0.053978255288046936,346.26549029968277,0.1037710497423455,0.1037710497423455
15705.599999999999,0.05354321017396581,346.10270684486574,0.10312791649814129,0.10312791649814129
15724.8,0.053110869456716454,345.94044303496094,0.10248683629377835,0.10248683629377835
15744.0,0.05268122442430444,345.77870194471825,0.10184782127713662,0.10184782127713662
15763.199999999999,0.05225426631431887,345.61748659913,0.1012108833995114,0.1012108833995114
15782.4,0.051829986314761316,345.4567999734466,0.10057603441567484,0.10057603441567484
15801.599999999999,0.05140837556487457,345.2966449931986,0.09994328588396352,0.09994328588396352
15820.8,0.050989425155970776,345.1370245342253,0.09931264916639147,0.09931264916639147
15840.0,0.0505731261322589,344.9779414227092,0.09868413542878557,0.09868413542878557
15859.199999999999,0.05015946949167192,344.81939843521644,0.09805775564094626,0.09805775564094626
15878.4,0.04974844618669279,344.66139829874385,0.09743352057683277,0.09743352057683277
15897.599999999999,0.04934004712517985,344.50394369077145,0.09681144081477089,0.09681144081477089
15916.8,0.04893426317119104,344.3470372393209,0.09619152673768377,0.09619152673768377
15936.0,0.048531085145807396,344.1906815230207,0.09557378853334939,0.09557378853334939
15955.199999999999,0.04813050382795436,344.0348790711756,0.09495823619467512,0.09495823619467512
15974.4,0.04773250995522355,343.87963236384337,0.09434487952000055,0.09434487952000055
15993.599999999999,0.047337094224691546,343.7249438319164,0.09373372811342053,0.09373372811342053
16012.8,0.04694424729373789,343.5708158572092,0.09312479138513031,0.09312479138513031
16032.0,0.04655395978086199,343.41725077255114,0.09251807855179207,0.09251807855179207
16051.199999999999,0.046166222266497185,343.26425086188544,0.09191359863692612,0.09191359863692612
16070.4,0.045781025293824266,343.111818360373,0.091311360471321,0.091311360471321
16089.599999999999,0.04539835936958251,342.95995545450165,0.09071137269346556,0.09071137269346556
16108.8,0.04501821496487911,342.80866428220077,0.0901136437500008,0.0901136437500008
16128.0,0.04464058251599643,342.6579469329618,0.08951818189619717,0.08951818189619717
16147.199999999999,0.04426545242519701,342.50780544796294,0.0889249951964463,0.0889249951964463
16166.4,0.04389281506152699,342.35824182019945,0.08833409152477649,0.08833409152477649
16185.599999999999,0.04352266076161661,342.20925799461946,0.08774547856538877,0.08774547856538877
16204.8,0.04315497983047877,342.0608558682641,0.08715916381321086,0.08715916381321086
16224.0,0.04278976254230521,341.9130372904128,0.08657515457447068,0.08657515457447068
16243.199999999999,0.04242699914125953,341.76580406273337,0.08599345796729063,0.08599345796729063
16262.4,0.04206667984226884,341.61915793943757,0.08541408092230039,0.08541408092230039
16281.599999999999,0.041708794831811495,341.47310062744043,0.08483703018326767,0.08483703018326767
16300.8,0.041353334268702614,341.3276337865246,0.0842623123077471,0.0842623123077471
16320.0,0.04100028828487746,341.18275902951007,0.08368993366775097,0.08368993366775097
16339.199999999999,0.04064964698617024,341.03847792242675,0.08311990045043066,0.08311990045043066
16358.4,0.04030140045309191,340.89479198469365,0.08255221865878495,0.08255221865878495
16377.599999999999,0.03995553874160351,340.7517026893005,0.08198689411237735,0.08198689411237735
16396.8,0.03961205188388686,340.60921146299506,0.08142393244807648,0.08142393244807648
16416.0,0.03927092988911222,340.46731968647407,0.0808633391208098,0.0808633391208098
16435.2,0.038932162744202595,340.3260286945786,0.08030511940433621,0.08030511940433621
16454.399999999998,0.03859574041459431,340.1853397764935,0.0797492783920333,0.0797492783920333
16473.6,0.03826165284499509,340.04525417595084,0.07919582099770198,0.07919582099770198
16492.8,0.037929889960137776,339.9057730914375,0.07864475195638553,0.07864475195638553
16512.0,0.03760044166553087,339.7668976764066,0.07809607582520614,0.07809607582520614
16531.2,0.0372732978482059,339.62862903949303,0.07754979698421545,0.07754979698421545
16550.399999999998,0.03694844837746023,339.4909682447322,0.07700591963725913,0.07700591963725913
16569.6,0.036625883105597015,339.353916311783,0.07646444781285816,0.07646444781285816
16588.8,0.03630559186866108,339.21747421615476,0.07592538536510485,0.07592538536510485
16608.0,0.03598756448717039,339.08164288943664,0.07538873597456958,0.07538873597456958
16627.2,0.03567179076684486,338.94642321953177,0.07485450314922569,0.07485450314922569
16646.399999999998,0.03535826049932992,338.8118160508942,0.07432269022538573,0.07432269022538573
16665.6,0.03504696346291705,338.6778221847692,0.07379330036865052,0.07379330036865052
16684.8,0.034737889423259755,338.54444237943756,0.0732663365748751,0.0732663365748751
16704.0,0.03443102813408525,338.41167735046184,0.07274180167114062,0.07274180167114062
16723.2,0.034126369337902925,338.2795277709376,0.07221969831674763,0.07221969831674763
16742.399999999998,0.03382390276670708,338.1479942717458,0.0717000290042132,0.0717000290042132
16761.6,0.033523618142676896,338.0170774418098,0.07118279606028595,0.07118279606028595
16780.8,0.03322550517887092,337.8867778283547,0.0706680016469708,0.0706680016469708
16800.0,0.03292955357991803,337.75709593716937,0.07015564776256468,0.07015564776256468
16819.2,0.03263575304270347,337.62803223287165,0.0696457362427035,0.0696457362427035
16838.399999999998,0.03234409325705042,337.4995871391768,0.0691382687614234,0.0691382687614234
16857.6,0.03205456390639749,337.37176103916727,0.06863324683222603,0.06863324683222603
16876.8,0.0317671546684713,337.2445542755667,0.06813067180916182,0.06813067180916182
16896.0,0.031481855215954334,337.1179671510156,0.0676305448879182,0.0676305448879182
16915.2,0.03119865521714856,336.99199992834946,0.06713286710691935,0.06713286710691935
16934.399999999998,0.03091754433663387,336.86665283088,0.06663763934843668,0.06663763934843668
16953.6,0.03063851223592257,336.74192604267824,0.06614486233970727,0.06614486233970727
16972.8,0.03036154857410822,336.61781970885977,0.0656545366540614,0.0656545366540614
16992.0,0.03008664300851026,336.4943339358729,0.06516666271206041,0.06516666271206041
17011.2,0.029813785195313806,336.37146879178835,0.06468124078264187,0.06468124078264187
17030.399999999998,0.029542964790203886,336.249224306592,0.06419827098427526,0.06419827098427526
17049.6,0.02927417144899583,336.1276004724778,0.06371775328612019,0.06371775328612019
17068.8,0.02900739482826004,336.00659724414527,0.06323968750920102,0.06323968750920102
17088.0,0.02874262458594168,335.8862145390966,0.0627640733275814,0.0627640733275814
17107.2,0.028479850381976007,335.7664522379372,0.062290910269550734,0.062290910269550734
17126.399999999998,0.028219061878897996,335.64731018467705,0.06182019771881598,0.06182019771881598
17145.6,0.027960248742447427,335.5287881870344,0.06135193491570036,0.06135193491570036
17164.8,0.027703400642168318,335.41088601674096,0.060886120958349596,0.060886120958349596
17184.0,0.027448507252004137,335.29360340984863,0.060422754803944205,0.060422754803944205
17203.2,0.02719555825088682,335.1769400670376,0.05996183526991604,0.05996183526991604
17222.399999999998,0.02694454332332133,335.06089565392693,0.05950336103517563,0.05950336103517563
17241.6,0.026695452159964824,334.9454698013847,0.059047330641337686,0.059047330641337686
17260.8,0.0264482744582007,334.8306621058416,0.05859374249395969,0.05859374249395969
17280.0,0.026202999922707162,334.7164721296046,0.058142594863781566,0.058142594863781566
17299.2,0.025959618266020855,334.60289940117167,0.057693885887968935,0.057693885887968935
17318.399999999998,0.025718119209094923,334.4899434155492,0.05724761357136697,0.05724761357136697
17337.6,0.02547849248185204,334.37760363456846,0.05680377578775108,0.05680377578775108
17356.8,0.025240727823731903,334.26587948720476,0.05636237028108747,0.05636237028108747
17376.0,0.025004814984233556,334.1547703698972,0.055923394666796813,0.055923394666796813
17395.2,0.024770743723452233,334.04427564686875,0.05548684643301828,0.05548684643301828
17414.399999999998,0.02453850381261132,333.93439465044816,0.055052722941882154,0.055052722941882154
17433.6,0.024308085034588055,333.8251266813922,0.0546210214307823,0.0546210214307823
17452.8,0.02407947718443449,333.71647100920876,0.05419173901365296,0.05419173901365296
17472.0,0.0238526700698931,333.6084268724806,0.05376487268224771,0.05376487268224771
17491.2,0.023627653511906564,333.50099347918996,0.05334041930742198,0.05334041930742198
17510.399999999998,0.02340441734512244,333.3941700070439,0.052918375640418625,0.052918375640418625
17529.6,0.023182951418392404,333.28795560379984,0.05249873831415386,0.05249873831415386
17548.8,0.022963245595265778,333.1823493875917,0.05208150384450584,0.05208150384450584
17568.0,0.022745289754478145,333.0773504472571,0.05166666863160719,0.05166666863160719
17587.2,0.022529073790433656,332.9729578426639,0.05125422896113561,0.05125422896113561
17606.399999999998,0.022314587613682997,332.8691706050379,0.050844181005608176,0.050844181005608176
17625.6,0.02210182115139469,332.76598773729086,0.050436520825677573,0.050436520825677573
17644.8,0.021890764347822146,332.6634082143483,0.0500312443714266,0.0500312443714266
17664.0,0.021681407164764174,332.561430983478,0.049628347483666686,0.049628347483666686
17683.2,0.02147373958202046,332.4600549646178,0.04922782589523303,0.04922782589523303
17702.399999999998,0.021267751597842048,332.359279050705,0.048829675232284944,0.048829675232284944
17721.6,0.02106343322937525,332.2591021080043,0.04843389101560276,0.04843389101560276
17740.8,0.020860774513101272,332.15952297643656,0.04804046866188642,0.04804046866188642
17760.0,0.020659765505269403,332.0605404699074,0.04764940348505299,0.04764940348505299
17779.2,0.020460396282325367,331.96215337663557,0.0472606906975351,0.0472606906975351
17798.399999999998,0.020262656941333942,331.8643604594813,0.04687432541157709,0.04687432541157709
17817.6,0.020066537600396013,331.7671604562745,0.04649030264053247,0.04649030264053247
17836.8,0.019872028399060247,331.6705520801426,0.046108617300159055,0.046108617300159055
17856.0,0.019679119498729577,331.57453401983815,0.045729264209912815,0.045729264209912815
17875.2,0.019487801083061657,331.4791049400664,0.04535223809424271,0.04535223809424271
17894.399999999998,0.01929806335836475,331.38426348181173,0.044977533583879854,0.044977533583879854
17913.6,0.01910989655398701,331.29000826266497,0.044605145217131104,0.044605145217131104
17932.8,0.018923290922701026,331.1963378771489,0.044235067441164705,0.044235067441164705
17952.0,0.018738236741083568,331.1032508970441,0.04386729461329811,0.04386729461329811
17971.2,0.018554724309888256,331.01074587171405,0.04350182100228162,0.04350182100228162
17990.399999999998,0.018372743954414416,330.91882132842954,0.04313864078958123,0.04313864078958123
18009.6,0.018192286024869515,330.82747577269294,0.0427777480706587,0.0427777480706587
18028.8,0.0180133408967268,330.73670768856107,0.04241913685624786,0.04241913685624786
18048.0,0.01783589897107729,330.64651553896783,0.042062801073628885,0.042062801073628885
18067.2,0.01765995067497646,330.55689776604623,0.041708734567900724,0.041708734567900724
18086.399999999998,0.01748548646178553,330.4678527914493,0.041356931103248916,0.041356931103248916
18105.6,0.01731249681150764,330.37937901667044,0.0410073843642117,0.0410073843642117
18124.8,0.017140972231118146,330.29147482336265,0.04066008795694023,0.04066008795694023
18144.0,0.016970903254890445,330.2041385736574,0.04031503541045946,0.04031503541045946
18163.2,0.016802280444715753,330.117368610482,0.039972220177921194,0.039972220177921194
18182.399999999998,0.016635094390417687,330.03116325787624,0.039631635637855836,0.039631635637855836
18201.6,0.016469335710062465,329.9455208213082,0.03929327509541948,0.03929327509541948
18220.8,0.016304995050262595,329.8604395879888,0.038957131783637,0.038957131783637
18240.0,0.016142063086476054,329.77591782718554,0.038623198864641224,0.038623198864641224
18259.2,0.015980530523300382,329.69195379053497,0.038291469430908186,0.038291469430908186
18278.399999999998,0.01582038809476109,329.60854571235376,0.03796193650648529,0.03796193650648529
18297.6,0.015661626564595178,329.5256918099495,0.037634593048219596,0.037634593048219596
18316.8,0.015504236726529683,329.44339028392926,0.03730943194697726,0.03730943194697726
18336.0,0.01534820940455448,329.3616393185077,0.036986446028859844,0.036986446028859844
18355.2,0.015193535453190866,329.28043708181366,0.03666562805641684,0.03666562805641684
18374.399999999998,0.01504020575775429,329.1997817261953,0.036346970729850124,0.036346970729850124
18393.6,0.014888211234612132,329.11967138852395,0.03603046668821539,0.03603046668821539
18412.8,0.014737542831437108,329.04010419049763,0.035716108510620334,0.035716108510620334
18432.0,0.014588191527454747,328.96107823894107,0.035403888717410875,0.035403888717410875
18451.2,0.014440148333686233,328.88259162610666,0.03509379977135963,0.03509379977135963
18470.399999999998,0.014293404293186686,328.8046424299727,0.034785834078844495,0.034785834078844495
18489.6,0.014147950481277654,328.7272287145401,0.03447998399102054,0.03447998399102054
18508.8,0.0140037780057754,328.6503485301284,0.03417624180499001,0.03417624180499001
18528.0,0.013860878007214103,328.5739999136696,0.033874599764963015,0.033874599764963015
18547.2,0.013719241659063979,328.49818088900093,0.03357505006341408,0.03357505006341408
18566.399999999998,0.013578860167944667,328.42288946715576,0.03327758484223135,0.03327758484223135
18585.6,0.013439724773833713,328.34812364665305,0.03298219619386079,0.03298219619386079
18604.8,0.013301826750270524,328.2738814137854,0.03268887616244346,0.03268887616244346
18624.0,0.013165157404555499,328.20016074290504,0.03239761674494633,0.03239761674494633
18643.2,0.013029708077943685,328.1269595967088,0.032108409892286895,0.032108409892286895
18662.399999999998,0.012895470145834986,328.05427592652075,0.03182124751045119,0.03182124751045119
18681.6,0.012762435017958686,327.98210767257365,0.03153612146160477,0.03153612146160477
18700.8,0.012630594138553768,327.9104527642888,0.03125302356519877,0.03125302356519877
18720.0,0.012499938986544468,327.83930912055337,0.03097194559906584,0.03097194559906584
18739.2,0.012370461075711216,327.76867464999697,0.030692879300512073,0.030692879300512073
18758.399999999998,0.01224215195485671,327.6985472512662,0.030415816367402385,0.030415816367402385
18777.6,0.01211500320796838,327.6289248132967,0.030140748459235367,0.030140748459235367
18796.8,0.01198900645437523,327.55980521558433,0.029867667198214067,0.029867667198214067
18816.0,0.011864153348900872,327.4911863284544,0.029596564170310063,0.029596564170310063
18835.2,0.01174043558201205,327.4230660133283,0.029327430926317406,0.029327430926317406
18854.399999999998,0.011617844879962197,327.35544212298953,0.02906025898290232,0.02906025898290232
18873.6,0.01149637300493133,327.2883125018467,0.028795039823643655,0.028795039823643655
18892.8,0.011376011755161394,327.2216749861952,0.02853176490006599,0.02853176490006599
18912.0,0.011256752965086717,327.1555274044772,0.02827042563266706,0.02827042563266706
18931.2,0.01113858850546107,327.08986757753945,0.028011013411936,0.028011013411936
18950.399999999998,0.011021510283479564,327.024693318889,0.027753519599363983,0.027753519599363983
18969.6,0.010905510242897046,326.96000243494717,0.027497935528447832,0.027497935528447832
18988.8,0.010790580364141962,326.8957927253021,0.027244252505686954,0.027244252505686954
19008.0,0.010676712664425948,326.83206198295824,0.0269924618115699,0.0269924618115699
19027.2,0.01056389919784954,326.76880799458485,0.026742554701555815,0.026742554701555815
19046.399999999998,0.01045213205550343,326.7060285407621,0.026494522407046597,0.026494522407046597
19065.6,0.010341403365566323,326.6437213962251,0.026248356136351497,0.026248356136351497
19084.8,0.010231705293397878,326.5818843301063,0.026004047075644052,0.026004047075644052
19104.0,0.010123030041628235,326.5205151061756,0.025761586389911606,0.025761586389911606
19123.2,0.01001536985024361,326.45961148307845,0.025520965223895166,0.025520965223895166
19142.399999999998,0.009908716996667337,326.39917121457194,0.025282174703022776,0.025282174703022776
19161.6,0.009803063795837971,326.33919204975894,0.02504520593433433,0.02504520593433433
19180.8,0.009698402600282555,326.2796717333203,0.02481005000739896,0.02481005000739896
19200.0,0.009594725800186752,326.2206080057446,0.024576697995222822,0.024576697995222822
19219.2,0.009492025823460768,326.16199860355636,0.02434514095515031,0.02434514095515031
19238.399999999998,0.009390295135801691,326.1038412595416,0.0241153699297561,0.0241153699297561
19257.6,0.009289526240752176,326.04613370297193,0.023887375947729765,0.023887375947729765
19276.8,0.009189711679754985,325.9888736598263,0.023661150024751866,0.023661150024751866
19296.0,0.009090844032204845,325.93205885301023,0.023436683164360372,0.023436683164360372
19315.2,0.008992915915495274,325.8756870025739,0.02321396635881239,0.02321396635881239
19334.399999999998,0.008895919985063169,325.8197558259274,0.02299299058993439,0.02299299058993439
19353.6,0.008799848934428907,325.7642630380541,0.02277374682996488,0.02277374682996488
19372.8,0.008704695495233524,325.7092063517216,0.022556226042388904,0.022556226042388904
19392.0,0.008610452437271864,325.65458347769174,0.0223404191827663,0.0223404191827663
19411.2,0.008517112568523083,325.6003921249266,0.022126317199546715,0.022126317199546715
19430.399999999998,0.00842466873517653,325.5466300007945,0.021913911034883025,0.021913911034883025
19449.6,0.008333113821655216,325.49329481127177,0.02170319162542859,0.02170319162542859
19468.8,0.008242440750636036,325.4403842611445,0.021494149903134294,0.021494149903134294
19488.0,0.008152642483065978,325.38789605420635,0.02128677679602985,0.02128677679602985
19507.2,0.008063712018174976,325.3358278934554,0.02108106322900221,0.02108106322900221
19526.399999999998,0.00797564239348679,325.28417748128857,0.020877000124562707,0.020877000124562707
19545.6,0.007888426684825246,325.2329425196935,0.020674578403606158,0.020674578403606158
19564.8,0.007802058006317943,325.18212071043916,0.0204737889861632,0.0204737889861632
19584.0,0.0077165295103968495,325.13170975526356,0.020274622792142052,0.020274622792142052
19603.2,0.007631834387795852,325.0817073560595,0.02007707074206272,0.02007707074206272
19622.399999999998,0.0075479658675448634,325.0321112150588,0.019881123757784575,0.019881123757784575
19641.6,0.007464917216961285,324.9829190350135,0.019686772763221918,0.019686772763221918
19660.8,0.007382681741638361,324.93412851937563,0.01949400868505541,0.01949400868505541
19680.0,0.007301252785430467,324.88573737247447,0.019302822453430755,0.019302822453430755
19699.2,0.007220623730435504,324.837743299692,0.01911320500265334,0.01911320500265334
19718.399999999998,0.007140787996974863,324.790144007636,0.018925147271870935,0.018925147271870935
19737.6,0.007061739043569732,324.7429372043112,0.018738640205751025,0.018738640205751025
19756.8,0.006983470366914942,324.69612059928824,0.01855367475514739,0.01855367475514739
19776.0,0.006905975501850347,324.6496919038704,0.018370241877759447,0.018370241877759447
19795.2,0.006829248021329426,324.6036488312585,0.018188332538783318,0.018188332538783318
19814.399999999998,0.0067532815363842294,324.5579890967138,0.018007937711555684,0.018007937711555684
19833.6,0.006678069696088937,324.51271041771827,0.01782904837818691,0.01782904837818691
19852.8,0.006603606187520038,324.467810514133,0.017651655530187136,0.017651655530187136
19872.0,0.0065298847357140215,324.42328710835534,0.017475750169086368,0.017475750169086368
19891.2,0.006456899103622797,324.3791379254721,0.01730132330704083,0.01730132330704083
19910.399999999998,0.006384643092065885,324.33536069341295,0.017128365967438216,0.017128365967438216
19929.6,0.006313110539680799,324.29195314310005,0.016956869185489,0.016956869185489
19948.8,0.006242295322870853,324.24891300859616,0.016786824008811915,0.016786824008811915
19968.0,0.006172191355750003,324.20623802725106,0.016618221498012047,0.016618221498012047
19987.2,0.006102792590085914,324.16392593984546,0.016451052727249654,0.016451052727249654
20006.399999999998,0.006034093015240328,324.1219744907328,0.0162853087848003,0.0162853087848003
20025.6,0.005966086658107248,324.0803814279795,0.016120980773609104,0.016120980773609104
20044.8,0.005898767583048848,324.03914450350277,0.01595805981183491,0.01595805981183491
20064.0,0.005832129891828681,323.9982614732067,0.015796537033388135,0.015796537033388135
20083.2,0.005766167723543405,323.95773009711604,0.015636403588459455,0.015636403588459455
20102.399999999998,0.00570087525455156,323.91754813950797,0.01547765064404013,0.01547765064404013
20121.6,0.005636246698400857,323.8777133690424,0.015320269384436992,0.015320269384436992
20140.8,0.005572276305752673,323.83822355888935,0.015164251011775709,0.015164251011775709
20160.0,0.005508958364305075,323.79907648685554,0.01500958674650071,0.01500958674650071
20179.2,0.005446287198713273,323.7602699355077,0.014856267827862746,0.014856267827862746
20198.399999999998,0.005384257170508383,323.7218016922951,0.014704285514402405,0.014704285514402405
20217.6,0.005322862678013919,323.68366954966933,0.014553631084423983,0.014553631084423983
20236.8,0.005262098156260535,323.6458713052023,0.014404295836461486,0.014404295836461486
20256.0,0.0052019580768987534,323.6084047617028,0.014256271089738566,0.014256271089738566
20275.2,0.00514243694810981,323.5712677273303,0.014109548184619257,0.014109548184619257
20294.399999999998,0.005083529314514691,323.53445801570746,0.013964118483051511,0.013964118483051511
20313.6,0.005025229757080754,323.49797344603064,0.013819973369004026,0.013819973369004026
20332.8,0.004967532893027787,323.46181184317817,0.01367710424889427,0.01367710424889427
20352.0,0.004910433375730824,323.4259710378171,0.01353550255201004,0.01353550255201004
20371.2,0.004853925894622276,323.390448866508,0.013395159730923792,0.013395159730923792
20390.399999999998,0.004798005175092122,323.3552431718076,0.013256067261897576,0.013256067261897576
20409.6,0.004742665978385881,323.32035180237034,0.013118216645284576,0.013118216645284576
20428.8,0.004687903101501675,323.2857726130466,0.01298159940591763,0.01298159940591763
20448.0,0.004633711377085244,323.2515034649811,0.01284620709349709,0.01284620709349709
20467.2,0.004580085673323388,323.21754222570746,0.012712031282965188,0.012712031282965188
20486.399999999998,0.004527020893835991,323.18388676924263,0.01257906357487884,0.01257906357487884
20505.6,0.004474511977566319,323.15053497617834,0.012447295595770775,0.012447295595770775
20524.8,0.0044225538986700725,323.1174847337712,0.012316718998505933,0.012316718998505933
20544.0,0.004371141666402897,323.0847339360314,0.012187325462631156,0.012187325462631156
20563.2,0.004320270325006079,323.05228048380883,0.012059106694716524,0.012059106694716524
20582.399999999998,0.004269934953591395,323.0201222848779,0.01193205442868955,0.01193205442868955
20601.6,0.004220130666024387,322.98825725402094,0.011806160426164848,0.011806160426164848
20620.8,0.004170852610805895,322.95668331310907,0.011681416476764177,0.011681416476764177
20640.0,0.004122095970952889,322.9253983911821,0.011557814398431508,0.011557814398431508
20659.2,0.004073855963877492,322.8944004245263,0.011435346037740267,0.011435346037740267
20678.399999999998,0.004026127841264968,322.86368735675046,0.011314003270194698,0.011314003270194698
20697.6,0.003978906888950615,322.83325713886063,0.011193778000523869,0.011193778000523869
20716.8,0.00393218842679504,322.8031077293326,0.011074662162969106,0.011074662162969106
20736.0,0.0038859678085586408,322.77323709418357,0.010956647721566303,0.010956647721566303
20755.2,0.0038402404217746083,322.7436432070412,0.01083972667041969,0.01083972667041969
20774.399999999998,0.0037950016876209655,322.71432404921165,0.010723891033969743,0.010723891033969743
20793.6,0.0037502470607917973,322.6852776097457,0.010609132867254827,0.010609132867254827
20812.8,0.003705972029366761,322.6565018855038,0.010495444256168348,0.010495444256168348
20832.0,0.003662172114679719,322.62799488121885,0.010382817317706221,0.010382817317706221
20851.2,0.0036188428711870584,322.59975460955735,0.010271244200209211,0.010271244200209211
20870.399999999998,0.0035759798863340517,322.5717790911801,0.010160717083602094,0.010160717083602094
20889.6,0.003533578780420722,322.5440663547996,0.010051228179621174,0.010051228179621174
20908.8,0.0034916352064667338,322.51661443723765,0.009942769732040642,0.009942769732040642
20928.0,0.0034501448500753353,322.4894213834801,0.009835334016890209,0.009835334016890209
20947.2,0.0034091034292964254,322.4624852467307,0.00972891334266732,0.00972891334266732
20966.399999999998,0.003368506694488678,322.4358040884636,0.009623500050544229,0.009623500050544229
20985.6,0.003328350428180747,322.4093759784739,0.009519086514568093,0.009519086514568093
21004.8,0.003288630444931935,322.38319899492666,0.00941566514185456,0.00941566514185456
21024.0,0.0032493425911918152,322.3572712244052,0.009313228372778887,0.009313228372778887
21043.2,0.003210482745159162,322.3315907619573,0.009211768681157405,0.009211768681157405
21062.399999999998,0.0031720468166401127,322.3061557111396,0.00911127857442471,0.00911127857442471
21081.6,0.0031340307469057693,322.2809641840621,0.009011750593807705,0.009011750593807705
21100.8,0.003096430508548582,322.2560143014293,0.008913177314488877,0.008913177314488877
21120.0,0.0030592421053389053,322.23130419258126,0.008815551345769123,0.008815551345769123
21139.2,0.003022461572079991,322.206831995533,0.008718865331222023,0.008718865331222023
21158.399999999998,0.0029860849744630775,322.1825958570123,0.008623111948844768,0.008623111948844768
21177.6,0.0029501084089213294,322.15859393249605,0.00852828391120031,0.00852828391120031
21196.8,0.0029145280024838777,322.13482438624624,0.008434373965560663,0.008434373965560663
21216.0,0.002879339912628042,322.1112853913426,0.008341374894035329,0.008341374894035329
21235.2,0.0028445403271328,322.0879751297166,0.008249279513705412,0.008249279513705412
21254.399999999998,0.002810125463929709,322.0648917921814,0.008158080676742835,0.008158080676742835
21273.6,0.0027760915709552623,322.0420335784629,0.008067771270531864,0.008067771270531864
21292.8,0.00274243492600145,322.0193986972278,0.007978344217780932,0.007978344217780932
21312.0,0.0027091518365663114,321.9969853661115,0.007889792476632242,0.007889792476632242
21331.2,0.0026762386397038845,321.9747918117438,0.007802109040763498,0.007802109040763498
21350.399999999998,0.0026436917018742424,321.9528162697741,0.007715286939487846,0.007715286939487846
21369.6,0.002611507418792636,321.9310569848954,0.007629319237848195,0.007629319237848195
21388.8,0.002579682215278062,321.9095122108666,0.00754419903670503,0.00754419903670503
21408.0,0.002548212545102485,321.8881802105336,0.007459919472821078,0.007459919472821078
21427.2,0.0025170948908383346,321.8670592558501,0.007376473718941703,0.007376473718941703
21446.399999999998,0.0024863257637067165,321.846147627896,0.007293854983869252,0.007293854983869252
21465.6,0.0024559017034251436,321.8254436168953,0.007212056512532665,0.007212056512532665
21484.8,0.0024258192780545183,321.8049455222333,0.007131071586055976,0.007131071586055976
21504.0,0.0023960750838466142,321.78465165247167,0.007050893521817605,0.007050893521817605
21523.2,0.0023666657450905288,321.7645603253631,0.006971515673508516,0.006971515673508516
21542.399999999998,0.002337587913959453,321.7446698678647,0.006892931431184551,0.006892931431184551
21561.6,0.0023088382703569275,321.7249786161501,0.006815134221315389,0.006815134221315389
21580.8,0.0022804135217631173,321.7054849156209,0.00673811750682811,0.00673811750682811
21600.0,0.002252310403081065,321.6861871209167,0.006661874787148518,0.006661874787148518
21619.2,0.0022245256764823118,321.667083595924,0.006586399598235058,0.006586399598235058
21638.399999999998,0.0021970561312525273,321.64817271378485,0.006511685512613844,0.006511685512613844
21657.6,0.002169898583637484,321.62945285690296,0.0064377261394022445,0.0064377261394022445
21676.8,0.0021430498766882656,321.61092241695076,0.006364515124336951,0.006364515124336951
21696.0,0.002116506880106952,321.59257979487376,0.006292046149791274,0.006292046149791274
21715.2,0.002090266490092044,321.5744234008948,0.006220312934791761,0.006220312934791761
21734.399999999998,0.0020643256291833665,321.5564516545173,0.006149309235031445,0.006149309235031445
21753.6,0.0020386812461079557,321.538662984527,0.006079028842876139,0.006079028842876139
21772.8,0.0020133303156246044,321.52105582899367,0.006009465587371609,0.006009465587371609
21792.0,0.0019882698383701415,321.50362863527107,0.005940613334243141,0.005940613334243141
21811.2,0.001963496840703552,321.48637985999653,0.0058724659858941835,0.0058724659858941835
21830.399999999998,0.0019390083745520782,321.4693079690888,0.005805017481397591,0.005805017481397591
21849.6,0.0019148015172562826,321.4524114377463,0.005738261796489112,0.005738261796489112
21868.8,0.0018908733714154348,321.43568875044394,0.005672192943553914,0.005672192943553914
21888.0,0.0018672210647332887,321.4191384009279,0.005606804971607271,0.005606804971607271
21907.2,0.0018438417498630774,321.40275889221175,0.005542091966277939,0.005542091966277939
21926.399999999998,0.0018207326042534852,321.3865487365698,0.005478048049783011,0.005478048049783011
21945.6,0.0017978908299946033,321.37050645553063,0.005414667380901411,0.005414667380901411
21964.8,0.0017753136536634044,321.35463057987,0.0053519441549464974,0.0053519441549464974
21984.0,0.0017529983261700328,321.3389196496018,0.005289872603730129,0.005289872603730129
22003.2,0.001730942122603904,321.32337221396926,0.0052284469955278575,0.0052284469955278575
22022.399999999998,0.0017091423420799426,321.3079868314354,0.005167661635041194,0.005167661635041194
22041.6,0.0016875963075854946,321.2927620696717,0.005107510863352921,0.005107510863352921
22060.8,0.0016663013658263738,321.27769650554745,0.005047989057885098,0.005047989057885098
22080.0,0.0016452548870743778,321.2627887251168,0.00498909063234785,0.00498909063234785
22099.2,0.0016244542650142191,321.2480373236065,0.004930810036690639,0.004930810036690639
22118.399999999998,0.0016038969165908332,321.23344090540206,0.004873141757047917,0.004873141757047917
22137.6,0.0015835802818569107,321.2189980840333,0.004816080315682076,0.004816080315682076
22156.8,0.0015635018238208782,321.2047074821597,0.0047596202709255155,0.0047596202709255155
22176.0,0.001543659028294933,321.1905677315544,0.0047037562171170786,0.0047037562171170786
22195.2,0.0015240494037434657,321.17657747308795,0.004648482784538274,0.004648482784538274
22214.399999999998,0.0015046704811315912,321.1627353567114,0.00459379463934613,0.00459379463934613
22233.6,0.0014855198137743006,321.14904004143835,0.0045396864835028925,0.0045396864835028925
22252.8,0.001466594977185526,321.135490195327,0.004486153054704171,0.004486153054704171
22272.0,0.0014478935689278061,321.12208449546074,0.00443318912630302,0.00443318912630302
22291.2,0.0014294132084622583,321.1088216279293,0.004380789507235161,0.004380789507235161
22310.399999999998,0.0014111515369988482,321.09570028780774,0.004328949041936333,0.004328949041936333
22329.6,0.0013931062173465182,321.0827191791365,0.004277662610262566,0.004277662610262566
22348.8,0.0013752749337648488,321.0698770148997,0.004226925127405297,0.004226925127405297
22368.0,0.0013576553918147696,321.057172517003,0.004176731543803774,0.004176731543803774
22387.2,0.0013402453182105036,321.04460441625156,0.004127076845057926,0.004127076845057926
22406.399999999998,0.0013230424606717204,321.032171452327,0.004077956051836956,0.004077956051836956
22425.6,0.001306044587775585,321.0198723737635,0.0040293642197852435,0.0040293642197852435
22444.8,0.0012892494888102441,321.0077059379241,0.003981296439428691,0.003981296439428691
22464.0,0.0012726549736273372,320.9956709109757,0.0039337478360765895,0.0039337478360765895
22483.2,0.001256258872496263,320.98376606786456,0.003886713569723021,0.003886713569723021
22502.399999999998,0.0012400590359581297,320.97199019229004,0.003840188834945128,0.003840188834945128
22521.6,0.001224053334680095,320.96034207667896,0.003794168860800702,0.003794168860800702
22540.8,0.0012082396593108048,320.94882052215877,0.003748648910722411,0.003748648910722411
22560.0,0.0011926159203352873,320.93742433853066,0.0037036242824115676,0.0037036242824115676
22579.2,0.001177180047931295,320.92615234424204,0.0036590903077294364,0.0036590903077294364
22598.399999999998,0.0011619299918253015,320.9150033663586,0.003615042352586739,0.003615042352586739
22617.6,0.0011468637211495725,320.9039762405359,0.0035714758168318137,0.0035714758168318137
22636.8,0.0011319792242997589,320.89306981099054,0.0035283861341360787,0.0035283861341360787
22656.0,0.0011172745087919707,320.8822829304711,0.0034857687718794976,0.0034857687718794976
22675.2,0.0011027476011214702,320.8716144602282,0.003443619231032676,0.003443619231032676
22694.399999999998,0.0010883965466216635,320.86106326998487,0.003401933046038954,0.003401933046038954
22713.6,0.0010742194093232389,320.85062823790577,0.0033607057846938094,0.0033607057846938094
22732.8,0.001060214271813781,320.8403082505664,0.0033199330480224586,0.0033199330480224586
22752.0,0.0010463792350984167,320.8301022029223,0.003279610470158364,0.003279610470158364
22771.2,0.0010327124184603728,320.8200089982773,0.0032397337182176883,0.0032397337182176883
22790.399999999998,0.0010192119593228108,320.8100275482511,0.003200298492172187,0.003200298492172187
22809.6,0.001005876013110362,320.8001567727482,0.0031613005247243366,0.0031613005247243366
22828.8,0.0009927027531117095,320.79039559992424,0.003122735581176636,0.003122735581176636
22848.0,0.0009796903703425085,320.7807429661535,0.003084599459302017,0.003084599459302017
22867.2,0.0009668370734092271,320.7711978159958,0.0030468879892126943,0.0030468879892126943
22886.399999999998,0.0009541410883732415,320.7617591021629,0.0030095970332290087,0.0030095970332290087
22905.6,0.0009416006586151211,320.7524257854845,0.0029727224857431078,0.0029727224857431078
22924.8,0.000929214044700516,320.74319683487454,0.0029362602730873427,0.0029362602730873427
22944.0,0.0009169795242455988,320.7340712272961,0.002900206353394803,0.002900206353394803
22963.2,0.0009048953917834478,320.7250479477274,0.002864556716465017,0.002864556716465017
22982.399999999998,0.0008929599586313543,320.71612598912657,0.0028293073836256136,0.0028293073836256136
23001.6,0.0008811715527580244,320.70730435239636,0.0027944544075915075,0.0027944544075915075
23020.8,0.0008695285186522702,320.69858204634863,0.002759993872325662,0.002759993872325662
23040.0,0.0008580292171911179,320.68995808766914,0.002725921892899623,0.002725921892899623
23059.2,0.0008466720255098143,320.68143150088076,0.002692234615348217,0.002692234615348217
23078.399999999998,0.0008354553368712842,320.6730013183082,0.0026589282165300873,0.0026589282165300873
23097.6,0.0008243775605372918,320.6646665800409,0.0026259989039812666,0.0026259989039812666
23116.8,0.0008134371216390168,320.65642633389683,0.00259344291577212,0.00259344291577212
23136.0,0.000802632461049176,320.64827963538556,0.0025612565203611453,0.0025612565203611453
23155.2,0.0007919620352546767,320.6402255476711,0.002529436016448543,0.002529436016448543
23174.399999999998,0.0007814243162291832,320.6322631415349,0.0024979777328300186,0.0024979777328300186
23193.6,0.0007710177913068184,320.62439149533844,0.002466878028248559,0.002466878028248559
23212.8,0.0007607409630570556,320.6166096949855,0.002436133291245984,0.002436133291245984
23232.0,0.0007505923491589907,320.6089168338846,0.002405739940013824,0.002405739940013824
23251.2,0.0007405704822772282,320.60131201291097,0.0023756944222437554,0.0023756944222437554
23270.399999999998,0.0007306739099376802,320.5937943403685,0.002345993214977125,0.002345993214977125
23289.6,0.0007209011944051582,320.5863629319516,0.0023166328244538124,0.0023166328244538124
23308.8,0.0007112509125600785,320.57901691070697,0.0022876097859615353,0.0022876097859615353
23328.0,0.0007017216557768175,320.5717554069946,0.0022589206636820123,0.0022589206636820123
23347.2,0.0006923120298026193,320.5645775584499,0.00223056205054072,0.00223056205054072
23366.399999999998,0.0006830206546368584,320.5574825099442,0.0022025305680512574,0.0022025305680512574
23385.6,0.0006738461644111533,320.5504694135465,0.0021748228661646533,0.0021748228661646533
23404.8,0.0006647872072697671,320.5435374284841,0.0021474356231123864,0.0021474356231123864
23424.0,0.0006558424452513383,320.53668572110365,0.0021203655452541183,0.0021203655452541183
23443.2,0.000647010554170843,320.5299134648321,0.002093609366922509,0.002093609366922509
23462.399999999998,0.0006382902235018244,320.5232198401372,0.002067163850267585,0.002067163850267585
23481.6,0.000629680156260397,320.5166040344881,0.0020410257851006535,0.0020410257851006535
23500.8,0.0006211790688885068,320.5100652423165,0.0020151919887406913,0.0020151919887406913
23520.0,0.000612785691138913,320.5036026649763,0.001989659305856016,0.001989659305856016
23539.2,0.0006044987659604898,320.4972155107045,0.001964424608308427,0.001964424608308427
23558.399999999998,0.0005963170493841678,320.49090299458163,0.0019394847949977963,0.0019394847949977963
23577.6,0.0005882393104093377,320.48466433849165,0.0019148367917032915,0.0019148367917032915
23596.8,0.0005802643308913547,320.47849877108246,0.001890477550927291,0.001890477550927291
23616.0,0.0005723909054292919,320.47240552772615,0.001866404051738629,0.001866404051738629
23635.2,0.0005646178412546523,320.4663838504789,0.0018426132996138156,0.0018426132996138156
23654.399999999998,0.0005569439581206509,320.4604329880415,0.0018191023262811802,0.0018191023262811802
23673.6,0.0005493680881920097,320.45455219571863,0.0017958681895605209,0.0017958681895605209
23692.8,0.000541889075935643,320.44874073537994,0.0017729079732081434,0.0017729079732081434
23712.0,0.000534505778011927,320.44299787541945,0.001750218786757635,0.001750218786757635
23731.2,0.0005272170631667524,320.43732289071545,0.0017277977653608614,0.0017277977653608614
23750.399999999998,0.0005200218121235413,320.43171506259114,0.001705642069632558,0.001705642069632558
23769.6,0.0005129189174772703,320.426173678774,0.0016837488854897548,0.0016837488854897548
23788.8,0.0005059072835880508,320.42069803335573,0.0016621154239938964,0.0016621154239938964
23808.0,0.0004989858264754903,320.4152874267529,0.001640738921194535,0.001640738921194535
23827.2,0.0004921534737143152,320.40994116566657,0.001619616637970553,0.001619616637970553
23846.399999999998,0.00048540916433032974,320.40465856304195,0.001598745859870709,0.001598745859870709
23865.6,0.0004787518486965202,320.399438938029,0.001578123896957558,0.001578123896957558
23884.8,0.0004721804884308608,320.3942816159422,0.0015577480836488943,0.0015577480836488943
23904.0,0.0004656940562937842,320.3891859282204,0.0015376157785589773,0.0015376157785589773
23923.2,0.00045929153608732125,320.3841512123875,0.0015177243643431193,0.0015177243643431193
23942.399999999998,0.0004529719225537791,320.37917681201196,0.0014980712475377857,0.0014980712475377857
23961.6,0.00044673422127601765,320.37426207666726,0.0014786538584045125,0.0014786538584045125
23980.8,0.0004405774485779036,320.36940636189223,0.0014594696507729237,0.0014594696507729237
24000.0,0.00043450063142538723,320.3646090291508,0.0014405161018819549,0.0014405161018819549
24019.2,0.00042850280732874984,320.35986944579287,0.0014217907122248915,0.0014217907122248915
24038.399999999998,0.0004225830242452255,320.3551869850142,0.0014032910053914896,0.0014032910053914896
24057.6,0.00041674034048162296,320.3505610258172,0.001385014527912568,0.001385014527912568
24076.8,0.0004109738245988649,320.345990952971,0.0013669588491021262,0.0013669588491021262
24096.0,0.00040528255531604865,320.34147615697225,0.00134912156090306,0.00134912156090306
24115.2,0.0003996656214159802,320.3370160340055,0.0013315002777304038,0.0013315002777304038
24134.399999999998,0.0003941221216509938,320.33260998590384,0.001314092636315472,0.001314092636315472
24153.6,0.0003886511646491615,320.3282574201101,0.0012968962955529214,0.0012968962955529214
24172.8,0.00038325186882187,320.323957749637,0.0012799089363430937,0.0012799089363430937
24192.0,0.0003779233622714518,320.31971039302834,0.0012631282614393034,0.0012631282614393034
24211.2,0.0003726647826994909,320.31551477431987,0.0012465519952919786,0.0012465519952919786
24230.399999999998,0.0003674752773161059,320.3113703230006,0.0012301778838970693,0.0012301778838970693
24249.6,0.0003623540027499248,320.3072764739734,0.0012140036946399644,0.0012140036946399644
24268.8,0.00035730012495793675,320.30323266751674,0.0011980272161439003,0.0011980272161439003
24288.0,0.0003523128191372258,320.2992383492459,0.0011822462581172473,0.0011822462581172473
24307.2,0.0003473912696360834,320.29529297007423,0.0011666586512001204,0.0011666586512001204
24326.399999999998,0.00034253466986659527,320.29139598617456,0.0011512622468123393,0.0011512622468123393
24345.6,0.00033774222221756556,320.28754685894125,0.0011360549170029604,0.0011360549170029604
24364.8,0.0003330131379684001,320.2837450549514,0.001121034554297336,0.001121034554297336
24384.0,0.00032834663720297265,320.2799900459272,0.0011061990715484449,0.0011061990715484449
24403.2,0.0003237419487247334,320.27628130869743,0.0010915464017844008,0.0010915464017844008
24422.399999999998,0.00031919830997206736,320.2726183251598,0.0010770744980600061,0.0010770744980600061
24441.6,0.0003147149669347354,320.2690005822428,0.001062781333306282,0.001062781333306282
24460.8,0.00031029117407022734,320.26542757186866,0.0010486649001829212,0.0010486649001829212
24480.0,0.0003059261942216238,320.26189879091476,0.0010347232109275937,0.0010347232109275937
24499.2,0.00030161929853535257,320.258413741177,0.0010209542972097457,0.0010209542972097457
24518.399999999998,0.00029736976637985033,320.2549719293321,0.0010073562099826008,0.0010073562099826008
24537.6,0.0002931768852649173,320.2515728669004,0.0009939270193353874,0.0009939270193353874
24556.8,0.00028903995076144467,320.2482160702088,0.0009806648143475855,0.0009806648143475855
24576.0,0.00028495826642220855,320.244901060354,0.0009675677029433999,0.0009675677029433999
24595.2,0.0002809311437028585,320.2416273631652,0.0009546338117446591,0.0009546338117446591
24614.399999999998,0.0002769579018834036,320.2383945091679,0.000941861285927085,0.000941861285927085
24633.6,0.00027303786799097815,320.235202033547,0.0009292482890754389,0.0009292482890754389
24652.8,0.00026917037672248193,320.2320494761107,0.0009167930030402389,0.0009167930030402389
24672.0,0.00026535477036814534,320.22893638125396,0.0009044936277935805,0.0009044936277935805
24691.2,0.00026159039873605277,320.2258622979224,0.0008923483812867519,0.0008923483812867519
24710.399999999998,0.0002578766190764002,320.22282677957656,0.0008803554993087496,0.0008803554993087496
24729.6,0.0002542127960071201,320.2198293841558,0.0008685132353434449,0.0008685132353434449
24748.8,0.0002505983014397557,320.2168696740426,0.0008568198604292222,0.0008568198604292222
24768.0,0.0002470325145059908,320.21394721602724,0.0008452736630188401,0.0008452736630188401
24787.2,0.00024351482148485785,320.2110615812723,0.0008338729488392946,0.0008338729488392946
24806.399999999998,0.00024004461573026175,320.2082123452773,0.0008226160407521295,0.0008226160407521295
24825.6,0.00023662129759951937,320.2053990878437,0.0008115012786157698,0.0008115012786157698
24844.8,0.0002332442743821284,320.20262139304015,0.0008005270191467306,0.0008005270191467306
24864.0,0.00022991296022942492,320.1998788491675,0.0007896916357830727,0.0007896916357830727
24883.2,0.0002266267760840274,320.19717104872404,0.0007789935185462864,0.0007789935185462864
24902.399999999998,0.0002233851496112351,320.1944975883715,0.0007684310739065428,0.0007684310739065428
24921.6,0.00022018751512948502,320.1918580689005,0.0007580027246468237,0.0007580027246468237
24940.8,0.00021703331354286858,320.18925209519614,0.0007477069097270503,0.0007477069097270503
24960.0,0.00021392199227285037,320.1866792762046,0.000737542084151581,0.000737542084151581
24979.2,0.00021085300519124695,320.1841392248989,0.0007275067188344639,0.0007275067188344639
24998.399999999998,0.00020782581255386317,320.1816315582454,0.0007175993004664852,0.0007175993004664852
25017.6,0.00020483988093446625,320.17915589717035,0.0007078183313837899,0.0007078183313837899
25036.8,0.0002018946831590615,320.17671186652655,0.0006981623294353798,0.0006981623294353798
25056.0,0.00019898969824142974,320.1742990950601,0.0006886298278524079,0.0006886298278524079
25075.2,0.00019612441131843325,320.1719172153778,0.0006792193751185958,0.0006792193751185958
25094.399999999998,0.00019329831358654744,320.1695658639137,0.0006699295348393041,0.0006699295348393041
25113.6,0.00019051090223830435,320.1672446808972,0.0006607588856141945,0.0006607588856141945
25132.8,0.00018776168039960563,320.1649533103202,0.0006517060209078728,0.0006517060209078728
25152.0,0.0001850501570678889,320.16269139990465,0.0006427695489225517,0.0006427695489225517
25171.2,0.00018237584705002723,320.1604586010708,0.0006339480924711633,0.0006339480924711633
25190.399999999998,0.00017973827090166778,320.1582545689051,0.0006252402888515939,0.0006252402888515939
25209.6,0.00017713695486619695,320.1560789621284,0.0006166447897206953,0.0006166447897206953
25228.8,0.00017457143081519815,320.1539314430643,0.0006081602609691935,0.0006081602609691935
25248.0,0.0001720412361884653,320.15181167760807,0.0005997853825986187,0.0005997853825986187
25267.2,0.00016954591393525943,320.14971933519496,0.0005915188485971132,0.0005915188485971132
25286.399999999998,0.00016708501245576136,320.14765408876934,0.0005833593668163609,0.0005833593668163609
25305.6,0.00016465808554330547,320.1456156147541,0.0005753056588512129,0.0005753056588512129
25324.8,0.00016226469232638238,320.14360359301924,0.0005673564599157196,0.0005673564599157196
25344.0,0.00015990439721217018,320.1416177068521,0.0005595105187252256,0.0005595105187252256
25363.2,0.00015757676983002886,320.13965764292647,0.0005517665973741987,0.0005517665973741987
25382.399999999998,0.0001552813849755996,320.1377230912729,0.000544123471219673,0.000544123471219673
25401.6,0.00015301782255481541,320.135813745248,0.000536579928759077,0.000536579928759077
25420.8,0.00015078566752981112,320.1339293015056,0.0005291347715165968,0.0005291347715165968
25440.0,0.00014858450986376964,320.13206945996603,0.0005217868139223514,0.0005217868139223514
25459.2,0.0001464139444673467,320.13023392378756,0.0005145348831985311,0.0005145348831985311
25478.399999999998,0.00014427357114515157,320.12842239933667,0.0005073778192428407,0.0005073778192428407
25497.6,0.00014216299454252723,320.12663459615914,0.0005003144745137388,0.0005003144745137388
25516.8,0.00014008182409339798,320.124870226951,0.0004933437139159019,0.0004933437139159019
25536.0,0.00013802967396788575,320.1231290075299,0.0004864644146872614,0.0004864644146872614
25555.2,0.00013600616302115155,320.1214106568064,0.00047967546628514113,0.00047967546628514113
25574.399999999998,0.00013401091474195352,320.11971489675614,0.00047297577027643757,0.00047297577027643757
25593.6,0.00013204355720212803,320.11804145239074,0.0004663642402230847,0.0004663642402230847
25612.8,0.00013010372300663954,320.1163900517307,0.00045983980157447956,0.00045983980157447956
25632.0,0.00012819104924370126,320.114760425777,0.000453401391555193,0.000453401391555193
25651.2,0.00012630517743566014,320.11315230848373,0.00044704795905784427,0.00044704795905784427
25670.399999999998,0.00012444575349016525,320.11156543673036,0.00044077846453193474,0.00044077846453193474
25689.6,0.0001226124276519411,320.109999550295,0.0004345918798796423,0.0004345918798796423
25708.8,0.00012080485445484418,320.1084543918267,0.0004284871883453284,0.0004284871883453284
25728.0,0.00011902269267455977,320.1069297068188,0.0004224633844113326,0.0004224633844113326
25747.2,0.00011726560528149392,320.1054252435823,0.0004165194736917465,0.0004165194736917465
25766.399999999998,0.00011553325939448206,320.10394075321904,0.0004106544728266368,0.0004106544728266368
25785.6,0.00011382532623455157,320.1024759895957,0.0004048674093800855,0.0004048674093800855
25804.8,0.00011214148107927044,320.1010307093172,0.00039915732173418874,0.00039915732173418874
25824.0,0.00011048140321768151,320.099604671701,0.0003935232589882201,0.0003935232589882201
25843.2,0.00010884477590514877,320.0981976387511,0.0003879642808550993,0.0003879642808550993
25862.399999999998,0.00010723128631965949,320.09680937513247,0.00038247945756100506,0.00038247945756100506
25881.6,0.00010564062551723875,320.0954396481455,0.00037706786974453873,0.00037706786974453873
25900.8,0.00010407248838885573,320.0940882277009,0.0003717286083572352,0.0003717286083572352
25920.0,0.00010252657361733004,320.09275488629436,0.0003664607745629516,0.0003664607745629516
25939.2,0.0001010025836343094,320.09143939898166,0.000361263479640848,0.000361263479640848
25958.399999999998,9.950022457836603e-05,320.0901415433541,0.00035613584488702226,0.00035613584488702226
25977.6,9.801920625316423e-05,320.0888610995138,0.0003510770015177153,0.0003510770015177153
25996.8,9.655924208577037e-05,320.08759785004924,0.0003460860905722934,0.0003460860905722934
26016.0,9.512004908561937e-05,320.0863515800109,0.0003411622628171271,0.0003411622628171271
26035.2,9.37013478041926e-05,320.08512207688784,0.00033630467865306506,0.00033630467865306506
26054.399999999998,9.23028622945176e-05,320.0839091305832,0.0003315125080186399,0.0003315125080186399
26073.6,9.092432007136068e-05,320.0827125333908,0.00032678493029754076,0.00032678493029754076
26092.8,8.956545207182793e-05,320.0815320799714,0.0003221211342249644,0.0003221211342249644
26112.0,8.822599261637541e-05,320.08036756732974,0.0003175203177968842,0.0003175203177968842
26131.2,8.690567936990729e-05,320.0792187947912,0.0003129816881775233,0.0003129816881775233
26150.399999999998,8.56042533036561e-05,320.0780855639784,0.000308504461607502,0.000308504461607502
26169.6,8.432145865718727e-05,320.0769676787893,0.00030408786331669995,0.00030408786331669995
26188.8,8.305704290098963e-05,320.07586494537367,0.00029973112743172996,0.00029973112743172996
26208.0,8.181075669915531e-05,320.07477717211106,0.00029543349688857586,0.00029543349688857586
26227.2,8.058235387269808e-05,320.0737041695886,0.00029119422334523124,0.00029119422334523124
26246.399999999998,7.937159136306832e-05,320.0726457505786,0.0002870125670927657,0.0002870125670927657
26265.6,7.817822919616428e-05,320.0716017300168,0.00028288779696998453,0.00028288779696998453
26284.8,7.700203044661057e-05,320.0705719249803,0.00027881919027539334,0.00027881919027539334
26304.0,7.584276120219612e-05,320.0695561546665,0.0002748060326850018,0.0002748060326850018
26323.2,7.470019052936019e-05,320.06855424037104,0.000270847618164513,0.000270847618164513
26342.399999999998,7.357409043828766e-05,320.06756600546703,0.000266943248887127,0.000266943248887127
26361.6,7.246423584862622e-05,320.0665912753838,0.0002630922351502222,0.0002630922351502222
26380.8,7.137040455550517e-05,320.06562987758576,0.00025929389529113687,0.00025929389529113687
26400.0,7.029237719630054e-05,320.0646816415518,0.0002555475556063217,0.0002555475556063217
26419.2,6.922993721709812e-05,320.06374639875474,0.00025185255027026533,0.00025185255027026533
26438.399999999998,6.81828708397605e-05,320.0628239826411,0.00024820822125442156,0.00024820822125442156
26457.6,6.715096702958025e-05,320.06191422861014,0.00024461391824613595,0.00024461391824613595
26476.8,6.613401746300419e-05,320.0610169739945,0.0002410689985707165,0.0002410689985707165
26496.0,6.51318164957131e-05,320.0601320580402,0.00023757282711283072,0.00023757282711283072
26515.2,6.414416113100283e-05,320.0592593218861,0.00023412477623588145,0.00023412477623588145
26534.399999999998,6.31708509885746e-05,320.0583986085452,0.00023072422570767092,0.00023072422570767092
26553.6,6.221168827384028e-05,320.0575497628849,0.00022737056262224693,0.00022737056262224693
26572.8,6.126647774712076e-05,320.05671263160747,0.0002240631813230965,0.0002240631813230965
26592.0,6.033502669335992e-05,320.0558870632311,0.00022080148332813624,0.00022080148332813624
26611.2,5.941714489214023e-05,320.05507290807117,0.0002175848772553764,0.0002175848772553764
26630.399999999998,5.851264458851546e-05,320.05427001822085,0.00021441277874723733,0.00021441277874723733
26649.6,5.76213404629735e-05,320.0534782475332,0.00021128461039868408,0.00021128461039868408
26668.8,5.674304960305029e-05,320.052697451602,0.00020819980168244114,0.00020819980168244114
26688.0,5.587759147403874e-05,320.0519274877441,0.00020515778887824992,0.00020515778887824992
26707.2,5.502478789108245e-05,320.05116821498046,0.00020215801499920638,0.00020215801499920638
26726.399999999998,5.4184462990861356e-05,320.05041949401874,0.00019919992972169224,0.00019919992972169224
26745.6,5.335644320365012e-05,320.04968118723514,0.0001962829893146322,0.0001962829893146322
26764.8,5.254055722605169e-05,320.048953158657,0.00019340665657032347,0.00019340665657032347
26784.0,5.1736635993641934e-05,320.0482352739448,0.00019057040073301918,0.00019057040073301918
26803.2,5.094451265412961e-05,320.047527400375,0.00018777369743200366,0.00018777369743200366
26822.399999999998,5.016402254044488e-05,320.0468294068228,0.00018501602861264655,0.00018501602861264655
26841.6,4.9395003144698685e-05,320.04614116374506,0.0001822968824692531,0.0001822968824692531
26860.8,4.863729409199977e-05,320.04546254316324,0.00017961575337746596,0.00017961575337746596
26880.0,4.7890737114591354e-05,320.0447934186466,0.00017697214182823827,0.00017697214182823827
26899.2,4.715517602641447e-05,320.04413366529553,0.00017436555436203233,0.00017436555436203233
26918.399999999998,4.6430456697759594e-05,320.04348315972527,0.0001717955035036908,0.0001717955035036908
26937.6,4.571642703032751e-05,320.04284178004923,0.0001692615076975336,0.0001692615076975336
26956.8,4.501293693271572e-05,320.04220940586305,0.00016676309124380152,0.00016676309124380152
26976.0,4.4319838295639204e-05,320.0415859182283,0.00016429978423442642,0.00016429978423442642
26995.2,4.36369849681451e-05,320.04097119965655,0.000161871122490149,0.000161871122490149
27014.399999999998,4.2964232733313053e-05,320.04036513409386,0.0001594766474989837,0.0001594766474989837
27033.6,4.230143928498518e-05,320.03976760690495,0.00015711590635401017,0.00015711590635401017
27052.8,4.164846420410562e-05,320.0391785048576,0.00015478845169161385,0.00015478845169161385
27072.0,4.100516893568173e-05,320.0385977161075,0.00015249384163152304,0.00015249384163152304
27091.2,4.037141676610036e-05,320.0380251301829,0.0001502316397161723,0.0001502316397161723
27110.399999999998,3.974707280000046e-05,320.0374606379696,0.00014800141485163813,0.00014800141485163813
27129.6,3.913200393844177e-05,320.03690413169585,0.00014580274124767584,0.00014580274124767584
27148.8,3.8526078856541275e-05,320.036355504918,0.00014363519836135032,0.00014363519836135032
27168.0,3.792916798157108e-05,320.0358146525051,0.00014149837083595005,0.00014149837083595005
27187.2,3.734114347123413e-05,320.03528147062514,0.00013939184844641428,0.00013939184844641428
27206.399999999998,3.676187919245484e-05,320.03475585672993,0.00013731522604026856,0.00013731522604026856
27225.6,3.6191250700187775e-05,320.0342377095415,0.00013526810348327633,0.00013526810348327633
27244.8,3.562913521629707e-05,320.03372692903764,0.00013325008560239563,0.00013325008560239563
27264.0,3.5075411609022486e-05,320.0332234164377,0.0001312607821300833,0.0001312607821300833
27283.2,3.4529960372604705e-05,320.03272707418927,0.00012929980765129424,0.00012929980765129424
27302.399999999998,3.399266360680457e-05,320.0322378059539,0.0001273667815471116,0.0001273667815471116
27321.6,3.346340499691963e-05,320.031755516594,0.00012546132794286907,0.00012546132794286907
27340.8,3.294206979427995e-05,320.03128011215864,0.00012358307565267946,0.00012358307565267946
27360.0,3.242854479644225e-05,320.03081149987116,0.0001217316581295781,0.0001217316581295781
27379.2,3.192271832791706e-05,320.0303495881152,0.00011990671341094988,0.00011990671341094988
27398.399999999998,3.142448022096642e-05,320.02989428642206,0.00011810788406844784,0.00011810788406844784
27417.6,3.0933721796721876e-05,320.02944550545715,0.00011633481715431873,0.00011633481715431873
27436.8,3.0450335846568486e-05,320.02900315700776,0.00011458716415334278,0.00011458716415334278
27456.0,2.9974216613689132e-05,320.02856715397024,0.00011286458093185416,0.00011286458093185416
27475.2,2.9505259774750504e-05,320.028137410337,0.00011116672768676124,0.00011116672768676124
27494.399999999998,2.9043362421820212e-05,320.02771384118466,0.00010949326889816035,0.00010949326889816035
27513.6,2.8588423044266272e-05,320.027296362661,0.00010784387327858061,0.00010784387327858061
27532.8,2.814034151147339e-05,320.02688489197317,0.00010621821372582223,0.00010621821372582223
27552.0,2.769901905534624e-05,320.02647934737564,0.00010461596727534551,0.00010461596727534551
27571.2,2.7264358252741917e-05,320.02607964815786,0.00010303681505176163,0.00010303681505176163
27590.399999999998,2.6836263008949755e-05,320.02568571463263,0.0001014804422227938,0.0001014804422227938
27609.6,2.64146385402308e-05,320.02529746812434,9.994653795278905e-05,9.994653795278905e-05
27628.8,2.5999391357599352e-05,320.02491483095713,9.843479535600588e-05,9.843479535600588e-05
27648.0,2.559042925026819e-05,320.0245377264436,9.694491145192257e-05,9.694491145192257e-05
27667.2,2.5187661269128574e-05,320.0241660788734,9.547658712009688e-05,9.547658712009688e-05
27686.399999999998,2.4790997710887917e-05,320.02379981350157,9.402952705435156e-05,9.402952705435156e-05
27705.6,2.4400350101994013e-05,320.02343885653784,9.260343972032884e-05,9.260343972032884e-05
27724.8,2.401563118318108e-05,320.0230831351352,9.119803731034984e-05,9.119803731034984e-05
27744.0,2.363675489353628e-05,320.02273257737903,8.981303570029527e-05,8.981303570029527e-05
27763.2,2.3263636355649647e-05,320.02238711227636,8.844815440760891e-05,8.844815440760891e-05
27782.399999999998,2.2896191859964967e-05,320.02204666974495,8.710311654772919e-05,8.710311654772919e-05
27801.6,2.253433884994714e-05,320.0217111806029,8.57776487932156e-05,8.57776487932156e-05
27820.8,2.217799590737465e-05,320.02138057655776,8.447148133085394e-05,8.447148133085394e-05
27840.0,2.1827082737436144e-05,320.02105479019633,8.318434782100737e-05,8.318434782100737e-05
27859.2,2.1481520154608703e-05,320.02073375497463,8.19159853583149e-05,8.19159853583149e-05
27878.399999999998,2.1141230067950042e-05,320.0204174052069,8.066613442812292e-05,8.066613442812292e-05
27897.6,2.0806135467029996e-05,320.02010567605646,7.943453887032781e-05,7.943453887032781e-05
27916.8,2.0476160408359425e-05,320.0197985035248,7.822094583625661e-05,7.822094583625661e-05
27936.0,2.0151230001055586e-05,320.01949582444234,7.702510575250968e-05,7.702510575250968e-05
27955.2,1.9831270393484076e-05,320.0191975764584,7.584677228053627e-05,7.584677228053627e-05
27974.399999999998,1.9516208759705514e-05,320.0189036980314,7.46857022789051e-05,7.46857022789051e-05
27993.6,1.9205973286188748e-05,320.0186141284195,7.354165576535042e-05,7.354165576535042e-05
28012.8,1.8900493158382124e-05,320.0183288076708,7.241439587926709e-05,7.241439587926709e-05
28032.0,1.859969854819e-05,320.0180476766142,7.130368884398122e-05,7.130368884398122e-05
28051.2,1.8303520600810725e-05,320.0177706768499,7.02093039310419e-05,7.02093039310419e-05
28070.399999999998,1.8011891421893672e-05,320.0174977507405,6.913101342316557e-05,6.913101342316557e-05
28089.6,1.7724744065335914e-05,320.01722884140156,6.806859257852776e-05,6.806859257852776e-05
28108.8,1.7442012520421914e-05,320.01696389269273,6.702181959505503e-05,6.702181959505503e-05
28128.0,1.7163631700330437e-05,320.0167028492088,6.599047557494108e-05,6.599047557494108e-05
28147.2,1.6889537429203344e-05,320.016445656271,6.497434449051087e-05,6.497434449051087e-05
28166.399999999998,1.6619666430705926e-05,320.01619225991806,6.397321314873688e-05,6.397321314873688e-05
28185.6,1.6353956315823596e-05,320.0159426068978,6.298687115822582e-05,6.298687115822582e-05
28204.8,1.609234557156471e-05,320.0156966446583,6.201511089418427e-05,6.201511089418427e-05
28224.0,1.583477354930771e-05,320.0154543213398,6.105772746630365e-05,6.105772746630365e-05
28243.2,1.558118045330863e-05,320.01521558576604,6.011451868484876e-05,6.011451868484876e-05
28262.399999999998,1.5331507329456822e-05,320.014980387436,5.918528502786902e-05,5.918528502786902e-05
28281.6,1.5085696054261894e-05,320.01474867651604,5.8269829609757336e-05,5.8269829609757336e-05
28300.8,1.4843689323787366e-05,320.0145204038313,5.736795814823685e-05,5.736795814823685e-05
28320.0,1.460543064293919e-05,320.0142955208581,5.6479478933593474e-05,5.6479478933593474e-05
28339.2,1.4370864314399748e-05,320.01407397971593,5.5604202796560975e-05,5.5604202796560975e-05
28358.399999999998,1.4139935428449354e-05,320.01385573315935,5.474194307777812e-05,5.474194307777812e-05
28377.6,1.3912589852343674e-05,320.0136407345705,5.389251559702119e-05,5.389251559702119e-05
28396.8,1.368877421986946e-05,320.01342893795146,5.305573862311035e-05,5.305573862311035e-05
28416.0,1.3468435921308117e-05,320.01322029791635,5.223143284336668e-05,5.223143284336668e-05
28435.2,1.3251523093257282e-05,320.0130147696841,5.141942133441688e-05,5.141942133441688e-05
28454.399999999998,1.3037984608772797e-05,320.0128123090711,5.06195295332224e-05,5.06195295332224e-05
28473.6,1.2827770067456253e-05,320.01261287248343,4.9831585206985767e-05,4.9831585206985767e-05
28492.8,1.2620829785721207e-05,320.01241641691007,4.905541842530266e-05,4.905541842530266e-05
28512.0,1.2417114787254319e-05,320.01222289991546,4.8290861531640286e-05,4.8290861531640286e-05
28531.2,1.2216576793458639e-05,320.0120322796324,4.753774911504027e-05,4.753774911504027e-05
28550.399999999998,1.2019168214287971e-05,320.0118445147552,4.679591798249537e-05,4.679591798249537e-05
28569.6,1.1824842138796908e-05,320.01165956453235,4.6065207131326136e-05,4.6065207131326136e-05
28588.8,1.163355232617021e-05,320.0114773887601,4.534545772223129e-05,4.534545772223129e-05
28608.0,1.1445253196628453e-05,320.0112979477756,4.463651305301194e-05,4.463651305301194e-05
28627.2,1.1259899822564037e-05,320.0111212024496,4.393821853027445e-05,4.393821853027445e-05
28646.399999999998,1.1077447919606207e-05,320.01094711418074,4.325042164540042e-05,4.325042164540042e-05
28665.6,1.0897853838183776e-05,320.010775644888,4.257297194602506e-05,4.257297194602506e-05
28684.8,1.0721074554874403e-05,320.01060675700506,4.190572101335456e-05,4.190572101335456e-05
28704.0,1.0547067663700656e-05,320.0104404134733,4.124852243409366e-05,4.124852243409366e-05
28723.2,1.0375791368083338e-05,320.0102765777358,4.0601231777313914e-05,4.0601231777313914e-05
28742.399999999998,1.0207204472634856e-05,320.0101152137305,3.996370656727946e-05,3.996370656727946e-05
28761.6,1.0041266374633067e-05,320.0099562858848,3.933580626188743e-05,3.933580626188743e-05
28780.8,9.877937056258678e-06,320.0097997591089,3.871739222639206e-05,3.871739222639206e-05
28800.0,9.717177076530736e-06,320.0096455987896,3.810832770937463e-05,3.810832770937463e-05
