scale_factor,time_s,state_of_charge,power_fraction_of_rated
0.25,0.0,1.0,1.0
0.25,72.0,0.9958806347657776,0.9999999999999991
0.25,144.0,0.9917612695315556,0.9999999999999986
0.25,216.0,0.9876419042973337,0.9999999999999986
0.25,288.0,0.9835225390631117,0.9999999999999979
0.25,360.0,0.9794031738288898,0.9999999999999936
0.25,432.0,0.9752838085946678,0.9999999999999836
0.25,504.0,0.9711644433604457,0.9999999999999608
0.25,576.0,0.9670450781262242,0.9999999999999117
0.25,648.0,0.9629257128920031,0.9999999999998124
0.25,720.0,0.9588063476577826,0.9999999999996184
0.25,792.0,0.9546869824235638,0.9999999999992567
0.25,864.0,0.9505676171893472,0.999999999998608
0.25,936.0,0.9464482519551355,0.9999999999974784
0.25,1008.0,0.942328886720932,0.9999999999955604
0.25,1080.0,0.9382095214867412,0.9999999999923843
0.25,1152.0,0.9340901562525716,0.999999999987235
0.25,1224.0,0.929970791018436,0.9999999999790539
0.25,1296.0,0.9258514257843528,0.9999999999662911
0.25,1368.0,0.9217320605503502,0.9999999999467079
0.25,1440.0,0.9176126953164695,0.9999999999171221
0.25,1512.0,0.9134933300827706,0.9999999998730579
0.25,1584.0,0.9093739648493381,0.9999999998083005
0.25,1656.0,0.9052545996162927,0.9999999997143064
0.25,1728.0,0.9011352343838032,0.9999999995794567
0.25,1800.0,0.8970158691521019,0.9999999993880961
0.25,1872.0,0.8928965039215074,0.9999999991193226
0.25,1944.0,0.8887771386924532,0.99999999874547
0.25,2016.0,0.8846577734655218,0.9999999982302086
0.25,2088.0,0.8805384082414901,0.9999999975262048
0.25,2160.0,0.8764190430213882,0.9999999965722325
0.25,2232.0,0.8722996778065698,0.9999999952896522
0.25,2304.0,0.8681803125988019,0.9999999935781204
0.25,2376.0,0.8640609474003753,0.9999999913104174
0.25,2448.0,0.8599415822142417,0.9999999883262275
0.25,2520.0,0.8558222170441802,0.9999999844246957
0.25,2592.0,0.8517028518950001,0.9999999793555843
0.25,2664.0,0.8475834867727885,0.9999999728088085
0.25,2736.0,0.8434641216852075,0.9999999644020837
0.25,2808.0,0.83934475664185,0.9999999536664724
0.25,2880.0,0.8352253916546687,0.9999999400294677
0.25,2952.0,0.8311060267384807,0.9999999227953608
0.25,3024.0,0.8269866619115716,0.9999999011224701
0.25,3096.0,0.8228672971964022,0.9999998739968965
0.25,3168.0,0.818747932620445,0.9999998402023577
0.25,3240.0,0.8146285682171581,0.9999997982856554
0.25,3312.0,0.810509204027124,0.999999746517291
0.25,3384.0,0.8063898400993724,0.9999996828466926
0.25,3456.0,0.8022704764929114,0.9999996048515115
0.25,3528.0,0.7981511132784949,0.9999995096803829
0.25,3600.0,0.7940317505406557,0.9999993939885058
0.25,3672.0,0.7899123883800344,0.9999992538654211
0.25,3744.0,0.785793026916044,0.9999990847542348
0.25,3816.0,0.7816736662899021,0.9999988813615935
0.25,3888.0,0.7775543066680778,0.9999986375576355
0.25,3960.0,0.7734349482461936,0.9999983462651321
0.25,4032.0,0.7693155912534331,0.999997999336999
0.25,4104.0,0.7651962359575036,0.9999975874213453
0.25,4176.0,0.7610768826702102,0.9999970998131976
0.25,4248.0,0.756957531753699,0.9999965242920325
0.25,4320.0,0.7528381836274304,0.9999958469442233
0.25,4392.0,0.7487188387759531,0.9999950519695281
0.25,4464.0,0.7445994977575402,0.9999941214707064
0.25,4536.0,0.7404801612137684,0.9999930352253983
0.25,4608.0,0.7363608298801122,0.99999177043939
0.25,4680.0,0.7322415045976346,0.9999903014803818
0.25,4752.0,0.7281221863258592,0.999988599591468
0.25,4824.0,0.7240028761569081,0.9999866325834909
0.25,4896.0,0.7198835753309983,0.9999843645055214
0.25,4968.0,0.7157642852533892,0.9999817552927446
0.25,5040.0,0.7116450075128737,0.9999787603910981
0.25,5112.0,0.707525743901917,0.9999753303580445
0.25,5184.0,0.7034064964385387,0.9999714104389582
0.25,5256.0,0.6992872673900427,0.9999669401186828
0.25,5328.0,0.6951680592986967,0.999961852647884
0.25,5400.0,0.6910488750094713,0.9999560745439197
0.25,5472.0,0.6869297176999373,0.9999495250660914
0.25,5544.0,0.6828105909124316,0.9999421156651862
0.25,5616.0,0.6786914985885976,0.9999337494073991
0.25,5688.0,0.6745724451064008,0.9999243203727998
0.25,5760.0,0.6704534353197287,0.9999137130286966
0.25,5832.0,0.6663344746006707,0.9999018015783185
0.25,5904.0,0.6622155688845842,0.9998884492854571
0.25,5976.0,0.658096724718033,0.9998735077757978
0.25,6048.0,0.6539779493097015,0.9998568163158659
0.25,6120.0,0.6498592505843639,0.999838201070645
0.25,6192.0,0.6457406372399954,0.9998174743411162
0.25,6264.0,0.6416221188081006,0.9997944337830972
0.25,6336.0,0.6375037057173311,0.9997688616089541
0.25,6408.0,0.6333854093604536,0.9997405237739285
0.25,6480.0,0.6292672421647285,0.9997091691489579
0.25,6552.0,0.6251492176657382,0.999674528682069
0.25,6624.0,0.6210313505847128,0.9996363145505768
0.25,6696.0,0.6169136569093726,0.9995942193064726
0.25,6768.0,0.6127961539783101,0.9995479150175697
0.25,6840.0,0.6086788605689171,0.9994970524070773
0.25,6912.0,0.6045617969888486,0.999441259994498
0.25,6984.0,0.6004449851710105,0.9993801432408019
0.25,7056.0,0.5963284487720365,0.9993132837010208
0.25,7128.0,0.592212213274211,0.9992402381874981
0.25,7200.0,0.5880963060907848,0.9991605379471706
0.25,7272.0,0.5839807566746035,0.999073687856319
0.25,7344.0,0.5798655966299691,0.9989791656363641
0.25,7416.0,0.575750859827629,0.998876421094333
0.25,7488.0,0.5716365825227785,0.9987648753916857
0.25,7560.0,0.5675228034759409,0.9986439203452568
0.25,7632.0,0.5634095640765819,0.9985129177641049
0.25,7704.0,0.5592969084692893,0.9983711988260635
0.25,7776.0,0.555184883682344,0.998218063497807
0.25,7848.0,0.5510735397584839,0.9980527800022547
0.25,7920.0,0.546962929887652,0.9978745843370581
0.25,7992.0,0.542853110541501,0.9976826798479295
0.25,8064.0,0.5387441416094155,0.9974762368604574
0.25,8136.0,0.5346360865357946,0.9972543923740326
0.25,8208.0,0.5305290124583263,0.9970162498213525
0.25,8280.0,0.5264229903469657,0.9967608788969172
0.25,8352.0,0.5223180951433259,0.9964873154577341
0.25,8424.0,0.5182144059001642,0.9961945614993942
0.25,8496.0,0.5141120059206465,0.9958815852104245
0.25,8568.0,0.5100109828970527,0.9955473211077012
0.25,8640.0,0.5059114290485801,0.9951906702555078
0.25,8712.0,0.5018134412578907,0.994810500570589
0.25,8784.0,0.4977171212060377,0.9944056472153647
0.25,8856.0,0.4936225755054023,0.993974913081189
0.25,8928.0,0.4895299158302608,0.9935170693633373
0.25,9000.0,0.48543925904460095,0.993030856229101
0.25,9072.0,0.48135072732679657,0.9925149835801335
0.25,9144.0,0.4772644482907507,0.9919681319098749
0.25,9216.0,0.47318055510311346,0.9913889532566421
0.25,9288.0,0.46909918659617705,0.9907760722526077
0.25,9360.0,0.4650204873760557,0.9901280872686555
0.25,9432.0,0.46094460792575676,0.9894435716547406
0.25,9504.0,0.4568717047027496,0.9887210750751008
0.25,9576.0,0.45280194023065035,0.9879591249373368
0.25,9648.0,0.4487354831846356,0.9871562279140526
0.25,9720.0,0.44467250847021456,0.9863108715554723
0.25,9792.0,0.4406131972949929,0.9854215259910702
0.25,9864.0,0.4365577372330663,0.9844866457180017
0.25,9936.0,0.43250632228170227,0.9835046714737706
0.25,10008.0,0.42845915290997166,0.9824740321902873
0.25,10080.0,0.42441643609900825,0.9813931470261593
0.25,10152.0,0.42037838537358924,0.9802604274737858
0.25,10224.0,0.41634522082474146,0.9790742795375288
0.25,10296.0,0.4123171691231004,0.9778331059789663
0.25,10368.0,0.40829446352276033,0.9765353086249853
0.25,10440.0,0.40427734385537656,0.9751792907342142
0.25,10512.0,0.40026605651429814,0.9737634594170514
0.25,10584.0,0.39626085442853226,0.9722862281043587
0.25,10656.0,0.39226199702635856,0.9707460190596393
0.25,10728.0,0.38826975018843946,0.9691412659293646
0.25,10800.0,0.3842843861902881,0.9674704163259341
0.25,10872.0,0.380306183633988,0.9657319344375884
0.25,10944.0,0.37633542736907155,0.9639243036594564
0.25,11016.0,0.3723724084024996,0.9620460292398197
0.25,11088.0,0.3684174237977015,0.9600956409355574
0.25,11160.0,0.3644707765626637,0.958071695670651
0.25,11232.0,0.36053277552707996,0.9559727801915876
0.25,11304.0,0.3566037352086014,0.9537975137134451
0.25,11376.0,0.35268397566825066,0.9515445505504152
0.25,11448.0,0.3487738223550889,0.9492125827245338
0.25,11520.0,0.3448736059402538,0.9468003425463962
0.25,11592.0,0.3409836621405044,0.9443066051616766
0.25,11664.0,0.3371043315314458,0.94173019105732
0.25,11736.0,0.3332359593506168,0.9390699685213726
0.25,11808.0,0.32937889529066455,0.9363248560504808
0.25,11880.0,0.3255334932828376,0.9334938246992344
0.25,11952.0,0.32170011127106657,0.930575900365639
0.25,12024.0,0.3178791109769151,0.9275701660071668
0.25,12096.0,0.3140708576557108,0.9244757637819887
0.25,12168.0,0.31027571984418467,0.9212918971101829
0.25,12240.0,0.30649406909997085,0.9180178326499173
0.25,12312.0,0.30272627973333466,0.91465290218378
0.25,12384.0,0.29897272853152046,0.9111965044107329
0.25,12456.0,0.295233794476123,0.9076481066393064
0.25,12528.0,0.2915098584539087,0.9040072463779885
0.25,12600.0,0.287801302961524,0.90027353281897
0.25,12672.0,0.2841085118045458,0.8964466482117103
0.25,12744.0,0.2804318697913412,0.8925263491230531
0.25,12816.0,0.2767717624222156,0.8885124675809087
0.25,12888.0,0.2731285755743404,0.884404912098838
0.25,12960.0,0.26950269518296066,0.8802036685791499
0.25,13032.0,0.2658945069193913,0.8759088010924393
0.25,13104.0,0.2623043958663184,0.8715204525318135
0.25,13176.0,0.2587327461909273,0.8670388451403652
0.25,13248.0,0.25517994081638534,0.8624642809107356
0.25,13320.0,0.25164636109220867,0.8577971418559932
0.25,13392.0,0.24813238646404528,0.8530378901512967
0.25,13464.0,0.24463839414340732,0.8481870681461743
0.25,13536.0,0.24116475877788524,0.8432452982475431
0.25,13608.0,0.2377118521223751,0.8382132826739145
0.25,13680.0,0.23428004271184594,0.8330918030814984
0.25,13752.0,0.2308696955361693,0.8278817200633013
0.25,13824.0,0.22748117171753188,0.8225839725224922
0.25,13896.0,0.22411482819093964,0.8171995769217019
0.25,13968.0,0.22077101738831753,0.8117296264101426
0.25,14040.0,0.21745008692670004,0.8061752898307097
0.25,14112.0,0.21415237930099487,0.8005378106095151
0.25,14184.0,0.21087823158179606,0.7948185055305301
0.25,14256.0,0.2076279751187044,0.7890187633982619
0.25,14328.0,0.2044019352496059,0.7831400435916243
0.25,14400.0,0.2012004310163415,0.7771838745123879
0.25,14472.0,0.19802377488718784,0.7711518519317755
0.25,14544.0,0.19487227248655223,0.765045637238996
0.25,14616.0,0.19174622233227143,0.7588669555956855
0.25,14688.0,0.18864591558088248,0.7526175940003597
0.25,14760.0,0.1855716357812204,0.7462993992672039
0.25,14832.0,0.18252365863667616,0.7399142759235936
0.25,14904.0,0.17950225177643211,0.7334641840309302
0.25,14976.0,0.17650767453597022,0.7269511369334594
0.25,15048.0,0.17354017774713115,0.720377198939839
0.25,15120.0,0.17060000353798063,0.7137444829423422
0.25,15192.0,0.16768738514271977,0.7070551479786168
0.25,15264.0,0.16480254672185535,0.7003113967409901
0.25,15336.0,0.16194570319282592,0.6935154730383934
0.25,15408.0,0.15911706007125662,0.6866696592159649
0.25,15480.0,0.15631681332299752,0.6797762735374078
0.25,15552.0,0.1535451492270777,0.6728376675352621
0.25,15624.0,0.1508022442496848,0.6658562233341264
0.25,15696.0,0.14808826492926225,0.6588343509519383
0.25,15768.0,0.14540336777279295,0.6517744855843752
0.25,15840.0,0.14274769916331917,0.644679084877331
0.25,15912.0,0.14012139527872544,0.637550626192479
0.25,15984.0,0.13752458202179485,0.6303916038707492
0.25,16056.0,0.13495737496152685,0.62320452649857
0.25,16128.0,0.13241987928568538,0.615991914181575
0.25,16200.0,0.1299121897645278,0.6087562958304039
0.25,16272.0,0.12743439072564625,0.6015002064631246
0.25,16344.0,0.12498655603983434,0.5942261845286821
0.25,16416.0,0.122568749117876,0.5869367692556565
0.25,16488.0,0.12018102291813346,0.5796344980304923
0.25,16560.0,0.1178234199647979,0.5723219038092139
0.25,16632.0,0.11549597237664853,0.5650015125665157
0.25,16704.0,0.11319870190614935,0.5576758407859258
0.25,16776.0,0.11093161998870232,0.5503473929946722
0.25,16848.0,0.10869472780185607,0.5430186593465954
0.25,16920.0,0.10648801633426064,0.5356921132564217
0.25,16992.0,0.10431146646414301,0.5283702090884453
0.25,17064.0,0.10216504904706812,0.521055379902539
0.25,17136.0,0.10004872501273672,0.5137500352602451
0.25,17208.0,0.0979624454705633,0.5064565590934947
0.25,17280.0,0.09590615182376533,0.4991773076383538
0.25,17352.0,0.09387977589168743,0.49191460743600574
0.25,17424.0,0.09188324004007492,0.48467075340299387
0.25,17496.0,0.08991645731900341,0.4774480069725797
0.25,17568.0,0.08797933160816555,0.47024859430888877
0.25,17640.0,0.08607175776920789,0.46307470459534406
0.25,17712.0,0.08419362180480688,0.45592848839869254
0.25,17784.0,0.08234480102416848,0.4488120561097844
0.25,17856.0,0.08052516421462996,0.44172747646205435
0.25,17928.0,0.07873457181904175,0.4346767751285249
0.25,18000.0,0.0769728761186021,0.42766193339794895
0.25,18072.0,0.07523992142081773,0.42068488693055456
0.25,18144.0,0.07353554425226094,0.4137475245937111
0.25,18216.0,0.07185957355579274,0.40685168737765165
0.25,18288.0,0.07021183089192361,0.39999916739123825
0.25,18360.0,0.0685921306439803,0.39319170693763106
0.25,18432.0,0.06700028022675461,0.38643099766954303
0.25,18504.0,0.06543608029830436,0.37971867982364166
0.25,18576.0,0.06389932497458503,0.3730563415335275
0.25,18648.0,0.062389802046590795,0.36644551822055854
0.25,18720.0,0.060907293199687386,0.3598876920617201
0.25,18792.0,0.05945157423482393,0.35338429153354906
0.25,18864.0,0.05802241529131449,0.3469366910310761
0.25,18936.0,0.05661958107088515,0.34054621056058776
0.25,19008.0,0.05524283106268791,0.3342141155049404
0.25,19080.0,0.05389191976898788,0.32794161646003983
0.25,19152.0,0.052566596931237566,0.32172986914102353
0.25,19224.0,0.05126660775625623,0.3155799743565993
0.25,19296.0,0.049991693142241785,0.3094929780498823
0.25,19368.0,0.04874158990434604,0.30346987140404946
0.25,19440.0,0.04751603099955708,0.29751159101101693
0.25,19512.0,0.046314745750633185,0.2916190191013115
0.25,19584.0,0.04513746006884602,0.2857929838332353
0.25,19656.0,0.04398389667529639,0.28003425963937967
0.25,19728.0,0.042853775320575056,0.27434356762850104
0.25,19800.0,0.04174681300254763,0.268721576040717
0.25,19872.0,0.04066272418205326,0.263168900753972
0.25,19944.0,0.03960122099631537,0.2576861058396524
0.25,20016.0,0.03856201346986845,0.25227370416527245
0.25,20088.0,0.03754480972281866,0.24693215804204413
0.25,20160.0,0.036549316176259034,0.2416618799152225
0.25,20232.0,0.03557523775467561,0.236463233095035
0.25,20304.0,0.03462227808518224,0.23133653252605482
0.25,20376.0,0.03369013969343845,0.22628204559281995
0.25,20448.0,0.03277852419610715,0.22129999295957103
0.25,20520.0,0.03188713248972184,0.2163905494419353
0.25,20592.0,0.031015664935839998,0.2115538449084191
0.25,20664.0,0.03016382154236964,0.20678996520958107
0.25,20736.0,0.029331302140961735,0.20209895313278992
0.25,20808.0,0.028517806560373716,0.19748080938048315
0.25,20880.0,0.027723034795714568,0.1929354935698647
0.25,20952.0,0.02694668717349157,0.1884629252520213
0.25,21024.0,0.026188464512387714,0.1840629849484614
0.25,21096.0,0.02544806827970487,0.17973551520313505
0.25,21168.0,0.024725200743418066,0.17548032164798003
0.25,21240.0,0.024019565119791725,0.17129717408015704
0.25,21312.0,0.023330865716518573,0.16718580754910234
0.25,21384.0,0.0226588080713469,0.16314592345162493
0.25,21456.0,0.02200309908617091,0.1591771906332937
0.25,21528.0,0.02136344715656562,0.1552792464944197
0.25,21600.0,0.02073956229675286,0.15145169809897824
0.25,21672.0,0.020131156259994162,0.14769412328488085
0.25,21744.0,0.0195379426544112,0.1440060717740451
0.25,21816.0,0.018959637054239788,0.14038706628076483
0.25,21888.0,0.018395957106531056,0.1368366036169583
0.25,21960.0,0.017846622633318838,0.13335415579287682
0.25,22032.0,0.01731135572927649,0.1299391711119881
0.25,22104.0,0.016789880854892834,0.12659107525871033
0.25,22176.0,0.016281924925202383,0.12330927237782206
0.25,22248.0,0.01578721739410691,0.12009314614435738
0.25,22320.0,0.015305490334334782,0.116942060822889
0.25,22392.0,0.014836478513084037,0.11385536231514876
0.25,22464.0,0.014379919463402066,0.110832379194985
0.25,22536.0,0.013935553551358474,0.10787242372973295
0.25,22608.0,0.013503124039069734,0.10497479288708716
0.25,22680.0,0.013082377143639143,0.10213876932667389
0.25,22752.0,0.012673062092079043,0.09936362237552458
0.25,22824.0,0.01227493117228308,0.09664860898674518
0.25,22896.0,0.011887739780122291,0.09399297468069888
0.25,22968.0,0.011511246462737941,0.09139595446809068
0.25,23040.0,0.011145212958109009,0.08885677375438235
0.25,23112.0,0.010789404230973288,0.0863746492250172
0.25,23184.0,0.01044358850518272,0.08394878971099899
0.25,23256.0,0.010107537292575682,0.08157839703438015
0.25,23328.0,0.009781025418450762,0.07926266683331064
0.25,23400.0,0.009463831043727538,0.07700078936628854
0.25,23472.0,0.009155735683881167,0.07479195029536143
0.25,23544.0,0.0088565242247381,0.07263533144799154
0.25,23616.0,0.008565984935222598,0.07053011155743719
0.25,23688.0,0.008283909477142143,0.06847546698143034
0.25,23760.0,0.008010092912102456,0.0664705723990771
0.25,23832.0,0.007744333705641894,0.0645146014858696
0.25,23904.0,0.0074864337286749405,0.06260672756676443
0.25,23976.0,0.007236198256336793,0.06074612424731782
0.25,24048.0,0.006993435964317706,0.0589319660228945
0.25,24120.0,0.006757958922778087,0.057163428866000024
0.25,24192.0,0.006529582587934261,0.05543969079181607
0.25,24264.0,0.0063081257914031,0.053759932402055455
0.25,24336.0,0.006093410727395954,0.05212333740726649
0.25,24408.0,0.005885262937848658,0.05052909312776065
0.25,24480.0,0.005683511295575395,0.048976390973331264
0.25,24552.0,0.00548798798553294,0.047464426902015334
0.25,24624.0,0.005298528484280419,0.04599240185808569
0.25,24696.0,0.005114971537719137,0.044559522189568664
0.25,24768.0,0.004937159137196411,0.04316500004552779
0.25,24840.0,0.004764936494053931,0.04180805375344363
0.25,24912.0,0.004598152012703373,0.04048790817696073
0.25,24984.0,0.004436657262306852,0.03920379505436528
0.25,25056.0,0.004280306947141766,0.03795495331809633
0.25,25128.0,0.004128958875725842,0.036740629395673345
0.25,25200.0,0.0039824739287773895,0.035560077492390714
0.25,25272.0,0.003840716026085353,0.03441255985615612
0.25,25344.0,0.003703552092359202,0.03329734702486747
0.25,25416.0,0.0035708520221313673,0.03221371805670756
0.25,25488.0,0.0034424886437784104,0.031160960743778787
0.25,25560.0,0.0033183376827303833,0.030138371809466945
0.25,25632.0,0.0031982777239314883,0.029145257089967912
0.25,25704.0,0.003082190173616926,0.028180931700379826
0.25,25776.0,0.002969959220467401,0.027244720185795046
0.25,25848.0,0.0028614717962011497,0.02633595665782593
0.25,25920.0,0.00275661753566175,0.02545398491696673
0.25,25992.0,0.002655288736458586,0.024598158561252602
0.25,26064.0,0.002557380318214432,0.023767841081627945
0.25,26136.0,0.0024627897814726695,0.02296240594446388
0.25,26208.0,0.00237141716631672,0.022181236661644732
0.25,26280.0,0.0022831650107488013,0.021423726848669132
0.25,26352.0,0.0021979383088786717,0.020689280271174938
0.25,26424.0,0.002115644468965002,0.01997731088032779
0.25,26496.0,0.002036193271356319,0.01928724283747911
0.25,26568.0,0.001959496826372184,0.018618510528523303
0.25,26640.0,0.0018854695321661287,0.01797055856835783
0.25,26712.0,0.0018140280326095822,0.017342841795873906
0.25,26784.0,0.0017450911752334248,0.016734825259839426
0.25,26856.0,0.0016785799692636166,0.016145984196126763
0.25,26928.0,0.001614417543784784,0.015575803996636493
0.25,27000.0,0.0015525291060646056,0.01502378017030992
0.25,27072.0,0.0014928419000693615,0.014489418296631128
0.25,27144.0,0.0014352851652006842,0.013972233971966118
0.25,27216.0,0.00137979009528202,0.013471752749113362
0.25,27288.0,0.0013262897978187592,0.012987510070426821
0.25,27360.0,0.0012747192535611596,0.012519051194860962
0.25,27432.0,0.0012250152763899388,0.012065931119270344
0.25,27504.0,0.0011771164735484684,0.011627714494323982
0.25,27576.0,0.0011309632062431467,0.011203975535324416
0.25,27648.0,0.001086497550629588,0.010794297928281082
0.25,27720.0,0.0010436632592045645,0.010398274731543464
0.25,27792.0,0.0010024057226205656,0.010015508273276906
0.25,27864.0,0.000962671931937907,0.009645610045095053
0.25,27936.0,0.0009244104413301881,0.009288200592128959
0.25,28008.0,0.0008875713312558574,0.008942909399804933
0.25,28080.0,0.0008521061721086375,0.008609374777602596
0.25,28152.0,0.0008179679883583384,0.008287243740056738
0.25,28224.0,0.0007851112231921283,0.007976171885243133
0.25,28296.0,0.0007534917036654126,0.007675823271010527
0.25,28368.0,0.0007230666063717514,0.00738587028916342
0.25,28440.0,0.0006937944236372498,0.007105993537859945
0.25,28512.0,0.000665634930248322,0.0068358816924103385
0.25,28584.0,0.0006385491507163797,0.006575231374698375
0.25,28656.0,0.0006124993270862484,0.006323747021433234
0.25,28728.0,0.0005874488872904434,0.006081140751412306
0.25,28800.0,0.0005633624140539755,0.005847132231998131
0.25,28872.0,0.0005402056143518541,0.005621448544962959
0.25,28944.0,0.0005179452894206556,0.005403824051894901
0.25,29016.0,0.000496549305325824,0.005194000259318442
0.25,29088.0,0.00047598656408563087,0.004991725683683512
0.25,29160.0,0.00045622697535063544,0.004796755716365908
0.25,29232.0,0.0004372414286385243,0.004608852488843951
0.25,29304.0,0.0004190017661235276,0.004427784738149398
0.25,29376.0,0.00040148075597861934,0.004253327672750372
0.25,29448.0,0.0003846520662670721,0.00408526283897217
0.25,29520.0,0.00036849023938230073,0.003923377988074606
0.25,29592.0,0.0003529706670317668,0.003767466944086806
0.25,29664.0,0.000338069565761995,0.003617329472510988
0.25,29736.0,0.0003237639530203125,0.0034727711499897393
0.25,29808.0,0.00031003162374933365,0.0033336032350106846
0.25,29880.0,0.0002968511275091806,0.0031996425397558424
0.25,29952.0,0.0002842017461226584,0.003070711303161033
0.25,30024.0,0.0002720634718380948,0.0029466370652535545
0.25,30096.0,0.000260416986004708,0.002827252542849123
0.25,30168.0,0.0002492436382530784,0.0027123955066656433
0.25,30240.0,0.00023852542617685123,0.0026019086599070817
0.25,30312.0,0.00022824497550772986,0.002495639518377146
0.25,30384.0,0.00021838552077805767,0.002393440292167526
0.25,30456.0,0.0002089308864638466,0.0022951677689711397
0.25,30528.0,0.00019986546860216087,0.00220068319905522
0.25,30600.0,0.00019117421687468304,0.0021098521819290284
0.25,30672.0,0.00018284261715121035,0.0020225445547474405
0.25,30744.0,0.00017485667448610017,0.0019386342824724069
0.25,30816.0,0.00016720289655929767,0.001857999349814321
0.25,30888.0,0.00015986827755496455,0.0017805216549881206
0.25,30960.0,0.00015284028247088753,0.0017060869052855309
0.25,31032.0,0.00014610683184946546,0.0016345845144996928
0.25,31104.0,0.00013965628692494555,0.0015659075021851264
0.25,31176.0,0.00013347743517692538,0.0014999523947970771
0.25,31248.0,0.00012755947628331792,0.0014366191286939054
0.25,31320.0,0.0001218920084664017,0.0013758109550096264
0.25,31392.0,0.00011646501522147616,0.0013174343464122272
0.25,31464.0,0.00011126885242275714,0.0012613989057236096
0.25,31536.0,0.0001062942357980399,0.0012076172764260208
0.25,31608.0,0.00010153222876377976,0.001156005055030107
0.25,31680.0,9.697423061405479e-05,0.0011064807053017488
0.25,31752.0,9.261196505475845e-05,0.001058965474353357
0.25,31824.0,8.843746907632616e-05,0.001013383310561977
0.25,31896.0,8.444308215653971e-05,0.0009696607833333815
0.25,31968.0,8.062143578660676e-05,0.0009277270046759156
0.25,32040.0,7.696544331323213e-05,0.0008875135525805433
0.25,32112.0,7.346829008822514e-05,0.0008489543961900381
0.25,32184.0,7.012342391944397e-05,0.0008119858227260578
0.25,32256.0,6.69245458158118e-05,0.0007765463661883131
0.25,32328.0,6.386560101857067e-05,0.0007425767377654324
0.25,32400.0,6.0940770311987824e-05,0.0007100197579717359
0.25,32472.0,5.814446160719054e-05,0.0006788202904630225
0.25,32544.0,5.54713017913134e-05,0.0006489251775263937
0.25,32616.0,5.2916128835759064e-05,0.0006202831772142758
0.25,32688.0,5.0473984156822066e-05,0.0005928449020991877
0.25,32760.0,4.8140105221818695e-05,0.0005665627596258104
0.25,32832.0,4.590991839493284e-05,0.0005413908940269607
0.25,32904.0,4.377903201506788e-05,0.0005172851298063108
0.25,32976.0,4.1743229701406e-05,0.0004942029167196438
0.25,33048.0,3.979846387820206e-05,0.000472103276265301
0.25,33120.0,3.7940849515258844e-05,0.00045094674964119
0.25,33192.0,3.61666580758066e-05,0.0004306953471427732
0.25,33264.0,3.447231166720336e-05,0.00041131249896935167
0.25,33336.0,3.285437738912705e-05,0.0003927630074379351
0.25,33408.0,3.130956187238591e-05,0.00037501300053790484
0.25,33480.0,2.9834706003851273e-05,0.00035802988683002467
0.25,33552.0,2.8426779831635155e-05,0.0003417823116556917
0.25,33624.0,2.708287764557247e-05,0.0003262401146145066
0.25,33696.0,2.5800213227503027e-05,0.0003113742883066095
0.25,33768.0,2.4576115266822142e-05,0.0002971569382950178
0.25,33840.0,2.3408022935510018e-05,0.0002835612442687818
0.25,33912.0,2.2293481618589338e-05,0.00027056142237071864
0.25,33984.0,2.1230138795037578e-05,0.00025813268868333237
0.25,34056.0,2.0215740064855276e-05,0.0002462512238231795
0.25,34128.0,1.9248125316534957e-05,0.00023489413863089222
0.25,34200.0,1.832522503256791e-05,0.00022403944092630465
0.25,34272.0,1.7445056726896624e-05,0.0002136660033087878
0.25,34344.0,1.660572151104356e-05,0.00020375353196229183
0.25,34416.0,1.5805400784796225e-05,0.00019428253646225355
0.25,34488.0,1.5042353047042155e-05,0.00018523430053747346
0.25,34560.0,1.431491082341534e-05,0.00017659085378269877
0.25,34632.0,1.3621477706401272e-05,0.0001683349442693327
0.25,34704.0,1.2960525504898895e-05,0.00016045001206776988
0.25,34776.0,1.2330591499260722e-05,0.0001529201636230937
0.25,34848.0,1.1730275798293825e-05,0.0001457301469869776
0.25,34920.0,1.1158238794579863e-05,0.00013886532786031578
0.25,34992.0,1.0613198715823427e-05,0.0001323116664423196
0.25,35064.0,1.0093929268089061e-05,0.000126055695056948
0.25,35136.0,9.599257368032272e-06,0.00012008449652896046
0.25,35208.0,9.128060960979969e-06,0.0001143856833060397
0.25,35280.0,8.679266922710852e-06,0.00010894737727724646
0.25,35352.0,8.251849040939676e-06,0.00010375819030201683
0.25,35424.0,7.844826074177792e-06,9.880720539783282e-05
0.25,35496.0,7.457259886193764e-06,9.408395858798712e-05
0.25,35568.0,7.088253651473426e-06,8.957842138030968e-05
0.25,35640.0,6.7369501314846e-06,8.528098386335612e-05
0.25,35712.0,6.402530017215171e-06,8.118243839732031e-05
0.25,35784.0,6.084210337009643e-06,7.727396387409158e-05
0.25,35856.0,5.7812429268250295e-06,7.354711056066775e-05
0.25,35928.0,5.4929129605796526e-06,6.99937854577115e-05
0.25,36000.0,5.218537538569772e-06,6.660623820309297e-05
0.25,36072.0,4.957464332675202e-06,6.33770474820494e-05
0.25,36144.0,4.709070283877372e-06,6.029910792193505e-05
0.25,36216.0,4.472760353617479e-06,5.7365617478666306e-05
0.25,36288.0,4.247966323968115e-06,5.457006527436192e-05
0.25,36360.0,4.0341456464579465e-06,5.190621988759858e-05
0.25,36432.0,3.830780337258283e-06,4.9368118077097733e-05
0.25,36504.0,3.637375917435051e-06,4.695005392392204e-05
0.25,36576.0,3.4534603959030126e-06,4.464656837797065e-05
0.25,36648.0,3.2785832938574926e-06,4.245243919811514e-05
0.25,36720.0,3.1123147091725255e-06,4.0362671266080946e-05
0.25,36792.0,2.9542444192036525e-06,3.8372487275495355e-05
0.25,36864.0,2.8039810205554143e-06,3.6477318766969794e-05
0.25,36936.0,2.661151103984288e-06,3.467279750708485e-05
0.25,37008.0,2.5253984641891746e-06,3.295474719706703e-05
0.25,37080.0,2.3963833415565532e-06,3.1319175500499336e-05
0.25,37152.0,2.273781696235869e-06,2.9762266384381063e-05
0.25,37224.0,2.157284512002915e-06,2.8280372741562584e-05
0.25,37296.0,2.046597129858835e-06,2.6870009316581898e-05
0.25,37368.0,1.9414386089846098e-06,2.5527845902217902e-05
0.25,37440.0,1.8415411153703616e-06,2.4250700796812907e-05
0.25,37512.0,1.746649335455141e-06,2.3035534524495916e-05
0.25,37584.0,1.6565199153989596e-06,2.1879443808359154e-05
0.25,37656.0,1.5709209238911003e-06,2.077965577029772e-05
0.25,37728.0,1.4896313380323224e-06,1.9733522370302124e-05
0.25,37800.0,1.4124405505690572e-06,1.87385150695718e-05
0.25,37872.0,1.3391478994196398e-06,1.7792219696843856e-05
0.25,37944.0,1.269562216278473e-06,1.6892331534990034e-05
0.25,38016.0,1.203501395470264e-06,1.60366505937759e-05
0.25,38088.0,1.14079198108222e-06,1.5223077079440371e-05
0.25,38160.0,1.0812687722148759e-06,1.4449607053279577e-05
0.25,38232.0,1.0247744453031966e-06,1.371432825791885e-05
0.25,38304.0,9.711591927263692e-07,1.3015416119088739e-05
0.25,38376.0,9.202803776356033e-07,1.2351129912957503e-05
0.25,38448.0,8.720022036670344e-07,1.1719809087651354e-05
0.25,38520.0,8.261953989720497e-07,1.1119869738962506e-05
0.25,38592.0,7.827369146177228e-07,1.0549801234560617e-05
0.25,38664.0,7.41509636078973e-07,1.0008162972496848e-05
0.25,38736.0,7.024021075019667e-07,9.493581281105888e-06
0.25,38808.0,6.653082681534482e-07,9.004746445384624e-06
0.25,38880.0,6.301272007709243e-07,8.540409854163044e-06
0.25,38952.0,5.967628912107403e-07,8.099381285120442e-06
0.25,39024.0,5.651239983626518e-07,7.680526277198396e-06
0.25,39096.0,5.351236351844973e-07,7.28276363801683e-06
0.25,39168.0,5.066791586892542e-07,6.905063041529047e-06
0.25,39240.0,4.7971197014599e-07,6.546442742916269e-06
0.25,39312.0,4.541473240203958e-07,6.2059673759051744e-06
0.25,39384.0,4.299141452990257e-07,5.88274585524573e-06
0.25,39456.0,4.069448558911451e-07,5.575929363743625e-06
0.25,39528.0,3.851752077443867e-07,5.2847094316632586e-06
0.25,39600.0,3.645441246825059e-07,5.008316090737707e-06
0.25,39672.0,3.4499355090435223e-07,4.746016119838714e-06
0.25,39744.0,3.264683068716711e-07,4.497111351753346e-06
0.25,39816.0,3.0891595100634737e-07,4.260937073041759e-06
0.25,39888.0,2.922866484565806e-07,4.036860475764569e-06
0.25,39960.0,2.7653304588514724e-07,3.824279188080482e-06
0.25,40032.0,2.6161015167535646e-07,3.6226198659505825e-06
0.25,40104.0,2.4747522210528405e-07,3.4313368452387746e-06
0.25,40176.0,2.3408765238911508e-07,3.2499108598926792e-06
0.25,40248.0,2.2140887326080632e-07,3.0778478077309046e-06
0.25,40320.0,2.0940225189163148e-07,2.9146775801791587e-06
0.25,40392.0,1.9803299779919658e-07,2.759952938902188e-06
0.25,40464.0,1.8726807317967658e-07,2.613248439331528e-06
0.25,40536.0,1.7707610700562555e-07,2.474159414589394e-06
0.25,40608.0,1.674273138843275e-07,2.342300991386992e-06
0.25,40680.0,1.5829341600711526e-07,2.2173071592135325e-06
0.25,40752.0,1.4964756927248122e-07,2.098829877184016e-06
0.25,40824.0,1.4146429294483114e-07,1.9865382228090307e-06
0.25,40896.0,1.3371940199470542e-07,1.8801175805549517e-06
0.25,40968.0,1.2638994373823642e-07,1.7792688637996432e-06
0.25,41040.0,1.194541366254307e-07,1.6837077772891006e-06
0.25,41112.0,1.1289131197762836e-07,1.5931641115685124e-06
0.25,41184.0,1.0668185899303807e-07,1.5073810608612346e-06
0.25,41256.0,1.008071723279244e-07,1.4261145892646708e-06
0.25,41328.0,9.524960164959342e-08,1.3491328154202618e-06
0.25,41400.0,8.999240435125113e-08,1.276215420631388e-06
0.25,41472.0,8.501969995434381e-08,1.2071531017454617e-06
0.25,41544.0,8.031642706836184e-08,1.1417470275887352e-06
0.25,41616.0,7.586830230547858e-08,1.0798083401653002e-06
0.25,41688.0,7.166178105926501e-08,1.0211576643825993e-06
0.25,41760.0,6.768402059343789e-08,9.65624652593533e-07
0.25,41832.0,6.392284442679314e-08,9.13047541217793e-07
0.25,41904.0,6.03667088677418e-08,8.632727329427325e-07
0.25,41976.0,5.700467098749184e-08,8.161543945561788e-07
0.25,42048.0,5.3826358121038755e-08,7.715540817798682e-07
0.25,42120.0,5.082193889552432e-08,7.293403733399373e-07
0.25,42192.0,4.79820958931116e-08,6.893885249326104e-07
0.25,42264.0,4.529799943252074e-08,6.515801402429133e-07
0.25,42336.0,4.2761282718780643e-08,6.158028625691259e-07
0.25,42408.0,4.036401798734226e-08,5.819500671577771e-07
0.25,42480.0,3.809869438918249e-08,5.499205869341494e-07
0.25,42552.0,3.5958196515323675e-08,5.196184339695264e-07
0.25,42624.0,3.393578388045957e-08,4.909525458174357e-07
0.25,42696.0,3.202507200535599e-08,4.6383653824477727e-07
0.25,42768.0,3.0220013765827544e-08,4.3818847430543426e-07
0.25,42840.0,2.8514882517604112e-08,4.13930640519311e-07
0.25,42912.0,2.6904254813209508e-08,3.909893358411409e-07
0.25,42984.0,2.5382995374235294e-08,3.692946670241781e-07
0.25,43056.0,2.3946241832936968e-08,3.487803638790865e-07
0.25,43128.0,2.2589390717329806e-08,3.2938359026957184e-07
0.25,43200.0,2.1308083862346103e-08,3.1104477642429625e-07
0.25,43272.0,2.00981957627028e-08,2.9370745053824975e-07
0.25,43344.0,1.895582142288478e-08,2.77318083163891e-07
0.25,43416.0,1.78772649532977e-08,2.6182593515500225e-07
0.25,43488.0,1.6859028326426806e-08,2.471829219530264e-07
0.25,43560.0,1.5897801482655693e-08,2.333434771628617e-07
0.25,43632.0,1.4990452098871975e-08,2.2026441541811435e-07
0.25,43704.0,1.41340163161832e-08,2.079048265102301e-07
0.25,43776.0,1.332569021367964e-08,1.962259446486314e-07
0.25,43848.0,1.2562820784736765e-08,1.8519104685310592e-07
0.25,43920.0,1.1842898618685403e-08,1.7476534495131088e-07
0.25,43992.0,1.1163550049731758e-08,1.6491588965550362e-07
0.25,44064.0,1.0522529731778166e-08,1.5561147037601583e-07
0.25,44136.0,9.917714314971729e-09,1.4682253137721089e-07
0.25,44208.0,9.34709555351635e-09,1.3852108224909898e-07
0.25,44280.0,8.808774568399977e-09,1.3068061974763622e-07
0.25,44352.0,8.300955647951346e-09,1.2327605034556654e-07
0.25,44424.0,7.82194116768527e-09,1.1628361420434884e-07
0.25,44496.0,7.370125977194964e-09,1.0968082051476812e-07
0.25,44568.0,6.94399276407889e-09,1.0344637857429005e-07
0.25,44640.0,6.542107044526414e-09,9.756013454875755e-08
0.25,44712.0,6.1631132559069845e-09,9.200301605005733e-08
0.25,44784.0,5.805729782515448e-09,8.675697102944468e-08
0.25,44856.0,5.468745616848037e-09,8.180491732900918e-08
0.25,44928.0,5.151016344503833e-09,7.71306922331405e-08
0.25,45000.0,4.851460378890121e-09,7.271899988836593e-08
0.25,45072.0,4.569055923541188e-09,6.85553715129572e-08
0.25,45144.0,4.302837597139855e-09,6.462611921165262e-08
0.25,45216.0,4.05189305865769e-09,6.091829334309295e-08
0.25,45288.0,3.815360840195829e-09,5.741964557159918e-08
0.25,45360.0,3.5924268654825306e-09,5.411859191895019e-08
0.25,45432.0,3.3823222472213132e-09,5.10041765267033e-08
0.25,45504.0,3.184320942387979e-09,4.806603968177114e-08
0.25,45576.0,2.9977370878025414e-09,4.5294380868199365e-08
0.25,45648.0,2.821923010647841e-09,4.267993958251281e-08
0.25,45720.0,2.6562672746339824e-09,4.021395696440776e-08
0.25,45792.0,2.5001922995691507e-09,3.788815092775621e-08
0.25,45864.0,2.353153011588722e-09,3.569469839703742e-08
0.25,45936.0,2.214634658110029e-09,3.362619622748753e-08
0.25,46008.0,2.0841512803453996e-09,3.167565338912937e-08
0.25,46080.0,1.9612442212849063e-09,2.98364604134349e-08
0.25,46152.0,1.8454804734586526e-09,2.8102370208671342e-08
0.25,46224.0,1.7364514536065662e-09,2.6467481006875455e-08
0.25,46296.0,1.6337715459011814e-09,2.492621504757153e-08
0.25,46368.0,1.5370766809884963e-09,2.3473302945831163e-08
0.25,46440.0,1.4460234301455155e-09,2.210376663924762e-08
0.25,46512.0,1.3602877439482223e-09,2.0812901624367438e-08
0.25,46584.0,1.27956385106815e-09,1.9596263456378437e-08
0.25,46656.0,1.2035631925118738e-09,1.8449658512054157e-08
0.25,46728.0,1.132013693345329e-09,1.7369121962929058e-08
0.25,46800.0,1.064658554679287e-09,1.635090995932842e-08
0.25,46872.0,1.0012556498688114e-09,1.5391486130056365e-08
0.25,46944.0,9.415765119707172e-10,1.4487512345340293e-08
0.25,47016.0,8.854057476300332e-10,1.3635837348147106e-08
0.25,47088.0,8.325402376198929e-10,1.2833484674956707e-08
0.25,47160.0,7.82788302110774e-10,1.2077644129249164e-08
0.25,47232.0,7.359691853738892e-10,1.1365661833906415e-08
0.25,47304.0,6.919127185872921e-10,1.069503525741311e-08
0.25,47376.0,6.504581115648686e-10,1.0063399003001905e-08
0.25,47448.0,6.114540241704528e-10,9.468524808653455e-09
0.25,47520.0,5.74757677894408e-10,8.908304494070762e-09
0.25,47592.0,5.402345540720265e-10,8.380752092307375e-09
0.25,47664.0,5.077577720552761e-10,7.883993902169094e-09
0.25,47736.0,4.772077695719284e-10,7.416257830072936e-09
0.25,47808.0,4.4847176974960093e-10,6.9758762322180696e-09
0.25,47880.0,4.2144374568432304e-10,6.561275256444787e-09
0.25,47952.0,3.9602354992232576e-10,6.170965605178935e-09
0.25,48024.0,3.721168435933457e-10,5.803549640859273e-09
0.25,48096.0,3.4963481204040625e-10,5.4577014907408735e-09
0.25,48168.0,3.2849377414381237e-10,5.132177705036156e-09
0.25,48240.0,3.086148624314516e-10,4.825799493346494e-09
0.25,48312.0,2.899236325597413e-10,4.537459119546838e-09
0.25,48384.0,2.723502229330888e-10,4.2661099541874135e-09
0.25,48456.0,2.5582860866847206e-10,4.010765053408249e-09
0.25,48528.0,2.402968150109157e-10,3.770495027310972e-09
0.25,48600.0,2.2569631312333826e-10,3.5444251977878594e-09
0.25,48672.0,2.1197200239188997e-10,3.331724229838073e-09
0.25,48744.0,1.9907197954932907e-10,3.131616921336899e-09
0.25,48816.0,1.8694737880673424e-10,2.94336715001009e-09
0.25,48888.0,1.7555230079540306e-10,2.7662828472330144e-09
0.25,48960.0,1.6484342174920682e-10,2.599710313688774e-09
0.25,49032.0,1.5477995801573478e-10,2.443036350996408e-09
0.25,49104.0,1.453234883402197e-10,2.295679024655328e-09
0.25,49176.0,1.3643791854511967e-10,2.1570933483872065e-09
0.25,49248.0,1.2808919706036768e-10,2.0267648892513534e-09
0.25,49320.0,1.2024535068019583e-10,1.9042076360165085e-09
0.25,49392.0,1.1287625346830864e-10,1.7889661307890492e-09
0.25,49464.0,1.0595348479480484e-10,1.6806083635856338e-09
0.25,49536.0,9.945041801237854e-11,1.5787307461323506e-09
0.25,49608.0,9.334188311312901e-11,1.4829495853518893e-09
0.25,49680.0,8.760427311856526e-11,1.392904636077219e-09
0.25,49752.0,8.221534891386864e-11,1.3082583905088539e-09
0.25,49824.0,7.7154221300575e-11,1.2286903938729664e-09
0.25,49896.0,7.240113795242546e-11,1.153902218220537e-09
0.25,49968.0,6.793764317646668e-11,1.0836089359145262e-09
0.25,50040.0,6.374627597449738e-11,1.0175433828862879e-09
0.25,50112.0,5.981069453351553e-11,9.554561586355701e-10
0.25,50184.0,5.611546291742926e-11,8.971113629741012e-10
0.25,50256.0,5.26460332690353e-11,8.422844643973804e-10
0.25,50328.0,4.938883468911093e-11,7.9076727388383e-10
0.25,50400.0,4.633102463450308e-11,7.423629710956447e-10
0.25,50472.0,4.3460542090161905e-11,6.968861043787911e-10
0.25,50544.0,4.076605432437301e-11,6.541604591348004e-10
0.25,50616.0,3.823692134630824e-11,6.140233210771839e-10
0.25,50688.0,3.586316039420125e-11,5.7631908134681e-10
0.25,50760.0,3.363526834942919e-11,5.409027892255835e-10
0.25,50832.0,3.1544434776833646e-11,5.076373099655029e-10
0.25,50904.0,2.9582257856922906e-11,4.763933247886598e-10
0.25,50976.0,2.774097516679264e-11,4.4705004142997493e-10
0.25,51048.0,2.601321512798056e-11,4.194923519662552e-10
0.25,51120.0,2.4392050147875107e-11,3.9361296444440085e-10
0.25,51192.0,2.287101465508009e-11,3.693124028814054e-10
0.25,51264.0,2.144401585282364e-11,3.4649545455067705e-10
0.25,51336.0,2.010522757778131e-11,3.250704594393028e-10
0.25,51408.0,1.8849285393079018e-11,3.0495499458993435e-10
0.25,51480.0,1.7671162450032628e-11,2.8607161084437394e-10
0.25,51552.0,1.6566027207335543e-11,2.6834356958715944e-10
0.25,51624.0,1.552943894132641e-11,2.5170123763018634e-10
0.25,51696.0,1.4557258901350347e-11,2.3607995558450054e-10
0.25,51768.0,1.3645454921990935e-11,2.214179062320909e-10
0.25,51840.0,1.2790385586570916e-11,2.0765469344041775e-10
0.25,51912.0,1.1988462799743154e-11,1.9473915813250638e-10
0.25,51984.0,1.1236542524745417e-11,1.8261658851770332e-10
0.25,52056.0,1.0531409693510603e-11,1.7124222040365564e-10
0.25,52128.0,9.870257761763506e-12,1.6056844742706741e-10
0.25,52200.0,9.250386758983038e-12,1.5055121593832155e-10
0.25,52272.0,8.669256613560492e-12,1.411528671724227e-10
0.25,52344.0,8.124433797016344e-12,1.3233503182163986e-10
0.25,52416.0,7.613662424211243e-12,1.2406218274918502e-10
0.25,52488.0,7.1348819824613625e-12,1.1630092444647742e-10
0.25,52560.0,6.686103059293849e-12,1.0902070357587945e-10
0.25,52632.0,6.2654427815369265e-12,1.0219096679975336e-10
0.25,52704.0,5.87117812899378e-12,9.57847134941403e-11
0.25,52776.0,5.5016749261063875e-12,8.977565357781713e-11
0.25,52848.0,5.155405559586501e-12,8.414104968323954e-11
0.25,52920.0,4.830877962423248e-12,7.88560328146559e-11
0.25,52992.0,4.526759905268249e-12,7.389928668999346e-11
0.25,53064.0,4.241825763152187e-12,6.925091611265088e-11
0.25,53136.0,3.974849884308933e-12,6.489244697149842e-11
0.25,53208.0,3.724713209867067e-12,6.080469461267057e-11
0.25,53280.0,3.4903854758284394e-12,5.697273763871635e-11
0.25,53352.0,3.2708187120482597e-12,5.338023356671328e-11
0.25,53424.0,3.065142518987693e-12,5.0011550456474645e-11
0.25,53496.0,2.8724509661429928e-12,4.6853187996021006e-11
0.25,53568.0,2.6919447541863036e-12,4.389306695884442e-11
0.25,53640.0,2.5228955959540556e-12,4.111910811843699e-11
0.25,53712.0,2.3645219250618495e-12,3.851781116281927e-11
0.25,53784.0,2.2162375514089152e-12,3.607993903642636e-11
0.25,53856.0,2.077349749421526e-12,3.379412305548613e-11
0.25,53928.0,1.947290081082958e-12,3.165254724990518e-11
0.25,54000.0,1.825507914054166e-12,2.96452640213829e-11
0.25,54072.0,1.7114348332871264e-12,2.7765167942561674e-11
0.25,54144.0,1.604644516968501e-12,2.6001600872405107e-11
0.25,54216.0,1.504710673909887e-12,2.4349589011762874e-11
0.25,54288.0,1.4111359586493049e-12,2.2803448018748893e-11
0.25,54360.0,1.323511797629342e-12,2.135394083779829e-11
0.25,54432.0,1.2414651520856073e-12,1.999538312702498e-11
0.25,54504.0,1.1646763428649973e-12,1.8723511630014396e-11
0.25,54576.0,1.0927545293535575e-12,1.753051037667319e-11
0.25,54648.0,1.0254865908398467e-12,1.6414247738794074e-11
0.25,54720.0,9.62517286580921e-13,1.5368328831755204e-11
0.25,54792.0,9.035801285978175e-13,1.4389200941877788e-11
0.25,54864.0,8.48390949561753e-13,1.3471890270011498e-11
0.25,54936.0,7.967365598551803e-13,1.2612133559741777e-11
0.25,55008.0,7.484216099912869e-13,1.1807088640125583e-11
0.25,55080.0,7.032151467841314e-13,1.1052492254748358e-11
0.25,55152.0,6.60957347883689e-13,1.0346923318138578e-11
0.25,55224.0,6.213994735669226e-13,9.686829116617444e-12
0.25,55296.0,5.843816861713393e-13,9.067946393770397e-12
0.25,55368.0,5.497619001184889e-13,8.488854064125916e-12
0.25,55440.0,5.173979800644005e-13,7.94528887126944e-12
0.25,55512.0,4.870768052976333e-13,7.437961357936728e-12
0.25,55584.0,4.58727306232143e-13,6.9618977249774605e-12
0.25,55656.0,4.322251378891719e-13,6.5170979723916384e-12
0.25,55728.0,4.074815130516856e-13,6.1007199292362195e-12
0.25,55800.0,3.843897967156824e-13,5.711342510039685e-12
0.25,55872.0,3.6273689496654024e-13,5.346123543858994e-12
0.25,55944.0,3.4248725387065204e-13,5.004352487958385e-12
0.25,56016.0,3.2356982681067585e-13,4.68460825686634e-12
0.25,56088.0,3.0586027263597075e-13,4.385469765111339e-12
0.25,56160.0,2.893408316062595e-13,4.106226469957619e-12
0.25,56232.0,2.7386939900250745e-13,3.844036200462141e-12
0.25,56304.0,2.5941045151604335e-13,3.5996094993606677e-12
0.25,56376.0,2.458929387014083e-13,3.370814738445915e-12
0.25,56448.0,2.3328131428122913e-13,3.1555202895106047e-12
0.25,56520.0,2.2146902747007804e-13,2.9551472380262565e-12
0.25,56592.0,2.1043830321520996e-13,2.76685341304983e-12
0.25,56664.0,2.0015362586418794e-13,2.592059900052845e-12
0.25,56736.0,1.9052616991880788e-13,2.4279245280922623e-12
0.25,56808.0,1.8153817181067576e-13,2.2737367544323206e-12
0.25,56880.0,1.731363446627267e-13,2.13020712180878e-12
0.25,56952.0,1.6530294021903465e-13,1.9959145447501213e-12
0.25,57024.0,1.5800242751469466e-13,1.870859023256344e-12
0.25,57096.0,1.5118149670393961e-13,1.7529089291201669e-12
0.25,57168.0,1.4478688387840658e-13,1.6427748050773513e-12
0.25,57240.0,1.388363219815535e-13,1.5390355656563768e-12
0.25,57312.0,1.3325879119285743e-13,1.4438228390645235e-12
0.25,57384.0,1.2805429916855247e-13,1.3535839116229909e-12
0.25,57456.0,1.2324057119586244e-13,1.270450411539059e-12
0.25,57528.0,1.1867552169633741e-13,1.1922907106054482e-12
0.25,57600.0,1.1448349182061837e-13,1.1191048088221576e-12
0.25,57672.0,1.1055790781457535e-13,1.050182163453428e-12
0.25,57744.0,1.0689877733444238e-13,9.86943859970779e-13
0.25,57816.0,1.0345279053445236e-13,9.272582701669305e-13
0.25,57888.0,1.0027322663543628e-13,8.711253940418828e-13
0.25,57960.0,9.728909644180734e-14,8.199663170671556e-13
0.25,58032.0,9.450030807875724e-14,7.695177828281884e-13
0.25,58104.0,9.192471698948829e-14,7.247535904753022e-13
0.25,58176.0,8.954449835573428e-14,6.821210263296962e-13
0.25,58248.0,8.730639209724928e-14,6.430411758628906e-13
0.25,58320.0,8.521037141721427e-14,6.060929536033653e-13
0.25,58392.0,8.325648608115033e-14,5.719869022868805e-13
0.25,58464.0,8.144465569860024e-14,5.39301936441916e-13
0.25,58536.0,7.972165847048825e-14,5.094591415399919e-13
0.25,58608.0,7.817630075443325e-14,4.817479748453479e-13
0.25,58680.0,7.671975322411426e-14,4.561684363579843e-13
0.25,58752.0,7.533426379548827e-14,4.312994406063808e-13
0.25,58824.0,7.401981715608729e-14,4.085620730620576e-13
0.25,58896.0,7.281194044269927e-14,3.865352482534945e-13
0.25,58968.0,7.169286625881319e-14,3.666400516522117e-13
0.25,59040.0,7.068040411022724e-14,3.488764832582092e-13
0.25,59112.0,6.972120969812125e-14,3.3111291486420665e-13
0.25,59184.0,6.883305807524022e-14,3.1405988920596425e-13
0.25,59256.0,6.799822012624326e-14,2.9984903449076225e-13
0.25,59328.0,6.725218470674826e-14,2.8634872251132035e-13
0.25,59400.0,6.652391285564726e-14,2.735589532676385e-13
0.25,59472.0,6.58666991062393e-14,2.6147972675971685e-13
0.25,59544.0,6.522722595652326e-14,2.494005002517952e-13
0.25,59616.0,6.467658213312826e-14,2.387423592153936e-13
0.25,59688.0,6.416145779028726e-14,2.287947609147523e-13
0.25,59760.0,6.366410467207427e-14,2.1955770534987095e-13
0.25,59832.0,6.322003077469226e-14,2.1103119252074975e-13
0.25,59904.0,6.281147635786422e-14,2.0250467969162855e-13
0.25,59976.0,6.243847204652628e-14,1.9610979506978764e-13
0.25,60048.0,6.208321599111427e-14,1.8900436771218663e-13
0.25,60120.0,6.176348324437327e-14,1.8260948309034574e-13
0.25,60192.0,6.146151789414327e-14,1.7621459846850483e-13
0.25,60264.0,6.115955254391328e-14,1.7053025658242404e-13
0.25,60336.0,6.08931143304713e-14,1.6555645743210332e-13
0.25,60408.0,6.06621994257003e-14,1.6129320101754274e-13
0.25,60480.0,6.044905191744032e-14,1.5702994460298213e-13
0.25,60552.0,6.025366032134031e-14,1.5276668818842154e-13
0.25,60624.0,6.005826872524032e-14,1.4850343177386093e-13
0.25,60696.0,5.98806368694173e-14,1.4495071809506043e-13
0.25,60768.0,5.972076858198829e-14,1.4139800441625993e-13
0.25,60840.0,5.956091177891032e-14,1.3926637620897962e-13
0.25,60912.0,5.943657445638633e-14,1.364242052659392e-13
0.25,60984.0,5.931223330574532e-14,1.3287149158713873e-13
0.25,61056.0,5.922342312000933e-14,1.3145040611561853e-13
0.25,61128.0,5.913461293427335e-14,1.2931877790833823e-13
0.25,61200.0,5.902803535202634e-14,1.2718714970105792e-13
0.25,61272.0,5.893921751005633e-14,1.2434497875801753e-13
0.25,61344.0,5.886817089271434e-14,1.2292389328649734e-13
0.25,61416.0,5.881488401564935e-14,1.2221335055073723e-13
0.25,61488.0,5.876160096670136e-14,1.2150280781497712e-13
0.25,61560.0,5.869054669312535e-14,1.193711796076968e-13
0.25,61632.0,5.865501955633736e-14,1.1795009413617662e-13
0.25,61704.0,5.861950007578338e-14,1.1795009413617662e-13
0.25,61776.0,5.858396911087835e-14,1.158184659288963e-13
0.25,61848.0,5.856620937060137e-14,1.158184659288963e-13
0.25,61920.0,5.854844580220737e-14,1.151079231931362e-13
0.25,61992.0,5.853068223381337e-14,1.1439738045737614e-13
0.25,62064.0,5.851292249353637e-14,1.1439738045737614e-13
0.25,62136.0,5.849516275325939e-14,1.1439738045737614e-13
0.25,62208.0,5.847739918486538e-14,1.1368683772161603e-13
0.25,62280.0,5.845963561647137e-14,1.1297629498585593e-13
0.25,62352.0,5.845963561647137e-14,1.1297629498585593e-13
0.25,62424.0,5.845963561647137e-14,1.1297629498585593e-13
0.25,62496.0,5.845963561647137e-14,1.1297629498585593e-13
0.25,62568.0,5.845963561647137e-14,1.1297629498585593e-13
0.25,62640.0,5.845963561647137e-14,1.1297629498585593e-13
0.25,62712.0,5.845963561647137e-14,1.1297629498585593e-13
0.25,62784.0,5.845963561647137e-14,1.1297629498585593e-13
0.25,62856.0,5.845963561647137e-14,1.1297629498585593e-13
0.25,62928.0,5.845963561647137e-14,1.1297629498585593e-13
0.25,63000.0,5.845963561647137e-14,1.1297629498585593e-13
0.25,63072.0,5.845963561647137e-14,1.1297629498585593e-13
0.25,63144.0,5.845963561647137e-14,1.1297629498585593e-13
0.25,63216.0,5.845963561647137e-14,1.1297629498585593e-13
0.25,63288.0,5.845963561647137e-14,1.1297629498585593e-13
0.25,63360.0,5.845963561647137e-14,1.1297629498585593e-13
0.25,63432.0,5.845963561647137e-14,1.1297629498585593e-13
0.25,63504.0,5.845963561647137e-14,1.1297629498585593e-13
0.25,63576.0,5.845963561647137e-14,1.1297629498585593e-13
0.25,63648.0,5.845963561647137e-14,1.1297629498585593e-13
0.25,63720.0,5.845963561647137e-14,1.1297629498585593e-13
0.25,63792.0,5.845963561647137e-14,1.1297629498585593e-13
0.25,63864.0,5.845963561647137e-14,1.1297629498585593e-13
0.25,63936.0,5.845963561647137e-14,1.1297629498585593e-13
0.25,64008.0,5.845963561647137e-14,1.1297629498585593e-13
0.25,64080.0,5.845963561647137e-14,1.1297629498585593e-13
0.25,64152.0,5.845963561647137e-14,1.1297629498585593e-13
0.25,64224.0,5.845963561647137e-14,1.1297629498585593e-13
0.25,64296.0,5.845963561647137e-14,1.1297629498585593e-13
0.25,64368.0,5.845963561647137e-14,1.1297629498585593e-13
0.25,64440.0,5.845963561647137e-14,1.1297629498585593e-13
0.25,64512.0,5.845963561647137e-14,1.1297629498585593e-13
0.25,64584.0,5.845963561647137e-14,1.1297629498585593e-13
0.25,64656.0,5.845963561647137e-14,1.1297629498585593e-13
0.25,64728.0,5.845963561647137e-14,1.1297629498585593e-13
0.25,64800.0,5.845963561647137e-14,1.1297629498585593e-13
0.25,64872.0,5.845963561647137e-14,1.1297629498585593e-13
0.25,64944.0,5.845963561647137e-14,1.1297629498585593e-13
0.25,65016.0,5.845963561647137e-14,1.1297629498585593e-13
0.25,65088.0,5.845963561647137e-14,1.1297629498585593e-13
0.25,65160.0,5.845963561647137e-14,1.1297629498585593e-13
0.25,65232.0,5.845963561647137e-14,1.1297629498585593e-13
0.25,65304.0,5.845963561647137e-14,1.1297629498585593e-13
0.25,65376.0,5.845963561647137e-14,1.1297629498585593e-13
0.25,65448.0,5.845963561647137e-14,1.1297629498585593e-13
0.25,65520.0,5.845963561647137e-14,1.1297629498585593e-13
0.25,65592.0,5.845963561647137e-14,1.1297629498585593e-13
0.25,65664.0,5.845963561647137e-14,1.1297629498585593e-13
0.25,65736.0,5.845963561647137e-14,1.1297629498585593e-13
0.25,65808.0,5.845963561647137e-14,1.1297629498585593e-13
0.25,65880.0,5.845963561647137e-14,1.1297629498585593e-13
0.25,65952.0,5.845963561647137e-14,1.1297629498585593e-13
0.25,66024.0,5.845963561647137e-14,1.1297629498585593e-13
0.25,66096.0,5.845963561647137e-14,1.1297629498585593e-13
0.25,66168.0,5.845963561647137e-14,1.1297629498585593e-13
0.25,66240.0,5.845963561647137e-14,1.1297629498585593e-13
0.25,66312.0,5.845963561647137e-14,1.1297629498585593e-13
0.25,66384.0,5.845963561647137e-14,1.1297629498585593e-13
0.25,66456.0,5.845963561647137e-14,1.1297629498585593e-13
0.25,66528.0,5.845963561647137e-14,1.1297629498585593e-13
0.25,66600.0,5.845963561647137e-14,1.1297629498585593e-13
0.25,66672.0,5.845963561647137e-14,1.1297629498585593e-13
0.25,66744.0,5.845963561647137e-14,1.1297629498585593e-13
0.25,66816.0,5.845963561647137e-14,1.1297629498585593e-13
0.25,66888.0,5.845963561647137e-14,1.1297629498585593e-13
0.25,66960.0,5.845963561647137e-14,1.1297629498585593e-13
0.25,67032.0,5.845963561647137e-14,1.1297629498585593e-13
0.25,67104.0,5.845963561647137e-14,1.1297629498585593e-13
0.25,67176.0,5.845963561647137e-14,1.1297629498585593e-13
0.25,67248.0,5.845963561647137e-14,1.1297629498585593e-13
0.25,67320.0,5.845963561647137e-14,1.1297629498585593e-13
0.25,67392.0,5.845963561647137e-14,1.1297629498585593e-13
0.25,67464.0,5.845963561647137e-14,1.1297629498585593e-13
0.25,67536.0,5.845963561647137e-14,1.1297629498585593e-13
0.25,67608.0,5.845963561647137e-14,1.1297629498585593e-13
0.25,67680.0,5.845963561647137e-14,1.1297629498585593e-13
0.25,67752.0,5.845963561647137e-14,1.1297629498585593e-13
0.25,67824.0,5.845963561647137e-14,1.1297629498585593e-13
0.25,67896.0,5.845963561647137e-14,1.1297629498585593e-13
0.25,67968.0,5.845963561647137e-14,1.1297629498585593e-13
0.25,68040.0,5.845963561647137e-14,1.1297629498585593e-13
0.25,68112.0,5.845963561647137e-14,1.1297629498585593e-13
0.25,68184.0,5.845963561647137e-14,1.1297629498585593e-13
0.25,68256.0,5.845963561647137e-14,1.1297629498585593e-13
0.25,68328.0,5.845963561647137e-14,1.1297629498585593e-13
0.25,68400.0,5.845963561647137e-14,1.1297629498585593e-13
0.25,68472.0,5.845963561647137e-14,1.1297629498585593e-13
0.25,68544.0,5.845963561647137e-14,1.1297629498585593e-13
0.25,68616.0,5.845963561647137e-14,1.1297629498585593e-13
0.25,68688.0,5.845963561647137e-14,1.1297629498585593e-13
0.25,68760.0,5.845963561647137e-14,1.1297629498585593e-13
0.25,68832.0,5.845963561647137e-14,1.1297629498585593e-13
0.25,68904.0,5.845963561647137e-14,1.1297629498585593e-13
0.25,68976.0,5.845963561647137e-14,1.1297629498585593e-13
0.25,69048.0,5.845963561647137e-14,1.1297629498585593e-13
0.25,69120.0,5.845963561647137e-14,1.1297629498585593e-13
0.25,69192.0,5.845963561647137e-14,1.1297629498585593e-13
0.25,69264.0,5.845963561647137e-14,1.1297629498585593e-13
0.25,69336.0,5.845963561647137e-14,1.1297629498585593e-13
0.25,69408.0,5.845963561647137e-14,1.1297629498585593e-13
0.25,69480.0,5.845963561647137e-14,1.1297629498585593e-13
0.25,69552.0,5.845963561647137e-14,1.1297629498585593e-13
0.25,69624.0,5.845963561647137e-14,1.1297629498585593e-13
0.25,69696.0,5.845963561647137e-14,1.1297629498585593e-13
0.25,69768.0,5.845963561647137e-14,1.1297629498585593e-13
0.25,69840.0,5.845963561647137e-14,1.1297629498585593e-13
0.25,69912.0,5.845963561647137e-14,1.1297629498585593e-13
0.25,69984.0,5.845963561647137e-14,1.1297629498585593e-13
0.25,70056.0,5.845963561647137e-14,1.1297629498585593e-13
0.25,70128.0,5.845963561647137e-14,1.1297629498585593e-13
0.25,70200.0,5.845963561647137e-14,1.1297629498585593e-13
0.25,70272.0,5.845963561647137e-14,1.1297629498585593e-13
0.25,70344.0,5.845963561647137e-14,1.1297629498585593e-13
0.25,70416.0,5.845963561647137e-14,1.1297629498585593e-13
0.25,70488.0,5.845963561647137e-14,1.1297629498585593e-13
0.25,70560.0,5.845963561647137e-14,1.1297629498585593e-13
0.25,70632.0,5.845963561647137e-14,1.1297629498585593e-13
0.25,70704.0,5.845963561647137e-14,1.1297629498585593e-13
0.25,70776.0,5.845963561647137e-14,1.1297629498585593e-13
0.25,70848.0,5.845963561647137e-14,1.1297629498585593e-13
0.25,70920.0,5.845963561647137e-14,1.1297629498585593e-13
0.25,70992.0,5.845963561647137e-14,1.1297629498585593e-13
0.25,71064.0,5.845963561647137e-14,1.1297629498585593e-13
0.25,71136.0,5.845963561647137e-14,1.1297629498585593e-13
0.25,71208.0,5.845963561647137e-14,1.1297629498585593e-13
0.25,71280.0,5.845963561647137e-14,1.1297629498585593e-13
0.25,71352.0,5.845963561647137e-14,1.1297629498585593e-13
0.25,71424.0,5.845963561647137e-14,1.1297629498585593e-13
0.25,71496.0,5.845963561647137e-14,1.1297629498585593e-13
0.25,71568.0,5.845963561647137e-14,1.1297629498585593e-13
0.25,71640.0,5.845963561647137e-14,1.1297629498585593e-13
0.25,71712.0,5.845963561647137e-14,1.1297629498585593e-13
0.25,71784.0,5.845963561647137e-14,1.1297629498585593e-13
0.25,71856.0,5.845963561647137e-14,1.1297629498585593e-13
0.25,71928.0,5.845963561647137e-14,1.1297629498585593e-13
0.25,72000.0,5.845963561647137e-14,1.1297629498585593e-13
0.5,0.0,1.0,1.0
0.5,72.0,0.9958806347657776,0.9999999999999991
0.5,144.0,0.9917612695315556,0.9999999999999986
0.5,216.0,0.9876419042973337,0.9999999999999986
0.5,288.0,0.9835225390631117,0.9999999999999979
0.5,360.0,0.9794031738288898,0.9999999999999936
0.5,432.0,0.9752838085946678,0.9999999999999836
0.5,504.0,0.9711644433604457,0.9999999999999608
0.5,576.0,0.9670450781262242,0.9999999999999117
0.5,648.0,0.9629257128920031,0.9999999999998124
0.5,720.0,0.9588063476577826,0.9999999999996184
0.5,792.0,0.9546869824235638,0.9999999999992567
0.5,864.0,0.9505676171893472,0.999999999998608
0.5,936.0,0.9464482519551355,0.9999999999974784
0.5,1008.0,0.942328886720932,0.9999999999955604
0.5,1080.0,0.9382095214867412,0.9999999999923843
0.5,1152.0,0.9340901562525716,0.999999999987235
0.5,1224.0,0.929970791018436,0.9999999999790539
0.5,1296.0,0.9258514257843528,0.9999999999662911
0.5,1368.0,0.9217320605503502,0.9999999999467079
0.5,1440.0,0.9176126953164695,0.9999999999171221
0.5,1512.0,0.9134933300827706,0.9999999998730579
0.5,1584.0,0.9093739648493381,0.9999999998083005
0.5,1656.0,0.9052545996162927,0.9999999997143064
0.5,1728.0,0.9011352343838032,0.9999999995794567
0.5,1800.0,0.8970158691521019,0.9999999993880961
0.5,1872.0,0.8928965039215074,0.9999999991193226
0.5,1944.0,0.8887771386924532,0.99999999874547
0.5,2016.0,0.8846577734655218,0.9999999982302086
0.5,2088.0,0.8805384082414901,0.9999999975262048
0.5,2160.0,0.8764190430213882,0.9999999965722325
0.5,2232.0,0.8722996778065698,0.9999999952896522
0.5,2304.0,0.8681803125988019,0.9999999935781204
0.5,2376.0,0.8640609474003753,0.9999999913104174
0.5,2448.0,0.8599415822142417,0.9999999883262275
0.5,2520.0,0.8558222170441802,0.9999999844246957
0.5,2592.0,0.8517028518950001,0.9999999793555843
0.5,2664.0,0.8475834867727885,0.9999999728088085
0.5,2736.0,0.8434641216852075,0.9999999644020837
0.5,2808.0,0.83934475664185,0.9999999536664724
0.5,2880.0,0.8352253916546687,0.9999999400294677
0.5,2952.0,0.8311060267384807,0.9999999227953608
0.5,3024.0,0.8269866619115716,0.9999999011224701
0.5,3096.0,0.8228672971964022,0.9999998739968965
0.5,3168.0,0.818747932620445,0.9999998402023577
0.5,3240.0,0.8146285682171581,0.9999997982856554
0.5,3312.0,0.810509204027124,0.999999746517291
0.5,3384.0,0.8063898400993724,0.9999996828466926
0.5,3456.0,0.8022704764929114,0.9999996048515115
0.5,3528.0,0.7981511132784949,0.9999995096803829
0.5,3600.0,0.7940317505406557,0.9999993939885058
0.5,3672.0,0.7899123883800344,0.9999992538654211
0.5,3744.0,0.785793026916044,0.9999990847542348
0.5,3816.0,0.7816736662899021,0.9999988813615935
0.5,3888.0,0.7775543066680778,0.9999986375576355
0.5,3960.0,0.7734349482461936,0.9999983462651321
0.5,4032.0,0.7693155912534331,0.999997999336999
0.5,4104.0,0.7651962359575036,0.9999975874213453
0.5,4176.0,0.7610768826702102,0.9999970998131976
0.5,4248.0,0.756957531753699,0.9999965242920325
0.5,4320.0,0.7528381836274304,0.9999958469442233
0.5,4392.0,0.7487188387759531,0.9999950519695281
0.5,4464.0,0.7445994977575402,0.9999941214707064
0.5,4536.0,0.7404801612137684,0.9999930352253983
0.5,4608.0,0.7363608298801122,0.99999177043939
0.5,4680.0,0.7322415045976346,0.9999903014803818
0.5,4752.0,0.7281221863258592,0.999988599591468
0.5,4824.0,0.7240028761569081,0.9999866325834909
0.5,4896.0,0.7198835753309983,0.9999843645055214
0.5,4968.0,0.7157642852533892,0.9999817552927446
0.5,5040.0,0.7116450075128737,0.9999787603910981
0.5,5112.0,0.707525743901917,0.9999753303580445
0.5,5184.0,0.7034064964385387,0.9999714104389582
0.5,5256.0,0.6992872673900427,0.9999669401186828
0.5,5328.0,0.6951680592986967,0.999961852647884
0.5,5400.0,0.6910488750094713,0.9999560745439197
0.5,5472.0,0.6869297176999373,0.9999495250660914
0.5,5544.0,0.6828105909124316,0.9999421156651862
0.5,5616.0,0.6786914985885976,0.9999337494073991
0.5,5688.0,0.6745724451064008,0.9999243203727998
0.5,5760.0,0.6704534353197287,0.9999137130286966
0.5,5832.0,0.6663344746006707,0.9999018015783185
0.5,5904.0,0.6622155688845842,0.9998884492854571
0.5,5976.0,0.658096724718033,0.9998735077757978
0.5,6048.0,0.6539779493097015,0.9998568163158659
0.5,6120.0,0.6498592505843639,0.999838201070645
0.5,6192.0,0.6457406372399954,0.9998174743411162
0.5,6264.0,0.6416221188081006,0.9997944337830972
0.5,6336.0,0.6375037057173311,0.9997688616089541
0.5,6408.0,0.6333854093604536,0.9997405237739285
0.5,6480.0,0.6292672421647285,0.9997091691489579
0.5,6552.0,0.6251492176657382,0.999674528682069
0.5,6624.0,0.6210313505847128,0.9996363145505768
0.5,6696.0,0.6169136569093726,0.9995942193064726
0.5,6768.0,0.6127961539783101,0.9995479150175697
0.5,6840.0,0.6086788605689171,0.9994970524070773
0.5,6912.0,0.6045617969888486,0.999441259994498
0.5,6984.0,0.6004449851710105,0.9993801432408019
0.5,7056.0,0.5963284487720365,0.9993132837010208
0.5,7128.0,0.592212213274211,0.9992402381874981
0.5,7200.0,0.5880963060907848,0.9991605379471706
0.5,7272.0,0.5839807566746035,0.999073687856319
0.5,7344.0,0.5798655966299691,0.9989791656363641
0.5,7416.0,0.575750859827629,0.998876421094333
0.5,7488.0,0.5716365825227785,0.9987648753916857
0.5,7560.0,0.5675228034759409,0.9986439203452568
0.5,7632.0,0.5634095640765819,0.9985129177641049
0.5,7704.0,0.5592969084692893,0.9983711988260635
0.5,7776.0,0.555184883682344,0.998218063497807
0.5,7848.0,0.5510735397584839,0.9980527800022547
0.5,7920.0,0.546962929887652,0.9978745843370581
0.5,7992.0,0.542853110541501,0.9976826798479295
0.5,8064.0,0.5387441416094155,0.9974762368604574
0.5,8136.0,0.5346360865357946,0.9972543923740326
0.5,8208.0,0.5305290124583263,0.9970162498213525
0.5,8280.0,0.5264229903469657,0.9967608788969172
0.5,8352.0,0.5223180951433259,0.9964873154577341
0.5,8424.0,0.5182144059001642,0.9961945614993942
0.5,8496.0,0.5141120059206465,0.9958815852104245
0.5,8568.0,0.5100109828970527,0.9955473211077012
0.5,8640.0,0.5059114290485801,0.9951906702555078
0.5,8712.0,0.5018134412578907,0.994810500570589
0.5,8784.0,0.4977171212060377,0.9944056472153647
0.5,8856.0,0.4936225755054023,0.993974913081189
0.5,8928.0,0.4895299158302608,0.9935170693633373
0.5,9000.0,0.48543925904460095,0.993030856229101
0.5,9072.0,0.48135072732679657,0.9925149835801335
0.5,9144.0,0.4772644482907507,0.9919681319098749
0.5,9216.0,0.47318055510311346,0.9913889532566421
0.5,9288.0,0.46909918659617705,0.9907760722526077
0.5,9360.0,0.4650204873760557,0.9901280872686555
0.5,9432.0,0.46094460792575676,0.9894435716547406
0.5,9504.0,0.4568717047027496,0.9887210750751008
0.5,9576.0,0.45280194023065035,0.9879591249373368
0.5,9648.0,0.4487354831846356,0.9871562279140526
0.5,9720.0,0.44467250847021456,0.9863108715554723
0.5,9792.0,0.4406131972949929,0.9854215259910702
0.5,9864.0,0.4365577372330663,0.9844866457180017
0.5,9936.0,0.43250632228170227,0.9835046714737706
0.5,10008.0,0.42845915290997166,0.9824740321902873
0.5,10080.0,0.42441643609900825,0.9813931470261593
0.5,10152.0,0.42037838537358924,0.9802604274737858
0.5,10224.0,0.41634522082474146,0.9790742795375288
0.5,10296.0,0.4123171691231004,0.9778331059789663
0.5,10368.0,0.40829446352276033,0.9765353086249853
0.5,10440.0,0.40427734385537656,0.9751792907342142
0.5,10512.0,0.40026605651429814,0.9737634594170514
0.5,10584.0,0.39626085442853226,0.9722862281043587
0.5,10656.0,0.39226199702635856,0.9707460190596393
0.5,10728.0,0.38826975018843946,0.9691412659293646
0.5,10800.0,0.3842843861902881,0.9674704163259341
0.5,10872.0,0.380306183633988,0.9657319344375884
0.5,10944.0,0.37633542736907155,0.9639243036594564
0.5,11016.0,0.3723724084024996,0.9620460292398197
0.5,11088.0,0.3684174237977015,0.9600956409355574
0.5,11160.0,0.3644707765626637,0.958071695670651
0.5,11232.0,0.36053277552707996,0.9559727801915876
0.5,11304.0,0.3566037352086014,0.9537975137134451
0.5,11376.0,0.35268397566825066,0.9515445505504152
0.5,11448.0,0.3487738223550889,0.9492125827245338
0.5,11520.0,0.3448736059402538,0.9468003425463962
0.5,11592.0,0.3409836621405044,0.9443066051616766
0.5,11664.0,0.3371043315314458,0.94173019105732
0.5,11736.0,0.3332359593506168,0.9390699685213726
0.5,11808.0,0.32937889529066455,0.9363248560504808
0.5,11880.0,0.3255334932828376,0.9334938246992344
0.5,11952.0,0.32170011127106657,0.930575900365639
0.5,12024.0,0.3178791109769151,0.9275701660071668
0.5,12096.0,0.3140708576557108,0.9244757637819887
0.5,12168.0,0.31027571984418467,0.9212918971101829
0.5,12240.0,0.30649406909997085,0.9180178326499173
0.5,12312.0,0.30272627973333466,0.91465290218378
0.5,12384.0,0.29897272853152046,0.9111965044107329
0.5,12456.0,0.295233794476123,0.9076481066393064
0.5,12528.0,0.2915098584539087,0.9040072463779885
0.5,12600.0,0.287801302961524,0.90027353281897
0.5,12672.0,0.2841085118045458,0.8964466482117103
0.5,12744.0,0.2804318697913412,0.8925263491230531
0.5,12816.0,0.2767717624222156,0.8885124675809087
0.5,12888.0,0.2731285755743404,0.884404912098838
0.5,12960.0,0.26950269518296066,0.8802036685791499
0.5,13032.0,0.2658945069193913,0.8759088010924393
0.5,13104.0,0.2623043958663184,0.8715204525318135
0.5,13176.0,0.2587327461909273,0.8670388451403652
0.5,13248.0,0.25517994081638534,0.8624642809107356
0.5,13320.0,0.25164636109220867,0.8577971418559932
0.5,13392.0,0.24813238646404528,0.8530378901512967
0.5,13464.0,0.24463839414340732,0.8481870681461743
0.5,13536.0,0.24116475877788524,0.8432452982475431
0.5,13608.0,0.2377118521223751,0.8382132826739145
0.5,13680.0,0.23428004271184594,0.8330918030814984
0.5,13752.0,0.2308696955361693,0.8278817200633013
0.5,13824.0,0.22748117171753188,0.8225839725224922
0.5,13896.0,0.22411482819093964,0.8171995769217019
0.5,13968.0,0.22077101738831753,0.8117296264101426
0.5,14040.0,0.21745008692670004,0.8061752898307097
0.5,14112.0,0.21415237930099487,0.8005378106095151
0.5,14184.0,0.21087823158179606,0.7948185055305301
0.5,14256.0,0.2076279751187044,0.7890187633982619
0.5,14328.0,0.2044019352496059,0.7831400435916243
0.5,14400.0,0.2012004310163415,0.7771838745123879
0.5,14472.0,0.19802377488718784,0.7711518519317755
0.5,14544.0,0.19487227248655223,0.765045637238996
0.5,14616.0,0.19174622233227143,0.7588669555956855
0.5,14688.0,0.18864591558088248,0.7526175940003597
0.5,14760.0,0.1855716357812204,0.7462993992672039
0.5,14832.0,0.18252365863667616,0.7399142759235936
0.5,14904.0,0.17950225177643211,0.7334641840309302
0.5,14976.0,0.17650767453597022,0.7269511369334594
0.5,15048.0,0.17354017774713115,0.720377198939839
0.5,15120.0,0.17060000353798063,0.7137444829423422
0.5,15192.0,0.16768738514271977,0.7070551479786168
0.5,15264.0,0.16480254672185535,0.7003113967409901
0.5,15336.0,0.16194570319282592,0.6935154730383934
0.5,15408.0,0.15911706007125662,0.6866696592159649
0.5,15480.0,0.15631681332299752,0.6797762735374078
0.5,15552.0,0.1535451492270777,0.6728376675352621
0.5,15624.0,0.1508022442496848,0.6658562233341264
0.5,15696.0,0.14808826492926225,0.6588343509519383
0.5,15768.0,0.14540336777279295,0.6517744855843752
0.5,15840.0,0.14274769916331917,0.644679084877331
0.5,15912.0,0.14012139527872544,0.637550626192479
0.5,15984.0,0.13752458202179485,0.6303916038707492
0.5,16056.0,0.13495737496152685,0.62320452649857
0.5,16128.0,0.13241987928568538,0.615991914181575
0.5,16200.0,0.1299121897645278,0.6087562958304039
0.5,16272.0,0.12743439072564625,0.6015002064631246
0.5,16344.0,0.12498655603983434,0.5942261845286821
0.5,16416.0,0.122568749117876,0.5869367692556565
0.5,16488.0,0.12018102291813346,0.5796344980304923
0.5,16560.0,0.1178234199647979,0.5723219038092139
0.5,16632.0,0.11549597237664853,0.5650015125665157
0.5,16704.0,0.11319870190614935,0.5576758407859258
0.5,16776.0,0.11093161998870232,0.5503473929946722
0.5,16848.0,0.10869472780185607,0.5430186593465954
0.5,16920.0,0.10648801633426064,0.5356921132564217
0.5,16992.0,0.10431146646414301,0.5283702090884453
0.5,17064.0,0.10216504904706812,0.521055379902539
0.5,17136.0,0.10004872501273672,0.5137500352602451
0.5,17208.0,0.0979624454705633,0.5064565590934947
0.5,17280.0,0.09590615182376533,0.4991773076383538
0.5,17352.0,0.09387977589168743,0.49191460743600574
0.5,17424.0,0.09188324004007492,0.48467075340299387
0.5,17496.0,0.08991645731900341,0.4774480069725797
0.5,17568.0,0.08797933160816555,0.47024859430888877
0.5,17640.0,0.08607175776920789,0.46307470459534406
0.5,17712.0,0.08419362180480688,0.45592848839869254
0.5,17784.0,0.08234480102416848,0.4488120561097844
0.5,17856.0,0.08052516421462996,0.44172747646205435
0.5,17928.0,0.07873457181904175,0.4346767751285249
0.5,18000.0,0.0769728761186021,0.42766193339794895
0.5,18072.0,0.07523992142081773,0.42068488693055456
0.5,18144.0,0.07353554425226094,0.4137475245937111
0.5,18216.0,0.07185957355579274,0.40685168737765165
0.5,18288.0,0.07021183089192361,0.39999916739123825
0.5,18360.0,0.0685921306439803,0.39319170693763106
0.5,18432.0,0.06700028022675461,0.38643099766954303
0.5,18504.0,0.06543608029830436,0.37971867982364166
0.5,18576.0,0.06389932497458503,0.3730563415335275
0.5,18648.0,0.062389802046590795,0.36644551822055854
0.5,18720.0,0.060907293199687386,0.3598876920617201
0.5,18792.0,0.05945157423482393,0.35338429153354906
0.5,18864.0,0.05802241529131449,0.3469366910310761
0.5,18936.0,0.05661958107088515,0.34054621056058776
0.5,19008.0,0.05524283106268791,0.3342141155049404
0.5,19080.0,0.05389191976898788,0.32794161646003983
0.5,19152.0,0.052566596931237566,0.32172986914102353
0.5,19224.0,0.05126660775625623,0.3155799743565993
0.5,19296.0,0.049991693142241785,0.3094929780498823
0.5,19368.0,0.04874158990434604,0.30346987140404946
0.5,19440.0,0.04751603099955708,0.29751159101101693
0.5,19512.0,0.046314745750633185,0.2916190191013115
0.5,19584.0,0.04513746006884602,0.2857929838332353
0.5,19656.0,0.04398389667529639,0.28003425963937967
0.5,19728.0,0.042853775320575056,0.27434356762850104
0.5,19800.0,0.04174681300254763,0.268721576040717
0.5,19872.0,0.04066272418205326,0.263168900753972
0.5,19944.0,0.03960122099631537,0.2576861058396524
0.5,20016.0,0.03856201346986845,0.25227370416527245
0.5,20088.0,0.03754480972281866,0.24693215804204413
0.5,20160.0,0.036549316176259034,0.2416618799152225
0.5,20232.0,0.03557523775467561,0.236463233095035
0.5,20304.0,0.03462227808518224,0.23133653252605482
0.5,20376.0,0.03369013969343845,0.22628204559281995
0.5,20448.0,0.03277852419610715,0.22129999295957103
0.5,20520.0,0.03188713248972184,0.2163905494419353
0.5,20592.0,0.031015664935839998,0.2115538449084191
0.5,20664.0,0.03016382154236964,0.20678996520958107
0.5,20736.0,0.029331302140961735,0.20209895313278992
0.5,20808.0,0.028517806560373716,0.19748080938048315
0.5,20880.0,0.027723034795714568,0.1929354935698647
0.5,20952.0,0.02694668717349157,0.1884629252520213
0.5,21024.0,0.026188464512387714,0.1840629849484614
0.5,21096.0,0.02544806827970487,0.17973551520313505
0.5,21168.0,0.024725200743418066,0.17548032164798003
0.5,21240.0,0.024019565119791725,0.17129717408015704
0.5,21312.0,0.023330865716518573,0.16718580754910234
0.5,21384.0,0.0226588080713469,0.16314592345162493
0.5,21456.0,0.02200309908617091,0.1591771906332937
0.5,21528.0,0.02136344715656562,0.1552792464944197
0.5,21600.0,0.02073956229675286,0.15145169809897824
0.5,21672.0,0.020131156259994162,0.14769412328488085
0.5,21744.0,0.0195379426544112,0.1440060717740451
0.5,21816.0,0.018959637054239788,0.14038706628076483
0.5,21888.0,0.018395957106531056,0.1368366036169583
0.5,21960.0,0.017846622633318838,0.13335415579287682
0.5,22032.0,0.01731135572927649,0.1299391711119881
0.5,22104.0,0.016789880854892834,0.12659107525871033
0.5,22176.0,0.016281924925202383,0.12330927237782206
0.5,22248.0,0.01578721739410691,0.12009314614435738
0.5,22320.0,0.015305490334334782,0.116942060822889
0.5,22392.0,0.014836478513084037,0.11385536231514876
0.5,22464.0,0.014379919463402066,0.110832379194985
0.5,22536.0,0.013935553551358474,0.10787242372973295
0.5,22608.0,0.013503124039069734,0.10497479288708716
0.5,22680.0,0.013082377143639143,0.10213876932667389
0.5,22752.0,0.012673062092079043,0.09936362237552458
0.5,22824.0,0.01227493117228308,0.09664860898674518
0.5,22896.0,0.011887739780122291,0.09399297468069888
0.5,22968.0,0.011511246462737941,0.09139595446809068
0.5,23040.0,0.011145212958109009,0.08885677375438235
0.5,23112.0,0.010789404230973288,0.0863746492250172
0.5,23184.0,0.01044358850518272,0.08394878971099899
0.5,23256.0,0.010107537292575682,0.08157839703438015
0.5,23328.0,0.009781025418450762,0.07926266683331064
0.5,23400.0,0.009463831043727538,0.07700078936628854
0.5,23472.0,0.009155735683881167,0.07479195029536143
0.5,23544.0,0.0088565242247381,0.07263533144799154
0.5,23616.0,0.008565984935222598,0.07053011155743719
0.5,23688.0,0.008283909477142143,0.06847546698143034
0.5,23760.0,0.008010092912102456,0.0664705723990771
0.5,23832.0,0.007744333705641894,0.0645146014858696
0.5,23904.0,0.0074864337286749405,0.06260672756676443
0.5,23976.0,0.007236198256336793,0.06074612424731782
0.5,24048.0,0.006993435964317706,0.0589319660228945
0.5,24120.0,0.006757958922778087,0.057163428866000024
0.5,24192.0,0.006529582587934261,0.05543969079181607
0.5,24264.0,0.0063081257914031,0.053759932402055455
0.5,24336.0,0.006093410727395954,0.05212333740726649
0.5,24408.0,0.005885262937848658,0.05052909312776065
0.5,24480.0,0.005683511295575395,0.048976390973331264
0.5,24552.0,0.00548798798553294,0.047464426902015334
0.5,24624.0,0.005298528484280419,0.04599240185808569
0.5,24696.0,0.005114971537719137,0.044559522189568664
0.5,24768.0,0.004937159137196411,0.04316500004552779
0.5,24840.0,0.004764936494053931,0.04180805375344363
0.5,24912.0,0.004598152012703373,0.04048790817696073
0.5,24984.0,0.004436657262306852,0.03920379505436528
0.5,25056.0,0.004280306947141766,0.03795495331809633
0.5,25128.0,0.004128958875725842,0.036740629395673345
0.5,25200.0,0.0039824739287773895,0.035560077492390714
0.5,25272.0,0.003840716026085353,0.03441255985615612
0.5,25344.0,0.003703552092359202,0.03329734702486747
0.5,25416.0,0.0035708520221313673,0.03221371805670756
0.5,25488.0,0.0034424886437784104,0.031160960743778787
0.5,25560.0,0.0033183376827303833,0.030138371809466945
0.5,25632.0,0.0031982777239314883,0.029145257089967912
0.5,25704.0,0.003082190173616926,0.028180931700379826
0.5,25776.0,0.002969959220467401,0.027244720185795046
0.5,25848.0,0.0028614717962011497,0.02633595665782593
0.5,25920.0,0.00275661753566175,0.02545398491696673
0.5,25992.0,0.002655288736458586,0.024598158561252602
0.5,26064.0,0.002557380318214432,0.023767841081627945
0.5,26136.0,0.0024627897814726695,0.02296240594446388
0.5,26208.0,0.00237141716631672,0.022181236661644732
0.5,26280.0,0.0022831650107488013,0.021423726848669132
0.5,26352.0,0.0021979383088786717,0.020689280271174938
0.5,26424.0,0.002115644468965002,0.01997731088032779
0.5,26496.0,0.002036193271356319,0.01928724283747911
0.5,26568.0,0.001959496826372184,0.018618510528523303
0.5,26640.0,0.0018854695321661287,0.01797055856835783
0.5,26712.0,0.0018140280326095822,0.017342841795873906
0.5,26784.0,0.0017450911752334248,0.016734825259839426
0.5,26856.0,0.0016785799692636166,0.016145984196126763
0.5,26928.0,0.001614417543784784,0.015575803996636493
0.5,27000.0,0.0015525291060646056,0.01502378017030992
0.5,27072.0,0.0014928419000693615,0.014489418296631128
0.5,27144.0,0.0014352851652006842,0.013972233971966118
0.5,27216.0,0.00137979009528202,0.013471752749113362
0.5,27288.0,0.0013262897978187592,0.012987510070426821
0.5,27360.0,0.0012747192535611596,0.012519051194860962
0.5,27432.0,0.0012250152763899388,0.012065931119270344
0.5,27504.0,0.0011771164735484684,0.011627714494323982
0.5,27576.0,0.0011309632062431467,0.011203975535324416
0.5,27648.0,0.001086497550629588,0.010794297928281082
0.5,27720.0,0.0010436632592045645,0.010398274731543464
0.5,27792.0,0.0010024057226205656,0.010015508273276906
0.5,27864.0,0.000962671931937907,0.009645610045095053
0.5,27936.0,0.0009244104413301881,0.009288200592128959
0.5,28008.0,0.0008875713312558574,0.008942909399804933
0.5,28080.0,0.0008521061721086375,0.008609374777602596
0.5,28152.0,0.0008179679883583384,0.008287243740056738
0.5,28224.0,0.0007851112231921283,0.007976171885243133
0.5,28296.0,0.0007534917036654126,0.007675823271010527
0.5,28368.0,0.0007230666063717514,0.00738587028916342
0.5,28440.0,0.0006937944236372498,0.007105993537859945
0.5,28512.0,0.000665634930248322,0.0068358816924103385
0.5,28584.0,0.0006385491507163797,0.006575231374698375
0.5,28656.0,0.0006124993270862484,0.006323747021433234
0.5,28728.0,0.0005874488872904434,0.006081140751412306
0.5,28800.0,0.0005633624140539755,0.005847132231998131
0.5,28872.0,0.0005402056143518541,0.005621448544962959
0.5,28944.0,0.0005179452894206556,0.005403824051894901
0.5,29016.0,0.000496549305325824,0.005194000259318442
0.5,29088.0,0.00047598656408563087,0.004991725683683512
0.5,29160.0,0.00045622697535063544,0.004796755716365908
0.5,29232.0,0.0004372414286385243,0.004608852488843951
0.5,29304.0,0.0004190017661235276,0.004427784738149398
0.5,29376.0,0.00040148075597861934,0.004253327672750372
0.5,29448.0,0.0003846520662670721,0.00408526283897217
0.5,29520.0,0.00036849023938230073,0.003923377988074606
0.5,29592.0,0.0003529706670317668,0.003767466944086806
0.5,29664.0,0.000338069565761995,0.003617329472510988
0.5,29736.0,0.0003237639530203125,0.0034727711499897393
0.5,29808.0,0.00031003162374933365,0.0033336032350106846
0.5,29880.0,0.0002968511275091806,0.0031996425397558424
0.5,29952.0,0.0002842017461226584,0.003070711303161033
0.5,30024.0,0.0002720634718380948,0.0029466370652535545
0.5,30096.0,0.000260416986004708,0.002827252542849123
0.5,30168.0,0.0002492436382530784,0.0027123955066656433
0.5,30240.0,0.00023852542617685123,0.0026019086599070817
0.5,30312.0,0.00022824497550772986,0.002495639518377146
0.5,30384.0,0.00021838552077805767,0.002393440292167526
0.5,30456.0,0.0002089308864638466,0.0022951677689711397
0.5,30528.0,0.00019986546860216087,0.00220068319905522
0.5,30600.0,0.00019117421687468304,0.0021098521819290284
0.5,30672.0,0.00018284261715121035,0.0020225445547474405
0.5,30744.0,0.00017485667448610017,0.0019386342824724069
0.5,30816.0,0.00016720289655929767,0.001857999349814321
0.5,30888.0,0.00015986827755496455,0.0017805216549881206
0.5,30960.0,0.00015284028247088753,0.0017060869052855309
0.5,31032.0,0.00014610683184946546,0.0016345845144996928
0.5,31104.0,0.00013965628692494555,0.0015659075021851264
0.5,31176.0,0.00013347743517692538,0.0014999523947970771
0.5,31248.0,0.00012755947628331792,0.0014366191286939054
0.5,31320.0,0.0001218920084664017,0.0013758109550096264
0.5,31392.0,0.00011646501522147616,0.0013174343464122272
0.5,31464.0,0.00011126885242275714,0.0012613989057236096
0.5,31536.0,0.0001062942357980399,0.0012076172764260208
0.5,31608.0,0.00010153222876377976,0.001156005055030107
0.5,31680.0,9.697423061405479e-05,0.0011064807053017488
0.5,31752.0,9.261196505475845e-05,0.001058965474353357
0.5,31824.0,8.843746907632616e-05,0.001013383310561977
0.5,31896.0,8.444308215653971e-05,0.0009696607833333815
0.5,31968.0,8.062143578660676e-05,0.0009277270046759156
0.5,32040.0,7.696544331323213e-05,0.0008875135525805433
0.5,32112.0,7.346829008822514e-05,0.0008489543961900381
0.5,32184.0,7.012342391944397e-05,0.0008119858227260578
0.5,32256.0,6.69245458158118e-05,0.0007765463661883131
0.5,32328.0,6.386560101857067e-05,0.0007425767377654324
0.5,32400.0,6.0940770311987824e-05,0.0007100197579717359
0.5,32472.0,5.814446160719054e-05,0.0006788202904630225
0.5,32544.0,5.54713017913134e-05,0.0006489251775263937
0.5,32616.0,5.2916128835759064e-05,0.0006202831772142758
0.5,32688.0,5.0473984156822066e-05,0.0005928449020991877
0.5,32760.0,4.8140105221818695e-05,0.0005665627596258104
0.5,32832.0,4.590991839493284e-05,0.0005413908940269607
0.5,32904.0,4.377903201506788e-05,0.0005172851298063108
0.5,32976.0,4.1743229701406e-05,0.0004942029167196438
0.5,33048.0,3.979846387820206e-05,0.000472103276265301
0.5,33120.0,3.7940849515258844e-05,0.00045094674964119
0.5,33192.0,3.61666580758066e-05,0.0004306953471427732
0.5,33264.0,3.447231166720336e-05,0.00041131249896935167
0.5,33336.0,3.285437738912705e-05,0.0003927630074379351
0.5,33408.0,3.130956187238591e-05,0.00037501300053790484
0.5,33480.0,2.9834706003851273e-05,0.00035802988683002467
0.5,33552.0,2.8426779831635155e-05,0.0003417823116556917
0.5,33624.0,2.708287764557247e-05,0.0003262401146145066
0.5,33696.0,2.5800213227503027e-05,0.0003113742883066095
0.5,33768.0,2.4576115266822142e-05,0.0002971569382950178
0.5,33840.0,2.3408022935510018e-05,0.0002835612442687818
0.5,33912.0,2.2293481618589338e-05,0.00027056142237071864
0.5,33984.0,2.1230138795037578e-05,0.00025813268868333237
0.5,34056.0,2.0215740064855276e-05,0.0002462512238231795
0.5,34128.0,1.9248125316534957e-05,0.00023489413863089222
0.5,34200.0,1.832522503256791e-05,0.00022403944092630465
0.5,34272.0,1.7445056726896624e-05,0.0002136660033087878
0.5,34344.0,1.660572151104356e-05,0.00020375353196229183
0.5,34416.0,1.5805400784796225e-05,0.00019428253646225355
0.5,34488.0,1.5042353047042155e-05,0.00018523430053747346
0.5,34560.0,1.431491082341534e-05,0.00017659085378269877
0.5,34632.0,1.3621477706401272e-05,0.0001683349442693327
0.5,34704.0,1.2960525504898895e-05,0.00016045001206776988
0.5,34776.0,1.2330591499260722e-05,0.0001529201636230937
0.5,34848.0,1.1730275798293825e-05,0.0001457301469869776
0.5,34920.0,1.1158238794579863e-05,0.00013886532786031578
0.5,34992.0,1.0613198715823427e-05,0.0001323116664423196
0.5,35064.0,1.0093929268089061e-05,0.000126055695056948
0.5,35136.0,9.599257368032272e-06,0.00012008449652896046
0.5,35208.0,9.128060960979969e-06,0.0001143856833060397
0.5,35280.0,8.679266922710852e-06,0.00010894737727724646
0.5,35352.0,8.251849040939676e-06,0.00010375819030201683
0.5,35424.0,7.844826074177792e-06,9.880720539783282e-05
0.5,35496.0,7.457259886193764e-06,9.408395858798712e-05
0.5,35568.0,7.088253651473426e-06,8.957842138030968e-05
0.5,35640.0,6.7369501314846e-06,8.528098386335612e-05
0.5,35712.0,6.402530017215171e-06,8.118243839732031e-05
0.5,35784.0,6.084210337009643e-06,7.727396387409158e-05
0.5,35856.0,5.7812429268250295e-06,7.354711056066775e-05
0.5,35928.0,5.4929129605796526e-06,6.99937854577115e-05
0.5,36000.0,5.218537538569772e-06,6.660623820309297e-05
0.5,36072.0,4.957464332675202e-06,6.33770474820494e-05
0.5,36144.0,4.709070283877372e-06,6.029910792193505e-05
0.5,36216.0,4.472760353617479e-06,5.7365617478666306e-05
0.5,36288.0,4.247966323968115e-06,5.457006527436192e-05
0.5,36360.0,4.0341456464579465e-06,5.190621988759858e-05
0.5,36432.0,3.830780337258283e-06,4.9368118077097733e-05
0.5,36504.0,3.637375917435051e-06,4.695005392392204e-05
0.5,36576.0,3.4534603959030126e-06,4.464656837797065e-05
0.5,36648.0,3.2785832938574926e-06,4.245243919811514e-05
0.5,36720.0,3.1123147091725255e-06,4.0362671266080946e-05
0.5,36792.0,2.9542444192036525e-06,3.8372487275495355e-05
0.5,36864.0,2.8039810205554143e-06,3.6477318766969794e-05
0.5,36936.0,2.661151103984288e-06,3.467279750708485e-05
0.5,37008.0,2.5253984641891746e-06,3.295474719706703e-05
0.5,37080.0,2.3963833415565532e-06,3.1319175500499336e-05
0.5,37152.0,2.273781696235869e-06,2.9762266384381063e-05
0.5,37224.0,2.157284512002915e-06,2.8280372741562584e-05
0.5,37296.0,2.046597129858835e-06,2.6870009316581898e-05
0.5,37368.0,1.9414386089846098e-06,2.5527845902217902e-05
0.5,37440.0,1.8415411153703616e-06,2.4250700796812907e-05
0.5,37512.0,1.746649335455141e-06,2.3035534524495916e-05
0.5,37584.0,1.6565199153989596e-06,2.1879443808359154e-05
0.5,37656.0,1.5709209238911003e-06,2.077965577029772e-05
0.5,37728.0,1.4896313380323224e-06,1.9733522370302124e-05
0.5,37800.0,1.4124405505690572e-06,1.87385150695718e-05
0.5,37872.0,1.3391478994196398e-06,1.7792219696843856e-05
0.5,37944.0,1.269562216278473e-06,1.6892331534990034e-05
0.5,38016.0,1.203501395470264e-06,1.60366505937759e-05
0.5,38088.0,1.14079198108222e-06,1.5223077079440371e-05
0.5,38160.0,1.0812687722148759e-06,1.4449607053279577e-05
0.5,38232.0,1.0247744453031966e-06,1.371432825791885e-05
0.5,38304.0,9.711591927263692e-07,1.3015416119088739e-05
0.5,38376.0,9.202803776356033e-07,1.2351129912957503e-05
0.5,38448.0,8.720022036670344e-07,1.1719809087651354e-05
0.5,38520.0,8.261953989720497e-07,1.1119869738962506e-05
0.5,38592.0,7.827369146177228e-07,1.0549801234560617e-05
0.5,38664.0,7.41509636078973e-07,1.0008162972496848e-05
0.5,38736.0,7.024021075019667e-07,9.493581281105888e-06
0.5,38808.0,6.653082681534482e-07,9.004746445384624e-06
0.5,38880.0,6.301272007709243e-07,8.540409854163044e-06
0.5,38952.0,5.967628912107403e-07,8.099381285120442e-06
0.5,39024.0,5.651239983626518e-07,7.680526277198396e-06
0.5,39096.0,5.351236351844973e-07,7.28276363801683e-06
0.5,39168.0,5.066791586892542e-07,6.905063041529047e-06
0.5,39240.0,4.7971197014599e-07,6.546442742916269e-06
0.5,39312.0,4.541473240203958e-07,6.2059673759051744e-06
0.5,39384.0,4.299141452990257e-07,5.88274585524573e-06
0.5,39456.0,4.069448558911451e-07,5.575929363743625e-06
0.5,39528.0,3.851752077443867e-07,5.2847094316632586e-06
0.5,39600.0,3.645441246825059e-07,5.008316090737707e-06
0.5,39672.0,3.4499355090435223e-07,4.746016119838714e-06
0.5,39744.0,3.264683068716711e-07,4.497111351753346e-06
0.5,39816.0,3.0891595100634737e-07,4.260937073041759e-06
0.5,39888.0,2.922866484565806e-07,4.036860475764569e-06
0.5,39960.0,2.7653304588514724e-07,3.824279188080482e-06
0.5,40032.0,2.6161015167535646e-07,3.6226198659505825e-06
0.5,40104.0,2.4747522210528405e-07,3.4313368452387746e-06
0.5,40176.0,2.3408765238911508e-07,3.2499108598926792e-06
0.5,40248.0,2.2140887326080632e-07,3.0778478077309046e-06
0.5,40320.0,2.0940225189163148e-07,2.9146775801791587e-06
0.5,40392.0,1.9803299779919658e-07,2.759952938902188e-06
0.5,40464.0,1.8726807317967658e-07,2.613248439331528e-06
0.5,40536.0,1.7707610700562555e-07,2.474159414589394e-06
0.5,40608.0,1.674273138843275e-07,2.342300991386992e-06
0.5,40680.0,1.5829341600711526e-07,2.2173071592135325e-06
0.5,40752.0,1.4964756927248122e-07,2.098829877184016e-06
0.5,40824.0,1.4146429294483114e-07,1.9865382228090307e-06
0.5,40896.0,1.3371940199470542e-07,1.8801175805549517e-06
0.5,40968.0,1.2638994373823642e-07,1.7792688637996432e-06
0.5,41040.0,1.194541366254307e-07,1.6837077772891006e-06
0.5,41112.0,1.1289131197762836e-07,1.5931641115685124e-06
0.5,41184.0,1.0668185899303807e-07,1.5073810608612346e-06
0.5,41256.0,1.008071723279244e-07,1.4261145892646708e-06
0.5,41328.0,9.524960164959342e-08,1.3491328154202618e-06
0.5,41400.0,8.999240435125113e-08,1.276215420631388e-06
0.5,41472.0,8.501969995434381e-08,1.2071531017454617e-06
0.5,41544.0,8.031642706836184e-08,1.1417470275887352e-06
0.5,41616.0,7.586830230547858e-08,1.0798083401653002e-06
0.5,41688.0,7.166178105926501e-08,1.0211576643825993e-06
0.5,41760.0,6.768402059343789e-08,9.65624652593533e-07
0.5,41832.0,6.392284442679314e-08,9.13047541217793e-07
0.5,41904.0,6.03667088677418e-08,8.632727329427325e-07
0.5,41976.0,5.700467098749184e-08,8.161543945561788e-07
0.5,42048.0,5.3826358121038755e-08,7.715540817798682e-07
0.5,42120.0,5.082193889552432e-08,7.293403733399373e-07
0.5,42192.0,4.79820958931116e-08,6.893885249326104e-07
0.5,42264.0,4.529799943252074e-08,6.515801402429133e-07
0.5,42336.0,4.2761282718780643e-08,6.158028625691259e-07
0.5,42408.0,4.036401798734226e-08,5.819500671577771e-07
0.5,42480.0,3.809869438918249e-08,5.499205869341494e-07
0.5,42552.0,3.5958196515323675e-08,5.196184339695264e-07
0.5,42624.0,3.393578388045957e-08,4.909525458174357e-07
0.5,42696.0,3.202507200535599e-08,4.6383653824477727e-07
0.5,42768.0,3.0220013765827544e-08,4.3818847430543426e-07
0.5,42840.0,2.8514882517604112e-08,4.13930640519311e-07
0.5,42912.0,2.6904254813209508e-08,3.909893358411409e-07
0.5,42984.0,2.5382995374235294e-08,3.692946670241781e-07
0.5,43056.0,2.3946241832936968e-08,3.487803638790865e-07
0.5,43128.0,2.2589390717329806e-08,3.2938359026957184e-07
0.5,43200.0,2.1308083862346103e-08,3.1104477642429625e-07
0.5,43272.0,2.00981957627028e-08,2.9370745053824975e-07
0.5,43344.0,1.895582142288478e-08,2.77318083163891e-07
0.5,43416.0,1.78772649532977e-08,2.6182593515500225e-07
0.5,43488.0,1.6859028326426806e-08,2.471829219530264e-07
0.5,43560.0,1.5897801482655693e-08,2.333434771628617e-07
0.5,43632.0,1.4990452098871975e-08,2.2026441541811435e-07
0.5,43704.0,1.41340163161832e-08,2.079048265102301e-07
0.5,43776.0,1.332569021367964e-08,1.962259446486314e-07
0.5,43848.0,1.2562820784736765e-08,1.8519104685310592e-07
0.5,43920.0,1.1842898618685403e-08,1.7476534495131088e-07
0.5,43992.0,1.1163550049731758e-08,1.6491588965550362e-07
0.5,44064.0,1.0522529731778166e-08,1.5561147037601583e-07
0.5,44136.0,9.917714314971729e-09,1.4682253137721089e-07
0.5,44208.0,9.34709555351635e-09,1.3852108224909898e-07
0.5,44280.0,8.808774568399977e-09,1.3068061974763622e-07
0.5,44352.0,8.300955647951346e-09,1.2327605034556654e-07
0.5,44424.0,7.82194116768527e-09,1.1628361420434884e-07
0.5,44496.0,7.370125977194964e-09,1.0968082051476812e-07
0.5,44568.0,6.94399276407889e-09,1.0344637857429005e-07
0.5,44640.0,6.542107044526414e-09,9.756013454875755e-08
0.5,44712.0,6.1631132559069845e-09,9.200301605005733e-08
0.5,44784.0,5.805729782515448e-09,8.675697102944468e-08
0.5,44856.0,5.468745616848037e-09,8.180491732900918e-08
0.5,44928.0,5.151016344503833e-09,7.71306922331405e-08
0.5,45000.0,4.851460378890121e-09,7.271899988836593e-08
0.5,45072.0,4.569055923541188e-09,6.85553715129572e-08
0.5,45144.0,4.302837597139855e-09,6.462611921165262e-08
0.5,45216.0,4.05189305865769e-09,6.091829334309295e-08
0.5,45288.0,3.815360840195829e-09,5.741964557159918e-08
0.5,45360.0,3.5924268654825306e-09,5.411859191895019e-08
0.5,45432.0,3.3823222472213132e-09,5.10041765267033e-08
0.5,45504.0,3.184320942387979e-09,4.806603968177114e-08
0.5,45576.0,2.9977370878025414e-09,4.5294380868199365e-08
0.5,45648.0,2.821923010647841e-09,4.267993958251281e-08
0.5,45720.0,2.6562672746339824e-09,4.021395696440776e-08
0.5,45792.0,2.5001922995691507e-09,3.788815092775621e-08
0.5,45864.0,2.353153011588722e-09,3.569469839703742e-08
0.5,45936.0,2.214634658110029e-09,3.362619622748753e-08
0.5,46008.0,2.0841512803453996e-09,3.167565338912937e-08
0.5,46080.0,1.9612442212849063e-09,2.98364604134349e-08
0.5,46152.0,1.8454804734586526e-09,2.8102370208671342e-08
0.5,46224.0,1.7364514536065662e-09,2.6467481006875455e-08
0.5,46296.0,1.6337715459011814e-09,2.492621504757153e-08
0.5,46368.0,1.5370766809884963e-09,2.3473302945831163e-08
0.5,46440.0,1.4460234301455155e-09,2.210376663924762e-08
0.5,46512.0,1.3602877439482223e-09,2.0812901624367438e-08
0.5,46584.0,1.27956385106815e-09,1.9596263456378437e-08
0.5,46656.0,1.2035631925118738e-09,1.8449658512054157e-08
0.5,46728.0,1.132013693345329e-09,1.7369121962929058e-08
0.5,46800.0,1.064658554679287e-09,1.635090995932842e-08
0.5,46872.0,1.0012556498688114e-09,1.5391486130056365e-08
0.5,46944.0,9.415765119707172e-10,1.4487512345340293e-08
0.5,47016.0,8.854057476300332e-10,1.3635837348147106e-08
0.5,47088.0,8.325402376198929e-10,1.2833484674956707e-08
0.5,47160.0,7.82788302110774e-10,1.2077644129249164e-08
0.5,47232.0,7.359691853738892e-10,1.1365661833906415e-08
0.5,47304.0,6.919127185872921e-10,1.069503525741311e-08
0.5,47376.0,6.504581115648686e-10,1.0063399003001905e-08
0.5,47448.0,6.114540241704528e-10,9.468524808653455e-09
0.5,47520.0,5.74757677894408e-10,8.908304494070762e-09
0.5,47592.0,5.402345540720265e-10,8.380752092307375e-09
0.5,47664.0,5.077577720552761e-10,7.883993902169094e-09
0.5,47736.0,4.772077695719284e-10,7.416257830072936e-09
0.5,47808.0,4.4847176974960093e-10,6.9758762322180696e-09
0.5,47880.0,4.2144374568432304e-10,6.561275256444787e-09
0.5,47952.0,3.9602354992232576e-10,6.170965605178935e-09
0.5,48024.0,3.721168435933457e-10,5.803549640859273e-09
0.5,48096.0,3.4963481204040625e-10,5.4577014907408735e-09
0.5,48168.0,3.2849377414381237e-10,5.132177705036156e-09
0.5,48240.0,3.086148624314516e-10,4.825799493346494e-09
0.5,48312.0,2.899236325597413e-10,4.537459119546838e-09
0.5,48384.0,2.723502229330888e-10,4.2661099541874135e-09
0.5,48456.0,2.5582860866847206e-10,4.010765053408249e-09
0.5,48528.0,2.402968150109157e-10,3.770495027310972e-09
0.5,48600.0,2.2569631312333826e-10,3.5444251977878594e-09
0.5,48672.0,2.1197200239188997e-10,3.331724229838073e-09
0.5,48744.0,1.9907197954932907e-10,3.131616921336899e-09
0.5,48816.0,1.8694737880673424e-10,2.94336715001009e-09
0.5,48888.0,1.7555230079540306e-10,2.7662828472330144e-09
0.5,48960.0,1.6484342174920682e-10,2.599710313688774e-09
0.5,49032.0,1.5477995801573478e-10,2.443036350996408e-09
0.5,49104.0,1.453234883402197e-10,2.295679024655328e-09
0.5,49176.0,1.3643791854511967e-10,2.1570933483872065e-09
0.5,49248.0,1.2808919706036768e-10,2.0267648892513534e-09
0.5,49320.0,1.2024535068019583e-10,1.9042076360165085e-09
0.5,49392.0,1.1287625346830864e-10,1.7889661307890492e-09
0.5,49464.0,1.0595348479480484e-10,1.6806083635856338e-09
0.5,49536.0,9.945041801237854e-11,1.5787307461323506e-09
0.5,49608.0,9.334188311312901e-11,1.4829495853518893e-09
0.5,49680.0,8.760427311856526e-11,1.392904636077219e-09
0.5,49752.0,8.221534891386864e-11,1.3082583905088539e-09
0.5,49824.0,7.7154221300575e-11,1.2286903938729664e-09
0.5,49896.0,7.240113795242546e-11,1.153902218220537e-09
0.5,49968.0,6.793764317646668e-11,1.0836089359145262e-09
0.5,50040.0,6.374627597449738e-11,1.0175433828862879e-09
0.5,50112.0,5.981069453351553e-11,9.554561586355701e-10
0.5,50184.0,5.611546291742926e-11,8.971113629741012e-10
0.5,50256.0,5.26460332690353e-11,8.422844643973804e-10
0.5,50328.0,4.938883468911093e-11,7.9076727388383e-10
0.5,50400.0,4.633102463450308e-11,7.423629710956447e-10
0.5,50472.0,4.3460542090161905e-11,6.968861043787911e-10
0.5,50544.0,4.076605432437301e-11,6.541604591348004e-10
0.5,50616.0,3.823692134630824e-11,6.140233210771839e-10
0.5,50688.0,3.586316039420125e-11,5.7631908134681e-10
0.5,50760.0,3.363526834942919e-11,5.409027892255835e-10
0.5,50832.0,3.1544434776833646e-11,5.076373099655029e-10
0.5,50904.0,2.9582257856922906e-11,4.763933247886598e-10
0.5,50976.0,2.774097516679264e-11,4.4705004142997493e-10
0.5,51048.0,2.601321512798056e-11,4.194923519662552e-10
0.5,51120.0,2.4392050147875107e-11,3.9361296444440085e-10
0.5,51192.0,2.287101465508009e-11,3.693124028814054e-10
0.5,51264.0,2.144401585282364e-11,3.4649545455067705e-10
0.5,51336.0,2.010522757778131e-11,3.250704594393028e-10
0.5,51408.0,1.8849285393079018e-11,3.0495499458993435e-10
0.5,51480.0,1.7671162450032628e-11,2.8607161084437394e-10
0.5,51552.0,1.6566027207335543e-11,2.6834356958715944e-10
0.5,51624.0,1.552943894132641e-11,2.5170123763018634e-10
0.5,51696.0,1.4557258901350347e-11,2.3607995558450054e-10
0.5,51768.0,1.3645454921990935e-11,2.214179062320909e-10
0.5,51840.0,1.2790385586570916e-11,2.0765469344041775e-10
0.5,51912.0,1.1988462799743154e-11,1.9473915813250638e-10
0.5,51984.0,1.1236542524745417e-11,1.8261658851770332e-10
0.5,52056.0,1.0531409693510603e-11,1.7124222040365564e-10
0.5,52128.0,9.870257761763506e-12,1.6056844742706741e-10
0.5,52200.0,9.250386758983038e-12,1.5055121593832155e-10
0.5,52272.0,8.669256613560492e-12,1.411528671724227e-10
0.5,52344.0,8.124433797016344e-12,1.3233503182163986e-10
0.5,52416.0,7.613662424211243e-12,1.2406218274918502e-10
0.5,52488.0,7.1348819824613625e-12,1.1630092444647742e-10
0.5,52560.0,6.686103059293849e-12,1.0902070357587945e-10
0.5,52632.0,6.2654427815369265e-12,1.0219096679975336e-10
0.5,52704.0,5.87117812899378e-12,9.57847134941403e-11
0.5,52776.0,5.5016749261063875e-12,8.977565357781713e-11
0.5,52848.0,5.155405559586501e-12,8.414104968323954e-11
0.5,52920.0,4.830877962423248e-12,7.88560328146559e-11
0.5,52992.0,4.526759905268249e-12,7.389928668999346e-11
0.5,53064.0,4.241825763152187e-12,6.925091611265088e-11
0.5,53136.0,3.974849884308933e-12,6.489244697149842e-11
0.5,53208.0,3.724713209867067e-12,6.080469461267057e-11
0.5,53280.0,3.4903854758284394e-12,5.697273763871635e-11
0.5,53352.0,3.2708187120482597e-12,5.338023356671328e-11
0.5,53424.0,3.065142518987693e-12,5.0011550456474645e-11
0.5,53496.0,2.8724509661429928e-12,4.6853187996021006e-11
0.5,53568.0,2.6919447541863036e-12,4.389306695884442e-11
0.5,53640.0,2.5228955959540556e-12,4.111910811843699e-11
0.5,53712.0,2.3645219250618495e-12,3.851781116281927e-11
0.5,53784.0,2.2162375514089152e-12,3.607993903642636e-11
0.5,53856.0,2.077349749421526e-12,3.379412305548613e-11
0.5,53928.0,1.947290081082958e-12,3.165254724990518e-11
0.5,54000.0,1.825507914054166e-12,2.96452640213829e-11
0.5,54072.0,1.7114348332871264e-12,2.7765167942561674e-11
0.5,54144.0,1.604644516968501e-12,2.6001600872405107e-11
0.5,54216.0,1.504710673909887e-12,2.4349589011762874e-11
0.5,54288.0,1.4111359586493049e-12,2.2803448018748893e-11
0.5,54360.0,1.323511797629342e-12,2.135394083779829e-11
0.5,54432.0,1.2414651520856073e-12,1.999538312702498e-11
0.5,54504.0,1.1646763428649973e-12,1.8723511630014396e-11
0.5,54576.0,1.0927545293535575e-12,1.753051037667319e-11
0.5,54648.0,1.0254865908398467e-12,1.6414247738794074e-11
0.5,54720.0,9.62517286580921e-13,1.5368328831755204e-11
0.5,54792.0,9.035801285978175e-13,1.4389200941877788e-11
0.5,54864.0,8.48390949561753e-13,1.3471890270011498e-11
0.5,54936.0,7.967365598551803e-13,1.2612133559741777e-11
0.5,55008.0,7.484216099912869e-13,1.1807088640125583e-11
0.5,55080.0,7.032151467841314e-13,1.1052492254748358e-11
0.5,55152.0,6.60957347883689e-13,1.0346923318138578e-11
0.5,55224.0,6.213994735669226e-13,9.686829116617444e-12
0.5,55296.0,5.843816861713393e-13,9.067946393770397e-12
0.5,55368.0,5.497619001184889e-13,8.488854064125916e-12
0.5,55440.0,5.173979800644005e-13,7.94528887126944e-12
0.5,55512.0,4.870768052976333e-13,7.437961357936728e-12
0.5,55584.0,4.58727306232143e-13,6.9618977249774605e-12
0.5,55656.0,4.322251378891719e-13,6.5170979723916384e-12
0.5,55728.0,4.074815130516856e-13,6.1007199292362195e-12
0.5,55800.0,3.843897967156824e-13,5.711342510039685e-12
0.5,55872.0,3.6273689496654024e-13,5.346123543858994e-12
0.5,55944.0,3.4248725387065204e-13,5.004352487958385e-12
0.5,56016.0,3.2356982681067585e-13,4.68460825686634e-12
0.5,56088.0,3.0586027263597075e-13,4.385469765111339e-12
0.5,56160.0,2.893408316062595e-13,4.106226469957619e-12
0.5,56232.0,2.7386939900250745e-13,3.844036200462141e-12
0.5,56304.0,2.5941045151604335e-13,3.5996094993606677e-12
0.5,56376.0,2.458929387014083e-13,3.370814738445915e-12
0.5,56448.0,2.3328131428122913e-13,3.1555202895106047e-12
0.5,56520.0,2.2146902747007804e-13,2.9551472380262565e-12
0.5,56592.0,2.1043830321520996e-13,2.76685341304983e-12
0.5,56664.0,2.0015362586418794e-13,2.592059900052845e-12
0.5,56736.0,1.9052616991880788e-13,2.4279245280922623e-12
0.5,56808.0,1.8153817181067576e-13,2.2737367544323206e-12
0.5,56880.0,1.731363446627267e-13,2.13020712180878e-12
0.5,56952.0,1.6530294021903465e-13,1.9959145447501213e-12
0.5,57024.0,1.5800242751469466e-13,1.870859023256344e-12
0.5,57096.0,1.5118149670393961e-13,1.7529089291201669e-12
0.5,57168.0,1.4478688387840658e-13,1.6427748050773513e-12
0.5,57240.0,1.388363219815535e-13,1.5390355656563768e-12
0.5,57312.0,1.3325879119285743e-13,1.4438228390645235e-12
0.5,57384.0,1.2805429916855247e-13,1.3535839116229909e-12
0.5,57456.0,1.2324057119586244e-13,1.270450411539059e-12
0.5,57528.0,1.1867552169633741e-13,1.1922907106054482e-12
0.5,57600.0,1.1448349182061837e-13,1.1191048088221576e-12
0.5,57672.0,1.1055790781457535e-13,1.050182163453428e-12
0.5,57744.0,1.0689877733444238e-13,9.86943859970779e-13
0.5,57816.0,1.0345279053445236e-13,9.272582701669305e-13
0.5,57888.0,1.0027322663543628e-13,8.711253940418828e-13
0.5,57960.0,9.728909644180734e-14,8.199663170671556e-13
0.5,58032.0,9.450030807875724e-14,7.695177828281884e-13
0.5,58104.0,9.192471698948829e-14,7.247535904753022e-13
0.5,58176.0,8.954449835573428e-14,6.821210263296962e-13
0.5,58248.0,8.730639209724928e-14,6.430411758628906e-13
0.5,58320.0,8.521037141721427e-14,6.060929536033653e-13
0.5,58392.0,8.325648608115033e-14,5.719869022868805e-13
0.5,58464.0,8.144465569860024e-14,5.39301936441916e-13
0.5,58536.0,7.972165847048825e-14,5.094591415399919e-13
0.5,58608.0,7.817630075443325e-14,4.817479748453479e-13
0.5,58680.0,7.671975322411426e-14,4.561684363579843e-13
0.5,58752.0,7.533426379548827e-14,4.312994406063808e-13
0.5,58824.0,7.401981715608729e-14,4.085620730620576e-13
0.5,58896.0,7.281194044269927e-14,3.865352482534945e-13
0.5,58968.0,7.169286625881319e-14,3.666400516522117e-13
0.5,59040.0,7.068040411022724e-14,3.488764832582092e-13
0.5,59112.0,6.972120969812125e-14,3.3111291486420665e-13
0.5,59184.0,6.883305807524022e-14,3.1405988920596425e-13
0.5,59256.0,6.799822012624326e-14,2.9984903449076225e-13
0.5,59328.0,6.725218470674826e-14,2.8634872251132035e-13
0.5,59400.0,6.652391285564726e-14,2.735589532676385e-13
0.5,59472.0,6.58666991062393e-14,2.6147972675971685e-13
0.5,59544.0,6.522722595652326e-14,2.494005002517952e-13
0.5,59616.0,6.467658213312826e-14,2.387423592153936e-13
0.5,59688.0,6.416145779028726e-14,2.287947609147523e-13
0.5,59760.0,6.366410467207427e-14,2.1955770534987095e-13
0.5,59832.0,6.322003077469226e-14,2.1103119252074975e-13
0.5,59904.0,6.281147635786422e-14,2.0250467969162855e-13
0.5,59976.0,6.243847204652628e-14,1.9610979506978764e-13
0.5,60048.0,6.208321599111427e-14,1.8900436771218663e-13
0.5,60120.0,6.176348324437327e-14,1.8260948309034574e-13
0.5,60192.0,6.146151789414327e-14,1.7621459846850483e-13
0.5,60264.0,6.115955254391328e-14,1.7053025658242404e-13
0.5,60336.0,6.08931143304713e-14,1.6555645743210332e-13
0.5,60408.0,6.06621994257003e-14,1.6129320101754274e-13
0.5,60480.0,6.044905191744032e-14,1.5702994460298213e-13
0.5,60552.0,6.025366032134031e-14,1.5276668818842154e-13
0.5,60624.0,6.005826872524032e-14,1.4850343177386093e-13
0.5,60696.0,5.98806368694173e-14,1.4495071809506043e-13
0.5,60768.0,5.972076858198829e-14,1.4139800441625993e-13
0.5,60840.0,5.956091177891032e-14,1.3926637620897962e-13
0.5,60912.0,5.943657445638633e-14,1.364242052659392e-13
0.5,60984.0,5.931223330574532e-14,1.3287149158713873e-13
0.5,61056.0,5.922342312000933e-14,1.3145040611561853e-13
0.5,61128.0,5.913461293427335e-14,1.2931877790833823e-13
0.5,61200.0,5.902803535202634e-14,1.2718714970105792e-13
0.5,61272.0,5.893921751005633e-14,1.2434497875801753e-13
0.5,61344.0,5.886817089271434e-14,1.2292389328649734e-13
0.5,61416.0,5.881488401564935e-14,1.2221335055073723e-13
0.5,61488.0,5.876160096670136e-14,1.2150280781497712e-13
0.5,61560.0,5.869054669312535e-14,1.193711796076968e-13
0.5,61632.0,5.865501955633736e-14,1.1795009413617662e-13
0.5,61704.0,5.861950007578338e-14,1.1795009413617662e-13
0.5,61776.0,5.858396911087835e-14,1.158184659288963e-13
0.5,61848.0,5.856620937060137e-14,1.158184659288963e-13
0.5,61920.0,5.854844580220737e-14,1.151079231931362e-13
0.5,61992.0,5.853068223381337e-14,1.1439738045737614e-13
0.5,62064.0,5.851292249353637e-14,1.1439738045737614e-13
0.5,62136.0,5.849516275325939e-14,1.1439738045737614e-13
0.5,62208.0,5.847739918486538e-14,1.1368683772161603e-13
0.5,62280.0,5.845963561647137e-14,1.1297629498585593e-13
0.5,62352.0,5.845963561647137e-14,1.1297629498585593e-13
0.5,62424.0,5.845963561647137e-14,1.1297629498585593e-13
0.5,62496.0,5.845963561647137e-14,1.1297629498585593e-13
0.5,62568.0,5.845963561647137e-14,1.1297629498585593e-13
0.5,62640.0,5.845963561647137e-14,1.1297629498585593e-13
0.5,62712.0,5.845963561647137e-14,1.1297629498585593e-13
0.5,62784.0,5.845963561647137e-14,1.1297629498585593e-13
0.5,62856.0,5.845963561647137e-14,1.1297629498585593e-13
0.5,62928.0,5.845963561647137e-14,1.1297629498585593e-13
0.5,63000.0,5.845963561647137e-14,1.1297629498585593e-13
0.5,63072.0,5.845963561647137e-14,1.1297629498585593e-13
0.5,63144.0,5.845963561647137e-14,1.1297629498585593e-13
0.5,63216.0,5.845963561647137e-14,1.1297629498585593e-13
0.5,63288.0,5.845963561647137e-14,1.1297629498585593e-13
0.5,63360.0,5.845963561647137e-14,1.1297629498585593e-13
0.5,63432.0,5.845963561647137e-14,1.1297629498585593e-13
0.5,63504.0,5.845963561647137e-14,1.1297629498585593e-13
0.5,63576.0,5.845963561647137e-14,1.1297629498585593e-13
0.5,63648.0,5.845963561647137e-14,1.1297629498585593e-13
0.5,63720.0,5.845963561647137e-14,1.1297629498585593e-13
0.5,63792.0,5.845963561647137e-14,1.1297629498585593e-13
0.5,63864.0,5.845963561647137e-14,1.1297629498585593e-13
0.5,63936.0,5.845963561647137e-14,1.1297629498585593e-13
0.5,64008.0,5.845963561647137e-14,1.1297629498585593e-13
0.5,64080.0,5.845963561647137e-14,1.1297629498585593e-13
0.5,64152.0,5.845963561647137e-14,1.1297629498585593e-13
0.5,64224.0,5.845963561647137e-14,1.1297629498585593e-13
0.5,64296.0,5.845963561647137e-14,1.1297629498585593e-13
0.5,64368.0,5.845963561647137e-14,1.1297629498585593e-13
0.5,64440.0,5.845963561647137e-14,1.1297629498585593e-13
0.5,64512.0,5.845963561647137e-14,1.1297629498585593e-13
0.5,64584.0,5.845963561647137e-14,1.1297629498585593e-13
0.5,64656.0,5.845963561647137e-14,1.1297629498585593e-13
0.5,64728.0,5.845963561647137e-14,1.1297629498585593e-13
0.5,64800.0,5.845963561647137e-14,1.1297629498585593e-13
0.5,64872.0,5.845963561647137e-14,1.1297629498585593e-13
0.5,64944.0,5.845963561647137e-14,1.1297629498585593e-13
0.5,65016.0,5.845963561647137e-14,1.1297629498585593e-13
0.5,65088.0,5.845963561647137e-14,1.1297629498585593e-13
0.5,65160.0,5.845963561647137e-14,1.1297629498585593e-13
0.5,65232.0,5.845963561647137e-14,1.1297629498585593e-13
0.5,65304.0,5.845963561647137e-14,1.1297629498585593e-13
0.5,65376.0,5.845963561647137e-14,1.1297629498585593e-13
0.5,65448.0,5.845963561647137e-14,1.1297629498585593e-13
0.5,65520.0,5.845963561647137e-14,1.1297629498585593e-13
0.5,65592.0,5.845963561647137e-14,1.1297629498585593e-13
0.5,65664.0,5.845963561647137e-14,1.1297629498585593e-13
0.5,65736.0,5.845963561647137e-14,1.1297629498585593e-13
0.5,65808.0,5.845963561647137e-14,1.1297629498585593e-13
0.5,65880.0,5.845963561647137e-14,1.1297629498585593e-13
0.5,65952.0,5.845963561647137e-14,1.1297629498585593e-13
0.5,66024.0,5.845963561647137e-14,1.1297629498585593e-13
0.5,66096.0,5.845963561647137e-14,1.1297629498585593e-13
0.5,66168.0,5.845963561647137e-14,1.1297629498585593e-13
0.5,66240.0,5.845963561647137e-14,1.1297629498585593e-13
0.5,66312.0,5.845963561647137e-14,1.1297629498585593e-13
0.5,66384.0,5.845963561647137e-14,1.1297629498585593e-13
0.5,66456.0,5.845963561647137e-14,1.1297629498585593e-13
0.5,66528.0,5.845963561647137e-14,1.1297629498585593e-13
0.5,66600.0,5.845963561647137e-14,1.1297629498585593e-13
0.5,66672.0,5.845963561647137e-14,1.1297629498585593e-13
0.5,66744.0,5.845963561647137e-14,1.1297629498585593e-13
0.5,66816.0,5.845963561647137e-14,1.1297629498585593e-13
0.5,66888.0,5.845963561647137e-14,1.1297629498585593e-13
0.5,66960.0,5.845963561647137e-14,1.1297629498585593e-13
0.5,67032.0,5.845963561647137e-14,1.1297629498585593e-13
0.5,67104.0,5.845963561647137e-14,1.1297629498585593e-13
0.5,67176.0,5.845963561647137e-14,1.1297629498585593e-13
0.5,67248.0,5.845963561647137e-14,1.1297629498585593e-13
0.5,67320.0,5.845963561647137e-14,1.1297629498585593e-13
0.5,67392.0,5.845963561647137e-14,1.1297629498585593e-13
0.5,67464.0,5.845963561647137e-14,1.1297629498585593e-13
0.5,67536.0,5.845963561647137e-14,1.1297629498585593e-13
0.5,67608.0,5.845963561647137e-14,1.1297629498585593e-13
0.5,67680.0,5.845963561647137e-14,1.1297629498585593e-13
0.5,67752.0,5.845963561647137e-14,1.1297629498585593e-13
0.5,67824.0,5.845963561647137e-14,1.1297629498585593e-13
0.5,67896.0,5.845963561647137e-14,1.1297629498585593e-13
0.5,67968.0,5.845963561647137e-14,1.1297629498585593e-13
0.5,68040.0,5.845963561647137e-14,1.1297629498585593e-13
0.5,68112.0,5.845963561647137e-14,1.1297629498585593e-13
0.5,68184.0,5.845963561647137e-14,1.1297629498585593e-13
0.5,68256.0,5.845963561647137e-14,1.1297629498585593e-13
0.5,68328.0,5.845963561647137e-14,1.1297629498585593e-13
0.5,68400.0,5.845963561647137e-14,1.1297629498585593e-13
0.5,68472.0,5.845963561647137e-14,1.1297629498585593e-13
0.5,68544.0,5.845963561647137e-14,1.1297629498585593e-13
0.5,68616.0,5.845963561647137e-14,1.1297629498585593e-13
0.5,68688.0,5.845963561647137e-14,1.1297629498585593e-13
0.5,68760.0,5.845963561647137e-14,1.1297629498585593e-13
0.5,68832.0,5.845963561647137e-14,1.1297629498585593e-13
0.5,68904.0,5.845963561647137e-14,1.1297629498585593e-13
0.5,68976.0,5.845963561647137e-14,1.1297629498585593e-13
0.5,69048.0,5.845963561647137e-14,1.1297629498585593e-13
0.5,69120.0,5.845963561647137e-14,1.1297629498585593e-13
0.5,69192.0,5.845963561647137e-14,1.1297629498585593e-13
0.5,69264.0,5.845963561647137e-14,1.1297629498585593e-13
0.5,69336.0,5.845963561647137e-14,1.1297629498585593e-13
0.5,69408.0,5.845963561647137e-14,1.1297629498585593e-13
0.5,69480.0,5.845963561647137e-14,1.1297629498585593e-13
0.5,69552.0,5.845963561647137e-14,1.1297629498585593e-13
0.5,69624.0,5.845963561647137e-14,1.1297629498585593e-13
0.5,69696.0,5.845963561647137e-14,1.1297629498585593e-13
0.5,69768.0,5.845963561647137e-14,1.1297629498585593e-13
0.5,69840.0,5.845963561647137e-14,1.1297629498585593e-13
0.5,69912.0,5.845963561647137e-14,1.1297629498585593e-13
0.5,69984.0,5.845963561647137e-14,1.1297629498585593e-13
0.5,70056.0,5.845963561647137e-14,1.1297629498585593e-13
0.5,70128.0,5.845963561647137e-14,1.1297629498585593e-13
0.5,70200.0,5.845963561647137e-14,1.1297629498585593e-13
0.5,70272.0,5.845963561647137e-14,1.1297629498585593e-13
0.5,70344.0,5.845963561647137e-14,1.1297629498585593e-13
0.5,70416.0,5.845963561647137e-14,1.1297629498585593e-13
0.5,70488.0,5.845963561647137e-14,1.1297629498585593e-13
0.5,70560.0,5.845963561647137e-14,1.1297629498585593e-13
0.5,70632.0,5.845963561647137e-14,1.1297629498585593e-13
0.5,70704.0,5.845963561647137e-14,1.1297629498585593e-13
0.5,70776.0,5.845963561647137e-14,1.1297629498585593e-13
0.5,70848.0,5.845963561647137e-14,1.1297629498585593e-13
0.5,70920.0,5.845963561647137e-14,1.1297629498585593e-13
0.5,70992.0,5.845963561647137e-14,1.1297629498585593e-13
0.5,71064.0,5.845963561647137e-14,1.1297629498585593e-13
0.5,71136.0,5.845963561647137e-14,1.1297629498585593e-13
0.5,71208.0,5.845963561647137e-14,1.1297629498585593e-13
0.5,71280.0,5.845963561647137e-14,1.1297629498585593e-13
0.5,71352.0,5.845963561647137e-14,1.1297629498585593e-13
0.5,71424.0,5.845963561647137e-14,1.1297629498585593e-13
0.5,71496.0,5.845963561647137e-14,1.1297629498585593e-13
0.5,71568.0,5.845963561647137e-14,1.1297629498585593e-13
0.5,71640.0,5.845963561647137e-14,1.1297629498585593e-13
0.5,71712.0,5.845963561647137e-14,1.1297629498585593e-13
0.5,71784.0,5.845963561647137e-14,1.1297629498585593e-13
0.5,71856.0,5.845963561647137e-14,1.1297629498585593e-13
0.5,71928.0,5.845963561647137e-14,1.1297629498585593e-13
0.5,72000.0,5.845963561647137e-14,1.1297629498585593e-13
1.0,0.0,1.0,1.0
1.0,72.0,0.9958806347657776,0.9999999999999991
1.0,144.0,0.9917612695315556,0.9999999999999986
1.0,216.0,0.9876419042973337,0.9999999999999986
1.0,288.0,0.9835225390631117,0.9999999999999979
1.0,360.0,0.9794031738288898,0.9999999999999936
1.0,432.0,0.9752838085946678,0.9999999999999836
1.0,504.0,0.9711644433604457,0.9999999999999608
1.0,576.0,0.9670450781262242,0.9999999999999117
1.0,648.0,0.9629257128920031,0.9999999999998124
1.0,720.0,0.9588063476577826,0.9999999999996184
1.0,792.0,0.9546869824235638,0.9999999999992567
1.0,864.0,0.9505676171893472,0.999999999998608
1.0,936.0,0.9464482519551355,0.9999999999974784
1.0,1008.0,0.942328886720932,0.9999999999955604
1.0,1080.0,0.9382095214867412,0.9999999999923843
1.0,1152.0,0.9340901562525716,0.999999999987235
1.0,1224.0,0.929970791018436,0.9999999999790539
1.0,1296.0,0.9258514257843528,0.9999999999662911
1.0,1368.0,0.9217320605503502,0.9999999999467079
1.0,1440.0,0.9176126953164695,0.9999999999171221
1.0,1512.0,0.9134933300827706,0.9999999998730579
1.0,1584.0,0.9093739648493381,0.9999999998083005
1.0,1656.0,0.9052545996162927,0.9999999997143064
1.0,1728.0,0.9011352343838032,0.9999999995794567
1.0,1800.0,0.8970158691521019,0.9999999993880961
1.0,1872.0,0.8928965039215074,0.9999999991193226
1.0,1944.0,0.8887771386924532,0.99999999874547
1.0,2016.0,0.8846577734655218,0.9999999982302086
1.0,2088.0,0.8805384082414901,0.9999999975262048
1.0,2160.0,0.8764190430213882,0.9999999965722325
1.0,2232.0,0.8722996778065698,0.9999999952896522
1.0,2304.0,0.8681803125988019,0.9999999935781204
1.0,2376.0,0.8640609474003753,0.9999999913104174
1.0,2448.0,0.8599415822142417,0.9999999883262275
1.0,2520.0,0.8558222170441802,0.9999999844246957
1.0,2592.0,0.8517028518950001,0.9999999793555843
1.0,2664.0,0.8475834867727885,0.9999999728088085
1.0,2736.0,0.8434641216852075,0.9999999644020837
1.0,2808.0,0.83934475664185,0.9999999536664724
1.0,2880.0,0.8352253916546687,0.9999999400294677
1.0,2952.0,0.8311060267384807,0.9999999227953608
1.0,3024.0,0.8269866619115716,0.9999999011224701
1.0,3096.0,0.8228672971964022,0.9999998739968965
1.0,3168.0,0.818747932620445,0.9999998402023577
1.0,3240.0,0.8146285682171581,0.9999997982856554
1.0,3312.0,0.810509204027124,0.999999746517291
1.0,3384.0,0.8063898400993724,0.9999996828466926
1.0,3456.0,0.8022704764929114,0.9999996048515115
1.0,3528.0,0.7981511132784949,0.9999995096803829
1.0,3600.0,0.7940317505406557,0.9999993939885058
1.0,3672.0,0.7899123883800344,0.9999992538654211
1.0,3744.0,0.785793026916044,0.9999990847542348
1.0,3816.0,0.7816736662899021,0.9999988813615935
1.0,3888.0,0.7775543066680778,0.9999986375576355
1.0,3960.0,0.7734349482461936,0.9999983462651321
1.0,4032.0,0.7693155912534331,0.999997999336999
1.0,4104.0,0.7651962359575036,0.9999975874213453
1.0,4176.0,0.7610768826702102,0.9999970998131976
1.0,4248.0,0.756957531753699,0.9999965242920325
1.0,4320.0,0.7528381836274304,0.9999958469442233
1.0,4392.0,0.7487188387759531,0.9999950519695281
1.0,4464.0,0.7445994977575402,0.9999941214707064
1.0,4536.0,0.7404801612137684,0.9999930352253983
1.0,4608.0,0.7363608298801122,0.99999177043939
1.0,4680.0,0.7322415045976346,0.9999903014803818
1.0,4752.0,0.7281221863258592,0.999988599591468
1.0,4824.0,0.7240028761569081,0.9999866325834909
1.0,4896.0,0.7198835753309983,0.9999843645055214
1.0,4968.0,0.7157642852533892,0.9999817552927446
1.0,5040.0,0.7116450075128737,0.9999787603910981
1.0,5112.0,0.707525743901917,0.9999753303580445
1.0,5184.0,0.7034064964385387,0.9999714104389582
1.0,5256.0,0.6992872673900427,0.9999669401186828
1.0,5328.0,0.6951680592986967,0.999961852647884
1.0,5400.0,0.6910488750094713,0.9999560745439197
1.0,5472.0,0.6869297176999373,0.9999495250660914
1.0,5544.0,0.6828105909124316,0.9999421156651862
1.0,5616.0,0.6786914985885976,0.9999337494073991
1.0,5688.0,0.6745724451064008,0.9999243203727998
1.0,5760.0,0.6704534353197287,0.9999137130286966
1.0,5832.0,0.6663344746006707,0.9999018015783185
1.0,5904.0,0.6622155688845842,0.9998884492854571
1.0,5976.0,0.658096724718033,0.9998735077757978
1.0,6048.0,0.6539779493097015,0.9998568163158659
1.0,6120.0,0.6498592505843639,0.999838201070645
1.0,6192.0,0.6457406372399954,0.9998174743411162
1.0,6264.0,0.6416221188081006,0.9997944337830972
1.0,6336.0,0.6375037057173311,0.9997688616089541
1.0,6408.0,0.6333854093604536,0.9997405237739285
1.0,6480.0,0.6292672421647285,0.9997091691489579
1.0,6552.0,0.6251492176657382,0.999674528682069
1.0,6624.0,0.6210313505847128,0.9996363145505768
1.0,6696.0,0.6169136569093726,0.9995942193064726
1.0,6768.0,0.6127961539783101,0.9995479150175697
1.0,6840.0,0.6086788605689171,0.9994970524070773
1.0,6912.0,0.6045617969888486,0.999441259994498
1.0,6984.0,0.6004449851710105,0.9993801432408019
1.0,7056.0,0.5963284487720365,0.9993132837010208
1.0,7128.0,0.592212213274211,0.9992402381874981
1.0,7200.0,0.5880963060907848,0.9991605379471706
1.0,7272.0,0.5839807566746035,0.999073687856319
1.0,7344.0,0.5798655966299691,0.9989791656363641
1.0,7416.0,0.575750859827629,0.998876421094333
1.0,7488.0,0.5716365825227785,0.9987648753916857
1.0,7560.0,0.5675228034759409,0.9986439203452568
1.0,7632.0,0.5634095640765819,0.9985129177641049
1.0,7704.0,0.5592969084692893,0.9983711988260635
1.0,7776.0,0.555184883682344,0.998218063497807
1.0,7848.0,0.5510735397584839,0.9980527800022547
1.0,7920.0,0.546962929887652,0.9978745843370581
1.0,7992.0,0.542853110541501,0.9976826798479295
1.0,8064.0,0.5387441416094155,0.9974762368604574
1.0,8136.0,0.5346360865357946,0.9972543923740326
1.0,8208.0,0.5305290124583263,0.9970162498213525
1.0,8280.0,0.5264229903469657,0.9967608788969172
1.0,8352.0,0.5223180951433259,0.9964873154577341
1.0,8424.0,0.5182144059001642,0.9961945614993942
1.0,8496.0,0.5141120059206465,0.9958815852104245
1.0,8568.0,0.5100109828970527,0.9955473211077012
1.0,8640.0,0.5059114290485801,0.9951906702555078
1.0,8712.0,0.5018134412578907,0.994810500570589
1.0,8784.0,0.4977171212060377,0.9944056472153647
1.0,8856.0,0.4936225755054023,0.993974913081189
1.0,8928.0,0.4895299158302608,0.9935170693633373
1.0,9000.0,0.48543925904460095,0.993030856229101
1.0,9072.0,0.48135072732679657,0.9925149835801335
1.0,9144.0,0.4772644482907507,0.9919681319098749
1.0,9216.0,0.47318055510311346,0.9913889532566421
1.0,9288.0,0.46909918659617705,0.9907760722526077
1.0,9360.0,0.4650204873760557,0.9901280872686555
1.0,9432.0,0.46094460792575676,0.9894435716547406
1.0,9504.0,0.4568717047027496,0.9887210750751008
1.0,9576.0,0.45280194023065035,0.9879591249373368
1.0,9648.0,0.4487354831846356,0.9871562279140526
1.0,9720.0,0.44467250847021456,0.9863108715554723
1.0,9792.0,0.4406131972949929,0.9854215259910702
1.0,9864.0,0.4365577372330663,0.9844866457180017
1.0,9936.0,0.43250632228170227,0.9835046714737706
1.0,10008.0,0.42845915290997166,0.9824740321902873
1.0,10080.0,0.42441643609900825,0.9813931470261593
1.0,10152.0,0.42037838537358924,0.9802604274737858
1.0,10224.0,0.41634522082474146,0.9790742795375288
1.0,10296.0,0.4123171691231004,0.9778331059789663
1.0,10368.0,0.40829446352276033,0.9765353086249853
1.0,10440.0,0.40427734385537656,0.9751792907342142
1.0,10512.0,0.40026605651429814,0.9737634594170514
1.0,10584.0,0.39626085442853226,0.9722862281043587
1.0,10656.0,0.39226199702635856,0.9707460190596393
1.0,10728.0,0.38826975018843946,0.9691412659293646
1.0,10800.0,0.3842843861902881,0.9674704163259341
1.0,10872.0,0.380306183633988,0.9657319344375884
1.0,10944.0,0.37633542736907155,0.9639243036594564
1.0,11016.0,0.3723724084024996,0.9620460292398197
1.0,11088.0,0.3684174237977015,0.9600956409355574
1.0,11160.0,0.3644707765626637,0.958071695670651
1.0,11232.0,0.36053277552707996,0.9559727801915876
1.0,11304.0,0.3566037352086014,0.9537975137134451
1.0,11376.0,0.35268397566825066,0.9515445505504152
1.0,11448.0,0.3487738223550889,0.9492125827245338
1.0,11520.0,0.3448736059402538,0.9468003425463962
1.0,11592.0,0.3409836621405044,0.9443066051616766
1.0,11664.0,0.3371043315314458,0.94173019105732
1.0,11736.0,0.3332359593506168,0.9390699685213726
1.0,11808.0,0.32937889529066455,0.9363248560504808
1.0,11880.0,0.3255334932828376,0.9334938246992344
1.0,11952.0,0.32170011127106657,0.930575900365639
1.0,12024.0,0.3178791109769151,0.9275701660071668
1.0,12096.0,0.3140708576557108,0.9244757637819887
1.0,12168.0,0.31027571984418467,0.9212918971101829
1.0,12240.0,0.30649406909997085,0.9180178326499173
1.0,12312.0,0.30272627973333466,0.91465290218378
1.0,12384.0,0.29897272853152046,0.9111965044107329
1.0,12456.0,0.295233794476123,0.9076481066393064
1.0,12528.0,0.2915098584539087,0.9040072463779885
1.0,12600.0,0.287801302961524,0.90027353281897
1.0,12672.0,0.2841085118045458,0.8964466482117103
1.0,12744.0,0.2804318697913412,0.8925263491230531
1.0,12816.0,0.2767717624222156,0.8885124675809087
1.0,12888.0,0.2731285755743404,0.884404912098838
1.0,12960.0,0.26950269518296066,0.8802036685791499
1.0,13032.0,0.2658945069193913,0.8759088010924393
1.0,13104.0,0.2623043958663184,0.8715204525318135
1.0,13176.0,0.2587327461909273,0.8670388451403652
1.0,13248.0,0.25517994081638534,0.8624642809107356
1.0,13320.0,0.25164636109220867,0.8577971418559932
1.0,13392.0,0.24813238646404528,0.8530378901512967
1.0,13464.0,0.24463839414340732,0.8481870681461743
1.0,13536.0,0.24116475877788524,0.8432452982475431
1.0,13608.0,0.2377118521223751,0.8382132826739145
1.0,13680.0,0.23428004271184594,0.8330918030814984
1.0,13752.0,0.2308696955361693,0.8278817200633013
1.0,13824.0,0.22748117171753188,0.8225839725224922
1.0,13896.0,0.22411482819093964,0.8171995769217019
1.0,13968.0,0.22077101738831753,0.8117296264101426
1.0,14040.0,0.21745008692670004,0.8061752898307097
1.0,14112.0,0.21415237930099487,0.8005378106095151
1.0,14184.0,0.21087823158179606,0.7948185055305301
1.0,14256.0,0.2076279751187044,0.7890187633982619
1.0,14328.0,0.2044019352496059,0.7831400435916243
1.0,14400.0,0.2012004310163415,0.7771838745123879
1.0,14472.0,0.19802377488718784,0.7711518519317755
1.0,14544.0,0.19487227248655223,0.765045637238996
1.0,14616.0,0.19174622233227143,0.7588669555956855
1.0,14688.0,0.18864591558088248,0.7526175940003597
1.0,14760.0,0.1855716357812204,0.7462993992672039
1.0,14832.0,0.18252365863667616,0.7399142759235936
1.0,14904.0,0.17950225177643211,0.7334641840309302
1.0,14976.0,0.17650767453597022,0.7269511369334594
1.0,15048.0,0.17354017774713115,0.720377198939839
1.0,15120.0,0.17060000353798063,0.7137444829423422
1.0,15192.0,0.16768738514271977,0.7070551479786168
1.0,15264.0,0.16480254672185535,0.7003113967409901
1.0,15336.0,0.16194570319282592,0.6935154730383934
1.0,15408.0,0.15911706007125662,0.6866696592159649
1.0,15480.0,0.15631681332299752,0.6797762735374078
1.0,15552.0,0.1535451492270777,0.6728376675352621
1.0,15624.0,0.1508022442496848,0.6658562233341264
1.0,15696.0,0.14808826492926225,0.6588343509519383
1.0,15768.0,0.14540336777279295,0.6517744855843752
1.0,15840.0,0.14274769916331917,0.644679084877331
1.0,15912.0,0.14012139527872544,0.637550626192479
1.0,15984.0,0.13752458202179485,0.6303916038707492
1.0,16056.0,0.13495737496152685,0.62320452649857
1.0,16128.0,0.13241987928568538,0.615991914181575
1.0,16200.0,0.1299121897645278,0.6087562958304039
1.0,16272.0,0.12743439072564625,0.6015002064631246
1.0,16344.0,0.12498655603983434,0.5942261845286821
1.0,16416.0,0.122568749117876,0.5869367692556565
1.0,16488.0,0.12018102291813346,0.5796344980304923
1.0,16560.0,0.1178234199647979,0.5723219038092139
1.0,16632.0,0.11549597237664853,0.5650015125665157
1.0,16704.0,0.11319870190614935,0.5576758407859258
1.0,16776.0,0.11093161998870232,0.5503473929946722
1.0,16848.0,0.10869472780185607,0.5430186593465954
1.0,16920.0,0.10648801633426064,0.5356921132564217
1.0,16992.0,0.10431146646414301,0.5283702090884453
1.0,17064.0,0.10216504904706812,0.521055379902539
1.0,17136.0,0.10004872501273672,0.5137500352602451
1.0,17208.0,0.0979624454705633,0.5064565590934947
1.0,17280.0,0.09590615182376533,0.4991773076383538
1.0,17352.0,0.09387977589168743,0.49191460743600574
1.0,17424.0,0.09188324004007492,0.48467075340299387
1.0,17496.0,0.08991645731900341,0.4774480069725797
1.0,17568.0,0.08797933160816555,0.47024859430888877
1.0,17640.0,0.08607175776920789,0.46307470459534406
1.0,17712.0,0.08419362180480688,0.45592848839869254
1.0,17784.0,0.08234480102416848,0.4488120561097844
1.0,17856.0,0.08052516421462996,0.44172747646205435
1.0,17928.0,0.07873457181904175,0.4346767751285249
1.0,18000.0,0.0769728761186021,0.42766193339794895
1.0,18072.0,0.07523992142081773,0.42068488693055456
1.0,18144.0,0.07353554425226094,0.4137475245937111
1.0,18216.0,0.07185957355579274,0.40685168737765165
1.0,18288.0,0.07021183089192361,0.39999916739123825
1.0,18360.0,0.0685921306439803,0.39319170693763106
1.0,18432.0,0.06700028022675461,0.38643099766954303
1.0,18504.0,0.06543608029830436,0.37971867982364166
1.0,18576.0,0.06389932497458503,0.3730563415335275
1.0,18648.0,0.062389802046590795,0.36644551822055854
1.0,18720.0,0.060907293199687386,0.3598876920617201
1.0,18792.0,0.05945157423482393,0.35338429153354906
1.0,18864.0,0.05802241529131449,0.3469366910310761
1.0,18936.0,0.05661958107088515,0.34054621056058776
1.0,19008.0,0.05524283106268791,0.3342141155049404
1.0,19080.0,0.05389191976898788,0.32794161646003983
1.0,19152.0,0.052566596931237566,0.32172986914102353
1.0,19224.0,0.05126660775625623,0.3155799743565993
1.0,19296.0,0.049991693142241785,0.3094929780498823
1.0,19368.0,0.04874158990434604,0.30346987140404946
1.0,19440.0,0.04751603099955708,0.29751159101101693
1.0,19512.0,0.046314745750633185,0.2916190191013115
1.0,19584.0,0.04513746006884602,0.2857929838332353
1.0,19656.0,0.04398389667529639,0.28003425963937967
1.0,19728.0,0.042853775320575056,0.27434356762850104
1.0,19800.0,0.04174681300254763,0.268721576040717
1.0,19872.0,0.04066272418205326,0.263168900753972
1.0,19944.0,0.03960122099631537,0.2576861058396524
1.0,20016.0,0.03856201346986845,0.25227370416527245
1.0,20088.0,0.03754480972281866,0.24693215804204413
1.0,20160.0,0.036549316176259034,0.2416618799152225
1.0,20232.0,0.03557523775467561,0.236463233095035
1.0,20304.0,0.03462227808518224,0.23133653252605482
1.0,20376.0,0.03369013969343845,0.22628204559281995
1.0,20448.0,0.03277852419610715,0.22129999295957103
1.0,20520.0,0.03188713248972184,0.2163905494419353
1.0,20592.0,0.031015664935839998,0.2115538449084191
1.0,20664.0,0.03016382154236964,0.20678996520958107
1.0,20736.0,0.029331302140961735,0.20209895313278992
1.0,20808.0,0.028517806560373716,0.19748080938048315
1.0,20880.0,0.027723034795714568,0.1929354935698647
1.0,20952.0,0.02694668717349157,0.1884629252520213
1.0,21024.0,0.026188464512387714,0.1840629849484614
1.0,21096.0,0.02544806827970487,0.17973551520313505
1.0,21168.0,0.024725200743418066,0.17548032164798003
1.0,21240.0,0.024019565119791725,0.17129717408015704
1.0,21312.0,0.023330865716518573,0.16718580754910234
1.0,21384.0,0.0226588080713469,0.16314592345162493
1.0,21456.0,0.02200309908617091,0.1591771906332937
1.0,21528.0,0.02136344715656562,0.1552792464944197
1.0,21600.0,0.02073956229675286,0.15145169809897824
1.0,21672.0,0.020131156259994162,0.14769412328488085
1.0,21744.0,0.0195379426544112,0.1440060717740451
1.0,21816.0,0.018959637054239788,0.14038706628076483
1.0,21888.0,0.018395957106531056,0.1368366036169583
1.0,21960.0,0.017846622633318838,0.13335415579287682
1.0,22032.0,0.01731135572927649,0.1299391711119881
1.0,22104.0,0.016789880854892834,0.12659107525871033
1.0,22176.0,0.016281924925202383,0.12330927237782206
1.0,22248.0,0.01578721739410691,0.12009314614435738
1.0,22320.0,0.015305490334334782,0.116942060822889
1.0,22392.0,0.014836478513084037,0.11385536231514876
1.0,22464.0,0.014379919463402066,0.110832379194985
1.0,22536.0,0.013935553551358474,0.10787242372973295
1.0,22608.0,0.013503124039069734,0.10497479288708716
1.0,22680.0,0.013082377143639143,0.10213876932667389
1.0,22752.0,0.012673062092079043,0.09936362237552458
1.0,22824.0,0.01227493117228308,0.09664860898674518
1.0,22896.0,0.011887739780122291,0.09399297468069888
1.0,22968.0,0.011511246462737941,0.09139595446809068
1.0,23040.0,0.011145212958109009,0.08885677375438235
1.0,23112.0,0.010789404230973288,0.0863746492250172
1.0,23184.0,0.01044358850518272,0.08394878971099899
1.0,23256.0,0.010107537292575682,0.08157839703438015
1.0,23328.0,0.009781025418450762,0.07926266683331064
1.0,23400.0,0.009463831043727538,0.07700078936628854
1.0,23472.0,0.009155735683881167,0.07479195029536143
1.0,23544.0,0.0088565242247381,0.07263533144799154
1.0,23616.0,0.008565984935222598,0.07053011155743719
1.0,23688.0,0.008283909477142143,0.06847546698143034
1.0,23760.0,0.008010092912102456,0.0664705723990771
1.0,23832.0,0.007744333705641894,0.0645146014858696
1.0,23904.0,0.0074864337286749405,0.06260672756676443
1.0,23976.0,0.007236198256336793,0.06074612424731782
1.0,24048.0,0.006993435964317706,0.0589319660228945
1.0,24120.0,0.006757958922778087,0.057163428866000024
1.0,24192.0,0.006529582587934261,0.05543969079181607
1.0,24264.0,0.0063081257914031,0.053759932402055455
1.0,24336.0,0.006093410727395954,0.05212333740726649
1.0,24408.0,0.005885262937848658,0.05052909312776065
1.0,24480.0,0.005683511295575395,0.048976390973331264
1.0,24552.0,0.00548798798553294,0.047464426902015334
1.0,24624.0,0.005298528484280419,0.04599240185808569
1.0,24696.0,0.005114971537719137,0.044559522189568664
1.0,24768.0,0.004937159137196411,0.04316500004552779
1.0,24840.0,0.004764936494053931,0.04180805375344363
1.0,24912.0,0.004598152012703373,0.04048790817696073
1.0,24984.0,0.004436657262306852,0.03920379505436528
1.0,25056.0,0.004280306947141766,0.03795495331809633
1.0,25128.0,0.004128958875725842,0.036740629395673345
1.0,25200.0,0.0039824739287773895,0.035560077492390714
1.0,25272.0,0.003840716026085353,0.03441255985615612
1.0,25344.0,0.003703552092359202,0.03329734702486747
1.0,25416.0,0.0035708520221313673,0.03221371805670756
1.0,25488.0,0.0034424886437784104,0.031160960743778787
1.0,25560.0,0.0033183376827303833,0.030138371809466945
1.0,25632.0,0.0031982777239314883,0.029145257089967912
1.0,25704.0,0.003082190173616926,0.028180931700379826
1.0,25776.0,0.002969959220467401,0.027244720185795046
1.0,25848.0,0.0028614717962011497,0.02633595665782593
1.0,25920.0,0.00275661753566175,0.02545398491696673
1.0,25992.0,0.002655288736458586,0.024598158561252602
1.0,26064.0,0.002557380318214432,0.023767841081627945
1.0,26136.0,0.0024627897814726695,0.02296240594446388
1.0,26208.0,0.00237141716631672,0.022181236661644732
1.0,26280.0,0.0022831650107488013,0.021423726848669132
1.0,26352.0,0.0021979383088786717,0.020689280271174938
1.0,26424.0,0.002115644468965002,0.01997731088032779
1.0,26496.0,0.002036193271356319,0.01928724283747911
1.0,26568.0,0.001959496826372184,0.018618510528523303
1.0,26640.0,0.0018854695321661287,0.01797055856835783
1.0,26712.0,0.0018140280326095822,0.017342841795873906
1.0,26784.0,0.0017450911752334248,0.016734825259839426
1.0,26856.0,0.0016785799692636166,0.016145984196126763
1.0,26928.0,0.001614417543784784,0.015575803996636493
1.0,27000.0,0.0015525291060646056,0.01502378017030992
1.0,27072.0,0.0014928419000693615,0.014489418296631128
1.0,27144.0,0.0014352851652006842,0.013972233971966118
1.0,27216.0,0.00137979009528202,0.013471752749113362
1.0,27288.0,0.0013262897978187592,0.012987510070426821
1.0,27360.0,0.0012747192535611596,0.012519051194860962
1.0,27432.0,0.0012250152763899388,0.012065931119270344
1.0,27504.0,0.0011771164735484684,0.011627714494323982
1.0,27576.0,0.0011309632062431467,0.011203975535324416
1.0,27648.0,0.001086497550629588,0.010794297928281082
1.0,27720.0,0.0010436632592045645,0.010398274731543464
1.0,27792.0,0.0010024057226205656,0.010015508273276906
1.0,27864.0,0.000962671931937907,0.009645610045095053
1.0,27936.0,0.0009244104413301881,0.009288200592128959
1.0,28008.0,0.0008875713312558574,0.008942909399804933
1.0,28080.0,0.0008521061721086375,0.008609374777602596
1.0,28152.0,0.0008179679883583384,0.008287243740056738
1.0,28224.0,0.0007851112231921283,0.007976171885243133
1.0,28296.0,0.0007534917036654126,0.007675823271010527
1.0,28368.0,0.0007230666063717514,0.00738587028916342
1.0,28440.0,0.0006937944236372498,0.007105993537859945
1.0,28512.0,0.000665634930248322,0.0068358816924103385
1.0,28584.0,0.0006385491507163797,0.006575231374698375
1.0,28656.0,0.0006124993270862484,0.006323747021433234
1.0,28728.0,0.0005874488872904434,0.006081140751412306
1.0,28800.0,0.0005633624140539755,0.005847132231998131
1.0,28872.0,0.0005402056143518541,0.005621448544962959
1.0,28944.0,0.0005179452894206556,0.005403824051894901
1.0,29016.0,0.000496549305325824,0.005194000259318442
1.0,29088.0,0.00047598656408563087,0.004991725683683512
1.0,29160.0,0.00045622697535063544,0.004796755716365908
1.0,29232.0,0.0004372414286385243,0.004608852488843951
1.0,29304.0,0.0004190017661235276,0.004427784738149398
1.0,29376.0,0.00040148075597861934,0.004253327672750372
1.0,29448.0,0.0003846520662670721,0.00408526283897217
1.0,29520.0,0.00036849023938230073,0.003923377988074606
1.0,29592.0,0.0003529706670317668,0.003767466944086806
1.0,29664.0,0.000338069565761995,0.003617329472510988
1.0,29736.0,0.0003237639530203125,0.0034727711499897393
1.0,29808.0,0.00031003162374933365,0.0033336032350106846
1.0,29880.0,0.0002968511275091806,0.0031996425397558424
1.0,29952.0,0.0002842017461226584,0.003070711303161033
1.0,30024.0,0.0002720634718380948,0.0029466370652535545
1.0,30096.0,0.000260416986004708,0.002827252542849123
1.0,30168.0,0.0002492436382530784,0.0027123955066656433
1.0,30240.0,0.00023852542617685123,0.0026019086599070817
1.0,30312.0,0.00022824497550772986,0.002495639518377146
1.0,30384.0,0.00021838552077805767,0.002393440292167526
1.0,30456.0,0.0002089308864638466,0.0022951677689711397
1.0,30528.0,0.00019986546860216087,0.00220068319905522
1.0,30600.0,0.00019117421687468304,0.0021098521819290284
1.0,30672.0,0.00018284261715121035,0.0020225445547474405
1.0,30744.0,0.00017485667448610017,0.0019386342824724069
1.0,30816.0,0.00016720289655929767,0.001857999349814321
1.0,30888.0,0.00015986827755496455,0.0017805216549881206
1.0,30960.0,0.00015284028247088753,0.0017060869052855309
1.0,31032.0,0.00014610683184946546,0.0016345845144996928
1.0,31104.0,0.00013965628692494555,0.0015659075021851264
1.0,31176.0,0.00013347743517692538,0.0014999523947970771
1.0,31248.0,0.00012755947628331792,0.0014366191286939054
1.0,31320.0,0.0001218920084664017,0.0013758109550096264
1.0,31392.0,0.00011646501522147616,0.0013174343464122272
1.0,31464.0,0.00011126885242275714,0.0012613989057236096
1.0,31536.0,0.0001062942357980399,0.0012076172764260208
1.0,31608.0,0.00010153222876377976,0.001156005055030107
1.0,31680.0,9.697423061405479e-05,0.0011064807053017488
1.0,31752.0,9.261196505475845e-05,0.001058965474353357
1.0,31824.0,8.843746907632616e-05,0.001013383310561977
1.0,31896.0,8.444308215653971e-05,0.0009696607833333815
1.0,31968.0,8.062143578660676e-05,0.0009277270046759156
1.0,32040.0,7.696544331323213e-05,0.0008875135525805433
1.0,32112.0,7.346829008822514e-05,0.0008489543961900381
1.0,32184.0,7.012342391944397e-05,0.0008119858227260578
1.0,32256.0,6.69245458158118e-05,0.0007765463661883131
1.0,32328.0,6.386560101857067e-05,0.0007425767377654324
1.0,32400.0,6.0940770311987824e-05,0.0007100197579717359
1.0,32472.0,5.814446160719054e-05,0.0006788202904630225
1.0,32544.0,5.54713017913134e-05,0.0006489251775263937
1.0,32616.0,5.2916128835759064e-05,0.0006202831772142758
1.0,32688.0,5.0473984156822066e-05,0.0005928449020991877
1.0,32760.0,4.8140105221818695e-05,0.0005665627596258104
1.0,32832.0,4.590991839493284e-05,0.0005413908940269607
1.0,32904.0,4.377903201506788e-05,0.0005172851298063108
1.0,32976.0,4.1743229701406e-05,0.0004942029167196438
1.0,33048.0,3.979846387820206e-05,0.000472103276265301
1.0,33120.0,3.7940849515258844e-05,0.00045094674964119
1.0,33192.0,3.61666580758066e-05,0.0004306953471427732
1.0,33264.0,3.447231166720336e-05,0.00041131249896935167
1.0,33336.0,3.285437738912705e-05,0.0003927630074379351
1.0,33408.0,3.130956187238591e-05,0.00037501300053790484
1.0,33480.0,2.9834706003851273e-05,0.00035802988683002467
1.0,33552.0,2.8426779831635155e-05,0.0003417823116556917
1.0,33624.0,2.708287764557247e-05,0.0003262401146145066
1.0,33696.0,2.5800213227503027e-05,0.0003113742883066095
1.0,33768.0,2.4576115266822142e-05,0.0002971569382950178
1.0,33840.0,2.3408022935510018e-05,0.0002835612442687818
1.0,33912.0,2.2293481618589338e-05,0.00027056142237071864
1.0,33984.0,2.1230138795037578e-05,0.00025813268868333237
1.0,34056.0,2.0215740064855276e-05,0.0002462512238231795
1.0,34128.0,1.9248125316534957e-05,0.00023489413863089222
1.0,34200.0,1.832522503256791e-05,0.00022403944092630465
1.0,34272.0,1.7445056726896624e-05,0.0002136660033087878
1.0,34344.0,1.660572151104356e-05,0.00020375353196229183
1.0,34416.0,1.5805400784796225e-05,0.00019428253646225355
1.0,34488.0,1.5042353047042155e-05,0.00018523430053747346
1.0,34560.0,1.431491082341534e-05,0.00017659085378269877
1.0,34632.0,1.3621477706401272e-05,0.0001683349442693327
1.0,34704.0,1.2960525504898895e-05,0.00016045001206776988
1.0,34776.0,1.2330591499260722e-05,0.0001529201636230937
1.0,34848.0,1.1730275798293825e-05,0.0001457301469869776
1.0,34920.0,1.1158238794579863e-05,0.00013886532786031578
1.0,34992.0,1.0613198715823427e-05,0.0001323116664423196
1.0,35064.0,1.0093929268089061e-05,0.000126055695056948
1.0,35136.0,9.599257368032272e-06,0.00012008449652896046
1.0,35208.0,9.128060960979969e-06,0.0001143856833060397
1.0,35280.0,8.679266922710852e-06,0.00010894737727724646
1.0,35352.0,8.251849040939676e-06,0.00010375819030201683
1.0,35424.0,7.844826074177792e-06,9.880720539783282e-05
1.0,35496.0,7.457259886193764e-06,9.408395858798712e-05
1.0,35568.0,7.088253651473426e-06,8.957842138030968e-05
1.0,35640.0,6.7369501314846e-06,8.528098386335612e-05
1.0,35712.0,6.402530017215171e-06,8.118243839732031e-05
1.0,35784.0,6.084210337009643e-06,7.727396387409158e-05
1.0,35856.0,5.7812429268250295e-06,7.354711056066775e-05
1.0,35928.0,5.4929129605796526e-06,6.99937854577115e-05
1.0,36000.0,5.218537538569772e-06,6.660623820309297e-05
1.0,36072.0,4.957464332675202e-06,6.33770474820494e-05
1.0,36144.0,4.709070283877372e-06,6.029910792193505e-05
1.0,36216.0,4.472760353617479e-06,5.7365617478666306e-05
1.0,36288.0,4.247966323968115e-06,5.457006527436192e-05
1.0,36360.0,4.0341456464579465e-06,5.190621988759858e-05
1.0,36432.0,3.830780337258283e-06,4.9368118077097733e-05
1.0,36504.0,3.637375917435051e-06,4.695005392392204e-05
1.0,36576.0,3.4534603959030126e-06,4.464656837797065e-05
1.0,36648.0,3.2785832938574926e-06,4.245243919811514e-05
1.0,36720.0,3.1123147091725255e-06,4.0362671266080946e-05
1.0,36792.0,2.9542444192036525e-06,3.8372487275495355e-05
1.0,36864.0,2.8039810205554143e-06,3.6477318766969794e-05
1.0,36936.0,2.661151103984288e-06,3.467279750708485e-05
1.0,37008.0,2.5253984641891746e-06,3.295474719706703e-05
1.0,37080.0,2.3963833415565532e-06,3.1319175500499336e-05
1.0,37152.0,2.273781696235869e-06,2.9762266384381063e-05
1.0,37224.0,2.157284512002915e-06,2.8280372741562584e-05
1.0,37296.0,2.046597129858835e-06,2.6870009316581898e-05
1.0,37368.0,1.9414386089846098e-06,2.5527845902217902e-05
1.0,37440.0,1.8415411153703616e-06,2.4250700796812907e-05
1.0,37512.0,1.746649335455141e-06,2.3035534524495916e-05
1.0,37584.0,1.6565199153989596e-06,2.1879443808359154e-05
1.0,37656.0,1.5709209238911003e-06,2.077965577029772e-05
1.0,37728.0,1.4896313380323224e-06,1.9733522370302124e-05
1.0,37800.0,1.4124405505690572e-06,1.87385150695718e-05
1.0,37872.0,1.3391478994196398e-06,1.7792219696843856e-05
1.0,37944.0,1.269562216278473e-06,1.6892331534990034e-05
1.0,38016.0,1.203501395470264e-06,1.60366505937759e-05
1.0,38088.0,1.14079198108222e-06,1.5223077079440371e-05
1.0,38160.0,1.0812687722148759e-06,1.4449607053279577e-05
1.0,38232.0,1.0247744453031966e-06,1.371432825791885e-05
1.0,38304.0,9.711591927263692e-07,1.3015416119088739e-05
1.0,38376.0,9.202803776356033e-07,1.2351129912957503e-05
1.0,38448.0,8.720022036670344e-07,1.1719809087651354e-05
1.0,38520.0,8.261953989720497e-07,1.1119869738962506e-05
1.0,38592.0,7.827369146177228e-07,1.0549801234560617e-05
1.0,38664.0,7.41509636078973e-07,1.0008162972496848e-05
1.0,38736.0,7.024021075019667e-07,9.493581281105888e-06
1.0,38808.0,6.653082681534482e-07,9.004746445384624e-06
1.0,38880.0,6.301272007709243e-07,8.540409854163044e-06
1.0,38952.0,5.967628912107403e-07,8.099381285120442e-06
1.0,39024.0,5.651239983626518e-07,7.680526277198396e-06
1.0,39096.0,5.351236351844973e-07,7.28276363801683e-06
1.0,39168.0,5.066791586892542e-07,6.905063041529047e-06
1.0,39240.0,4.7971197014599e-07,6.546442742916269e-06
1.0,39312.0,4.541473240203958e-07,6.2059673759051744e-06
1.0,39384.0,4.299141452990257e-07,5.88274585524573e-06
1.0,39456.0,4.069448558911451e-07,5.575929363743625e-06
1.0,39528.0,3.851752077443867e-07,5.2847094316632586e-06
1.0,39600.0,3.645441246825059e-07,5.008316090737707e-06
1.0,39672.0,3.4499355090435223e-07,4.746016119838714e-06
1.0,39744.0,3.264683068716711e-07,4.497111351753346e-06
1.0,39816.0,3.0891595100634737e-07,4.260937073041759e-06
1.0,39888.0,2.922866484565806e-07,4.036860475764569e-06
1.0,39960.0,2.7653304588514724e-07,3.824279188080482e-06
1.0,40032.0,2.6161015167535646e-07,3.6226198659505825e-06
1.0,40104.0,2.4747522210528405e-07,3.4313368452387746e-06
1.0,40176.0,2.3408765238911508e-07,3.2499108598926792e-06
1.0,40248.0,2.2140887326080632e-07,3.0778478077309046e-06
1.0,40320.0,2.0940225189163148e-07,2.9146775801791587e-06
1.0,40392.0,1.9803299779919658e-07,2.759952938902188e-06
1.0,40464.0,1.8726807317967658e-07,2.613248439331528e-06
1.0,40536.0,1.7707610700562555e-07,2.474159414589394e-06
1.0,40608.0,1.674273138843275e-07,2.342300991386992e-06
1.0,40680.0,1.5829341600711526e-07,2.2173071592135325e-06
1.0,40752.0,1.4964756927248122e-07,2.098829877184016e-06
1.0,40824.0,1.4146429294483114e-07,1.9865382228090307e-06
1.0,40896.0,1.3371940199470542e-07,1.8801175805549517e-06
1.0,40968.0,1.2638994373823642e-07,1.7792688637996432e-06
1.0,41040.0,1.194541366254307e-07,1.6837077772891006e-06
1.0,41112.0,1.1289131197762836e-07,1.5931641115685124e-06
1.0,41184.0,1.0668185899303807e-07,1.5073810608612346e-06
1.0,41256.0,1.008071723279244e-07,1.4261145892646708e-06
1.0,41328.0,9.524960164959342e-08,1.3491328154202618e-06
1.0,41400.0,8.999240435125113e-08,1.276215420631388e-06
1.0,41472.0,8.501969995434381e-08,1.2071531017454617e-06
1.0,41544.0,8.031642706836184e-08,1.1417470275887352e-06
1.0,41616.0,7.586830230547858e-08,1.0798083401653002e-06
1.0,41688.0,7.166178105926501e-08,1.0211576643825993e-06
1.0,41760.0,6.768402059343789e-08,9.65624652593533e-07
1.0,41832.0,6.392284442679314e-08,9.13047541217793e-07
1.0,41904.0,6.03667088677418e-08,8.632727329427325e-07
1.0,41976.0,5.700467098749184e-08,8.161543945561788e-07
1.0,42048.0,5.3826358121038755e-08,7.715540817798682e-07
1.0,42120.0,5.082193889552432e-08,7.293403733399373e-07
1.0,42192.0,4.79820958931116e-08,6.893885249326104e-07
1.0,42264.0,4.529799943252074e-08,6.515801402429133e-07
1.0,42336.0,4.2761282718780643e-08,6.158028625691259e-07
1.0,42408.0,4.036401798734226e-08,5.819500671577771e-07
1.0,42480.0,3.809869438918249e-08,5.499205869341494e-07
1.0,42552.0,3.5958196515323675e-08,5.196184339695264e-07
1.0,42624.0,3.393578388045957e-08,4.909525458174357e-07
1.0,42696.0,3.202507200535599e-08,4.6383653824477727e-07
1.0,42768.0,3.0220013765827544e-08,4.3818847430543426e-07
1.0,42840.0,2.8514882517604112e-08,4.13930640519311e-07
1.0,42912.0,2.6904254813209508e-08,3.909893358411409e-07
1.0,42984.0,2.5382995374235294e-08,3.692946670241781e-07
1.0,43056.0,2.3946241832936968e-08,3.487803638790865e-07
1.0,43128.0,2.2589390717329806e-08,3.2938359026957184e-07
1.0,43200.0,2.1308083862346103e-08,3.1104477642429625e-07
1.0,43272.0,2.00981957627028e-08,2.9370745053824975e-07
1.0,43344.0,1.895582142288478e-08,2.77318083163891e-07
1.0,43416.0,1.78772649532977e-08,2.6182593515500225e-07
1.0,43488.0,1.6859028326426806e-08,2.471829219530264e-07
1.0,43560.0,1.5897801482655693e-08,2.333434771628617e-07
1.0,43632.0,1.4990452098871975e-08,2.2026441541811435e-07
1.0,43704.0,1.41340163161832e-08,2.079048265102301e-07
1.0,43776.0,1.332569021367964e-08,1.962259446486314e-07
1.0,43848.0,1.2562820784736765e-08,1.8519104685310592e-07
1.0,43920.0,1.1842898618685403e-08,1.7476534495131088e-07
1.0,43992.0,1.1163550049731758e-08,1.6491588965550362e-07
1.0,44064.0,1.0522529731778166e-08,1.5561147037601583e-07
1.0,44136.0,9.917714314971729e-09,1.4682253137721089e-07
1.0,44208.0,9.34709555351635e-09,1.3852108224909898e-07
1.0,44280.0,8.808774568399977e-09,1.3068061974763622e-07
1.0,44352.0,8.300955647951346e-09,1.2327605034556654e-07
1.0,44424.0,7.82194116768527e-09,1.1628361420434884e-07
1.0,44496.0,7.370125977194964e-09,1.0968082051476812e-07
1.0,44568.0,6.94399276407889e-09,1.0344637857429005e-07
1.0,44640.0,6.542107044526414e-09,9.756013454875755e-08
1.0,44712.0,6.1631132559069845e-09,9.200301605005733e-08
1.0,44784.0,5.805729782515448e-09,8.675697102944468e-08
1.0,44856.0,5.468745616848037e-09,8.180491732900918e-08
1.0,44928.0,5.151016344503833e-09,7.71306922331405e-08
1.0,45000.0,4.851460378890121e-09,7.271899988836593e-08
1.0,45072.0,4.569055923541188e-09,6.85553715129572e-08
1.0,45144.0,4.302837597139855e-09,6.462611921165262e-08
1.0,45216.0,4.05189305865769e-09,6.091829334309295e-08
1.0,45288.0,3.815360840195829e-09,5.741964557159918e-08
1.0,45360.0,3.5924268654825306e-09,5.411859191895019e-08
1.0,45432.0,3.3823222472213132e-09,5.10041765267033e-08
1.0,45504.0,3.184320942387979e-09,4.806603968177114e-08
1.0,45576.0,2.9977370878025414e-09,4.5294380868199365e-08
1.0,45648.0,2.821923010647841e-09,4.267993958251281e-08
1.0,45720.0,2.6562672746339824e-09,4.021395696440776e-08
1.0,45792.0,2.5001922995691507e-09,3.788815092775621e-08
1.0,45864.0,2.353153011588722e-09,3.569469839703742e-08
1.0,45936.0,2.214634658110029e-09,3.362619622748753e-08
1.0,46008.0,2.0841512803453996e-09,3.167565338912937e-08
1.0,46080.0,1.9612442212849063e-09,2.98364604134349e-08
1.0,46152.0,1.8454804734586526e-09,2.8102370208671342e-08
1.0,46224.0,1.7364514536065662e-09,2.6467481006875455e-08
1.0,46296.0,1.6337715459011814e-09,2.492621504757153e-08
1.0,46368.0,1.5370766809884963e-09,2.3473302945831163e-08
1.0,46440.0,1.4460234301455155e-09,2.210376663924762e-08
1.0,46512.0,1.3602877439482223e-09,2.0812901624367438e-08
1.0,46584.0,1.27956385106815e-09,1.9596263456378437e-08
1.0,46656.0,1.2035631925118738e-09,1.8449658512054157e-08
1.0,46728.0,1.132013693345329e-09,1.7369121962929058e-08
1.0,46800.0,1.064658554679287e-09,1.635090995932842e-08
1.0,46872.0,1.0012556498688114e-09,1.5391486130056365e-08
1.0,46944.0,9.415765119707172e-10,1.4487512345340293e-08
1.0,47016.0,8.854057476300332e-10,1.3635837348147106e-08
1.0,47088.0,8.325402376198929e-10,1.2833484674956707e-08
1.0,47160.0,7.82788302110774e-10,1.2077644129249164e-08
1.0,47232.0,7.359691853738892e-10,1.1365661833906415e-08
1.0,47304.0,6.919127185872921e-10,1.069503525741311e-08
1.0,47376.0,6.504581115648686e-10,1.0063399003001905e-08
1.0,47448.0,6.114540241704528e-10,9.468524808653455e-09
1.0,47520.0,5.74757677894408e-10,8.908304494070762e-09
1.0,47592.0,5.402345540720265e-10,8.380752092307375e-09
1.0,47664.0,5.077577720552761e-10,7.883993902169094e-09
1.0,47736.0,4.772077695719284e-10,7.416257830072936e-09
1.0,47808.0,4.4847176974960093e-10,6.9758762322180696e-09
1.0,47880.0,4.2144374568432304e-10,6.561275256444787e-09
1.0,47952.0,3.9602354992232576e-10,6.170965605178935e-09
1.0,48024.0,3.721168435933457e-10,5.803549640859273e-09
1.0,48096.0,3.4963481204040625e-10,5.4577014907408735e-09
1.0,48168.0,3.2849377414381237e-10,5.132177705036156e-09
1.0,48240.0,3.086148624314516e-10,4.825799493346494e-09
1.0,48312.0,2.899236325597413e-10,4.537459119546838e-09
1.0,48384.0,2.723502229330888e-10,4.2661099541874135e-09
1.0,48456.0,2.5582860866847206e-10,4.010765053408249e-09
1.0,48528.0,2.402968150109157e-10,3.770495027310972e-09
1.0,48600.0,2.2569631312333826e-10,3.5444251977878594e-09
1.0,48672.0,2.1197200239188997e-10,3.331724229838073e-09
1.0,48744.0,1.9907197954932907e-10,3.131616921336899e-09
1.0,48816.0,1.8694737880673424e-10,2.94336715001009e-09
1.0,48888.0,1.7555230079540306e-10,2.7662828472330144e-09
1.0,48960.0,1.6484342174920682e-10,2.599710313688774e-09
1.0,49032.0,1.5477995801573478e-10,2.443036350996408e-09
1.0,49104.0,1.453234883402197e-10,2.295679024655328e-09
1.0,49176.0,1.3643791854511967e-10,2.1570933483872065e-09
1.0,49248.0,1.2808919706036768e-10,2.0267648892513534e-09
1.0,49320.0,1.2024535068019583e-10,1.9042076360165085e-09
1.0,49392.0,1.1287625346830864e-10,1.7889661307890492e-09
1.0,49464.0,1.0595348479480484e-10,1.6806083635856338e-09
1.0,49536.0,9.945041801237854e-11,1.5787307461323506e-09
1.0,49608.0,9.334188311312901e-11,1.4829495853518893e-09
1.0,49680.0,8.760427311856526e-11,1.392904636077219e-09
1.0,49752.0,8.221534891386864e-11,1.3082583905088539e-09
1.0,49824.0,7.7154221300575e-11,1.2286903938729664e-09
1.0,49896.0,7.240113795242546e-11,1.153902218220537e-09
1.0,49968.0,6.793764317646668e-11,1.0836089359145262e-09
1.0,50040.0,6.374627597449738e-11,1.0175433828862879e-09
1.0,50112.0,5.981069453351553e-11,9.554561586355701e-10
1.0,50184.0,5.611546291742926e-11,8.971113629741012e-10
1.0,50256.0,5.26460332690353e-11,8.422844643973804e-10
1.0,50328.0,4.938883468911093e-11,7.9076727388383e-10
1.0,50400.0,4.633102463450308e-11,7.423629710956447e-10
1.0,50472.0,4.3460542090161905e-11,6.968861043787911e-10
1.0,50544.0,4.076605432437301e-11,6.541604591348004e-10
1.0,50616.0,3.823692134630824e-11,6.140233210771839e-10
1.0,50688.0,3.586316039420125e-11,5.7631908134681e-10
1.0,50760.0,3.363526834942919e-11,5.409027892255835e-10
1.0,50832.0,3.1544434776833646e-11,5.076373099655029e-10
1.0,50904.0,2.9582257856922906e-11,4.763933247886598e-10
1.0,50976.0,2.774097516679264e-11,4.4705004142997493e-10
1.0,51048.0,2.601321512798056e-11,4.194923519662552e-10
1.0,51120.0,2.4392050147875107e-11,3.9361296444440085e-10
1.0,51192.0,2.287101465508009e-11,3.693124028814054e-10
1.0,51264.0,2.144401585282364e-11,3.4649545455067705e-10
1.0,51336.0,2.010522757778131e-11,3.250704594393028e-10
1.0,51408.0,1.8849285393079018e-11,3.0495499458993435e-10
1.0,51480.0,1.7671162450032628e-11,2.8607161084437394e-10
1.0,51552.0,1.6566027207335543e-11,2.6834356958715944e-10
1.0,51624.0,1.552943894132641e-11,2.5170123763018634e-10
1.0,51696.0,1.4557258901350347e-11,2.3607995558450054e-10
1.0,51768.0,1.3645454921990935e-11,2.214179062320909e-10
1.0,51840.0,1.2790385586570916e-11,2.0765469344041775e-10
1.0,51912.0,1.1988462799743154e-11,1.9473915813250638e-10
1.0,51984.0,1.1236542524745417e-11,1.8261658851770332e-10
1.0,52056.0,1.0531409693510603e-11,1.7124222040365564e-10
1.0,52128.0,9.870257761763506e-12,1.6056844742706741e-10
1.0,52200.0,9.250386758983038e-12,1.5055121593832155e-10
1.0,52272.0,8.669256613560492e-12,1.411528671724227e-10
1.0,52344.0,8.124433797016344e-12,1.3233503182163986e-10
1.0,52416.0,7.613662424211243e-12,1.2406218274918502e-10
1.0,52488.0,7.1348819824613625e-12,1.1630092444647742e-10
1.0,52560.0,6.686103059293849e-12,1.0902070357587945e-10
1.0,52632.0,6.2654427815369265e-12,1.0219096679975336e-10
1.0,52704.0,5.87117812899378e-12,9.57847134941403e-11
1.0,52776.0,5.5016749261063875e-12,8.977565357781713e-11
1.0,52848.0,5.155405559586501e-12,8.414104968323954e-11
1.0,52920.0,4.830877962423248e-12,7.88560328146559e-11
1.0,52992.0,4.526759905268249e-12,7.389928668999346e-11
1.0,53064.0,4.241825763152187e-12,6.925091611265088e-11
1.0,53136.0,3.974849884308933e-12,6.489244697149842e-11
1.0,53208.0,3.724713209867067e-12,6.080469461267057e-11
1.0,53280.0,3.4903854758284394e-12,5.697273763871635e-11
1.0,53352.0,3.2708187120482597e-12,5.338023356671328e-11
1.0,53424.0,3.065142518987693e-12,5.0011550456474645e-11
1.0,53496.0,2.8724509661429928e-12,4.6853187996021006e-11
1.0,53568.0,2.6919447541863036e-12,4.389306695884442e-11
1.0,53640.0,2.5228955959540556e-12,4.111910811843699e-11
1.0,53712.0,2.3645219250618495e-12,3.851781116281927e-11
1.0,53784.0,2.2162375514089152e-12,3.607993903642636e-11
1.0,53856.0,2.077349749421526e-12,3.379412305548613e-11
1.0,53928.0,1.947290081082958e-12,3.165254724990518e-11
1.0,54000.0,1.825507914054166e-12,2.96452640213829e-11
1.0,54072.0,1.7114348332871264e-12,2.7765167942561674e-11
1.0,54144.0,1.604644516968501e-12,2.6001600872405107e-11
1.0,54216.0,1.504710673909887e-12,2.4349589011762874e-11
1.0,54288.0,1.4111359586493049e-12,2.2803448018748893e-11
1.0,54360.0,1.323511797629342e-12,2.135394083779829e-11
1.0,54432.0,1.2414651520856073e-12,1.999538312702498e-11
1.0,54504.0,1.1646763428649973e-12,1.8723511630014396e-11
1.0,54576.0,1.0927545293535575e-12,1.753051037667319e-11
1.0,54648.0,1.0254865908398467e-12,1.6414247738794074e-11
1.0,54720.0,9.62517286580921e-13,1.5368328831755204e-11
1.0,54792.0,9.035801285978175e-13,1.4389200941877788e-11
1.0,54864.0,8.48390949561753e-13,1.3471890270011498e-11
1.0,54936.0,7.967365598551803e-13,1.2612133559741777e-11
1.0,55008.0,7.484216099912869e-13,1.1807088640125583e-11
1.0,55080.0,7.032151467841314e-13,1.1052492254748358e-11
1.0,55152.0,6.60957347883689e-13,1.0346923318138578e-11
1.0,55224.0,6.213994735669226e-13,9.686829116617444e-12
1.0,55296.0,5.843816861713393e-13,9.067946393770397e-12
1.0,55368.0,5.497619001184889e-13,8.488854064125916e-12
1.0,55440.0,5.173979800644005e-13,7.94528887126944e-12
1.0,55512.0,4.870768052976333e-13,7.437961357936728e-12
1.0,55584.0,4.58727306232143e-13,6.9618977249774605e-12
1.0,55656.0,4.322251378891719e-13,6.5170979723916384e-12
1.0,55728.0,4.074815130516856e-13,6.1007199292362195e-12
1.0,55800.0,3.843897967156824e-13,5.711342510039685e-12
1.0,55872.0,3.6273689496654024e-13,5.346123543858994e-12
1.0,55944.0,3.4248725387065204e-13,5.004352487958385e-12
1.0,56016.0,3.2356982681067585e-13,4.68460825686634e-12
1.0,56088.0,3.0586027263597075e-13,4.385469765111339e-12
1.0,56160.0,2.893408316062595e-13,4.106226469957619e-12
1.0,56232.0,2.7386939900250745e-13,3.844036200462141e-12
1.0,56304.0,2.5941045151604335e-13,3.5996094993606677e-12
1.0,56376.0,2.458929387014083e-13,3.370814738445915e-12
1.0,56448.0,2.3328131428122913e-13,3.1555202895106047e-12
1.0,56520.0,2.2146902747007804e-13,2.9551472380262565e-12
1.0,56592.0,2.1043830321520996e-13,2.76685341304983e-12
1.0,56664.0,2.0015362586418794e-13,2.592059900052845e-12
1.0,56736.0,1.9052616991880788e-13,2.4279245280922623e-12
1.0,56808.0,1.8153817181067576e-13,2.2737367544323206e-12
1.0,56880.0,1.731363446627267e-13,2.13020712180878e-12
1.0,56952.0,1.6530294021903465e-13,1.9959145447501213e-12
1.0,57024.0,1.5800242751469466e-13,1.870859023256344e-12
1.0,57096.0,1.5118149670393961e-13,1.7529089291201669e-12
1.0,57168.0,1.4478688387840658e-13,1.6427748050773513e-12
1.0,57240.0,1.388363219815535e-13,1.5390355656563768e-12
1.0,57312.0,1.3325879119285743e-13,1.4438228390645235e-12
1.0,57384.0,1.2805429916855247e-13,1.3535839116229909e-12
1.0,57456.0,1.2324057119586244e-13,1.270450411539059e-12
1.0,57528.0,1.1867552169633741e-13,1.1922907106054482e-12
1.0,57600.0,1.1448349182061837e-13,1.1191048088221576e-12
1.0,57672.0,1.1055790781457535e-13,1.050182163453428e-12
1.0,57744.0,1.0689877733444238e-13,9.86943859970779e-13
1.0,57816.0,1.0345279053445236e-13,9.272582701669305e-13
1.0,57888.0,1.0027322663543628e-13,8.711253940418828e-13
1.0,57960.0,9.728909644180734e-14,8.199663170671556e-13
1.0,58032.0,9.450030807875724e-14,7.695177828281884e-13
1.0,58104.0,9.192471698948829e-14,7.247535904753022e-13
1.0,58176.0,8.954449835573428e-14,6.821210263296962e-13
1.0,58248.0,8.730639209724928e-14,6.430411758628906e-13
1.0,58320.0,8.521037141721427e-14,6.060929536033653e-13
1.0,58392.0,8.325648608115033e-14,5.719869022868805e-13
1.0,58464.0,8.144465569860024e-14,5.39301936441916e-13
1.0,58536.0,7.972165847048825e-14,5.094591415399919e-13
1.0,58608.0,7.817630075443325e-14,4.817479748453479e-13
1.0,58680.0,7.671975322411426e-14,4.561684363579843e-13
1.0,58752.0,7.533426379548827e-14,4.312994406063808e-13
1.0,58824.0,7.401981715608729e-14,4.085620730620576e-13
1.0,58896.0,7.281194044269927e-14,3.865352482534945e-13
1.0,58968.0,7.169286625881319e-14,3.666400516522117e-13
1.0,59040.0,7.068040411022724e-14,3.488764832582092e-13
1.0,59112.0,6.972120969812125e-14,3.3111291486420665e-13
1.0,59184.0,6.883305807524022e-14,3.1405988920596425e-13
1.0,59256.0,6.799822012624326e-14,2.9984903449076225e-13
1.0,59328.0,6.725218470674826e-14,2.8634872251132035e-13
1.0,59400.0,6.652391285564726e-14,2.735589532676385e-13
1.0,59472.0,6.58666991062393e-14,2.6147972675971685e-13
1.0,59544.0,6.522722595652326e-14,2.494005002517952e-13
1.0,59616.0,6.467658213312826e-14,2.387423592153936e-13
1.0,59688.0,6.416145779028726e-14,2.287947609147523e-13
1.0,59760.0,6.366410467207427e-14,2.1955770534987095e-13
1.0,59832.0,6.322003077469226e-14,2.1103119252074975e-13
1.0,59904.0,6.281147635786422e-14,2.0250467969162855e-13
1.0,59976.0,6.243847204652628e-14,1.9610979506978764e-13
1.0,60048.0,6.208321599111427e-14,1.8900436771218663e-13
1.0,60120.0,6.176348324437327e-14,1.8260948309034574e-13
1.0,60192.0,6.146151789414327e-14,1.7621459846850483e-13
1.0,60264.0,6.115955254391328e-14,1.7053025658242404e-13
1.0,60336.0,6.08931143304713e-14,1.6555645743210332e-13
1.0,60408.0,6.06621994257003e-14,1.6129320101754274e-13
1.0,60480.0,6.044905191744032e-14,1.5702994460298213e-13
1.0,60552.0,6.025366032134031e-14,1.5276668818842154e-13
1.0,60624.0,6.005826872524032e-14,1.4850343177386093e-13
1.0,60696.0,5.98806368694173e-14,1.4495071809506043e-13
1.0,60768.0,5.972076858198829e-14,1.4139800441625993e-13
1.0,60840.0,5.956091177891032e-14,1.3926637620897962e-13
1.0,60912.0,5.943657445638633e-14,1.364242052659392e-13
1.0,60984.0,5.931223330574532e-14,1.3287149158713873e-13
1.0,61056.0,5.922342312000933e-14,1.3145040611561853e-13
1.0,61128.0,5.913461293427335e-14,1.2931877790833823e-13
1.0,61200.0,5.902803535202634e-14,1.2718714970105792e-13
1.0,61272.0,5.893921751005633e-14,1.2434497875801753e-13
1.0,61344.0,5.886817089271434e-14,1.2292389328649734e-13
1.0,61416.0,5.881488401564935e-14,1.2221335055073723e-13
1.0,61488.0,5.876160096670136e-14,1.2150280781497712e-13
1.0,61560.0,5.869054669312535e-14,1.193711796076968e-13
1.0,61632.0,5.865501955633736e-14,1.1795009413617662e-13
1.0,61704.0,5.861950007578338e-14,1.1795009413617662e-13
1.0,61776.0,5.858396911087835e-14,1.158184659288963e-13
1.0,61848.0,5.856620937060137e-14,1.158184659288963e-13
1.0,61920.0,5.854844580220737e-14,1.151079231931362e-13
1.0,61992.0,5.853068223381337e-14,1.1439738045737614e-13
1.0,62064.0,5.851292249353637e-14,1.1439738045737614e-13
1.0,62136.0,5.849516275325939e-14,1.1439738045737614e-13
1.0,62208.0,5.847739918486538e-14,1.1368683772161603e-13
1.0,62280.0,5.845963561647137e-14,1.1297629498585593e-13
1.0,62352.0,5.845963561647137e-14,1.1297629498585593e-13
1.0,62424.0,5.845963561647137e-14,1.1297629498585593e-13
1.0,62496.0,5.845963561647137e-14,1.1297629498585593e-13
1.0,62568.0,5.845963561647137e-14,1.1297629498585593e-13
1.0,62640.0,5.845963561647137e-14,1.1297629498585593e-13
1.0,62712.0,5.845963561647137e-14,1.1297629498585593e-13
1.0,62784.0,5.845963561647137e-14,1.1297629498585593e-13
1.0,62856.0,5.845963561647137e-14,1.1297629498585593e-13
1.0,62928.0,5.845963561647137e-14,1.1297629498585593e-13
1.0,63000.0,5.845963561647137e-14,1.1297629498585593e-13
1.0,63072.0,5.845963561647137e-14,1.1297629498585593e-13
1.0,63144.0,5.845963561647137e-14,1.1297629498585593e-13
1.0,63216.0,5.845963561647137e-14,1.1297629498585593e-13
1.0,63288.0,5.845963561647137e-14,1.1297629498585593e-13
1.0,63360.0,5.845963561647137e-14,1.1297629498585593e-13
1.0,63432.0,5.845963561647137e-14,1.1297629498585593e-13
1.0,63504.0,5.845963561647137e-14,1.1297629498585593e-13
1.0,63576.0,5.845963561647137e-14,1.1297629498585593e-13
1.0,63648.0,5.845963561647137e-14,1.1297629498585593e-13
1.0,63720.0,5.845963561647137e-14,1.1297629498585593e-13
1.0,63792.0,5.845963561647137e-14,1.1297629498585593e-13
1.0,63864.0,5.845963561647137e-14,1.1297629498585593e-13
1.0,63936.0,5.845963561647137e-14,1.1297629498585593e-13
1.0,64008.0,5.845963561647137e-14,1.1297629498585593e-13
1.0,64080.0,5.845963561647137e-14,1.1297629498585593e-13
1.0,64152.0,5.845963561647137e-14,1.1297629498585593e-13
1.0,64224.0,5.845963561647137e-14,1.1297629498585593e-13
1.0,64296.0,5.845963561647137e-14,1.1297629498585593e-13
1.0,64368.0,5.845963561647137e-14,1.1297629498585593e-13
1.0,64440.0,5.845963561647137e-14,1.1297629498585593e-13
1.0,64512.0,5.845963561647137e-14,1.1297629498585593e-13
1.0,64584.0,5.845963561647137e-14,1.1297629498585593e-13
1.0,64656.0,5.845963561647137e-14,1.1297629498585593e-13
1.0,64728.0,5.845963561647137e-14,1.1297629498585593e-13
1.0,64800.0,5.845963561647137e-14,1.1297629498585593e-13
1.0,64872.0,5.845963561647137e-14,1.1297629498585593e-13
1.0,64944.0,5.845963561647137e-14,1.1297629498585593e-13
1.0,65016.0,5.845963561647137e-14,1.1297629498585593e-13
1.0,65088.0,5.845963561647137e-14,1.1297629498585593e-13
1.0,65160.0,5.845963561647137e-14,1.1297629498585593e-13
1.0,65232.0,5.845963561647137e-14,1.1297629498585593e-13
1.0,65304.0,5.845963561647137e-14,1.1297629498585593e-13
1.0,65376.0,5.845963561647137e-14,1.1297629498585593e-13
1.0,65448.0,5.845963561647137e-14,1.1297629498585593e-13
1.0,65520.0,5.845963561647137e-14,1.1297629498585593e-13
1.0,65592.0,5.845963561647137e-14,1.1297629498585593e-13
1.0,65664.0,5.845963561647137e-14,1.1297629498585593e-13
1.0,65736.0,5.845963561647137e-14,1.1297629498585593e-13
1.0,65808.0,5.845963561647137e-14,1.1297629498585593e-13
1.0,65880.0,5.845963561647137e-14,1.1297629498585593e-13
1.0,65952.0,5.845963561647137e-14,1.1297629498585593e-13
1.0,66024.0,5.845963561647137e-14,1.1297629498585593e-13
1.0,66096.0,5.845963561647137e-14,1.1297629498585593e-13
1.0,66168.0,5.845963561647137e-14,1.1297629498585593e-13
1.0,66240.0,5.845963561647137e-14,1.1297629498585593e-13
1.0,66312.0,5.845963561647137e-14,1.1297629498585593e-13
1.0,66384.0,5.845963561647137e-14,1.1297629498585593e-13
1.0,66456.0,5.845963561647137e-14,1.1297629498585593e-13
1.0,66528.0,5.845963561647137e-14,1.1297629498585593e-13
1.0,66600.0,5.845963561647137e-14,1.1297629498585593e-13
1.0,66672.0,5.845963561647137e-14,1.1297629498585593e-13
1.0,66744.0,5.845963561647137e-14,1.1297629498585593e-13
1.0,66816.0,5.845963561647137e-14,1.1297629498585593e-13
1.0,66888.0,5.845963561647137e-14,1.1297629498585593e-13
1.0,66960.0,5.845963561647137e-14,1.1297629498585593e-13
1.0,67032.0,5.845963561647137e-14,1.1297629498585593e-13
1.0,67104.0,5.845963561647137e-14,1.1297629498585593e-13
1.0,67176.0,5.845963561647137e-14,1.1297629498585593e-13
1.0,67248.0,5.845963561647137e-14,1.1297629498585593e-13
1.0,67320.0,5.845963561647137e-14,1.1297629498585593e-13
1.0,67392.0,5.845963561647137e-14,1.1297629498585593e-13
1.0,67464.0,5.845963561647137e-14,1.1297629498585593e-13
1.0,67536.0,5.845963561647137e-14,1.1297629498585593e-13
1.0,67608.0,5.845963561647137e-14,1.1297629498585593e-13
1.0,67680.0,5.845963561647137e-14,1.1297629498585593e-13
1.0,67752.0,5.845963561647137e-14,1.1297629498585593e-13
1.0,67824.0,5.845963561647137e-14,1.1297629498585593e-13
1.0,67896.0,5.845963561647137e-14,1.1297629498585593e-13
1.0,67968.0,5.845963561647137e-14,1.1297629498585593e-13
1.0,68040.0,5.845963561647137e-14,1.1297629498585593e-13
1.0,68112.0,5.845963561647137e-14,1.1297629498585593e-13
1.0,68184.0,5.845963561647137e-14,1.1297629498585593e-13
1.0,68256.0,5.845963561647137e-14,1.1297629498585593e-13
1.0,68328.0,5.845963561647137e-14,1.1297629498585593e-13
1.0,68400.0,5.845963561647137e-14,1.1297629498585593e-13
1.0,68472.0,5.845963561647137e-14,1.1297629498585593e-13
1.0,68544.0,5.845963561647137e-14,1.1297629498585593e-13
1.0,68616.0,5.845963561647137e-14,1.1297629498585593e-13
1.0,68688.0,5.845963561647137e-14,1.1297629498585593e-13
1.0,68760.0,5.845963561647137e-14,1.1297629498585593e-13
1.0,68832.0,5.845963561647137e-14,1.1297629498585593e-13
1.0,68904.0,5.845963561647137e-14,1.1297629498585593e-13
1.0,68976.0,5.845963561647137e-14,1.1297629498585593e-13
1.0,69048.0,5.845963561647137e-14,1.1297629498585593e-13
1.0,69120.0,5.845963561647137e-14,1.1297629498585593e-13
1.0,69192.0,5.845963561647137e-14,1.1297629498585593e-13
1.0,69264.0,5.845963561647137e-14,1.1297629498585593e-13
1.0,69336.0,5.845963561647137e-14,1.1297629498585593e-13
1.0,69408.0,5.845963561647137e-14,1.1297629498585593e-13
1.0,69480.0,5.845963561647137e-14,1.1297629498585593e-13
1.0,69552.0,5.845963561647137e-14,1.1297629498585593e-13
1.0,69624.0,5.845963561647137e-14,1.1297629498585593e-13
1.0,69696.0,5.845963561647137e-14,1.1297629498585593e-13
1.0,69768.0,5.845963561647137e-14,1.1297629498585593e-13
1.0,69840.0,5.845963561647137e-14,1.1297629498585593e-13
1.0,69912.0,5.845963561647137e-14,1.1297629498585593e-13
1.0,69984.0,5.845963561647137e-14,1.1297629498585593e-13
1.0,70056.0,5.845963561647137e-14,1.1297629498585593e-13
1.0,70128.0,5.845963561647137e-14,1.1297629498585593e-13
1.0,70200.0,5.845963561647137e-14,1.1297629498585593e-13
1.0,70272.0,5.845963561647137e-14,1.1297629498585593e-13
1.0,70344.0,5.845963561647137e-14,1.1297629498585593e-13
1.0,70416.0,5.845963561647137e-14,1.1297629498585593e-13
1.0,70488.0,5.845963561647137e-14,1.1297629498585593e-13
1.0,70560.0,5.845963561647137e-14,1.1297629498585593e-13
1.0,70632.0,5.845963561647137e-14,1.1297629498585593e-13
1.0,70704.0,5.845963561647137e-14,1.1297629498585593e-13
1.0,70776.0,5.845963561647137e-14,1.1297629498585593e-13
1.0,70848.0,5.845963561647137e-14,1.1297629498585593e-13
1.0,70920.0,5.845963561647137e-14,1.1297629498585593e-13
1.0,70992.0,5.845963561647137e-14,1.1297629498585593e-13
1.0,71064.0,5.845963561647137e-14,1.1297629498585593e-13
1.0,71136.0,5.845963561647137e-14,1.1297629498585593e-13
1.0,71208.0,5.845963561647137e-14,1.1297629498585593e-13
1.0,71280.0,5.845963561647137e-14,1.1297629498585593e-13
1.0,71352.0,5.845963561647137e-14,1.1297629498585593e-13
1.0,71424.0,5.845963561647137e-14,1.1297629498585593e-13
1.0,71496.0,5.845963561647137e-14,1.1297629498585593e-13
1.0,71568.0,5.845963561647137e-14,1.1297629498585593e-13
1.0,71640.0,5.845963561647137e-14,1.1297629498585593e-13
1.0,71712.0,5.845963561647137e-14,1.1297629498585593e-13
1.0,71784.0,5.845963561647137e-14,1.1297629498585593e-13
1.0,71856.0,5.845963561647137e-14,1.1297629498585593e-13
1.0,71928.0,5.845963561647137e-14,1.1297629498585593e-13
1.0,72000.0,5.845963561647137e-14,1.1297629498585593e-13
2.0,0.0,1.0,1.0
2.0,72.0,0.9958806347657776,0.9999999999999991
2.0,144.0,0.9917612695315556,0.9999999999999986
2.0,216.0,0.9876419042973337,0.9999999999999986
2.0,288.0,0.9835225390631117,0.9999999999999979
2.0,360.0,0.9794031738288898,0.9999999999999936
2.0,432.0,0.9752838085946678,0.9999999999999836
2.0,504.0,0.9711644433604457,0.9999999999999608
2.0,576.0,0.9670450781262242,0.9999999999999117
2.0,648.0,0.9629257128920031,0.9999999999998124
2.0,720.0,0.9588063476577826,0.9999999999996184
2.0,792.0,0.9546869824235638,0.9999999999992567
2.0,864.0,0.9505676171893472,0.999999999998608
2.0,936.0,0.9464482519551355,0.9999999999974784
2.0,1008.0,0.942328886720932,0.9999999999955604
2.0,1080.0,0.9382095214867412,0.9999999999923843
2.0,1152.0,0.9340901562525716,0.999999999987235
2.0,1224.0,0.929970791018436,0.9999999999790539
2.0,1296.0,0.9258514257843528,0.9999999999662911
2.0,1368.0,0.9217320605503502,0.9999999999467079
2.0,1440.0,0.9176126953164695,0.9999999999171221
2.0,1512.0,0.9134933300827706,0.9999999998730579
2.0,1584.0,0.9093739648493381,0.9999999998083005
2.0,1656.0,0.9052545996162927,0.9999999997143064
2.0,1728.0,0.9011352343838032,0.9999999995794567
2.0,1800.0,0.8970158691521019,0.9999999993880961
2.0,1872.0,0.8928965039215074,0.9999999991193226
2.0,1944.0,0.8887771386924532,0.99999999874547
2.0,2016.0,0.8846577734655218,0.9999999982302086
2.0,2088.0,0.8805384082414901,0.9999999975262048
2.0,2160.0,0.8764190430213882,0.9999999965722325
2.0,2232.0,0.8722996778065698,0.9999999952896522
2.0,2304.0,0.8681803125988019,0.9999999935781204
2.0,2376.0,0.8640609474003753,0.9999999913104174
2.0,2448.0,0.8599415822142417,0.9999999883262275
2.0,2520.0,0.8558222170441802,0.9999999844246957
2.0,2592.0,0.8517028518950001,0.9999999793555843
2.0,2664.0,0.8475834867727885,0.9999999728088085
2.0,2736.0,0.8434641216852075,0.9999999644020837
2.0,2808.0,0.83934475664185,0.9999999536664724
2.0,2880.0,0.8352253916546687,0.9999999400294677
2.0,2952.0,0.8311060267384807,0.9999999227953608
2.0,3024.0,0.8269866619115716,0.9999999011224701
2.0,3096.0,0.8228672971964022,0.9999998739968965
2.0,3168.0,0.818747932620445,0.9999998402023577
2.0,3240.0,0.8146285682171581,0.9999997982856554
2.0,3312.0,0.810509204027124,0.999999746517291
2.0,3384.0,0.8063898400993724,0.9999996828466926
2.0,3456.0,0.8022704764929114,0.9999996048515115
2.0,3528.0,0.7981511132784949,0.9999995096803829
2.0,3600.0,0.7940317505406557,0.9999993939885058
2.0,3672.0,0.7899123883800344,0.9999992538654211
2.0,3744.0,0.785793026916044,0.9999990847542348
2.0,3816.0,0.7816736662899021,0.9999988813615935
2.0,3888.0,0.7775543066680778,0.9999986375576355
2.0,3960.0,0.7734349482461936,0.9999983462651321
2.0,4032.0,0.7693155912534331,0.999997999336999
2.0,4104.0,0.7651962359575036,0.9999975874213453
2.0,4176.0,0.7610768826702102,0.9999970998131976
2.0,4248.0,0.756957531753699,0.9999965242920325
2.0,4320.0,0.7528381836274304,0.9999958469442233
2.0,4392.0,0.7487188387759531,0.9999950519695281
2.0,4464.0,0.7445994977575402,0.9999941214707064
2.0,4536.0,0.7404801612137684,0.9999930352253983
2.0,4608.0,0.7363608298801122,0.99999177043939
2.0,4680.0,0.7322415045976346,0.9999903014803818
2.0,4752.0,0.7281221863258592,0.999988599591468
2.0,4824.0,0.7240028761569081,0.9999866325834909
2.0,4896.0,0.7198835753309983,0.9999843645055214
2.0,4968.0,0.7157642852533892,0.9999817552927446
2.0,5040.0,0.7116450075128737,0.9999787603910981
2.0,5112.0,0.707525743901917,0.9999753303580445
2.0,5184.0,0.7034064964385387,0.9999714104389582
2.0,5256.0,0.6992872673900427,0.9999669401186828
2.0,5328.0,0.6951680592986967,0.999961852647884
2.0,5400.0,0.6910488750094713,0.9999560745439197
2.0,5472.0,0.6869297176999373,0.9999495250660914
2.0,5544.0,0.6828105909124316,0.9999421156651862
2.0,5616.0,0.6786914985885976,0.9999337494073991
2.0,5688.0,0.6745724451064008,0.9999243203727998
2.0,5760.0,0.6704534353197287,0.9999137130286966
2.0,5832.0,0.6663344746006707,0.9999018015783185
2.0,5904.0,0.6622155688845842,0.9998884492854571
2.0,5976.0,0.658096724718033,0.9998735077757978
2.0,6048.0,0.6539779493097015,0.9998568163158659
2.0,6120.0,0.6498592505843639,0.999838201070645
2.0,6192.0,0.6457406372399954,0.9998174743411162
2.0,6264.0,0.6416221188081006,0.9997944337830972
2.0,6336.0,0.6375037057173311,0.9997688616089541
2.0,6408.0,0.6333854093604536,0.9997405237739285
2.0,6480.0,0.6292672421647285,0.9997091691489579
2.0,6552.0,0.6251492176657382,0.999674528682069
2.0,6624.0,0.6210313505847128,0.9996363145505768
2.0,6696.0,0.6169136569093726,0.9995942193064726
2.0,6768.0,0.6127961539783101,0.9995479150175697
2.0,6840.0,0.6086788605689171,0.9994970524070773
2.0,6912.0,0.6045617969888486,0.999441259994498
2.0,6984.0,0.6004449851710105,0.9993801432408019
2.0,7056.0,0.5963284487720365,0.9993132837010208
2.0,7128.0,0.592212213274211,0.9992402381874981
2.0,7200.0,0.5880963060907848,0.9991605379471706
2.0,7272.0,0.5839807566746035,0.999073687856319
2.0,7344.0,0.5798655966299691,0.9989791656363641
2.0,7416.0,0.575750859827629,0.998876421094333
2.0,7488.0,0.5716365825227785,0.9987648753916857
2.0,7560.0,0.5675228034759409,0.9986439203452568
2.0,7632.0,0.5634095640765819,0.9985129177641049
2.0,7704.0,0.5592969084692893,0.9983711988260635
2.0,7776.0,0.555184883682344,0.998218063497807
2.0,7848.0,0.5510735397584839,0.9980527800022547
2.0,7920.0,0.546962929887652,0.9978745843370581
2.0,7992.0,0.542853110541501,0.9976826798479295
2.0,8064.0,0.5387441416094155,0.9974762368604574
2.0,8136.0,0.5346360865357946,0.9972543923740326
2.0,8208.0,0.5305290124583263,0.9970162498213525
2.0,8280.0,0.5264229903469657,0.9967608788969172
2.0,8352.0,0.5223180951433259,0.9964873154577341
2.0,8424.0,0.5182144059001642,0.9961945614993942
2.0,8496.0,0.5141120059206465,0.9958815852104245
2.0,8568.0,0.5100109828970527,0.9955473211077012
2.0,8640.0,0.5059114290485801,0.9951906702555078
2.0,8712.0,0.5018134412578907,0.994810500570589
2.0,8784.0,0.4977171212060377,0.9944056472153647
2.0,8856.0,0.4936225755054023,0.993974913081189
2.0,8928.0,0.4895299158302608,0.9935170693633373
2.0,9000.0,0.48543925904460095,0.993030856229101
2.0,9072.0,0.48135072732679657,0.9925149835801335
2.0,9144.0,0.4772644482907507,0.9919681319098749
2.0,9216.0,0.47318055510311346,0.9913889532566421
2.0,9288.0,0.46909918659617705,0.9907760722526077
2.0,9360.0,0.4650204873760557,0.9901280872686555
2.0,9432.0,0.46094460792575676,0.9894435716547406
2.0,9504.0,0.4568717047027496,0.9887210750751008
2.0,9576.0,0.45280194023065035,0.9879591249373368
2.0,9648.0,0.4487354831846356,0.9871562279140526
2.0,9720.0,0.44467250847021456,0.9863108715554723
2.0,9792.0,0.4406131972949929,0.9854215259910702
2.0,9864.0,0.4365577372330663,0.9844866457180017
2.0,9936.0,0.43250632228170227,0.9835046714737706
2.0,10008.0,0.42845915290997166,0.9824740321902873
2.0,10080.0,0.42441643609900825,0.9813931470261593
2.0,10152.0,0.42037838537358924,0.9802604274737858
2.0,10224.0,0.41634522082474146,0.9790742795375288
2.0,10296.0,0.4123171691231004,0.9778331059789663
2.0,10368.0,0.40829446352276033,0.9765353086249853
2.0,10440.0,0.40427734385537656,0.9751792907342142
2.0,10512.0,0.40026605651429814,0.9737634594170514
2.0,10584.0,0.39626085442853226,0.9722862281043587
2.0,10656.0,0.39226199702635856,0.9707460190596393
2.0,10728.0,0.38826975018843946,0.9691412659293646
2.0,10800.0,0.3842843861902881,0.9674704163259341
2.0,10872.0,0.380306183633988,0.9657319344375884
2.0,10944.0,0.37633542736907155,0.9639243036594564
2.0,11016.0,0.3723724084024996,0.9620460292398197
2.0,11088.0,0.3684174237977015,0.9600956409355574
2.0,11160.0,0.3644707765626637,0.958071695670651
2.0,11232.0,0.36053277552707996,0.9559727801915876
2.0,11304.0,0.3566037352086014,0.9537975137134451
2.0,11376.0,0.35268397566825066,0.9515445505504152
2.0,11448.0,0.3487738223550889,0.9492125827245338
2.0,11520.0,0.3448736059402538,0.9468003425463962
2.0,11592.0,0.3409836621405044,0.9443066051616766
2.0,11664.0,0.3371043315314458,0.94173019105732
2.0,11736.0,0.3332359593506168,0.9390699685213726
2.0,11808.0,0.32937889529066455,0.9363248560504808
2.0,11880.0,0.3255334932828376,0.9334938246992344
2.0,11952.0,0.32170011127106657,0.930575900365639
2.0,12024.0,0.3178791109769151,0.9275701660071668
2.0,12096.0,0.3140708576557108,0.9244757637819887
2.0,12168.0,0.31027571984418467,0.9212918971101829
2.0,12240.0,0.30649406909997085,0.9180178326499173
2.0,12312.0,0.30272627973333466,0.91465290218378
2.0,12384.0,0.29897272853152046,0.9111965044107329
2.0,12456.0,0.295233794476123,0.9076481066393064
2.0,12528.0,0.2915098584539087,0.9040072463779885
2.0,12600.0,0.287801302961524,0.90027353281897
2.0,12672.0,0.2841085118045458,0.8964466482117103
2.0,12744.0,0.2804318697913412,0.8925263491230531
2.0,12816.0,0.2767717624222156,0.8885124675809087
2.0,12888.0,0.2731285755743404,0.884404912098838
2.0,12960.0,0.26950269518296066,0.8802036685791499
2.0,13032.0,0.2658945069193913,0.8759088010924393
2.0,13104.0,0.2623043958663184,0.8715204525318135
2.0,13176.0,0.2587327461909273,0.8670388451403652
2.0,13248.0,0.25517994081638534,0.8624642809107356
2.0,13320.0,0.25164636109220867,0.8577971418559932
2.0,13392.0,0.24813238646404528,0.8530378901512967
2.0,13464.0,0.24463839414340732,0.8481870681461743
2.0,13536.0,0.24116475877788524,0.8432452982475431
2.0,13608.0,0.2377118521223751,0.8382132826739145
2.0,13680.0,0.23428004271184594,0.8330918030814984
2.0,13752.0,0.2308696955361693,0.8278817200633013
2.0,13824.0,0.22748117171753188,0.8225839725224922
2.0,13896.0,0.22411482819093964,0.8171995769217019
2.0,13968.0,0.22077101738831753,0.8117296264101426
2.0,14040.0,0.21745008692670004,0.8061752898307097
2.0,14112.0,0.21415237930099487,0.8005378106095151
2.0,14184.0,0.21087823158179606,0.7948185055305301
2.0,14256.0,0.2076279751187044,0.7890187633982619
2.0,14328.0,0.2044019352496059,0.7831400435916243
2.0,14400.0,0.2012004310163415,0.7771838745123879
2.0,14472.0,0.19802377488718784,0.7711518519317755
2.0,14544.0,0.19487227248655223,0.765045637238996
2.0,14616.0,0.19174622233227143,0.7588669555956855
2.0,14688.0,0.18864591558088248,0.7526175940003597
2.0,14760.0,0.1855716357812204,0.7462993992672039
2.0,14832.0,0.18252365863667616,0.7399142759235936
2.0,14904.0,0.17950225177643211,0.7334641840309302
2.0,14976.0,0.17650767453597022,0.7269511369334594
2.0,15048.0,0.17354017774713115,0.720377198939839
2.0,15120.0,0.17060000353798063,0.7137444829423422
2.0,15192.0,0.16768738514271977,0.7070551479786168
2.0,15264.0,0.16480254672185535,0.7003113967409901
2.0,15336.0,0.16194570319282592,0.6935154730383934
2.0,15408.0,0.15911706007125662,0.6866696592159649
2.0,15480.0,0.15631681332299752,0.6797762735374078
2.0,15552.0,0.1535451492270777,0.6728376675352621
2.0,15624.0,0.1508022442496848,0.6658562233341264
2.0,15696.0,0.14808826492926225,0.6588343509519383
2.0,15768.0,0.14540336777279295,0.6517744855843752
2.0,15840.0,0.14274769916331917,0.644679084877331
2.0,15912.0,0.14012139527872544,0.637550626192479
2.0,15984.0,0.13752458202179485,0.6303916038707492
2.0,16056.0,0.13495737496152685,0.62320452649857
2.0,16128.0,0.13241987928568538,0.615991914181575
2.0,16200.0,0.1299121897645278,0.6087562958304039
2.0,16272.0,0.12743439072564625,0.6015002064631246
2.0,16344.0,0.12498655603983434,0.5942261845286821
2.0,16416.0,0.122568749117876,0.5869367692556565
2.0,16488.0,0.12018102291813346,0.5796344980304923
2.0,16560.0,0.1178234199647979,0.5723219038092139
2.0,16632.0,0.11549597237664853,0.5650015125665157
2.0,16704.0,0.11319870190614935,0.5576758407859258
2.0,16776.0,0.11093161998870232,0.5503473929946722
2.0,16848.0,0.10869472780185607,0.5430186593465954
2.0,16920.0,0.10648801633426064,0.5356921132564217
2.0,16992.0,0.10431146646414301,0.5283702090884453
2.0,17064.0,0.10216504904706812,0.521055379902539
2.0,17136.0,0.10004872501273672,0.5137500352602451
2.0,17208.0,0.0979624454705633,0.5064565590934947
2.0,17280.0,0.09590615182376533,0.4991773076383538
2.0,17352.0,0.09387977589168743,0.49191460743600574
2.0,17424.0,0.09188324004007492,0.48467075340299387
2.0,17496.0,0.08991645731900341,0.4774480069725797
2.0,17568.0,0.08797933160816555,0.47024859430888877
2.0,17640.0,0.08607175776920789,0.46307470459534406
2.0,17712.0,0.08419362180480688,0.45592848839869254
2.0,17784.0,0.08234480102416848,0.4488120561097844
2.0,17856.0,0.08052516421462996,0.44172747646205435
2.0,17928.0,0.07873457181904175,0.4346767751285249
2.0,18000.0,0.0769728761186021,0.42766193339794895
2.0,18072.0,0.07523992142081773,0.42068488693055456
2.0,18144.0,0.07353554425226094,0.4137475245937111
2.0,18216.0,0.07185957355579274,0.40685168737765165
2.0,18288.0,0.07021183089192361,0.39999916739123825
2.0,18360.0,0.0685921306439803,0.39319170693763106
2.0,18432.0,0.06700028022675461,0.38643099766954303
2.0,18504.0,0.06543608029830436,0.37971867982364166
2.0,18576.0,0.06389932497458503,0.3730563415335275
2.0,18648.0,0.062389802046590795,0.36644551822055854
2.0,18720.0,0.060907293199687386,0.3598876920617201
2.0,18792.0,0.05945157423482393,0.35338429153354906
2.0,18864.0,0.05802241529131449,0.3469366910310761
2.0,18936.0,0.05661958107088515,0.34054621056058776
2.0,19008.0,0.05524283106268791,0.3342141155049404
2.0,19080.0,0.05389191976898788,0.32794161646003983
2.0,19152.0,0.052566596931237566,0.32172986914102353
2.0,19224.0,0.05126660775625623,0.3155799743565993
2.0,19296.0,0.049991693142241785,0.3094929780498823
2.0,19368.0,0.04874158990434604,0.30346987140404946
2.0,19440.0,0.04751603099955708,0.29751159101101693
2.0,19512.0,0.046314745750633185,0.2916190191013115
2.0,19584.0,0.04513746006884602,0.2857929838332353
2.0,19656.0,0.04398389667529639,0.28003425963937967
2.0,19728.0,0.042853775320575056,0.27434356762850104
2.0,19800.0,0.04174681300254763,0.268721576040717
2.0,19872.0,0.04066272418205326,0.263168900753972
2.0,19944.0,0.03960122099631537,0.2576861058396524
2.0,20016.0,0.03856201346986845,0.25227370416527245
2.0,20088.0,0.03754480972281866,0.24693215804204413
2.0,20160.0,0.036549316176259034,0.2416618799152225
2.0,20232.0,0.03557523775467561,0.236463233095035
2.0,20304.0,0.03462227808518224,0.23133653252605482
2.0,20376.0,0.03369013969343845,0.22628204559281995
2.0,20448.0,0.03277852419610715,0.22129999295957103
2.0,20520.0,0.03188713248972184,0.2163905494419353
2.0,20592.0,0.031015664935839998,0.2115538449084191
2.0,20664.0,0.03016382154236964,0.20678996520958107
2.0,20736.0,0.029331302140961735,0.20209895313278992
2.0,20808.0,0.028517806560373716,0.19748080938048315
2.0,20880.0,0.027723034795714568,0.1929354935698647
2.0,20952.0,0.02694668717349157,0.1884629252520213
2.0,21024.0,0.026188464512387714,0.1840629849484614
2.0,21096.0,0.02544806827970487,0.17973551520313505
2.0,21168.0,0.024725200743418066,0.17548032164798003
2.0,21240.0,0.024019565119791725,0.17129717408015704
2.0,21312.0,0.023330865716518573,0.16718580754910234
2.0,21384.0,0.0226588080713469,0.16314592345162493
2.0,21456.0,0.02200309908617091,0.1591771906332937
2.0,21528.0,0.02136344715656562,0.1552792464944197
2.0,21600.0,0.02073956229675286,0.15145169809897824
2.0,21672.0,0.020131156259994162,0.14769412328488085
2.0,21744.0,0.0195379426544112,0.1440060717740451
2.0,21816.0,0.018959637054239788,0.14038706628076483
2.0,21888.0,0.018395957106531056,0.1368366036169583
2.0,21960.0,0.017846622633318838,0.13335415579287682
2.0,22032.0,0.01731135572927649,0.1299391711119881
2.0,22104.0,0.016789880854892834,0.12659107525871033
2.0,22176.0,0.016281924925202383,0.12330927237782206
2.0,22248.0,0.01578721739410691,0.12009314614435738
2.0,22320.0,0.015305490334334782,0.116942060822889
2.0,22392.0,0.014836478513084037,0.11385536231514876
2.0,22464.0,0.014379919463402066,0.110832379194985
2.0,22536.0,0.013935553551358474,0.10787242372973295
2.0,22608.0,0.013503124039069734,0.10497479288708716
2.0,22680.0,0.013082377143639143,0.10213876932667389
2.0,22752.0,0.012673062092079043,0.09936362237552458
2.0,22824.0,0.01227493117228308,0.09664860898674518
2.0,22896.0,0.011887739780122291,0.09399297468069888
2.0,22968.0,0.011511246462737941,0.09139595446809068
2.0,23040.0,0.011145212958109009,0.08885677375438235
2.0,23112.0,0.010789404230973288,0.0863746492250172
2.0,23184.0,0.01044358850518272,0.08394878971099899
2.0,23256.0,0.010107537292575682,0.08157839703438015
2.0,23328.0,0.009781025418450762,0.07926266683331064
2.0,23400.0,0.009463831043727538,0.07700078936628854
2.0,23472.0,0.009155735683881167,0.07479195029536143
2.0,23544.0,0.0088565242247381,0.07263533144799154
2.0,23616.0,0.008565984935222598,0.07053011155743719
2.0,23688.0,0.008283909477142143,0.06847546698143034
2.0,23760.0,0.008010092912102456,0.0664705723990771
2.0,23832.0,0.007744333705641894,0.0645146014858696
2.0,23904.0,0.0074864337286749405,0.06260672756676443
2.0,23976.0,0.007236198256336793,0.06074612424731782
2.0,24048.0,0.006993435964317706,0.0589319660228945
2.0,24120.0,0.006757958922778087,0.057163428866000024
2.0,24192.0,0.006529582587934261,0.05543969079181607
2.0,24264.0,0.0063081257914031,0.053759932402055455
2.0,24336.0,0.006093410727395954,0.05212333740726649
2.0,24408.0,0.005885262937848658,0.05052909312776065
2.0,24480.0,0.005683511295575395,0.048976390973331264
2.0,24552.0,0.00548798798553294,0.047464426902015334
2.0,24624.0,0.005298528484280419,0.04599240185808569
2.0,24696.0,0.005114971537719137,0.044559522189568664
2.0,24768.0,0.004937159137196411,0.04316500004552779
2.0,24840.0,0.004764936494053931,0.04180805375344363
2.0,24912.0,0.004598152012703373,0.04048790817696073
2.0,24984.0,0.004436657262306852,0.03920379505436528
2.0,25056.0,0.004280306947141766,0.03795495331809633
2.0,25128.0,0.004128958875725842,0.036740629395673345
2.0,25200.0,0.0039824739287773895,0.035560077492390714
2.0,25272.0,0.003840716026085353,0.03441255985615612
2.0,25344.0,0.003703552092359202,0.03329734702486747
2.0,25416.0,0.0035708520221313673,0.03221371805670756
2.0,25488.0,0.0034424886437784104,0.031160960743778787
2.0,25560.0,0.0033183376827303833,0.030138371809466945
2.0,25632.0,0.0031982777239314883,0.029145257089967912
2.0,25704.0,0.003082190173616926,0.028180931700379826
2.0,25776.0,0.002969959220467401,0.027244720185795046
2.0,25848.0,0.0028614717962011497,0.02633595665782593
2.0,25920.0,0.00275661753566175,0.02545398491696673
2.0,25992.0,0.002655288736458586,0.024598158561252602
2.0,26064.0,0.002557380318214432,0.023767841081627945
2.0,26136.0,0.0024627897814726695,0.02296240594446388
2.0,26208.0,0.00237141716631672,0.022181236661644732
2.0,26280.0,0.0022831650107488013,0.021423726848669132
2.0,26352.0,0.0021979383088786717,0.020689280271174938
2.0,26424.0,0.002115644468965002,0.01997731088032779
2.0,26496.0,0.002036193271356319,0.01928724283747911
2.0,26568.0,0.001959496826372184,0.018618510528523303
2.0,26640.0,0.0018854695321661287,0.01797055856835783
2.0,26712.0,0.0018140280326095822,0.017342841795873906
2.0,26784.0,0.0017450911752334248,0.016734825259839426
2.0,26856.0,0.0016785799692636166,0.016145984196126763
2.0,26928.0,0.001614417543784784,0.015575803996636493
2.0,27000.0,0.0015525291060646056,0.01502378017030992
2.0,27072.0,0.0014928419000693615,0.014489418296631128
2.0,27144.0,0.0014352851652006842,0.013972233971966118
2.0,27216.0,0.00137979009528202,0.013471752749113362
2.0,27288.0,0.0013262897978187592,0.012987510070426821
2.0,27360.0,0.0012747192535611596,0.012519051194860962
2.0,27432.0,0.0012250152763899388,0.012065931119270344
2.0,27504.0,0.0011771164735484684,0.011627714494323982
2.0,27576.0,0.0011309632062431467,0.011203975535324416
2.0,27648.0,0.001086497550629588,0.010794297928281082
2.0,27720.0,0.0010436632592045645,0.010398274731543464
2.0,27792.0,0.0010024057226205656,0.010015508273276906
2.0,27864.0,0.000962671931937907,0.009645610045095053
2.0,27936.0,0.0009244104413301881,0.009288200592128959
2.0,28008.0,0.0008875713312558574,0.008942909399804933
2.0,28080.0,0.0008521061721086375,0.008609374777602596
2.0,28152.0,0.0008179679883583384,0.008287243740056738
2.0,28224.0,0.0007851112231921283,0.007976171885243133
2.0,28296.0,0.0007534917036654126,0.007675823271010527
2.0,28368.0,0.0007230666063717514,0.00738587028916342
2.0,28440.0,0.0006937944236372498,0.007105993537859945
2.0,28512.0,0.000665634930248322,0.0068358816924103385
2.0,28584.0,0.0006385491507163797,0.006575231374698375
2.0,28656.0,0.0006124993270862484,0.006323747021433234
2.0,28728.0,0.0005874488872904434,0.006081140751412306
2.0,28800.0,0.0005633624140539755,0.005847132231998131
2.0,28872.0,0.0005402056143518541,0.005621448544962959
2.0,28944.0,0.0005179452894206556,0.005403824051894901
2.0,29016.0,0.000496549305325824,0.005194000259318442
2.0,29088.0,0.00047598656408563087,0.004991725683683512
2.0,29160.0,0.00045622697535063544,0.004796755716365908
2.0,29232.0,0.0004372414286385243,0.004608852488843951
2.0,29304.0,0.0004190017661235276,0.004427784738149398
2.0,29376.0,0.00040148075597861934,0.004253327672750372
2.0,29448.0,0.0003846520662670721,0.00408526283897217
2.0,29520.0,0.00036849023938230073,0.003923377988074606
2.0,29592.0,0.0003529706670317668,0.003767466944086806
2.0,29664.0,0.000338069565761995,0.003617329472510988
2.0,29736.0,0.0003237639530203125,0.0034727711499897393
2.0,29808.0,0.00031003162374933365,0.0033336032350106846
2.0,29880.0,0.0002968511275091806,0.0031996425397558424
2.0,29952.0,0.0002842017461226584,0.003070711303161033
2.0,30024.0,0.0002720634718380948,0.0029466370652535545
2.0,30096.0,0.000260416986004708,0.002827252542849123
2.0,30168.0,0.0002492436382530784,0.0027123955066656433
2.0,30240.0,0.00023852542617685123,0.0026019086599070817
2.0,30312.0,0.00022824497550772986,0.002495639518377146
2.0,30384.0,0.00021838552077805767,0.002393440292167526
2.0,30456.0,0.0002089308864638466,0.0022951677689711397
2.0,30528.0,0.00019986546860216087,0.00220068319905522
2.0,30600.0,0.00019117421687468304,0.0021098521819290284
2.0,30672.0,0.00018284261715121035,0.0020225445547474405
2.0,30744.0,0.00017485667448610017,0.0019386342824724069
2.0,30816.0,0.00016720289655929767,0.001857999349814321
2.0,30888.0,0.00015986827755496455,0.0017805216549881206
2.0,30960.0,0.00015284028247088753,0.0017060869052855309
2.0,31032.0,0.00014610683184946546,0.0016345845144996928
2.0,31104.0,0.00013965628692494555,0.0015659075021851264
2.0,31176.0,0.00013347743517692538,0.0014999523947970771
2.0,31248.0,0.00012755947628331792,0.0014366191286939054
2.0,31320.0,0.0001218920084664017,0.0013758109550096264
2.0,31392.0,0.00011646501522147616,0.0013174343464122272
2.0,31464.0,0.00011126885242275714,0.0012613989057236096
2.0,31536.0,0.0001062942357980399,0.0012076172764260208
2.0,31608.0,0.00010153222876377976,0.001156005055030107
2.0,31680.0,9.697423061405479e-05,0.0011064807053017488
2.0,31752.0,9.261196505475845e-05,0.001058965474353357
2.0,31824.0,8.843746907632616e-05,0.001013383310561977
2.0,31896.0,8.444308215653971e-05,0.0009696607833333815
2.0,31968.0,8.062143578660676e-05,0.0009277270046759156
2.0,32040.0,7.696544331323213e-05,0.0008875135525805433
2.0,32112.0,7.346829008822514e-05,0.0008489543961900381
2.0,32184.0,7.012342391944397e-05,0.0008119858227260578
2.0,32256.0,6.69245458158118e-05,0.0007765463661883131
2.0,32328.0,6.386560101857067e-05,0.0007425767377654324
2.0,32400.0,6.0940770311987824e-05,0.0007100197579717359
2.0,32472.0,5.814446160719054e-05,0.0006788202904630225
2.0,32544.0,5.54713017913134e-05,0.0006489251775263937
2.0,32616.0,5.2916128835759064e-05,0.0006202831772142758
2.0,32688.0,5.0473984156822066e-05,0.0005928449020991877
2.0,32760.0,4.8140105221818695e-05,0.0005665627596258104
2.0,32832.0,4.590991839493284e-05,0.0005413908940269607
2.0,32904.0,4.377903201506788e-05,0.0005172851298063108
2.0,32976.0,4.1743229701406e-05,0.0004942029167196438
2.0,33048.0,3.979846387820206e-05,0.000472103276265301
2.0,33120.0,3.7940849515258844e-05,0.00045094674964119
2.0,33192.0,3.61666580758066e-05,0.0004306953471427732
2.0,33264.0,3.447231166720336e-05,0.00041131249896935167
2.0,33336.0,3.285437738912705e-05,0.0003927630074379351
2.0,33408.0,3.130956187238591e-05,0.00037501300053790484
2.0,33480.0,2.9834706003851273e-05,0.00035802988683002467
2.0,33552.0,2.8426779831635155e-05,0.0003417823116556917
2.0,33624.0,2.708287764557247e-05,0.0003262401146145066
2.0,33696.0,2.5800213227503027e-05,0.0003113742883066095
2.0,33768.0,2.4576115266822142e-05,0.0002971569382950178
2.0,33840.0,2.3408022935510018e-05,0.0002835612442687818
2.0,33912.0,2.2293481618589338e-05,0.00027056142237071864
2.0,33984.0,2.1230138795037578e-05,0.00025813268868333237
2.0,34056.0,2.0215740064855276e-05,0.0002462512238231795
2.0,34128.0,1.9248125316534957e-05,0.00023489413863089222
2.0,34200.0,1.832522503256791e-05,0.00022403944092630465
2.0,34272.0,1.7445056726896624e-05,0.0002136660033087878
2.0,34344.0,1.660572151104356e-05,0.00020375353196229183
2.0,34416.0,1.5805400784796225e-05,0.00019428253646225355
2.0,34488.0,1.5042353047042155e-05,0.00018523430053747346
2.0,34560.0,1.431491082341534e-05,0.00017659085378269877
2.0,34632.0,1.3621477706401272e-05,0.0001683349442693327
2.0,34704.0,1.2960525504898895e-05,0.00016045001206776988
2.0,34776.0,1.2330591499260722e-05,0.0001529201636230937
2.0,34848.0,1.1730275798293825e-05,0.0001457301469869776
2.0,34920.0,1.1158238794579863e-05,0.00013886532786031578
2.0,34992.0,1.0613198715823427e-05,0.0001323116664423196
2.0,35064.0,1.0093929268089061e-05,0.000126055695056948
2.0,35136.0,9.599257368032272e-06,0.00012008449652896046
2.0,35208.0,9.128060960979969e-06,0.0001143856833060397
2.0,35280.0,8.679266922710852e-06,0.00010894737727724646
2.0,35352.0,8.251849040939676e-06,0.00010375819030201683
2.0,35424.0,7.844826074177792e-06,9.880720539783282e-05
2.0,35496.0,7.457259886193764e-06,9.408395858798712e-05
2.0,35568.0,7.088253651473426e-06,8.957842138030968e-05
2.0,35640.0,6.7369501314846e-06,8.528098386335612e-05
2.0,35712.0,6.402530017215171e-06,8.118243839732031e-05
2.0,35784.0,6.084210337009643e-06,7.727396387409158e-05
2.0,35856.0,5.7812429268250295e-06,7.354711056066775e-05
2.0,35928.0,5.4929129605796526e-06,6.99937854577115e-05
2.0,36000.0,5.218537538569772e-06,6.660623820309297e-05
2.0,36072.0,4.957464332675202e-06,6.33770474820494e-05
2.0,36144.0,4.709070283877372e-06,6.029910792193505e-05
2.0,36216.0,4.472760353617479e-06,5.7365617478666306e-05
2.0,36288.0,4.247966323968115e-06,5.457006527436192e-05
2.0,36360.0,4.0341456464579465e-06,5.190621988759858e-05
2.0,36432.0,3.830780337258283e-06,4.9368118077097733e-05
2.0,36504.0,3.637375917435051e-06,4.695005392392204e-05
2.0,36576.0,3.4534603959030126e-06,4.464656837797065e-05
2.0,36648.0,3.2785832938574926e-06,4.245243919811514e-05
2.0,36720.0,3.1123147091725255e-06,4.0362671266080946e-05
2.0,36792.0,2.9542444192036525e-06,3.8372487275495355e-05
2.0,36864.0,2.8039810205554143e-06,3.6477318766969794e-05
2.0,36936.0,2.661151103984288e-06,3.467279750708485e-05
2.0,37008.0,2.5253984641891746e-06,3.295474719706703e-05
2.0,37080.0,2.3963833415565532e-06,3.1319175500499336e-05
2.0,37152.0,2.273781696235869e-06,2.9762266384381063e-05
2.0,37224.0,2.157284512002915e-06,2.8280372741562584e-05
2.0,37296.0,2.046597129858835e-06,2.6870009316581898e-05
2.0,37368.0,1.9414386089846098e-06,2.5527845902217902e-05
2.0,37440.0,1.8415411153703616e-06,2.4250700796812907e-05
2.0,37512.0,1.746649335455141e-06,2.3035534524495916e-05
2.0,37584.0,1.6565199153989596e-06,2.1879443808359154e-05
2.0,37656.0,1.5709209238911003e-06,2.077965577029772e-05
2.0,37728.0,1.4896313380323224e-06,1.9733522370302124e-05
2.0,37800.0,1.4124405505690572e-06,1.87385150695718e-05
2.0,37872.0,1.3391478994196398e-06,1.7792219696843856e-05
2.0,37944.0,1.269562216278473e-06,1.6892331534990034e-05
2.0,38016.0,1.203501395470264e-06,1.60366505937759e-05
2.0,38088.0,1.14079198108222e-06,1.5223077079440371e-05
2.0,38160.0,1.0812687722148759e-06,1.4449607053279577e-05
2.0,38232.0,1.0247744453031966e-06,1.371432825791885e-05
2.0,38304.0,9.711591927263692e-07,1.3015416119088739e-05
2.0,38376.0,9.202803776356033e-07,1.2351129912957503e-05
2.0,38448.0,8.720022036670344e-07,1.1719809087651354e-05
2.0,38520.0,8.261953989720497e-07,1.1119869738962506e-05
2.0,38592.0,7.827369146177228e-07,1.0549801234560617e-05
2.0,38664.0,7.41509636078973e-07,1.0008162972496848e-05
2.0,38736.0,7.024021075019667e-07,9.493581281105888e-06
2.0,38808.0,6.653082681534482e-07,9.004746445384624e-06
2.0,38880.0,6.301272007709243e-07,8.540409854163044e-06
2.0,38952.0,5.967628912107403e-07,8.099381285120442e-06
2.0,39024.0,5.651239983626518e-07,7.680526277198396e-06
2.0,39096.0,5.351236351844973e-07,7.28276363801683e-06
2.0,39168.0,5.066791586892542e-07,6.905063041529047e-06
2.0,39240.0,4.7971197014599e-07,6.546442742916269e-06
2.0,39312.0,4.541473240203958e-07,6.2059673759051744e-06
2.0,39384.0,4.299141452990257e-07,5.88274585524573e-06
2.0,39456.0,4.069448558911451e-07,5.575929363743625e-06
2.0,39528.0,3.851752077443867e-07,5.2847094316632586e-06
2.0,39600.0,3.645441246825059e-07,5.008316090737707e-06
2.0,39672.0,3.4499355090435223e-07,4.746016119838714e-06
2.0,39744.0,3.264683068716711e-07,4.497111351753346e-06
2.0,39816.0,3.0891595100634737e-07,4.260937073041759e-06
2.0,39888.0,2.922866484565806e-07,4.036860475764569e-06
2.0,39960.0,2.7653304588514724e-07,3.824279188080482e-06
2.0,40032.0,2.6161015167535646e-07,3.6226198659505825e-06
2.0,40104.0,2.4747522210528405e-07,3.4313368452387746e-06
2.0,40176.0,2.3408765238911508e-07,3.2499108598926792e-06
2.0,40248.0,2.2140887326080632e-07,3.0778478077309046e-06
2.0,40320.0,2.0940225189163148e-07,2.9146775801791587e-06
2.0,40392.0,1.9803299779919658e-07,2.759952938902188e-06
2.0,40464.0,1.8726807317967658e-07,2.613248439331528e-06
2.0,40536.0,1.7707610700562555e-07,2.474159414589394e-06
2.0,40608.0,1.674273138843275e-07,2.342300991386992e-06
2.0,40680.0,1.5829341600711526e-07,2.2173071592135325e-06
2.0,40752.0,1.4964756927248122e-07,2.098829877184016e-06
2.0,40824.0,1.4146429294483114e-07,1.9865382228090307e-06
2.0,40896.0,1.3371940199470542e-07,1.8801175805549517e-06
2.0,40968.0,1.2638994373823642e-07,1.7792688637996432e-06
2.0,41040.0,1.194541366254307e-07,1.6837077772891006e-06
2.0,41112.0,1.1289131197762836e-07,1.5931641115685124e-06
2.0,41184.0,1.0668185899303807e-07,1.5073810608612346e-06
2.0,41256.0,1.008071723279244e-07,1.4261145892646708e-06
2.0,41328.0,9.524960164959342e-08,1.3491328154202618e-06
2.0,41400.0,8.999240435125113e-08,1.276215420631388e-06
2.0,41472.0,8.501969995434381e-08,1.2071531017454617e-06
2.0,41544.0,8.031642706836184e-08,1.1417470275887352e-06
2.0,41616.0,7.586830230547858e-08,1.0798083401653002e-06
2.0,41688.0,7.166178105926501e-08,1.0211576643825993e-06
2.0,41760.0,6.768402059343789e-08,9.65624652593533e-07
2.0,41832.0,6.392284442679314e-08,9.13047541217793e-07
2.0,41904.0,6.03667088677418e-08,8.632727329427325e-07
2.0,41976.0,5.700467098749184e-08,8.161543945561788e-07
2.0,42048.0,5.3826358121038755e-08,7.715540817798682e-07
2.0,42120.0,5.082193889552432e-08,7.293403733399373e-07
2.0,42192.0,4.79820958931116e-08,6.893885249326104e-07
2.0,42264.0,4.529799943252074e-08,6.515801402429133e-07
2.0,42336.0,4.2761282718780643e-08,6.158028625691259e-07
2.0,42408.0,4.036401798734226e-08,5.819500671577771e-07
2.0,42480.0,3.809869438918249e-08,5.499205869341494e-07
2.0,42552.0,3.5958196515323675e-08,5.196184339695264e-07
2.0,42624.0,3.393578388045957e-08,4.909525458174357e-07
2.0,42696.0,3.202507200535599e-08,4.6383653824477727e-07
2.0,42768.0,3.0220013765827544e-08,4.3818847430543426e-07
2.0,42840.0,2.8514882517604112e-08,4.13930640519311e-07
2.0,42912.0,2.6904254813209508e-08,3.909893358411409e-07
2.0,42984.0,2.5382995374235294e-08,3.692946670241781e-07
2.0,43056.0,2.3946241832936968e-08,3.487803638790865e-07
2.0,43128.0,2.2589390717329806e-08,3.2938359026957184e-07
2.0,43200.0,2.1308083862346103e-08,3.1104477642429625e-07
2.0,43272.0,2.00981957627028e-08,2.9370745053824975e-07
2.0,43344.0,1.895582142288478e-08,2.77318083163891e-07
2.0,43416.0,1.78772649532977e-08,2.6182593515500225e-07
2.0,43488.0,1.6859028326426806e-08,2.471829219530264e-07
2.0,43560.0,1.5897801482655693e-08,2.333434771628617e-07
2.0,43632.0,1.4990452098871975e-08,2.2026441541811435e-07
2.0,43704.0,1.41340163161832e-08,2.079048265102301e-07
2.0,43776.0,1.332569021367964e-08,1.962259446486314e-07
2.0,43848.0,1.2562820784736765e-08,1.8519104685310592e-07
2.0,43920.0,1.1842898618685403e-08,1.7476534495131088e-07
2.0,43992.0,1.1163550049731758e-08,1.6491588965550362e-07
2.0,44064.0,1.0522529731778166e-08,1.5561147037601583e-07
2.0,44136.0,9.917714314971729e-09,1.4682253137721089e-07
2.0,44208.0,9.34709555351635e-09,1.3852108224909898e-07
2.0,44280.0,8.808774568399977e-09,1.3068061974763622e-07
2.0,44352.0,8.300955647951346e-09,1.2327605034556654e-07
2.0,44424.0,7.82194116768527e-09,1.1628361420434884e-07
2.0,44496.0,7.370125977194964e-09,1.0968082051476812e-07
2.0,44568.0,6.94399276407889e-09,1.0344637857429005e-07
2.0,44640.0,6.542107044526414e-09,9.756013454875755e-08
2.0,44712.0,6.1631132559069845e-09,9.200301605005733e-08
2.0,44784.0,5.805729782515448e-09,8.675697102944468e-08
2.0,44856.0,5.468745616848037e-09,8.180491732900918e-08
2.0,44928.0,5.151016344503833e-09,7.71306922331405e-08
2.0,45000.0,4.851460378890121e-09,7.271899988836593e-08
2.0,45072.0,4.569055923541188e-09,6.85553715129572e-08
2.0,45144.0,4.302837597139855e-09,6.462611921165262e-08
2.0,45216.0,4.05189305865769e-09,6.091829334309295e-08
2.0,45288.0,3.815360840195829e-09,5.741964557159918e-08
2.0,45360.0,3.5924268654825306e-09,5.411859191895019e-08
2.0,45432.0,3.3823222472213132e-09,5.10041765267033e-08
2.0,45504.0,3.184320942387979e-09,4.806603968177114e-08
2.0,45576.0,2.9977370878025414e-09,4.5294380868199365e-08
2.0,45648.0,2.821923010647841e-09,4.267993958251281e-08
2.0,45720.0,2.6562672746339824e-09,4.021395696440776e-08
2.0,45792.0,2.5001922995691507e-09,3.788815092775621e-08
2.0,45864.0,2.353153011588722e-09,3.569469839703742e-08
2.0,45936.0,2.214634658110029e-09,3.362619622748753e-08
2.0,46008.0,2.0841512803453996e-09,3.167565338912937e-08
2.0,46080.0,1.9612442212849063e-09,2.98364604134349e-08
2.0,46152.0,1.8454804734586526e-09,2.8102370208671342e-08
2.0,46224.0,1.7364514536065662e-09,2.6467481006875455e-08
2.0,46296.0,1.6337715459011814e-09,2.492621504757153e-08
2.0,46368.0,1.5370766809884963e-09,2.3473302945831163e-08
2.0,46440.0,1.4460234301455155e-09,2.210376663924762e-08
2.0,46512.0,1.3602877439482223e-09,2.0812901624367438e-08
2.0,46584.0,1.27956385106815e-09,1.9596263456378437e-08
2.0,46656.0,1.2035631925118738e-09,1.8449658512054157e-08
2.0,46728.0,1.132013693345329e-09,1.7369121962929058e-08
2.0,46800.0,1.064658554679287e-09,1.635090995932842e-08
2.0,46872.0,1.0012556498688114e-09,1.5391486130056365e-08
2.0,46944.0,9.415765119707172e-10,1.4487512345340293e-08
2.0,47016.0,8.854057476300332e-10,1.3635837348147106e-08
2.0,47088.0,8.325402376198929e-10,1.2833484674956707e-08
2.0,47160.0,7.82788302110774e-10,1.2077644129249164e-08
2.0,47232.0,7.359691853738892e-10,1.1365661833906415e-08
2.0,47304.0,6.919127185872921e-10,1.069503525741311e-08
2.0,47376.0,6.504581115648686e-10,1.0063399003001905e-08
2.0,47448.0,6.114540241704528e-10,9.468524808653455e-09
2.0,47520.0,5.74757677894408e-10,8.908304494070762e-09
2.0,47592.0,5.402345540720265e-10,8.380752092307375e-09
2.0,47664.0,5.077577720552761e-10,7.883993902169094e-09
2.0,47736.0,4.772077695719284e-10,7.416257830072936e-09
2.0,47808.0,4.4847176974960093e-10,6.9758762322180696e-09
2.0,47880.0,4.2144374568432304e-10,6.561275256444787e-09
2.0,47952.0,3.9602354992232576e-10,6.170965605178935e-09
2.0,48024.0,3.721168435933457e-10,5.803549640859273e-09
2.0,48096.0,3.4963481204040625e-10,5.4577014907408735e-09
2.0,48168.0,3.2849377414381237e-10,5.132177705036156e-09
2.0,48240.0,3.086148624314516e-10,4.825799493346494e-09
2.0,48312.0,2.899236325597413e-10,4.537459119546838e-09
2.0,48384.0,2.723502229330888e-10,4.2661099541874135e-09
2.0,48456.0,2.5582860866847206e-10,4.010765053408249e-09
2.0,48528.0,2.402968150109157e-10,3.770495027310972e-09
2.0,48600.0,2.2569631312333826e-10,3.5444251977878594e-09
2.0,48672.0,2.1197200239188997e-10,3.331724229838073e-09
2.0,48744.0,1.9907197954932907e-10,3.131616921336899e-09
2.0,48816.0,1.8694737880673424e-10,2.94336715001009e-09
2.0,48888.0,1.7555230079540306e-10,2.7662828472330144e-09
2.0,48960.0,1.6484342174920682e-10,2.599710313688774e-09
2.0,49032.0,1.5477995801573478e-10,2.443036350996408e-09
2.0,49104.0,1.453234883402197e-10,2.295679024655328e-09
2.0,49176.0,1.3643791854511967e-10,2.1570933483872065e-09
2.0,49248.0,1.2808919706036768e-10,2.0267648892513534e-09
2.0,49320.0,1.2024535068019583e-10,1.9042076360165085e-09
2.0,49392.0,1.1287625346830864e-10,1.7889661307890492e-09
2.0,49464.0,1.0595348479480484e-10,1.6806083635856338e-09
2.0,49536.0,9.945041801237854e-11,1.5787307461323506e-09
2.0,49608.0,9.334188311312901e-11,1.4829495853518893e-09
2.0,49680.0,8.760427311856526e-11,1.392904636077219e-09
2.0,49752.0,8.221534891386864e-11,1.3082583905088539e-09
2.0,49824.0,7.7154221300575e-11,1.2286903938729664e-09
2.0,49896.0,7.240113795242546e-11,1.153902218220537e-09
2.0,49968.0,6.793764317646668e-11,1.0836089359145262e-09
2.0,50040.0,6.374627597449738e-11,1.0175433828862879e-09
2.0,50112.0,5.981069453351553e-11,9.554561586355701e-10
2.0,50184.0,5.611546291742926e-11,8.971113629741012e-10
2.0,50256.0,5.26460332690353e-11,8.422844643973804e-10
2.0,50328.0,4.938883468911093e-11,7.9076727388383e-10
2.0,50400.0,4.633102463450308e-11,7.423629710956447e-10
2.0,50472.0,4.3460542090161905e-11,6.968861043787911e-10
2.0,50544.0,4.076605432437301e-11,6.541604591348004e-10
2.0,50616.0,3.823692134630824e-11,6.140233210771839e-10
2.0,50688.0,3.586316039420125e-11,5.7631908134681e-10
2.0,50760.0,3.363526834942919e-11,5.409027892255835e-10
2.0,50832.0,3.1544434776833646e-11,5.076373099655029e-10
2.0,50904.0,2.9582257856922906e-11,4.763933247886598e-10
2.0,50976.0,2.774097516679264e-11,4.4705004142997493e-10
2.0,51048.0,2.601321512798056e-11,4.194923519662552e-10
2.0,51120.0,2.4392050147875107e-11,3.9361296444440085e-10
2.0,51192.0,2.287101465508009e-11,3.693124028814054e-10
2.0,51264.0,2.144401585282364e-11,3.4649545455067705e-10
2.0,51336.0,2.010522757778131e-11,3.250704594393028e-10
2.0,51408.0,1.8849285393079018e-11,3.0495499458993435e-10
2.0,51480.0,1.7671162450032628e-11,2.8607161084437394e-10
2.0,51552.0,1.6566027207335543e-11,2.6834356958715944e-10
2.0,51624.0,1.552943894132641e-11,2.5170123763018634e-10
2.0,51696.0,1.4557258901350347e-11,2.3607995558450054e-10
2.0,51768.0,1.3645454921990935e-11,2.214179062320909e-10
2.0,51840.0,1.2790385586570916e-11,2.0765469344041775e-10
2.0,51912.0,1.1988462799743154e-11,1.9473915813250638e-10
2.0,51984.0,1.1236542524745417e-11,1.8261658851770332e-10
2.0,52056.0,1.0531409693510603e-11,1.7124222040365564e-10
2.0,52128.0,9.870257761763506e-12,1.6056844742706741e-10
2.0,52200.0,9.250386758983038e-12,1.5055121593832155e-10
2.0,52272.0,8.669256613560492e-12,1.411528671724227e-10
2.0,52344.0,8.124433797016344e-12,1.3233503182163986e-10
2.0,52416.0,7.613662424211243e-12,1.2406218274918502e-10
2.0,52488.0,7.1348819824613625e-12,1.1630092444647742e-10
2.0,52560.0,6.686103059293849e-12,1.0902070357587945e-10
2.0,52632.0,6.2654427815369265e-12,1.0219096679975336e-10
2.0,52704.0,5.87117812899378e-12,9.57847134941403e-11
2.0,52776.0,5.5016749261063875e-12,8.977565357781713e-11
2.0,52848.0,5.155405559586501e-12,8.414104968323954e-11
2.0,52920.0,4.830877962423248e-12,7.88560328146559e-11
2.0,52992.0,4.526759905268249e-12,7.389928668999346e-11
2.0,53064.0,4.241825763152187e-12,6.925091611265088e-11
2.0,53136.0,3.974849884308933e-12,6.489244697149842e-11
2.0,53208.0,3.724713209867067e-12,6.080469461267057e-11
2.0,53280.0,3.4903854758284394e-12,5.697273763871635e-11
2.0,53352.0,3.2708187120482597e-12,5.338023356671328e-11
2.0,53424.0,3.065142518987693e-12,5.0011550456474645e-11
2.0,53496.0,2.8724509661429928e-12,4.6853187996021006e-11
2.0,53568.0,2.6919447541863036e-12,4.389306695884442e-11
2.0,53640.0,2.5228955959540556e-12,4.111910811843699e-11
2.0,53712.0,2.3645219250618495e-12,3.851781116281927e-11
2.0,53784.0,2.2162375514089152e-12,3.607993903642636e-11
2.0,53856.0,2.077349749421526e-12,3.379412305548613e-11
2.0,53928.0,1.947290081082958e-12,3.165254724990518e-11
2.0,54000.0,1.825507914054166e-12,2.96452640213829e-11
2.0,54072.0,1.7114348332871264e-12,2.7765167942561674e-11
2.0,54144.0,1.604644516968501e-12,2.6001600872405107e-11
2.0,54216.0,1.504710673909887e-12,2.4349589011762874e-11
2.0,54288.0,1.4111359586493049e-12,2.2803448018748893e-11
2.0,54360.0,1.323511797629342e-12,2.135394083779829e-11
2.0,54432.0,1.2414651520856073e-12,1.999538312702498e-11
2.0,54504.0,1.1646763428649973e-12,1.8723511630014396e-11
2.0,54576.0,1.0927545293535575e-12,1.753051037667319e-11
2.0,54648.0,1.0254865908398467e-12,1.6414247738794074e-11
2.0,54720.0,9.62517286580921e-13,1.5368328831755204e-11
2.0,54792.0,9.035801285978175e-13,1.4389200941877788e-11
2.0,54864.0,8.48390949561753e-13,1.3471890270011498e-11
2.0,54936.0,7.967365598551803e-13,1.2612133559741777e-11
2.0,55008.0,7.484216099912869e-13,1.1807088640125583e-11
2.0,55080.0,7.032151467841314e-13,1.1052492254748358e-11
2.0,55152.0,6.60957347883689e-13,1.0346923318138578e-11
2.0,55224.0,6.213994735669226e-13,9.686829116617444e-12
2.0,55296.0,5.843816861713393e-13,9.067946393770397e-12
2.0,55368.0,5.497619001184889e-13,8.488854064125916e-12
2.0,55440.0,5.173979800644005e-13,7.94528887126944e-12
2.0,55512.0,4.870768052976333e-13,7.437961357936728e-12
2.0,55584.0,4.58727306232143e-13,6.9618977249774605e-12
2.0,55656.0,4.322251378891719e-13,6.5170979723916384e-12
2.0,55728.0,4.074815130516856e-13,6.1007199292362195e-12
2.0,55800.0,3.843897967156824e-13,5.711342510039685e-12
2.0,55872.0,3.6273689496654024e-13,5.346123543858994e-12
2.0,55944.0,3.4248725387065204e-13,5.004352487958385e-12
2.0,56016.0,3.2356982681067585e-13,4.68460825686634e-12
2.0,56088.0,3.0586027263597075e-13,4.385469765111339e-12
2.0,56160.0,2.893408316062595e-13,4.106226469957619e-12
2.0,56232.0,2.7386939900250745e-13,3.844036200462141e-12
2.0,56304.0,2.5941045151604335e-13,3.5996094993606677e-12
2.0,56376.0,2.458929387014083e-13,3.370814738445915e-12
2.0,56448.0,2.3328131428122913e-13,3.1555202895106047e-12
2.0,56520.0,2.2146902747007804e-13,2.9551472380262565e-12
2.0,56592.0,2.1043830321520996e-13,2.76685341304983e-12
2.0,56664.0,2.0015362586418794e-13,2.592059900052845e-12
2.0,56736.0,1.9052616991880788e-13,2.4279245280922623e-12
2.0,56808.0,1.8153817181067576e-13,2.2737367544323206e-12
2.0,56880.0,1.731363446627267e-13,2.13020712180878e-12
2.0,56952.0,1.6530294021903465e-13,1.9959145447501213e-12
2.0,57024.0,1.5800242751469466e-13,1.870859023256344e-12
2.0,57096.0,1.5118149670393961e-13,1.7529089291201669e-12
2.0,57168.0,1.4478688387840658e-13,1.6427748050773513e-12
2.0,57240.0,1.388363219815535e-13,1.5390355656563768e-12
2.0,57312.0,1.3325879119285743e-13,1.4438228390645235e-12
2.0,57384.0,1.2805429916855247e-13,1.3535839116229909e-12
2.0,57456.0,1.2324057119586244e-13,1.270450411539059e-12
2.0,57528.0,1.1867552169633741e-13,1.1922907106054482e-12
2.0,57600.0,1.1448349182061837e-13,1.1191048088221576e-12
2.0,57672.0,1.1055790781457535e-13,1.050182163453428e-12
2.0,57744.0,1.0689877733444238e-13,9.86943859970779e-13
2.0,57816.0,1.0345279053445236e-13,9.272582701669305e-13
2.0,57888.0,1.0027322663543628e-13,8.711253940418828e-13
2.0,57960.0,9.728909644180734e-14,8.199663170671556e-13
2.0,58032.0,9.450030807875724e-14,7.695177828281884e-13
2.0,58104.0,9.192471698948829e-14,7.247535904753022e-13
2.0,58176.0,8.954449835573428e-14,6.821210263296962e-13
2.0,58248.0,8.730639209724928e-14,6.430411758628906e-13
2.0,58320.0,8.521037141721427e-14,6.060929536033653e-13
2.0,58392.0,8.325648608115033e-14,5.719869022868805e-13
2.0,58464.0,8.144465569860024e-14,5.39301936441916e-13
2.0,58536.0,7.972165847048825e-14,5.094591415399919e-13
2.0,58608.0,7.817630075443325e-14,4.817479748453479e-13
2.0,58680.0,7.671975322411426e-14,4.561684363579843e-13
2.0,58752.0,7.533426379548827e-14,4.312994406063808e-13
2.0,58824.0,7.401981715608729e-14,4.085620730620576e-13
2.0,58896.0,7.281194044269927e-14,3.865352482534945e-13
2.0,58968.0,7.169286625881319e-14,3.666400516522117e-13
2.0,59040.0,7.068040411022724e-14,3.488764832582092e-13
2.0,59112.0,6.972120969812125e-14,3.3111291486420665e-13
2.0,59184.0,6.883305807524022e-14,3.1405988920596425e-13
2.0,59256.0,6.799822012624326e-14,2.9984903449076225e-13
2.0,59328.0,6.725218470674826e-14,2.8634872251132035e-13
2.0,59400.0,6.652391285564726e-14,2.735589532676385e-13
2.0,59472.0,6.58666991062393e-14,2.6147972675971685e-13
2.0,59544.0,6.522722595652326e-14,2.494005002517952e-13
2.0,59616.0,6.467658213312826e-14,2.387423592153936e-13
2.0,59688.0,6.416145779028726e-14,2.287947609147523e-13
2.0,59760.0,6.366410467207427e-14,2.1955770534987095e-13
2.0,59832.0,6.322003077469226e-14,2.1103119252074975e-13
2.0,59904.0,6.281147635786422e-14,2.0250467969162855e-13
2.0,59976.0,6.243847204652628e-14,1.9610979506978764e-13
2.0,60048.0,6.208321599111427e-14,1.8900436771218663e-13
2.0,60120.0,6.176348324437327e-14,1.8260948309034574e-13
2.0,60192.0,6.146151789414327e-14,1.7621459846850483e-13
2.0,60264.0,6.115955254391328e-14,1.7053025658242404e-13
2.0,60336.0,6.08931143304713e-14,1.6555645743210332e-13
2.0,60408.0,6.06621994257003e-14,1.6129320101754274e-13
2.0,60480.0,6.044905191744032e-14,1.5702994460298213e-13
2.0,60552.0,6.025366032134031e-14,1.5276668818842154e-13
2.0,60624.0,6.005826872524032e-14,1.4850343177386093e-13
2.0,60696.0,5.98806368694173e-14,1.4495071809506043e-13
2.0,60768.0,5.972076858198829e-14,1.4139800441625993e-13
2.0,60840.0,5.956091177891032e-14,1.3926637620897962e-13
2.0,60912.0,5.943657445638633e-14,1.364242052659392e-13
2.0,60984.0,5.931223330574532e-14,1.3287149158713873e-13
2.0,61056.0,5.922342312000933e-14,1.3145040611561853e-13
2.0,61128.0,5.913461293427335e-14,1.2931877790833823e-13
2.0,61200.0,5.902803535202634e-14,1.2718714970105792e-13
2.0,61272.0,5.893921751005633e-14,1.2434497875801753e-13
2.0,61344.0,5.886817089271434e-14,1.2292389328649734e-13
2.0,61416.0,5.881488401564935e-14,1.2221335055073723e-13
2.0,61488.0,5.876160096670136e-14,1.2150280781497712e-13
2.0,61560.0,5.869054669312535e-14,1.193711796076968e-13
2.0,61632.0,5.865501955633736e-14,1.1795009413617662e-13
2.0,61704.0,5.861950007578338e-14,1.1795009413617662e-13
2.0,61776.0,5.858396911087835e-14,1.158184659288963e-13
2.0,61848.0,5.856620937060137e-14,1.158184659288963e-13
2.0,61920.0,5.854844580220737e-14,1.151079231931362e-13
2.0,61992.0,5.853068223381337e-14,1.1439738045737614e-13
2.0,62064.0,5.851292249353637e-14,1.1439738045737614e-13
2.0,62136.0,5.849516275325939e-14,1.1439738045737614e-13
2.0,62208.0,5.847739918486538e-14,1.1368683772161603e-13
2.0,62280.0,5.845963561647137e-14,1.1297629498585593e-13
2.0,62352.0,5.845963561647137e-14,1.1297629498585593e-13
2.0,62424.0,5.845963561647137e-14,1.1297629498585593e-13
2.0,62496.0,5.845963561647137e-14,1.1297629498585593e-13
2.0,62568.0,5.845963561647137e-14,1.1297629498585593e-13
2.0,62640.0,5.845963561647137e-14,1.1297629498585593e-13
2.0,62712.0,5.845963561647137e-14,1.1297629498585593e-13
2.0,62784.0,5.845963561647137e-14,1.1297629498585593e-13
2.0,62856.0,5.845963561647137e-14,1.1297629498585593e-13
2.0,62928.0,5.845963561647137e-14,1.1297629498585593e-13
2.0,63000.0,5.845963561647137e-14,1.1297629498585593e-13
2.0,63072.0,5.845963561647137e-14,1.1297629498585593e-13
2.0,63144.0,5.845963561647137e-14,1.1297629498585593e-13
2.0,63216.0,5.845963561647137e-14,1.1297629498585593e-13
2.0,63288.0,5.845963561647137e-14,1.1297629498585593e-13
2.0,63360.0,5.845963561647137e-14,1.1297629498585593e-13
2.0,63432.0,5.845963561647137e-14,1.1297629498585593e-13
2.0,63504.0,5.845963561647137e-14,1.1297629498585593e-13
2.0,63576.0,5.845963561647137e-14,1.1297629498585593e-13
2.0,63648.0,5.845963561647137e-14,1.1297629498585593e-13
2.0,63720.0,5.845963561647137e-14,1.1297629498585593e-13
2.0,63792.0,5.845963561647137e-14,1.1297629498585593e-13
2.0,63864.0,5.845963561647137e-14,1.1297629498585593e-13
2.0,63936.0,5.845963561647137e-14,1.1297629498585593e-13
2.0,64008.0,5.845963561647137e-14,1.1297629498585593e-13
2.0,64080.0,5.845963561647137e-14,1.1297629498585593e-13
2.0,64152.0,5.845963561647137e-14,1.1297629498585593e-13
2.0,64224.0,5.845963561647137e-14,1.1297629498585593e-13
2.0,64296.0,5.845963561647137e-14,1.1297629498585593e-13
2.0,64368.0,5.845963561647137e-14,1.1297629498585593e-13
2.0,64440.0,5.845963561647137e-14,1.1297629498585593e-13
2.0,64512.0,5.845963561647137e-14,1.1297629498585593e-13
2.0,64584.0,5.845963561647137e-14,1.1297629498585593e-13
2.0,64656.0,5.845963561647137e-14,1.1297629498585593e-13
2.0,64728.0,5.845963561647137e-14,1.1297629498585593e-13
2.0,64800.0,5.845963561647137e-14,1.1297629498585593e-13
2.0,64872.0,5.845963561647137e-14,1.1297629498585593e-13
2.0,64944.0,5.845963561647137e-14,1.1297629498585593e-13
2.0,65016.0,5.845963561647137e-14,1.1297629498585593e-13
2.0,65088.0,5.845963561647137e-14,1.1297629498585593e-13
2.0,65160.0,5.845963561647137e-14,1.1297629498585593e-13
2.0,65232.0,5.845963561647137e-14,1.1297629498585593e-13
2.0,65304.0,5.845963561647137e-14,1.1297629498585593e-13
2.0,65376.0,5.845963561647137e-14,1.1297629498585593e-13
2.0,65448.0,5.845963561647137e-14,1.1297629498585593e-13
2.0,65520.0,5.845963561647137e-14,1.1297629498585593e-13
2.0,65592.0,5.845963561647137e-14,1.1297629498585593e-13
2.0,65664.0,5.845963561647137e-14,1.1297629498585593e-13
2.0,65736.0,5.845963561647137e-14,1.1297629498585593e-13
2.0,65808.0,5.845963561647137e-14,1.1297629498585593e-13
2.0,65880.0,5.845963561647137e-14,1.1297629498585593e-13
2.0,65952.0,5.845963561647137e-14,1.1297629498585593e-13
2.0,66024.0,5.845963561647137e-14,1.1297629498585593e-13
2.0,66096.0,5.845963561647137e-14,1.1297629498585593e-13
2.0,66168.0,5.845963561647137e-14,1.1297629498585593e-13
2.0,66240.0,5.845963561647137e-14,1.1297629498585593e-13
2.0,66312.0,5.845963561647137e-14,1.1297629498585593e-13
2.0,66384.0,5.845963561647137e-14,1.1297629498585593e-13
2.0,66456.0,5.845963561647137e-14,1.1297629498585593e-13
2.0,66528.0,5.845963561647137e-14,1.1297629498585593e-13
2.0,66600.0,5.845963561647137e-14,1.1297629498585593e-13
2.0,66672.0,5.845963561647137e-14,1.1297629498585593e-13
2.0,66744.0,5.845963561647137e-14,1.1297629498585593e-13
2.0,66816.0,5.845963561647137e-14,1.1297629498585593e-13
2.0,66888.0,5.845963561647137e-14,1.1297629498585593e-13
2.0,66960.0,5.845963561647137e-14,1.1297629498585593e-13
2.0,67032.0,5.845963561647137e-14,1.1297629498585593e-13
2.0,67104.0,5.845963561647137e-14,1.1297629498585593e-13
2.0,67176.0,5.845963561647137e-14,1.1297629498585593e-13
2.0,67248.0,5.845963561647137e-14,1.1297629498585593e-13
2.0,67320.0,5.845963561647137e-14,1.1297629498585593e-13
2.0,67392.0,5.845963561647137e-14,1.1297629498585593e-13
2.0,67464.0,5.845963561647137e-14,1.1297629498585593e-13
2.0,67536.0,5.845963561647137e-14,1.1297629498585593e-13
2.0,67608.0,5.845963561647137e-14,1.1297629498585593e-13
2.0,67680.0,5.845963561647137e-14,1.1297629498585593e-13
2.0,67752.0,5.845963561647137e-14,1.1297629498585593e-13
2.0,67824.0,5.845963561647137e-14,1.1297629498585593e-13
2.0,67896.0,5.845963561647137e-14,1.1297629498585593e-13
2.0,67968.0,5.845963561647137e-14,1.1297629498585593e-13
2.0,68040.0,5.845963561647137e-14,1.1297629498585593e-13
2.0,68112.0,5.845963561647137e-14,1.1297629498585593e-13
2.0,68184.0,5.845963561647137e-14,1.1297629498585593e-13
2.0,68256.0,5.845963561647137e-14,1.1297629498585593e-13
2.0,68328.0,5.845963561647137e-14,1.1297629498585593e-13
2.0,68400.0,5.845963561647137e-14,1.1297629498585593e-13
2.0,68472.0,5.845963561647137e-14,1.1297629498585593e-13
2.0,68544.0,5.845963561647137e-14,1.1297629498585593e-13
2.0,68616.0,5.845963561647137e-14,1.1297629498585593e-13
2.0,68688.0,5.845963561647137e-14,1.1297629498585593e-13
2.0,68760.0,5.845963561647137e-14,1.1297629498585593e-13
2.0,68832.0,5.845963561647137e-14,1.1297629498585593e-13
2.0,68904.0,5.845963561647137e-14,1.1297629498585593e-13
2.0,68976.0,5.845963561647137e-14,1.1297629498585593e-13
2.0,69048.0,5.845963561647137e-14,1.1297629498585593e-13
2.0,69120.0,5.845963561647137e-14,1.1297629498585593e-13
2.0,69192.0,5.845963561647137e-14,1.1297629498585593e-13
2.0,69264.0,5.845963561647137e-14,1.1297629498585593e-13
2.0,69336.0,5.845963561647137e-14,1.1297629498585593e-13
2.0,69408.0,5.845963561647137e-14,1.1297629498585593e-13
2.0,69480.0,5.845963561647137e-14,1.1297629498585593e-13
2.0,69552.0,5.845963561647137e-14,1.1297629498585593e-13
2.0,69624.0,5.845963561647137e-14,1.1297629498585593e-13
2.0,69696.0,5.845963561647137e-14,1.1297629498585593e-13
2.0,69768.0,5.845963561647137e-14,1.1297629498585593e-13
2.0,69840.0,5.845963561647137e-14,1.1297629498585593e-13
2.0,69912.0,5.845963561647137e-14,1.1297629498585593e-13
2.0,69984.0,5.845963561647137e-14,1.1297629498585593e-13
2.0,70056.0,5.845963561647137e-14,1.1297629498585593e-13
2.0,70128.0,5.845963561647137e-14,1.1297629498585593e-13
2.0,70200.0,5.845963561647137e-14,1.1297629498585593e-13
2.0,70272.0,5.845963561647137e-14,1.1297629498585593e-13
2.0,70344.0,5.845963561647137e-14,1.1297629498585593e-13
2.0,70416.0,5.845963561647137e-14,1.1297629498585593e-13
2.0,70488.0,5.845963561647137e-14,1.1297629498585593e-13
2.0,70560.0,5.845963561647137e-14,1.1297629498585593e-13
2.0,70632.0,5.845963561647137e-14,1.1297629498585593e-13
2.0,70704.0,5.845963561647137e-14,1.1297629498585593e-13
2.0,70776.0,5.845963561647137e-14,1.1297629498585593e-13
2.0,70848.0,5.845963561647137e-14,1.1297629498585593e-13
2.0,70920.0,5.845963561647137e-14,1.1297629498585593e-13
2.0,70992.0,5.845963561647137e-14,1.1297629498585593e-13
2.0,71064.0,5.845963561647137e-14,1.1297629498585593e-13
2.0,71136.0,5.845963561647137e-14,1.1297629498585593e-13
2.0,71208.0,5.845963561647137e-14,1.1297629498585593e-13
2.0,71280.0,5.845963561647137e-14,1.1297629498585593e-13
2.0,71352.0,5.845963561647137e-14,1.1297629498585593e-13
2.0,71424.0,5.845963561647137e-14,1.1297629498585593e-13
2.0,71496.0,5.845963561647137e-14,1.1297629498585593e-13
2.0,71568.0,5.845963561647137e-14,1.1297629498585593e-13
2.0,71640.0,5.845963561647137e-14,1.1297629498585593e-13
2.0,71712.0,5.845963561647137e-14,1.1297629498585593e-13
2.0,71784.0,5.845963561647137e-14,1.1297629498585593e-13
2.0,71856.0,5.845963561647137e-14,1.1297629498585593e-13
2.0,71928.0,5.845963561647137e-14,1.1297629498585593e-13
2.0,72000.0,5.845963561647137e-14,1.1297629498585593e-13
4.0,0.0,1.0,1.0
4.0,72.0,0.9958806347657776,0.9999999999999991
4.0,144.0,0.9917612695315556,0.9999999999999986
4.0,216.0,0.9876419042973337,0.9999999999999986
4.0,288.0,0.9835225390631117,0.9999999999999979
4.0,360.0,0.9794031738288898,0.9999999999999936
4.0,432.0,0.9752838085946678,0.9999999999999836
4.0,504.0,0.9711644433604457,0.9999999999999608
4.0,576.0,0.9670450781262242,0.9999999999999117
4.0,648.0,0.9629257128920031,0.9999999999998124
4.0,720.0,0.9588063476577826,0.9999999999996184
4.0,792.0,0.9546869824235638,0.9999999999992567
4.0,864.0,0.9505676171893472,0.999999999998608
4.0,936.0,0.9464482519551355,0.9999999999974784
4.0,1008.0,0.942328886720932,0.9999999999955604
4.0,1080.0,0.9382095214867412,0.9999999999923843
4.0,1152.0,0.9340901562525716,0.999999999987235
4.0,1224.0,0.929970791018436,0.9999999999790539
4.0,1296.0,0.9258514257843528,0.9999999999662911
4.0,1368.0,0.9217320605503502,0.9999999999467079
4.0,1440.0,0.9176126953164695,0.9999999999171221
4.0,1512.0,0.9134933300827706,0.9999999998730579
4.0,1584.0,0.9093739648493381,0.9999999998083005
4.0,1656.0,0.9052545996162927,0.9999999997143064
4.0,1728.0,0.9011352343838032,0.9999999995794567
4.0,1800.0,0.8970158691521019,0.9999999993880961
4.0,1872.0,0.8928965039215074,0.9999999991193226
4.0,1944.0,0.8887771386924532,0.99999999874547
4.0,2016.0,0.8846577734655218,0.9999999982302086
4.0,2088.0,0.8805384082414901,0.9999999975262048
4.0,2160.0,0.8764190430213882,0.9999999965722325
4.0,2232.0,0.8722996778065698,0.9999999952896522
4.0,2304.0,0.8681803125988019,0.9999999935781204
4.0,2376.0,0.8640609474003753,0.9999999913104174
4.0,2448.0,0.8599415822142417,0.9999999883262275
4.0,2520.0,0.8558222170441802,0.9999999844246957
4.0,2592.0,0.8517028518950001,0.9999999793555843
4.0,2664.0,0.8475834867727885,0.9999999728088085
4.0,2736.0,0.8434641216852075,0.9999999644020837
4.0,2808.0,0.83934475664185,0.9999999536664724
4.0,2880.0,0.8352253916546687,0.9999999400294677
4.0,2952.0,0.8311060267384807,0.9999999227953608
4.0,3024.0,0.8269866619115716,0.9999999011224701
4.0,3096.0,0.8228672971964022,0.9999998739968965
4.0,3168.0,0.818747932620445,0.9999998402023577
4.0,3240.0,0.8146285682171581,0.9999997982856554
4.0,3312.0,0.810509204027124,0.999999746517291
4.0,3384.0,0.8063898400993724,0.9999996828466926
4.0,3456.0,0.8022704764929114,0.9999996048515115
4.0,3528.0,0.7981511132784949,0.9999995096803829
4.0,3600.0,0.7940317505406557,0.9999993939885058
4.0,3672.0,0.7899123883800344,0.9999992538654211
4.0,3744.0,0.785793026916044,0.9999990847542348
4.0,3816.0,0.7816736662899021,0.9999988813615935
4.0,3888.0,0.7775543066680778,0.9999986375576355
4.0,3960.0,0.7734349482461936,0.9999983462651321
4.0,4032.0,0.7693155912534331,0.999997999336999
4.0,4104.0,0.7651962359575036,0.9999975874213453
4.0,4176.0,0.7610768826702102,0.9999970998131976
4.0,4248.0,0.756957531753699,0.9999965242920325
4.0,4320.0,0.7528381836274304,0.9999958469442233
4.0,4392.0,0.7487188387759531,0.9999950519695281
4.0,4464.0,0.7445994977575402,0.9999941214707064
4.0,4536.0,0.7404801612137684,0.9999930352253983
4.0,4608.0,0.7363608298801122,0.99999177043939
4.0,4680.0,0.7322415045976346,0.9999903014803818
4.0,4752.0,0.7281221863258592,0.999988599591468
4.0,4824.0,0.7240028761569081,0.9999866325834909
4.0,4896.0,0.7198835753309983,0.9999843645055214
4.0,4968.0,0.7157642852533892,0.9999817552927446
4.0,5040.0,0.7116450075128737,0.9999787603910981
4.0,5112.0,0.707525743901917,0.9999753303580445
4.0,5184.0,0.7034064964385387,0.9999714104389582
4.0,5256.0,0.6992872673900427,0.9999669401186828
4.0,5328.0,0.6951680592986967,0.999961852647884
4.0,5400.0,0.6910488750094713,0.9999560745439197
4.0,5472.0,0.6869297176999373,0.9999495250660914
4.0,5544.0,0.6828105909124316,0.9999421156651862
4.0,5616.0,0.6786914985885976,0.9999337494073991
4.0,5688.0,0.6745724451064008,0.9999243203727998
4.0,5760.0,0.6704534353197287,0.9999137130286966
4.0,5832.0,0.6663344746006707,0.9999018015783185
4.0,5904.0,0.6622155688845842,0.9998884492854571
4.0,5976.0,0.658096724718033,0.9998735077757978
4.0,6048.0,0.6539779493097015,0.9998568163158659
4.0,6120.0,0.6498592505843639,0.999838201070645
4.0,6192.0,0.6457406372399954,0.9998174743411162
4.0,6264.0,0.6416221188081006,0.9997944337830972
4.0,6336.0,0.6375037057173311,0.9997688616089541
4.0,6408.0,0.6333854093604536,0.9997405237739285
4.0,6480.0,0.6292672421647285,0.9997091691489579
4.0,6552.0,0.6251492176657382,0.999674528682069
4.0,6624.0,0.6210313505847128,0.9996363145505768
4.0,6696.0,0.6169136569093726,0.9995942193064726
4.0,6768.0,0.6127961539783101,0.9995479150175697
4.0,6840.0,0.6086788605689171,0.9994970524070773
4.0,6912.0,0.6045617969888486,0.999441259994498
4.0,6984.0,0.6004449851710105,0.9993801432408019
4.0,7056.0,0.5963284487720365,0.9993132837010208
4.0,7128.0,0.592212213274211,0.9992402381874981
4.0,7200.0,0.5880963060907848,0.9991605379471706
4.0,7272.0,0.5839807566746035,0.999073687856319
4.0,7344.0,0.5798655966299691,0.9989791656363641
4.0,7416.0,0.575750859827629,0.998876421094333
4.0,7488.0,0.5716365825227785,0.9987648753916857
4.0,7560.0,0.5675228034759409,0.9986439203452568
4.0,7632.0,0.5634095640765819,0.9985129177641049
4.0,7704.0,0.5592969084692893,0.9983711988260635
4.0,7776.0,0.555184883682344,0.998218063497807
4.0,7848.0,0.5510735397584839,0.9980527800022547
4.0,7920.0,0.546962929887652,0.9978745843370581
4.0,7992.0,0.542853110541501,0.9976826798479295
4.0,8064.0,0.5387441416094155,0.9974762368604574
4.0,8136.0,0.5346360865357946,0.9972543923740326
4.0,8208.0,0.5305290124583263,0.9970162498213525
4.0,8280.0,0.5264229903469657,0.9967608788969172
4.0,8352.0,0.5223180951433259,0.9964873154577341
4.0,8424.0,0.5182144059001642,0.9961945614993942
4.0,8496.0,0.5141120059206465,0.9958815852104245
4.0,8568.0,0.5100109828970527,0.9955473211077012
4.0,8640.0,0.5059114290485801,0.9951906702555078
4.0,8712.0,0.5018134412578907,0.994810500570589
4.0,8784.0,0.4977171212060377,0.9944056472153647
4.0,8856.0,0.4936225755054023,0.993974913081189
4.0,8928.0,0.4895299158302608,0.9935170693633373
4.0,9000.0,0.48543925904460095,0.993030856229101
4.0,9072.0,0.48135072732679657,0.9925149835801335
4.0,9144.0,0.4772644482907507,0.9919681319098749
4.0,9216.0,0.47318055510311346,0.9913889532566421
4.0,9288.0,0.46909918659617705,0.9907760722526077
4.0,9360.0,0.4650204873760557,0.9901280872686555
4.0,9432.0,0.46094460792575676,0.9894435716547406
4.0,9504.0,0.4568717047027496,0.9887210750751008
4.0,9576.0,0.45280194023065035,0.9879591249373368
4.0,9648.0,0.4487354831846356,0.9871562279140526
4.0,9720.0,0.44467250847021456,0.9863108715554723
4.0,9792.0,0.4406131972949929,0.9854215259910702
4.0,9864.0,0.4365577372330663,0.9844866457180017
4.0,9936.0,0.43250632228170227,0.9835046714737706
4.0,10008.0,0.42845915290997166,0.9824740321902873
4.0,10080.0,0.42441643609900825,0.9813931470261593
4.0,10152.0,0.42037838537358924,0.9802604274737858
4.0,10224.0,0.41634522082474146,0.9790742795375288
4.0,10296.0,0.4123171691231004,0.9778331059789663
4.0,10368.0,0.40829446352276033,0.9765353086249853
4.0,10440.0,0.40427734385537656,0.9751792907342142
4.0,10512.0,0.40026605651429814,0.9737634594170514
4.0,10584.0,0.39626085442853226,0.9722862281043587
4.0,10656.0,0.39226199702635856,0.9707460190596393
4.0,10728.0,0.38826975018843946,0.9691412659293646
4.0,10800.0,0.3842843861902881,0.9674704163259341
4.0,10872.0,0.380306183633988,0.9657319344375884
4.0,10944.0,0.37633542736907155,0.9639243036594564
4.0,11016.0,0.3723724084024996,0.9620460292398197
4.0,11088.0,0.3684174237977015,0.9600956409355574
4.0,11160.0,0.3644707765626637,0.958071695670651
4.0,11232.0,0.36053277552707996,0.9559727801915876
4.0,11304.0,0.3566037352086014,0.9537975137134451
4.0,11376.0,0.35268397566825066,0.9515445505504152
4.0,11448.0,0.3487738223550889,0.9492125827245338
4.0,11520.0,0.3448736059402538,0.9468003425463962
4.0,11592.0,0.3409836621405044,0.9443066051616766
4.0,11664.0,0.3371043315314458,0.94173019105732
4.0,11736.0,0.3332359593506168,0.9390699685213726
4.0,11808.0,0.32937889529066455,0.9363248560504808
4.0,11880.0,0.3255334932828376,0.9334938246992344
4.0,11952.0,0.32170011127106657,0.930575900365639
4.0,12024.0,0.3178791109769151,0.9275701660071668
4.0,12096.0,0.3140708576557108,0.9244757637819887
4.0,12168.0,0.31027571984418467,0.9212918971101829
4.0,12240.0,0.30649406909997085,0.9180178326499173
4.0,12312.0,0.30272627973333466,0.91465290218378
4.0,12384.0,0.29897272853152046,0.9111965044107329
4.0,12456.0,0.295233794476123,0.9076481066393064
4.0,12528.0,0.2915098584539087,0.9040072463779885
4.0,12600.0,0.287801302961524,0.90027353281897
4.0,12672.0,0.2841085118045458,0.8964466482117103
4.0,12744.0,0.2804318697913412,0.8925263491230531
4.0,12816.0,0.2767717624222156,0.8885124675809087
4.0,12888.0,0.2731285755743404,0.884404912098838
4.0,12960.0,0.26950269518296066,0.8802036685791499
4.0,13032.0,0.2658945069193913,0.8759088010924393
4.0,13104.0,0.2623043958663184,0.8715204525318135
4.0,13176.0,0.2587327461909273,0.8670388451403652
4.0,13248.0,0.25517994081638534,0.8624642809107356
4.0,13320.0,0.25164636109220867,0.8577971418559932
4.0,13392.0,0.24813238646404528,0.8530378901512967
4.0,13464.0,0.24463839414340732,0.8481870681461743
4.0,13536.0,0.24116475877788524,0.8432452982475431
4.0,13608.0,0.2377118521223751,0.8382132826739145
4.0,13680.0,0.23428004271184594,0.8330918030814984
4.0,13752.0,0.2308696955361693,0.8278817200633013
4.0,13824.0,0.22748117171753188,0.8225839725224922
4.0,13896.0,0.22411482819093964,0.8171995769217019
4.0,13968.0,0.22077101738831753,0.8117296264101426
4.0,14040.0,0.21745008692670004,0.8061752898307097
4.0,14112.0,0.21415237930099487,0.8005378106095151
4.0,14184.0,0.21087823158179606,0.7948185055305301
4.0,14256.0,0.2076279751187044,0.7890187633982619
4.0,14328.0,0.2044019352496059,0.7831400435916243
4.0,14400.0,0.2012004310163415,0.7771838745123879
4.0,14472.0,0.19802377488718784,0.7711518519317755
4.0,14544.0,0.19487227248655223,0.765045637238996
4.0,14616.0,0.19174622233227143,0.7588669555956855
4.0,14688.0,0.18864591558088248,0.7526175940003597
4.0,14760.0,0.1855716357812204,0.7462993992672039
4.0,14832.0,0.18252365863667616,0.7399142759235936
4.0,14904.0,0.17950225177643211,0.7334641840309302
4.0,14976.0,0.17650767453597022,0.7269511369334594
4.0,15048.0,0.17354017774713115,0.720377198939839
4.0,15120.0,0.17060000353798063,0.7137444829423422
4.0,15192.0,0.16768738514271977,0.7070551479786168
4.0,15264.0,0.16480254672185535,0.7003113967409901
4.0,15336.0,0.16194570319282592,0.6935154730383934
4.0,15408.0,0.15911706007125662,0.6866696592159649
4.0,15480.0,0.15631681332299752,0.6797762735374078
4.0,15552.0,0.1535451492270777,0.6728376675352621
4.0,15624.0,0.1508022442496848,0.6658562233341264
4.0,15696.0,0.14808826492926225,0.6588343509519383
4.0,15768.0,0.14540336777279295,0.6517744855843752
4.0,15840.0,0.14274769916331917,0.644679084877331
4.0,15912.0,0.14012139527872544,0.637550626192479
4.0,15984.0,0.13752458202179485,0.6303916038707492
4.0,16056.0,0.13495737496152685,0.62320452649857
4.0,16128.0,0.13241987928568538,0.615991914181575
4.0,16200.0,0.1299121897645278,0.6087562958304039
4.0,16272.0,0.12743439072564625,0.6015002064631246
4.0,16344.0,0.12498655603983434,0.5942261845286821
4.0,16416.0,0.122568749117876,0.5869367692556565
4.0,16488.0,0.12018102291813346,0.5796344980304923
4.0,16560.0,0.1178234199647979,0.5723219038092139
4.0,16632.0,0.11549597237664853,0.5650015125665157
4.0,16704.0,0.11319870190614935,0.5576758407859258
4.0,16776.0,0.11093161998870232,0.5503473929946722
4.0,16848.0,0.10869472780185607,0.5430186593465954
4.0,16920.0,0.10648801633426064,0.5356921132564217
4.0,16992.0,0.10431146646414301,0.5283702090884453
4.0,17064.0,0.10216504904706812,0.521055379902539
4.0,17136.0,0.10004872501273672,0.5137500352602451
4.0,17208.0,0.0979624454705633,0.5064565590934947
4.0,17280.0,0.09590615182376533,0.4991773076383538
4.0,17352.0,0.09387977589168743,0.49191460743600574
4.0,17424.0,0.09188324004007492,0.48467075340299387
4.0,17496.0,0.08991645731900341,0.4774480069725797
4.0,17568.0,0.08797933160816555,0.47024859430888877
4.0,17640.0,0.08607175776920789,0.46307470459534406
4.0,17712.0,0.08419362180480688,0.45592848839869254
4.0,17784.0,0.08234480102416848,0.4488120561097844
4.0,17856.0,0.08052516421462996,0.44172747646205435
4.0,17928.0,0.07873457181904175,0.4346767751285249
4.0,18000.0,0.0769728761186021,0.42766193339794895
4.0,18072.0,0.07523992142081773,0.42068488693055456
4.0,18144.0,0.07353554425226094,0.4137475245937111
4.0,18216.0,0.07185957355579274,0.40685168737765165
4.0,18288.0,0.07021183089192361,0.39999916739123825
4.0,18360.0,0.0685921306439803,0.39319170693763106
4.0,18432.0,0.06700028022675461,0.38643099766954303
4.0,18504.0,0.06543608029830436,0.37971867982364166
4.0,18576.0,0.06389932497458503,0.3730563415335275
4.0,18648.0,0.062389802046590795,0.36644551822055854
4.0,18720.0,0.060907293199687386,0.3598876920617201
4.0,18792.0,0.05945157423482393,0.35338429153354906
4.0,18864.0,0.05802241529131449,0.3469366910310761
4.0,18936.0,0.05661958107088515,0.34054621056058776
4.0,19008.0,0.05524283106268791,0.3342141155049404
4.0,19080.0,0.05389191976898788,0.32794161646003983
4.0,19152.0,0.052566596931237566,0.32172986914102353
4.0,19224.0,0.05126660775625623,0.3155799743565993
4.0,19296.0,0.049991693142241785,0.3094929780498823
4.0,19368.0,0.04874158990434604,0.30346987140404946
4.0,19440.0,0.04751603099955708,0.29751159101101693
4.0,19512.0,0.046314745750633185,0.2916190191013115
4.0,19584.0,0.04513746006884602,0.2857929838332353
4.0,19656.0,0.04398389667529639,0.28003425963937967
4.0,19728.0,0.042853775320575056,0.27434356762850104
4.0,19800.0,0.04174681300254763,0.268721576040717
4.0,19872.0,0.04066272418205326,0.263168900753972
4.0,19944.0,0.03960122099631537,0.2576861058396524
4.0,20016.0,0.03856201346986845,0.25227370416527245
4.0,20088.0,0.03754480972281866,0.24693215804204413
4.0,20160.0,0.036549316176259034,0.2416618799152225
4.0,20232.0,0.03557523775467561,0.236463233095035
4.0,20304.0,0.03462227808518224,0.23133653252605482
4.0,20376.0,0.03369013969343845,0.22628204559281995
4.0,20448.0,0.03277852419610715,0.22129999295957103
4.0,20520.0,0.03188713248972184,0.2163905494419353
4.0,20592.0,0.031015664935839998,0.2115538449084191
4.0,20664.0,0.03016382154236964,0.20678996520958107
4.0,20736.0,0.029331302140961735,0.20209895313278992
4.0,20808.0,0.028517806560373716,0.19748080938048315
4.0,20880.0,0.027723034795714568,0.1929354935698647
4.0,20952.0,0.02694668717349157,0.1884629252520213
4.0,21024.0,0.026188464512387714,0.1840629849484614
4.0,21096.0,0.02544806827970487,0.17973551520313505
4.0,21168.0,0.024725200743418066,0.17548032164798003
4.0,21240.0,0.024019565119791725,0.17129717408015704
4.0,21312.0,0.023330865716518573,0.16718580754910234
4.0,21384.0,0.0226588080713469,0.16314592345162493
4.0,21456.0,0.02200309908617091,0.1591771906332937
4.0,21528.0,0.02136344715656562,0.1552792464944197
4.0,21600.0,0.02073956229675286,0.15145169809897824
4.0,21672.0,0.020131156259994162,0.14769412328488085
4.0,21744.0,0.0195379426544112,0.1440060717740451
4.0,21816.0,0.018959637054239788,0.14038706628076483
4.0,21888.0,0.018395957106531056,0.1368366036169583
4.0,21960.0,0.017846622633318838,0.13335415579287682
4.0,22032.0,0.01731135572927649,0.1299391711119881
4.0,22104.0,0.016789880854892834,0.12659107525871033
4.0,22176.0,0.016281924925202383,0.12330927237782206
4.0,22248.0,0.01578721739410691,0.12009314614435738
4.0,22320.0,0.015305490334334782,0.116942060822889
4.0,22392.0,0.014836478513084037,0.11385536231514876
4.0,22464.0,0.014379919463402066,0.110832379194985
4.0,22536.0,0.013935553551358474,0.10787242372973295
4.0,22608.0,0.013503124039069734,0.10497479288708716
4.0,22680.0,0.013082377143639143,0.10213876932667389
4.0,22752.0,0.012673062092079043,0.09936362237552458
4.0,22824.0,0.01227493117228308,0.09664860898674518
4.0,22896.0,0.011887739780122291,0.09399297468069888
4.0,22968.0,0.011511246462737941,0.09139595446809068
4.0,23040.0,0.011145212958109009,0.08885677375438235
4.0,23112.0,0.010789404230973288,0.0863746492250172
4.0,23184.0,0.01044358850518272,0.08394878971099899
4.0,23256.0,0.010107537292575682,0.08157839703438015
4.0,23328.0,0.009781025418450762,0.07926266683331064
4.0,23400.0,0.009463831043727538,0.07700078936628854
4.0,23472.0,0.009155735683881167,0.07479195029536143
4.0,23544.0,0.0088565242247381,0.07263533144799154
4.0,23616.0,0.008565984935222598,0.07053011155743719
4.0,23688.0,0.008283909477142143,0.06847546698143034
4.0,23760.0,0.008010092912102456,0.0664705723990771
4.0,23832.0,0.007744333705641894,0.0645146014858696
4.0,23904.0,0.0074864337286749405,0.06260672756676443
4.0,23976.0,0.007236198256336793,0.06074612424731782
4.0,24048.0,0.006993435964317706,0.0589319660228945
4.0,24120.0,0.006757958922778087,0.057163428866000024
4.0,24192.0,0.006529582587934261,0.05543969079181607
4.0,24264.0,0.0063081257914031,0.053759932402055455
4.0,24336.0,0.006093410727395954,0.05212333740726649
4.0,24408.0,0.005885262937848658,0.05052909312776065
4.0,24480.0,0.005683511295575395,0.048976390973331264
4.0,24552.0,0.00548798798553294,0.047464426902015334
4.0,24624.0,0.005298528484280419,0.04599240185808569
4.0,24696.0,0.005114971537719137,0.044559522189568664
4.0,24768.0,0.004937159137196411,0.04316500004552779
4.0,24840.0,0.004764936494053931,0.04180805375344363
4.0,24912.0,0.004598152012703373,0.04048790817696073
4.0,24984.0,0.004436657262306852,0.03920379505436528
4.0,25056.0,0.004280306947141766,0.03795495331809633
4.0,25128.0,0.004128958875725842,0.036740629395673345
4.0,25200.0,0.0039824739287773895,0.035560077492390714
4.0,25272.0,0.003840716026085353,0.03441255985615612
4.0,25344.0,0.003703552092359202,0.03329734702486747
4.0,25416.0,0.0035708520221313673,0.03221371805670756
4.0,25488.0,0.0034424886437784104,0.031160960743778787
4.0,25560.0,0.0033183376827303833,0.030138371809466945
4.0,25632.0,0.0031982777239314883,0.029145257089967912
4.0,25704.0,0.003082190173616926,0.028180931700379826
4.0,25776.0,0.002969959220467401,0.027244720185795046
4.0,25848.0,0.0028614717962011497,0.02633595665782593
4.0,25920.0,0.00275661753566175,0.02545398491696673
4.0,25992.0,0.002655288736458586,0.024598158561252602
4.0,26064.0,0.002557380318214432,0.023767841081627945
4.0,26136.0,0.0024627897814726695,0.02296240594446388
4.0,26208.0,0.00237141716631672,0.022181236661644732
4.0,26280.0,0.0022831650107488013,0.021423726848669132
4.0,26352.0,0.0021979383088786717,0.020689280271174938
4.0,26424.0,0.002115644468965002,0.01997731088032779
4.0,26496.0,0.002036193271356319,0.01928724283747911
4.0,26568.0,0.001959496826372184,0.018618510528523303
4.0,26640.0,0.0018854695321661287,0.01797055856835783
4.0,26712.0,0.0018140280326095822,0.017342841795873906
4.0,26784.0,0.0017450911752334248,0.016734825259839426
4.0,26856.0,0.0016785799692636166,0.016145984196126763
4.0,26928.0,0.001614417543784784,0.015575803996636493
4.0,27000.0,0.0015525291060646056,0.01502378017030992
4.0,27072.0,0.0014928419000693615,0.014489418296631128
4.0,27144.0,0.0014352851652006842,0.013972233971966118
4.0,27216.0,0.00137979009528202,0.013471752749113362
4.0,27288.0,0.0013262897978187592,0.012987510070426821
4.0,27360.0,0.0012747192535611596,0.012519051194860962
4.0,27432.0,0.0012250152763899388,0.012065931119270344
4.0,27504.0,0.0011771164735484684,0.011627714494323982
4.0,27576.0,0.0011309632062431467,0.011203975535324416
4.0,27648.0,0.001086497550629588,0.010794297928281082
4.0,27720.0,0.0010436632592045645,0.010398274731543464
4.0,27792.0,0.0010024057226205656,0.010015508273276906
4.0,27864.0,0.000962671931937907,0.009645610045095053
4.0,27936.0,0.0009244104413301881,0.009288200592128959
4.0,28008.0,0.0008875713312558574,0.008942909399804933
4.0,28080.0,0.0008521061721086375,0.008609374777602596
4.0,28152.0,0.0008179679883583384,0.008287243740056738
4.0,28224.0,0.0007851112231921283,0.007976171885243133
4.0,28296.0,0.0007534917036654126,0.007675823271010527
4.0,28368.0,0.0007230666063717514,0.00738587028916342
4.0,28440.0,0.0006937944236372498,0.007105993537859945
4.0,28512.0,0.000665634930248322,0.0068358816924103385
4.0,28584.0,0.0006385491507163797,0.006575231374698375
4.0,28656.0,0.0006124993270862484,0.006323747021433234
4.0,28728.0,0.0005874488872904434,0.006081140751412306
4.0,28800.0,0.0005633624140539755,0.005847132231998131
4.0,28872.0,0.0005402056143518541,0.005621448544962959
4.0,28944.0,0.0005179452894206556,0.005403824051894901
4.0,29016.0,0.000496549305325824,0.005194000259318442
4.0,29088.0,0.00047598656408563087,0.004991725683683512
4.0,29160.0,0.00045622697535063544,0.004796755716365908
4.0,29232.0,0.0004372414286385243,0.004608852488843951
4.0,29304.0,0.0004190017661235276,0.004427784738149398
4.0,29376.0,0.00040148075597861934,0.004253327672750372
4.0,29448.0,0.0003846520662670721,0.00408526283897217
4.0,29520.0,0.00036849023938230073,0.003923377988074606
4.0,29592.0,0.0003529706670317668,0.003767466944086806
4.0,29664.0,0.000338069565761995,0.003617329472510988
4.0,29736.0,0.0003237639530203125,0.0034727711499897393
4.0,29808.0,0.00031003162374933365,0.0033336032350106846
4.0,29880.0,0.0002968511275091806,0.0031996425397558424
4.0,29952.0,0.0002842017461226584,0.003070711303161033
4.0,30024.0,0.0002720634718380948,0.0029466370652535545
4.0,30096.0,0.000260416986004708,0.002827252542849123
4.0,30168.0,0.0002492436382530784,0.0027123955066656433
4.0,30240.0,0.00023852542617685123,0.0026019086599070817
4.0,30312.0,0.00022824497550772986,0.002495639518377146
4.0,30384.0,0.00021838552077805767,0.002393440292167526
4.0,30456.0,0.0002089308864638466,0.0022951677689711397
4.0,30528.0,0.00019986546860216087,0.00220068319905522
4.0,30600.0,0.00019117421687468304,0.0021098521819290284
4.0,30672.0,0.00018284261715121035,0.0020225445547474405
4.0,30744.0,0.00017485667448610017,0.0019386342824724069
4.0,30816.0,0.00016720289655929767,0.001857999349814321
4.0,30888.0,0.00015986827755496455,0.0017805216549881206
4.0,30960.0,0.00015284028247088753,0.0017060869052855309
4.0,31032.0,0.00014610683184946546,0.0016345845144996928
4.0,31104.0,0.00013965628692494555,0.0015659075021851264
4.0,31176.0,0.00013347743517692538,0.0014999523947970771
4.0,31248.0,0.00012755947628331792,0.0014366191286939054
4.0,31320.0,0.0001218920084664017,0.0013758109550096264
4.0,31392.0,0.00011646501522147616,0.0013174343464122272
4.0,31464.0,0.00011126885242275714,0.0012613989057236096
4.0,31536.0,0.0001062942357980399,0.0012076172764260208
4.0,31608.0,0.00010153222876377976,0.001156005055030107
4.0,31680.0,9.697423061405479e-05,0.0011064807053017488
4.0,31752.0,9.261196505475845e-05,0.001058965474353357
4.0,31824.0,8.843746907632616e-05,0.001013383310561977
4.0,31896.0,8.444308215653971e-05,0.0009696607833333815
4.0,31968.0,8.062143578660676e-05,0.0009277270046759156
4.0,32040.0,7.696544331323213e-05,0.0008875135525805433
4.0,32112.0,7.346829008822514e-05,0.0008489543961900381
4.0,32184.0,7.012342391944397e-05,0.0008119858227260578
4.0,32256.0,6.69245458158118e-05,0.0007765463661883131
4.0,32328.0,6.386560101857067e-05,0.0007425767377654324
4.0,32400.0,6.0940770311987824e-05,0.0007100197579717359
4.0,32472.0,5.814446160719054e-05,0.0006788202904630225
4.0,32544.0,5.54713017913134e-05,0.0006489251775263937
4.0,32616.0,5.2916128835759064e-05,0.0006202831772142758
4.0,32688.0,5.0473984156822066e-05,0.0005928449020991877
4.0,32760.0,4.8140105221818695e-05,0.0005665627596258104
4.0,32832.0,4.590991839493284e-05,0.0005413908940269607
4.0,32904.0,4.377903201506788e-05,0.0005172851298063108
4.0,32976.0,4.1743229701406e-05,0.0004942029167196438
4.0,33048.0,3.979846387820206e-05,0.000472103276265301
4.0,33120.0,3.7940849515258844e-05,0.00045094674964119
4.0,33192.0,3.61666580758066e-05,0.0004306953471427732
4.0,33264.0,3.447231166720336e-05,0.00041131249896935167
4.0,33336.0,3.285437738912705e-05,0.0003927630074379351
4.0,33408.0,3.130956187238591e-05,0.00037501300053790484
4.0,33480.0,2.9834706003851273e-05,0.00035802988683002467
4.0,33552.0,2.8426779831635155e-05,0.0003417823116556917
4.0,33624.0,2.708287764557247e-05,0.0003262401146145066
4.0,33696.0,2.5800213227503027e-05,0.0003113742883066095
4.0,33768.0,2.4576115266822142e-05,0.0002971569382950178
4.0,33840.0,2.3408022935510018e-05,0.0002835612442687818
4.0,33912.0,2.2293481618589338e-05,0.00027056142237071864
4.0,33984.0,2.1230138795037578e-05,0.00025813268868333237
4.0,34056.0,2.0215740064855276e-05,0.0002462512238231795
4.0,34128.0,1.9248125316534957e-05,0.00023489413863089222
4.0,34200.0,1.832522503256791e-05,0.00022403944092630465
4.0,34272.0,1.7445056726896624e-05,0.0002136660033087878
4.0,34344.0,1.660572151104356e-05,0.00020375353196229183
4.0,34416.0,1.5805400784796225e-05,0.00019428253646225355
4.0,34488.0,1.5042353047042155e-05,0.00018523430053747346
4.0,34560.0,1.431491082341534e-05,0.00017659085378269877
4.0,34632.0,1.3621477706401272e-05,0.0001683349442693327
4.0,34704.0,1.2960525504898895e-05,0.00016045001206776988
4.0,34776.0,1.2330591499260722e-05,0.0001529201636230937
4.0,34848.0,1.1730275798293825e-05,0.0001457301469869776
4.0,34920.0,1.1158238794579863e-05,0.00013886532786031578
4.0,34992.0,1.0613198715823427e-05,0.0001323116664423196
4.0,35064.0,1.0093929268089061e-05,0.000126055695056948
4.0,35136.0,9.599257368032272e-06,0.00012008449652896046
4.0,35208.0,9.128060960979969e-06,0.0001143856833060397
4.0,35280.0,8.679266922710852e-06,0.00010894737727724646
4.0,35352.0,8.251849040939676e-06,0.00010375819030201683
4.0,35424.0,7.844826074177792e-06,9.880720539783282e-05
4.0,35496.0,7.457259886193764e-06,9.408395858798712e-05
4.0,35568.0,7.088253651473426e-06,8.957842138030968e-05
4.0,35640.0,6.7369501314846e-06,8.528098386335612e-05
4.0,35712.0,6.402530017215171e-06,8.118243839732031e-05
4.0,35784.0,6.084210337009643e-06,7.727396387409158e-05
4.0,35856.0,5.7812429268250295e-06,7.354711056066775e-05
4.0,35928.0,5.4929129605796526e-06,6.99937854577115e-05
4.0,36000.0,5.218537538569772e-06,6.660623820309297e-05
4.0,36072.0,4.957464332675202e-06,6.33770474820494e-05
4.0,36144.0,4.709070283877372e-06,6.029910792193505e-05
4.0,36216.0,4.472760353617479e-06,5.7365617478666306e-05
4.0,36288.0,4.247966323968115e-06,5.457006527436192e-05
4.0,36360.0,4.0341456464579465e-06,5.190621988759858e-05
4.0,36432.0,3.830780337258283e-06,4.9368118077097733e-05
4.0,36504.0,3.637375917435051e-06,4.695005392392204e-05
4.0,36576.0,3.4534603959030126e-06,4.464656837797065e-05
4.0,36648.0,3.2785832938574926e-06,4.245243919811514e-05
4.0,36720.0,3.1123147091725255e-06,4.0362671266080946e-05
4.0,36792.0,2.9542444192036525e-06,3.8372487275495355e-05
4.0,36864.0,2.8039810205554143e-06,3.6477318766969794e-05
4.0,36936.0,2.661151103984288e-06,3.467279750708485e-05
4.0,37008.0,2.5253984641891746e-06,3.295474719706703e-05
4.0,37080.0,2.3963833415565532e-06,3.1319175500499336e-05
4.0,37152.0,2.273781696235869e-06,2.9762266384381063e-05
4.0,37224.0,2.157284512002915e-06,2.8280372741562584e-05
4.0,37296.0,2.046597129858835e-06,2.6870009316581898e-05
4.0,37368.0,1.9414386089846098e-06,2.5527845902217902e-05
4.0,37440.0,1.8415411153703616e-06,2.4250700796812907e-05
4.0,37512.0,1.746649335455141e-06,2.3035534524495916e-05
4.0,37584.0,1.6565199153989596e-06,2.1879443808359154e-05
4.0,37656.0,1.5709209238911003e-06,2.077965577029772e-05
4.0,37728.0,1.4896313380323224e-06,1.9733522370302124e-05
4.0,37800.0,1.4124405505690572e-06,1.87385150695718e-05
4.0,37872.0,1.3391478994196398e-06,1.7792219696843856e-05
4.0,37944.0,1.269562216278473e-06,1.6892331534990034e-05
4.0,38016.0,1.203501395470264e-06,1.60366505937759e-05
4.0,38088.0,1.14079198108222e-06,1.5223077079440371e-05
4.0,38160.0,1.0812687722148759e-06,1.4449607053279577e-05
4.0,38232.0,1.0247744453031966e-06,1.371432825791885e-05
4.0,38304.0,9.711591927263692e-07,1.3015416119088739e-05
4.0,38376.0,9.202803776356033e-07,1.2351129912957503e-05
4.0,38448.0,8.720022036670344e-07,1.1719809087651354e-05
4.0,38520.0,8.261953989720497e-07,1.1119869738962506e-05
4.0,38592.0,7.827369146177228e-07,1.0549801234560617e-05
4.0,38664.0,7.41509636078973e-07,1.0008162972496848e-05
4.0,38736.0,7.024021075019667e-07,9.493581281105888e-06
4.0,38808.0,6.653082681534482e-07,9.004746445384624e-06
4.0,38880.0,6.301272007709243e-07,8.540409854163044e-06
4.0,38952.0,5.967628912107403e-07,8.099381285120442e-06
4.0,39024.0,5.651239983626518e-07,7.680526277198396e-06
4.0,39096.0,5.351236351844973e-07,7.28276363801683e-06
4.0,39168.0,5.066791586892542e-07,6.905063041529047e-06
4.0,39240.0,4.7971197014599e-07,6.546442742916269e-06
4.0,39312.0,4.541473240203958e-07,6.2059673759051744e-06
4.0,39384.0,4.299141452990257e-07,5.88274585524573e-06
4.0,39456.0,4.069448558911451e-07,5.575929363743625e-06
4.0,39528.0,3.851752077443867e-07,5.2847094316632586e-06
4.0,39600.0,3.645441246825059e-07,5.008316090737707e-06
4.0,39672.0,3.4499355090435223e-07,4.746016119838714e-06
4.0,39744.0,3.264683068716711e-07,4.497111351753346e-06
4.0,39816.0,3.0891595100634737e-07,4.260937073041759e-06
4.0,39888.0,2.922866484565806e-07,4.036860475764569e-06
4.0,39960.0,2.7653304588514724e-07,3.824279188080482e-06
4.0,40032.0,2.6161015167535646e-07,3.6226198659505825e-06
4.0,40104.0,2.4747522210528405e-07,3.4313368452387746e-06
4.0,40176.0,2.3408765238911508e-07,3.2499108598926792e-06
4.0,40248.0,2.2140887326080632e-07,3.0778478077309046e-06
4.0,40320.0,2.0940225189163148e-07,2.9146775801791587e-06
4.0,40392.0,1.9803299779919658e-07,2.759952938902188e-06
4.0,40464.0,1.8726807317967658e-07,2.613248439331528e-06
4.0,40536.0,1.7707610700562555e-07,2.474159414589394e-06
4.0,40608.0,1.674273138843275e-07,2.342300991386992e-06
4.0,40680.0,1.5829341600711526e-07,2.2173071592135325e-06
4.0,40752.0,1.4964756927248122e-07,2.098829877184016e-06
4.0,40824.0,1.4146429294483114e-07,1.9865382228090307e-06
4.0,40896.0,1.3371940199470542e-07,1.8801175805549517e-06
4.0,40968.0,1.2638994373823642e-07,1.7792688637996432e-06
4.0,41040.0,1.194541366254307e-07,1.6837077772891006e-06
4.0,41112.0,1.1289131197762836e-07,1.5931641115685124e-06
4.0,41184.0,1.0668185899303807e-07,1.5073810608612346e-06
4.0,41256.0,1.008071723279244e-07,1.4261145892646708e-06
4.0,41328.0,9.524960164959342e-08,1.3491328154202618e-06
4.0,41400.0,8.999240435125113e-08,1.276215420631388e-06
4.0,41472.0,8.501969995434381e-08,1.2071531017454617e-06
4.0,41544.0,8.031642706836184e-08,1.1417470275887352e-06
4.0,41616.0,7.586830230547858e-08,1.0798083401653002e-06
4.0,41688.0,7.166178105926501e-08,1.0211576643825993e-06
4.0,41760.0,6.768402059343789e-08,9.65624652593533e-07
4.0,41832.0,6.392284442679314e-08,9.13047541217793e-07
4.0,41904.0,6.03667088677418e-08,8.632727329427325e-07
4.0,41976.0,5.700467098749184e-08,8.161543945561788e-07
4.0,42048.0,5.3826358121038755e-08,7.715540817798682e-07
4.0,42120.0,5.082193889552432e-08,7.293403733399373e-07
4.0,42192.0,4.79820958931116e-08,6.893885249326104e-07
4.0,42264.0,4.529799943252074e-08,6.515801402429133e-07
4.0,42336.0,4.2761282718780643e-08,6.158028625691259e-07
4.0,42408.0,4.036401798734226e-08,5.819500671577771e-07
4.0,42480.0,3.809869438918249e-08,5.499205869341494e-07
4.0,42552.0,3.5958196515323675e-08,5.196184339695264e-07
4.0,42624.0,3.393578388045957e-08,4.909525458174357e-07
4.0,42696.0,3.202507200535599e-08,4.6383653824477727e-07
4.0,42768.0,3.0220013765827544e-08,4.3818847430543426e-07
4.0,42840.0,2.8514882517604112e-08,4.13930640519311e-07
4.0,42912.0,2.6904254813209508e-08,3.909893358411409e-07
4.0,42984.0,2.5382995374235294e-08,3.692946670241781e-07
4.0,43056.0,2.3946241832936968e-08,3.487803638790865e-07
4.0,43128.0,2.2589390717329806e-08,3.2938359026957184e-07
4.0,43200.0,2.1308083862346103e-08,3.1104477642429625e-07
4.0,43272.0,2.00981957627028e-08,2.9370745053824975e-07
4.0,43344.0,1.895582142288478e-08,2.77318083163891e-07
4.0,43416.0,1.78772649532977e-08,2.6182593515500225e-07
4.0,43488.0,1.6859028326426806e-08,2.471829219530264e-07
4.0,43560.0,1.5897801482655693e-08,2.333434771628617e-07
4.0,43632.0,1.4990452098871975e-08,2.2026441541811435e-07
4.0,43704.0,1.41340163161832e-08,2.079048265102301e-07
4.0,43776.0,1.332569021367964e-08,1.962259446486314e-07
4.0,43848.0,1.2562820784736765e-08,1.8519104685310592e-07
4.0,43920.0,1.1842898618685403e-08,1.7476534495131088e-07
4.0,43992.0,1.1163550049731758e-08,1.6491588965550362e-07
4.0,44064.0,1.0522529731778166e-08,1.5561147037601583e-07
4.0,44136.0,9.917714314971729e-09,1.4682253137721089e-07
4.0,44208.0,9.34709555351635e-09,1.3852108224909898e-07
4.0,44280.0,8.808774568399977e-09,1.3068061974763622e-07
4.0,44352.0,8.300955647951346e-09,1.2327605034556654e-07
4.0,44424.0,7.82194116768527e-09,1.1628361420434884e-07
4.0,44496.0,7.370125977194964e-09,1.0968082051476812e-07
4.0,44568.0,6.94399276407889e-09,1.0344637857429005e-07
4.0,44640.0,6.542107044526414e-09,9.756013454875755e-08
4.0,44712.0,6.1631132559069845e-09,9.200301605005733e-08
4.0,44784.0,5.805729782515448e-09,8.675697102944468e-08
4.0,44856.0,5.468745616848037e-09,8.180491732900918e-08
4.0,44928.0,5.151016344503833e-09,7.71306922331405e-08
4.0,45000.0,4.851460378890121e-09,7.271899988836593e-08
4.0,45072.0,4.569055923541188e-09,6.85553715129572e-08
4.0,45144.0,4.302837597139855e-09,6.462611921165262e-08
4.0,45216.0,4.05189305865769e-09,6.091829334309295e-08
4.0,45288.0,3.815360840195829e-09,5.741964557159918e-08
4.0,45360.0,3.5924268654825306e-09,5.411859191895019e-08
4.0,45432.0,3.3823222472213132e-09,5.10041765267033e-08
4.0,45504.0,3.184320942387979e-09,4.806603968177114e-08
4.0,45576.0,2.9977370878025414e-09,4.5294380868199365e-08
4.0,45648.0,2.821923010647841e-09,4.267993958251281e-08
4.0,45720.0,2.6562672746339824e-09,4.021395696440776e-08
4.0,45792.0,2.5001922995691507e-09,3.788815092775621e-08
4.0,45864.0,2.353153011588722e-09,3.569469839703742e-08
4.0,45936.0,2.214634658110029e-09,3.362619622748753e-08
4.0,46008.0,2.0841512803453996e-09,3.167565338912937e-08
4.0,46080.0,1.9612442212849063e-09,2.98364604134349e-08
4.0,46152.0,1.8454804734586526e-09,2.8102370208671342e-08
4.0,46224.0,1.7364514536065662e-09,2.6467481006875455e-08
4.0,46296.0,1.6337715459011814e-09,2.492621504757153e-08
4.0,46368.0,1.5370766809884963e-09,2.3473302945831163e-08
4.0,46440.0,1.4460234301455155e-09,2.210376663924762e-08
4.0,46512.0,1.3602877439482223e-09,2.0812901624367438e-08
4.0,46584.0,1.27956385106815e-09,1.9596263456378437e-08
4.0,46656.0,1.2035631925118738e-09,1.8449658512054157e-08
4.0,46728.0,1.132013693345329e-09,1.7369121962929058e-08
4.0,46800.0,1.064658554679287e-09,1.635090995932842e-08
4.0,46872.0,1.0012556498688114e-09,1.5391486130056365e-08
4.0,46944.0,9.415765119707172e-10,1.4487512345340293e-08
4.0,47016.0,8.854057476300332e-10,1.3635837348147106e-08
4.0,47088.0,8.325402376198929e-10,1.2833484674956707e-08
4.0,47160.0,7.82788302110774e-10,1.2077644129249164e-08
4.0,47232.0,7.359691853738892e-10,1.1365661833906415e-08
4.0,47304.0,6.919127185872921e-10,1.069503525741311e-08
4.0,47376.0,6.504581115648686e-10,1.0063399003001905e-08
4.0,47448.0,6.114540241704528e-10,9.468524808653455e-09
4.0,47520.0,5.74757677894408e-10,8.908304494070762e-09
4.0,47592.0,5.402345540720265e-10,8.380752092307375e-09
4.0,47664.0,5.077577720552761e-10,7.883993902169094e-09
4.0,47736.0,4.772077695719284e-10,7.416257830072936e-09
4.0,47808.0,4.4847176974960093e-10,6.9758762322180696e-09
4.0,47880.0,4.2144374568432304e-10,6.561275256444787e-09
4.0,47952.0,3.9602354992232576e-10,6.170965605178935e-09
4.0,48024.0,3.721168435933457e-10,5.803549640859273e-09
4.0,48096.0,3.4963481204040625e-10,5.4577014907408735e-09
4.0,48168.0,3.2849377414381237e-10,5.132177705036156e-09
4.0,48240.0,3.086148624314516e-10,4.825799493346494e-09
4.0,48312.0,2.899236325597413e-10,4.537459119546838e-09
4.0,48384.0,2.723502229330888e-10,4.2661099541874135e-09
4.0,48456.0,2.5582860866847206e-10,4.010765053408249e-09
4.0,48528.0,2.402968150109157e-10,3.770495027310972e-09
4.0,48600.0,2.2569631312333826e-10,3.5444251977878594e-09
4.0,48672.0,2.1197200239188997e-10,3.331724229838073e-09
4.0,48744.0,1.9907197954932907e-10,3.131616921336899e-09
4.0,48816.0,1.8694737880673424e-10,2.94336715001009e-09
4.0,48888.0,1.7555230079540306e-10,2.7662828472330144e-09
4.0,48960.0,1.6484342174920682e-10,2.599710313688774e-09
4.0,49032.0,1.5477995801573478e-10,2.443036350996408e-09
4.0,49104.0,1.453234883402197e-10,2.295679024655328e-09
4.0,49176.0,1.3643791854511967e-10,2.1570933483872065e-09
4.0,49248.0,1.2808919706036768e-10,2.0267648892513534e-09
4.0,49320.0,1.2024535068019583e-10,1.9042076360165085e-09
4.0,49392.0,1.1287625346830864e-10,1.7889661307890492e-09
4.0,49464.0,1.0595348479480484e-10,1.6806083635856338e-09
4.0,49536.0,9.945041801237854e-11,1.5787307461323506e-09
4.0,49608.0,9.334188311312901e-11,1.4829495853518893e-09
4.0,49680.0,8.760427311856526e-11,1.392904636077219e-09
4.0,49752.0,8.221534891386864e-11,1.3082583905088539e-09
4.0,49824.0,7.7154221300575e-11,1.2286903938729664e-09
4.0,49896.0,7.240113795242546e-11,1.153902218220537e-09
4.0,49968.0,6.793764317646668e-11,1.0836089359145262e-09
4.0,50040.0,6.374627597449738e-11,1.0175433828862879e-09
4.0,50112.0,5.981069453351553e-11,9.554561586355701e-10
4.0,50184.0,5.611546291742926e-11,8.971113629741012e-10
4.0,50256.0,5.26460332690353e-11,8.422844643973804e-10
4.0,50328.0,4.938883468911093e-11,7.9076727388383e-10
4.0,50400.0,4.633102463450308e-11,7.423629710956447e-10
4.0,50472.0,4.3460542090161905e-11,6.968861043787911e-10
4.0,50544.0,4.076605432437301e-11,6.541604591348004e-10
4.0,50616.0,3.823692134630824e-11,6.140233210771839e-10
4.0,50688.0,3.586316039420125e-11,5.7631908134681e-10
4.0,50760.0,3.363526834942919e-11,5.409027892255835e-10
4.0,50832.0,3.1544434776833646e-11,5.076373099655029e-10
4.0,50904.0,2.9582257856922906e-11,4.763933247886598e-10
4.0,50976.0,2.774097516679264e-11,4.4705004142997493e-10
4.0,51048.0,2.601321512798056e-11,4.194923519662552e-10
4.0,51120.0,2.4392050147875107e-11,3.9361296444440085e-10
4.0,51192.0,2.287101465508009e-11,3.693124028814054e-10
4.0,51264.0,2.144401585282364e-11,3.4649545455067705e-10
4.0,51336.0,2.010522757778131e-11,3.250704594393028e-10
4.0,51408.0,1.8849285393079018e-11,3.0495499458993435e-10
4.0,51480.0,1.7671162450032628e-11,2.8607161084437394e-10
4.0,51552.0,1.6566027207335543e-11,2.6834356958715944e-10
4.0,51624.0,1.552943894132641e-11,2.5170123763018634e-10
4.0,51696.0,1.4557258901350347e-11,2.3607995558450054e-10
4.0,51768.0,1.3645454921990935e-11,2.214179062320909e-10
4.0,51840.0,1.2790385586570916e-11,2.0765469344041775e-10
4.0,51912.0,1.1988462799743154e-11,1.9473915813250638e-10
4.0,51984.0,1.1236542524745417e-11,1.8261658851770332e-10
4.0,52056.0,1.0531409693510603e-11,1.7124222040365564e-10
4.0,52128.0,9.870257761763506e-12,1.6056844742706741e-10
4.0,52200.0,9.250386758983038e-12,1.5055121593832155e-10
4.0,52272.0,8.669256613560492e-12,1.411528671724227e-10
4.0,52344.0,8.124433797016344e-12,1.3233503182163986e-10
4.0,52416.0,7.613662424211243e-12,1.2406218274918502e-10
4.0,52488.0,7.1348819824613625e-12,1.1630092444647742e-10
4.0,52560.0,6.686103059293849e-12,1.0902070357587945e-10
4.0,52632.0,6.2654427815369265e-12,1.0219096679975336e-10
4.0,52704.0,5.87117812899378e-12,9.57847134941403e-11
4.0,52776.0,5.5016749261063875e-12,8.977565357781713e-11
4.0,52848.0,5.155405559586501e-12,8.414104968323954e-11
4.0,52920.0,4.830877962423248e-12,7.88560328146559e-11
4.0,52992.0,4.526759905268249e-12,7.389928668999346e-11
4.0,53064.0,4.241825763152187e-12,6.925091611265088e-11
4.0,53136.0,3.974849884308933e-12,6.489244697149842e-11
4.0,53208.0,3.724713209867067e-12,6.080469461267057e-11
4.0,53280.0,3.4903854758284394e-12,5.697273763871635e-11
4.0,53352.0,3.2708187120482597e-12,5.338023356671328e-11
4.0,53424.0,3.065142518987693e-12,5.0011550456474645e-11
4.0,53496.0,2.8724509661429928e-12,4.6853187996021006e-11
4.0,53568.0,2.6919447541863036e-12,4.389306695884442e-11
4.0,53640.0,2.5228955959540556e-12,4.111910811843699e-11
4.0,53712.0,2.3645219250618495e-12,3.851781116281927e-11
4.0,53784.0,2.2162375514089152e-12,3.607993903642636e-11
4.0,53856.0,2.077349749421526e-12,3.379412305548613e-11
4.0,53928.0,1.947290081082958e-12,3.165254724990518e-11
4.0,54000.0,1.825507914054166e-12,2.96452640213829e-11
4.0,54072.0,1.7114348332871264e-12,2.7765167942561674e-11
4.0,54144.0,1.604644516968501e-12,2.6001600872405107e-11
4.0,54216.0,1.504710673909887e-12,2.4349589011762874e-11
4.0,54288.0,1.4111359586493049e-12,2.2803448018748893e-11
4.0,54360.0,1.323511797629342e-12,2.135394083779829e-11
4.0,54432.0,1.2414651520856073e-12,1.999538312702498e-11
4.0,54504.0,1.1646763428649973e-12,1.8723511630014396e-11
4.0,54576.0,1.0927545293535575e-12,1.753051037667319e-11
4.0,54648.0,1.0254865908398467e-12,1.6414247738794074e-11
4.0,54720.0,9.62517286580921e-13,1.5368328831755204e-11
4.0,54792.0,9.035801285978175e-13,1.4389200941877788e-11
4.0,54864.0,8.48390949561753e-13,1.3471890270011498e-11
4.0,54936.0,7.967365598551803e-13,1.2612133559741777e-11
4.0,55008.0,7.484216099912869e-13,1.1807088640125583e-11
4.0,55080.0,7.032151467841314e-13,1.1052492254748358e-11
4.0,55152.0,6.60957347883689e-13,1.0346923318138578e-11
4.0,55224.0,6.213994735669226e-13,9.686829116617444e-12
4.0,55296.0,5.843816861713393e-13,9.067946393770397e-12
4.0,55368.0,5.497619001184889e-13,8.488854064125916e-12
4.0,55440.0,5.173979800644005e-13,7.94528887126944e-12
4.0,55512.0,4.870768052976333e-13,7.437961357936728e-12
4.0,55584.0,4.58727306232143e-13,6.9618977249774605e-12
4.0,55656.0,4.322251378891719e-13,6.5170979723916384e-12
4.0,55728.0,4.074815130516856e-13,6.1007199292362195e-12
4.0,55800.0,3.843897967156824e-13,5.711342510039685e-12
4.0,55872.0,3.6273689496654024e-13,5.346123543858994e-12
4.0,55944.0,3.4248725387065204e-13,5.004352487958385e-12
4.0,56016.0,3.2356982681067585e-13,4.68460825686634e-12
4.0,56088.0,3.0586027263597075e-13,4.385469765111339e-12
4.0,56160.0,2.893408316062595e-13,4.106226469957619e-12
4.0,56232.0,2.7386939900250745e-13,3.844036200462141e-12
4.0,56304.0,2.5941045151604335e-13,3.5996094993606677e-12
4.0,56376.0,2.458929387014083e-13,3.370814738445915e-12
4.0,56448.0,2.3328131428122913e-13,3.1555202895106047e-12
4.0,56520.0,2.2146902747007804e-13,2.9551472380262565e-12
4.0,56592.0,2.1043830321520996e-13,2.76685341304983e-12
4.0,56664.0,2.0015362586418794e-13,2.592059900052845e-12
4.0,56736.0,1.9052616991880788e-13,2.4279245280922623e-12
4.0,56808.0,1.8153817181067576e-13,2.2737367544323206e-12
4.0,56880.0,1.731363446627267e-13,2.13020712180878e-12
4.0,56952.0,1.6530294021903465e-13,1.9959145447501213e-12
4.0,57024.0,1.5800242751469466e-13,1.870859023256344e-12
4.0,57096.0,1.5118149670393961e-13,1.7529089291201669e-12
4.0,57168.0,1.4478688387840658e-13,1.6427748050773513e-12
4.0,57240.0,1.388363219815535e-13,1.5390355656563768e-12
4.0,57312.0,1.3325879119285743e-13,1.4438228390645235e-12
4.0,57384.0,1.2805429916855247e-13,1.3535839116229909e-12
4.0,57456.0,1.2324057119586244e-13,1.270450411539059e-12
4.0,57528.0,1.1867552169633741e-13,1.1922907106054482e-12
4.0,57600.0,1.1448349182061837e-13,1.1191048088221576e-12
4.0,57672.0,1.1055790781457535e-13,1.050182163453428e-12
4.0,57744.0,1.0689877733444238e-13,9.86943859970779e-13
4.0,57816.0,1.0345279053445236e-13,9.272582701669305e-13
4.0,57888.0,1.0027322663543628e-13,8.711253940418828e-13
4.0,57960.0,9.728909644180734e-14,8.199663170671556e-13
4.0,58032.0,9.450030807875724e-14,7.695177828281884e-13
4.0,58104.0,9.192471698948829e-14,7.247535904753022e-13
4.0,58176.0,8.954449835573428e-14,6.821210263296962e-13
4.0,58248.0,8.730639209724928e-14,6.430411758628906e-13
4.0,58320.0,8.521037141721427e-14,6.060929536033653e-13
4.0,58392.0,8.325648608115033e-14,5.719869022868805e-13
4.0,58464.0,8.144465569860024e-14,5.39301936441916e-13
4.0,58536.0,7.972165847048825e-14,5.094591415399919e-13
4.0,58608.0,7.817630075443325e-14,4.817479748453479e-13
4.0,58680.0,7.671975322411426e-14,4.561684363579843e-13
4.0,58752.0,7.533426379548827e-14,4.312994406063808e-13
4.0,58824.0,7.401981715608729e-14,4.085620730620576e-13
4.0,58896.0,7.281194044269927e-14,3.865352482534945e-13
4.0,58968.0,7.169286625881319e-14,3.666400516522117e-13
4.0,59040.0,7.068040411022724e-14,3.488764832582092e-13
4.0,59112.0,6.972120969812125e-14,3.3111291486420665e-13
4.0,59184.0,6.883305807524022e-14,3.1405988920596425e-13
4.0,59256.0,6.799822012624326e-14,2.9984903449076225e-13
4.0,59328.0,6.725218470674826e-14,2.8634872251132035e-13
4.0,59400.0,6.652391285564726e-14,2.735589532676385e-13
4.0,59472.0,6.58666991062393e-14,2.6147972675971685e-13
4.0,59544.0,6.522722595652326e-14,2.494005002517952e-13
4.0,59616.0,6.467658213312826e-14,2.387423592153936e-13
4.0,59688.0,6.416145779028726e-14,2.287947609147523e-13
4.0,59760.0,6.366410467207427e-14,2.1955770534987095e-13
4.0,59832.0,6.322003077469226e-14,2.1103119252074975e-13
4.0,59904.0,6.281147635786422e-14,2.0250467969162855e-13
4.0,59976.0,6.243847204652628e-14,1.9610979506978764e-13
4.0,60048.0,6.208321599111427e-14,1.8900436771218663e-13
4.0,60120.0,6.176348324437327e-14,1.8260948309034574e-13
4.0,60192.0,6.146151789414327e-14,1.7621459846850483e-13
4.0,60264.0,6.115955254391328e-14,1.7053025658242404e-13
4.0,60336.0,6.08931143304713e-14,1.6555645743210332e-13
4.0,60408.0,6.06621994257003e-14,1.6129320101754274e-13
4.0,60480.0,6.044905191744032e-14,1.5702994460298213e-13
4.0,60552.0,6.025366032134031e-14,1.5276668818842154e-13
4.0,60624.0,6.005826872524032e-14,1.4850343177386093e-13
4.0,60696.0,5.98806368694173e-14,1.4495071809506043e-13
4.0,60768.0,5.972076858198829e-14,1.4139800441625993e-13
4.0,60840.0,5.956091177891032e-14,1.3926637620897962e-13
4.0,60912.0,5.943657445638633e-14,1.364242052659392e-13
4.0,60984.0,5.931223330574532e-14,1.3287149158713873e-13
4.0,61056.0,5.922342312000933e-14,1.3145040611561853e-13
4.0,61128.0,5.913461293427335e-14,1.2931877790833823e-13
4.0,61200.0,5.902803535202634e-14,1.2718714970105792e-13
4.0,61272.0,5.893921751005633e-14,1.2434497875801753e-13
4.0,61344.0,5.886817089271434e-14,1.2292389328649734e-13
4.0,61416.0,5.881488401564935e-14,1.2221335055073723e-13
4.0,61488.0,5.876160096670136e-14,1.2150280781497712e-13
4.0,61560.0,5.869054669312535e-14,1.193711796076968e-13
4.0,61632.0,5.865501955633736e-14,1.1795009413617662e-13
4.0,61704.0,5.861950007578338e-14,1.1795009413617662e-13
4.0,61776.0,5.858396911087835e-14,1.158184659288963e-13
4.0,61848.0,5.856620937060137e-14,1.158184659288963e-13
4.0,61920.0,5.854844580220737e-14,1.151079231931362e-13
4.0,61992.0,5.853068223381337e-14,1.1439738045737614e-13
4.0,62064.0,5.851292249353637e-14,1.1439738045737614e-13
4.0,62136.0,5.849516275325939e-14,1.1439738045737614e-13
4.0,62208.0,5.847739918486538e-14,1.1368683772161603e-13
4.0,62280.0,5.845963561647137e-14,1.1297629498585593e-13
4.0,62352.0,5.845963561647137e-14,1.1297629498585593e-13
4.0,62424.0,5.845963561647137e-14,1.1297629498585593e-13
4.0,62496.0,5.845963561647137e-14,1.1297629498585593e-13
4.0,62568.0,5.845963561647137e-14,1.1297629498585593e-13
4.0,62640.0,5.845963561647137e-14,1.1297629498585593e-13
4.0,62712.0,5.845963561647137e-14,1.1297629498585593e-13
4.0,62784.0,5.845963561647137e-14,1.1297629498585593e-13
4.0,62856.0,5.845963561647137e-14,1.1297629498585593e-13
4.0,62928.0,5.845963561647137e-14,1.1297629498585593e-13
4.0,63000.0,5.845963561647137e-14,1.1297629498585593e-13
4.0,63072.0,5.845963561647137e-14,1.1297629498585593e-13
4.0,63144.0,5.845963561647137e-14,1.1297629498585593e-13
4.0,63216.0,5.845963561647137e-14,1.1297629498585593e-13
4.0,63288.0,5.845963561647137e-14,1.1297629498585593e-13
4.0,63360.0,5.845963561647137e-14,1.1297629498585593e-13
4.0,63432.0,5.845963561647137e-14,1.1297629498585593e-13
4.0,63504.0,5.845963561647137e-14,1.1297629498585593e-13
4.0,63576.0,5.845963561647137e-14,1.1297629498585593e-13
4.0,63648.0,5.845963561647137e-14,1.1297629498585593e-13
4.0,63720.0,5.845963561647137e-14,1.1297629498585593e-13
4.0,63792.0,5.845963561647137e-14,1.1297629498585593e-13
4.0,63864.0,5.845963561647137e-14,1.1297629498585593e-13
4.0,63936.0,5.845963561647137e-14,1.1297629498585593e-13
4.0,64008.0,5.845963561647137e-14,1.1297629498585593e-13
4.0,64080.0,5.845963561647137e-14,1.1297629498585593e-13
4.0,64152.0,5.845963561647137e-14,1.1297629498585593e-13
4.0,64224.0,5.845963561647137e-14,1.1297629498585593e-13
4.0,64296.0,5.845963561647137e-14,1.1297629498585593e-13
4.0,64368.0,5.845963561647137e-14,1.1297629498585593e-13
4.0,64440.0,5.845963561647137e-14,1.1297629498585593e-13
4.0,64512.0,5.845963561647137e-14,1.1297629498585593e-13
4.0,64584.0,5.845963561647137e-14,1.1297629498585593e-13
4.0,64656.0,5.845963561647137e-14,1.1297629498585593e-13
4.0,64728.0,5.845963561647137e-14,1.1297629498585593e-13
4.0,64800.0,5.845963561647137e-14,1.1297629498585593e-13
4.0,64872.0,5.845963561647137e-14,1.1297629498585593e-13
4.0,64944.0,5.845963561647137e-14,1.1297629498585593e-13
4.0,65016.0,5.845963561647137e-14,1.1297629498585593e-13
4.0,65088.0,5.845963561647137e-14,1.1297629498585593e-13
4.0,65160.0,5.845963561647137e-14,1.1297629498585593e-13
4.0,65232.0,5.845963561647137e-14,1.1297629498585593e-13
4.0,65304.0,5.845963561647137e-14,1.1297629498585593e-13
4.0,65376.0,5.845963561647137e-14,1.1297629498585593e-13
4.0,65448.0,5.845963561647137e-14,1.1297629498585593e-13
4.0,65520.0,5.845963561647137e-14,1.1297629498585593e-13
4.0,65592.0,5.845963561647137e-14,1.1297629498585593e-13
4.0,65664.0,5.845963561647137e-14,1.1297629498585593e-13
4.0,65736.0,5.845963561647137e-14,1.1297629498585593e-13
4.0,65808.0,5.845963561647137e-14,1.1297629498585593e-13
4.0,65880.0,5.845963561647137e-14,1.1297629498585593e-13
4.0,65952.0,5.845963561647137e-14,1.1297629498585593e-13
4.0,66024.0,5.845963561647137e-14,1.1297629498585593e-13
4.0,66096.0,5.845963561647137e-14,1.1297629498585593e-13
4.0,66168.0,5.845963561647137e-14,1.1297629498585593e-13
4.0,66240.0,5.845963561647137e-14,1.1297629498585593e-13
4.0,66312.0,5.845963561647137e-14,1.1297629498585593e-13
4.0,66384.0,5.845963561647137e-14,1.1297629498585593e-13
4.0,66456.0,5.845963561647137e-14,1.1297629498585593e-13
4.0,66528.0,5.845963561647137e-14,1.1297629498585593e-13
4.0,66600.0,5.845963561647137e-14,1.1297629498585593e-13
4.0,66672.0,5.845963561647137e-14,1.1297629498585593e-13
4.0,66744.0,5.845963561647137e-14,1.1297629498585593e-13
4.0,66816.0,5.845963561647137e-14,1.1297629498585593e-13
4.0,66888.0,5.845963561647137e-14,1.1297629498585593e-13
4.0,66960.0,5.845963561647137e-14,1.1297629498585593e-13
4.0,67032.0,5.845963561647137e-14,1.1297629498585593e-13
4.0,67104.0,5.845963561647137e-14,1.1297629498585593e-13
4.0,67176.0,5.845963561647137e-14,1.1297629498585593e-13
4.0,67248.0,5.845963561647137e-14,1.1297629498585593e-13
4.0,67320.0,5.845963561647137e-14,1.1297629498585593e-13
4.0,67392.0,5.845963561647137e-14,1.1297629498585593e-13
4.0,67464.0,5.845963561647137e-14,1.1297629498585593e-13
4.0,67536.0,5.845963561647137e-14,1.1297629498585593e-13
4.0,67608.0,5.845963561647137e-14,1.1297629498585593e-13
4.0,67680.0,5.845963561647137e-14,1.1297629498585593e-13
4.0,67752.0,5.845963561647137e-14,1.1297629498585593e-13
4.0,67824.0,5.845963561647137e-14,1.1297629498585593e-13
4.0,67896.0,5.845963561647137e-14,1.1297629498585593e-13
4.0,67968.0,5.845963561647137e-14,1.1297629498585593e-13
4.0,68040.0,5.845963561647137e-14,1.1297629498585593e-13
4.0,68112.0,5.845963561647137e-14,1.1297629498585593e-13
4.0,68184.0,5.845963561647137e-14,1.1297629498585593e-13
4.0,68256.0,5.845963561647137e-14,1.1297629498585593e-13
4.0,68328.0,5.845963561647137e-14,1.1297629498585593e-13
4.0,68400.0,5.845963561647137e-14,1.1297629498585593e-13
4.0,68472.0,5.845963561647137e-14,1.1297629498585593e-13
4.0,68544.0,5.845963561647137e-14,1.1297629498585593e-13
4.0,68616.0,5.845963561647137e-14,1.1297629498585593e-13
4.0,68688.0,5.845963561647137e-14,1.1297629498585593e-13
4.0,68760.0,5.845963561647137e-14,1.1297629498585593e-13
4.0,68832.0,5.845963561647137e-14,1.1297629498585593e-13
4.0,68904.0,5.845963561647137e-14,1.1297629498585593e-13
4.0,68976.0,5.845963561647137e-14,1.1297629498585593e-13
4.0,69048.0,5.845963561647137e-14,1.1297629498585593e-13
4.0,69120.0,5.845963561647137e-14,1.1297629498585593e-13
4.0,69192.0,5.845963561647137e-14,1.1297629498585593e-13
4.0,69264.0,5.845963561647137e-14,1.1297629498585593e-13
4.0,69336.0,5.845963561647137e-14,1.1297629498585593e-13
4.0,69408.0,5.845963561647137e-14,1.1297629498585593e-13
4.0,69480.0,5.845963561647137e-14,1.1297629498585593e-13
4.0,69552.0,5.845963561647137e-14,1.1297629498585593e-13
4.0,69624.0,5.845963561647137e-14,1.1297629498585593e-13
4.0,69696.0,5.845963561647137e-14,1.1297629498585593e-13
4.0,69768.0,5.845963561647137e-14,1.1297629498585593e-13
4.0,69840.0,5.845963561647137e-14,1.1297629498585593e-13
4.0,69912.0,5.845963561647137e-14,1.1297629498585593e-13
4.0,69984.0,5.845963561647137e-14,1.1297629498585593e-13
4.0,70056.0,5.845963561647137e-14,1.1297629498585593e-13
4.0,70128.0,5.845963561647137e-14,1.1297629498585593e-13
4.0,70200.0,5.845963561647137e-14,1.1297629498585593e-13
4.0,70272.0,5.845963561647137e-14,1.1297629498585593e-13
4.0,70344.0,5.845963561647137e-14,1.1297629498585593e-13
4.0,70416.0,5.845963561647137e-14,1.1297629498585593e-13
4.0,70488.0,5.845963561647137e-14,1.1297629498585593e-13
4.0,70560.0,5.845963561647137e-14,1.1297629498585593e-13
4.0,70632.0,5.845963561647137e-14,1.1297629498585593e-13
4.0,70704.0,5.845963561647137e-14,1.1297629498585593e-13
4.0,70776.0,5.845963561647137e-14,1.1297629498585593e-13
4.0,70848.0,5.845963561647137e-14,1.1297629498585593e-13
4.0,70920.0,5.845963561647137e-14,1.1297629498585593e-13
4.0,70992.0,5.845963561647137e-14,1.1297629498585593e-13
4.0,71064.0,5.845963561647137e-14,1.1297629498585593e-13
4.0,71136.0,5.845963561647137e-14,1.1297629498585593e-13
4.0,71208.0,5.845963561647137e-14,1.1297629498585593e-13
4.0,71280.0,5.845963561647137e-14,1.1297629498585593e-13
4.0,71352.0,5.845963561647137e-14,1.1297629498585593e-13
4.0,71424.0,5.845963561647137e-14,1.1297629498585593e-13
4.0,71496.0,5.845963561647137e-14,1.1297629498585593e-13
4.0,71568.0,5.845963561647137e-14,1.1297629498585593e-13
4.0,71640.0,5.845963561647137e-14,1.1297629498585593e-13
4.0,71712.0,5.845963561647137e-14,1.1297629498585593e-13
4.0,71784.0,5.845963561647137e-14,1.1297629498585593e-13
4.0,71856.0,5.845963561647137e-14,1.1297629498585593e-13
4.0,71928.0,5.845963561647137e-14,1.1297629498585593e-13
4.0,72000.0,5.845963561647137e-14,1.1297629498585593e-13
