time_s,fmu_outlet_temperature_c,twin_outlet_temperature_c,deviation_c
0.0,400.0,400.0,0.0
0.4120000000000003,400.0,400.0,0.0
0.8240000000000006,400.0,400.0,0.0
1.2360000000000009,400.0,400.0,0.0
1.6480000000000012,400.0,400.0,0.0
2.0599999999999947,400.0,400.0,0.0
2.4719999999999493,400.0,400.0,0.0
2.883999999999904,400.0,400.0,0.0
3.2959999999998586,400.0,400.0,0.0
3.7079999999998132,400.0,400.0,0.0
4.119999999999768,400.0,400.0,0.0
4.531999999999723,400.0,400.0,0.0
4.9439999999996775,400.0,400.0,0.0
5.355999999999632,400.0,400.0,0.0
5.767999999999587,400.0,400.0,0.0
6.179999999999541,400.0,400.0,0.0
6.591999999999496,400.0,400.0,0.0
7.003999999999451,400.0,400.0,0.0
7.415999999999405,400.0,400.0,0.0
7.82799999999936,400.0,400.0,0.0
8.239999999999421,400.0,400.0,0.0
8.651999999999559,400.0,400.0,0.0
9.063999999999696,400.0,400.0,0.0
9.475999999999834,400.0,400.0,0.0
9.887999999999971,400.0,400.0,0.0
10.300000000000109,400.0,400.0,0.0
10.712000000000247,400.0,400.0,0.0
11.124000000000384,400.0,400.0,0.0
11.536000000000522,400.0,400.0,0.0
11.94800000000066,400.0,400.0,0.0
12.360000000000797,400.0,400.0,0.0
12.772000000000935,400.0,400.0,0.0
13.184000000001072,400.0,400.0,0.0
13.59600000000121,400.0,400.0,0.0
14.008000000001347,400.0,400.0,0.0
14.420000000001485,400.0,400.0,0.0
14.832000000001623,400.0,400.0,0.0
15.24400000000176,400.0,400.0,0.0
15.656000000001898,400.0,400.0,0.0
16.068000000001973,400.0,400.0,0.0
16.480000000001745,400.0,400.0,0.0
16.892000000001516,400.0,400.0,0.0
17.304000000001288,400.0,400.0,0.0
17.71600000000106,400.0,400.0,0.0
18.12800000000083,400.0,400.0,0.0
18.540000000000603,400.0,400.0,0.0
18.952000000000375,400.0,400.0,0.0
19.364000000000146,400.0,400.0,0.0
19.775999999999918,400.0,400.0,0.0
20.18799999999969,400.0,400.0,0.0
20.59999999999946,400.0,400.0,0.0
21.011999999999233,400.0,400.0,0.0
21.423999999999005,400.0,400.0,0.0
21.835999999998776,400.0,400.0,0.0
22.247999999998548,400.0,400.0,0.0
22.65999999999832,400.0,400.0,0.0
23.07199999999809,400.0,400.0,0.0
23.483999999997863,400.0,400.0,0.0
23.895999999997635,400.0,400.0,0.0
24.307999999997406,400.0,400.0,0.0
24.719999999997178,400.0,400.0,0.0
25.13199999999695,400.0,400.0,0.0
25.54399999999672,400.0,400.0,0.0
25.955999999996493,400.0,400.0,0.0
26.367999999996265,400.0,400.0,0.0
26.779999999996036,400.0,400.0,0.0
27.191999999995808,400.0,400.0,0.0
27.60399999999558,400.0,400.0,0.0
28.01599999999535,400.0,400.0,0.0
28.427999999995123,400.0,400.0,0.0
28.839999999994895,400.0,400.0,0.0
29.251999999994666,400.0,400.0,0.0
29.663999999994438,400.0,400.0,0.0
30.07599999999421,400.0,400.0,0.0
30.48799999999398,400.0,400.0,0.0
30.899999999993753,400.0,400.0,0.0
31.311999999993525,400.0,400.0,0.0
31.723999999993296,400.0,400.0,0.0
32.13599999999331,400.0,400.0,0.0
32.54799999999381,400.0,400.0,0.0
32.95999999999432,400.0,400.0,0.0
33.37199999999482,400.0,400.0,0.0
33.78399999999532,400.0,400.0,0.0
34.19599999999583,400.0,400.0,0.0
34.60799999999633,400.0,400.0,0.0
35.019999999996834,400.0,400.0,0.0
35.43199999999734,400.0,400.0,0.0
35.84399999999784,400.0,400.0,0.0
36.255999999998345,400.0,400.0,0.0
36.66799999999885,400.0,400.0,0.0
37.07999999999935,400.0,400.0,0.0
37.491999999999855,400.0,400.0,0.0
37.90400000000036,400.0,400.0,0.0
38.31600000000086,400.0,400.0,0.0
38.728000000001366,400.0,400.0,0.0
39.14000000000187,400.0,400.0,0.0
39.55200000000237,400.0,400.0,0.0
39.964000000002876,400.0,400.0,0.0
40.37600000000338,400.0,400.0,0.0
40.78800000000388,400.0,400.0,0.0
41.20000000000439,400.0,400.0,0.0
41.61200000000489,400.0,400.0,0.0
42.024000000005394,400.0,400.0,0.0
42.4360000000059,400.0,400.0,0.0
42.8480000000064,400.0,400.0,0.0
43.260000000006904,400.0,400.0,0.0
43.67200000000741,400.0,400.0,0.0
44.08400000000791,400.0,400.0,0.0
44.496000000008415,400.0,400.0,0.0
44.90800000000892,400.0,400.0,0.0
45.32000000000942,400.0,400.0,0.0
45.732000000009926,400.0,400.0,0.0
46.14400000001043,400.0,400.0,0.0
46.55600000001093,400.0,400.0,0.0
46.968000000011436,400.0,400.0,0.0
47.38000000001194,400.0,400.0,0.0
47.79200000001244,400.0,400.0,0.0
48.20400000001295,400.0,400.0,0.0
48.61600000001345,400.0,400.0,0.0
49.028000000013954,400.0,400.0,0.0
49.44000000001446,400.0,400.0,0.0
49.85200000001496,400.0,400.0,0.0
50.264000000015464,400.0,400.0,0.0
50.67600000001597,400.0,400.0,0.0
51.08800000001647,400.0,400.0,0.0
51.500000000016975,400.0,400.0,0.0
51.91200000001748,400.0,400.0,0.0
52.32400000001798,400.0,400.0,0.0
52.736000000018485,400.0,400.0,0.0
53.14800000001899,400.0,400.0,0.0
53.56000000001949,400.0,400.0,0.0
53.972000000019996,400.0,400.0,0.0
54.3840000000205,400.0,400.0,0.0
54.796000000021,400.0,400.0,0.0
55.20800000002151,400.0,400.0,0.0
55.62000000002201,400.0,400.0,0.0
56.032000000022514,400.0,400.0,0.0
56.44400000002302,400.0,400.0,0.0
56.85600000002352,400.0,400.0,0.0
57.268000000024024,400.0,400.0,0.0
57.68000000002453,400.0,400.0,0.0
58.09200000002503,400.0,400.0,0.0
58.504000000025535,400.0,400.0,0.0
58.91600000002604,400.0,400.0,0.0
59.32800000002654,400.0,400.0,0.0
59.740000000027045,400.0,400.0,0.0
60.15200000002755,400.0,400.0,0.0
60.56400000002805,400.0,400.0,0.0
60.976000000028556,400.0,400.0,0.0
61.38800000002906,400.0,400.0,0.0
61.80000000002956,400.0,400.0,0.0
62.212000000030066,400.0,400.0,0.0
62.62400000003057,400.0,400.0,0.0
63.03600000003107,400.0,400.0,0.0
63.44800000003158,400.0,400.0,0.0
63.86000000003208,400.0,400.0,0.0
64.27200000003161,400.0,400.0,0.0
64.68400000003065,400.0,400.0,0.0
65.09600000002969,400.0,400.0,0.0
65.50800000002873,400.0,400.0,0.0
65.92000000002777,400.0,400.0,0.0
66.33200000002681,400.0,400.0,0.0
66.74400000002585,400.0,400.0,0.0
67.15600000002489,400.0,400.0,0.0
67.56800000002393,400.0,400.0,0.0
67.98000000002297,400.0,400.0,0.0
68.39200000002201,400.0,400.0,0.0
68.80400000002105,400.0,400.0,0.0
69.21600000002009,400.0,400.0,0.0
69.62800000001913,400.0,400.0,0.0
70.04000000001817,400.0,400.0,0.0
70.45200000001721,400.0,400.0,0.0
70.86400000001625,400.0,400.0,0.0
71.27600000001529,400.0,400.0,0.0
71.68800000001433,400.0,400.0,0.0
72.10000000001337,400.0,400.0,0.0
72.5120000000124,400.0,400.0,0.0
72.92400000001145,400.0,400.0,0.0
73.33600000001049,400.0,400.0,0.0
73.74800000000953,400.0,400.0,0.0
74.16000000000857,400.0,400.0,0.0
74.5720000000076,400.0,400.0,0.0
74.98400000000665,400.0,400.0,0.0
75.39600000000569,400.0,400.0,0.0
75.80800000000472,400.0,400.0,0.0
76.22000000000376,400.0,400.0,0.0
76.6320000000028,400.0,400.0,0.0
77.04400000000184,400.0,400.0,0.0
77.45600000000088,400.0,400.0,0.0
77.86799999999992,400.0,400.0,0.0
78.27999999999896,400.0,400.0,0.0
78.691999999998,400.0,400.0,0.0
79.10399999999704,400.0,400.0,0.0
79.51599999999608,400.0,400.0,0.0
79.92799999999512,400.0,400.0,0.0
80.33999999999416,400.0,400.0,0.0
80.7519999999932,400.0,400.0,0.0
81.16399999999224,400.0,400.0,0.0
81.57599999999128,400.0,400.0,0.0
81.98799999999032,400.0,400.0,0.0
82.39999999998936,400.0,400.0,0.0
82.8119999999884,400.0,400.0,0.0
83.22399999998744,400.0,400.0,0.0
83.63599999998648,400.0,400.0,0.0
84.04799999998552,400.0,400.0,0.0
84.45999999998456,400.0,400.0,0.0
84.8719999999836,400.0,400.0,0.0
85.28399999998264,400.0,400.0,0.0
85.69599999998168,400.0,400.0,0.0
86.10799999998072,400.0,400.0,0.0
86.51999999997976,400.0,400.0,0.0
86.9319999999788,400.0,400.0,0.0
87.34399999997784,400.0,400.0,0.0
87.75599999997688,400.0,400.0,0.0
88.16799999997592,400.0,400.0,0.0
88.57999999997496,400.0,400.0,0.0
88.991999999974,400.0,400.0,0.0
89.40399999997304,400.0,400.0,0.0
89.81599999997208,400.0,400.0,0.0
95.69999999997133,400.00006553110455,400.0,6.553110455342903e-05
105.99999999997074,399.99998040692935,400.0,-1.9593070646806154e-05
116.29999999997015,400.0004204611176,400.0,0.0004204611175850914
126.59999999996957,399.9997141893258,400.0,-0.000285810674199638
136.8999999999715,400.00010204826896,400.0,0.00010204826895687802
147.19999999997384,399.9999153840591,400.0,-8.46159409206848e-05
157.49999999997618,399.999865524322,400.0,-0.00013447567800994875
167.79999999997852,399.9995999303055,400.0,-0.00040006969447858864
178.09999999998087,400.00048163048484,400.0,0.000481630484841844
188.3999999999832,400.00017888252114,400.0,0.00017888252114062198
198.69999999998555,400.0003902253187,400.0,0.00039022531871069077
208.9999999999879,400.0001487937916,400.0,0.00014879379159538075
219.29999999999023,400.00003282338633,400.0,3.282338633425752e-05
229.59999999999258,400.000128309916,400.0,0.0001283099160218626
239.89999999999492,400.00007654270473,400.0,7.654270473267388e-05
250.19999999999726,400.0001538844882,400.0,0.00015388448821340717
260.4999999999996,399.9994457741016,400.0,-0.00055422589838372
270.80000000000194,399.9998828950008,400.0,-0.00011710499921946393
281.1000000000043,400.0004458209713,400.0,0.000445820971322064
291.4000000000066,399.9998499935794,400.0,-0.0001500064205970375
301.70000000000897,400.00048337286074,400.0,0.0004833728607422927
312.0000000000113,399.9996881255572,400.0,-0.00031187444278657495
322.30000000001365,399.99979130433206,400.0,-0.00020869566793635386
332.600000000016,399.9999483694417,400.0,-5.1630558289161854e-05
342.90000000001834,400.0000186536765,400.0,1.8653676477242698e-05
353.2000000000207,400.00007978323526,400.0,7.978323526458553e-05
363.500000000023,399.999983927116,400.0,-1.6072884022833023e-05
373.80000000002536,399.9995214064845,399.99999999999994,-0.0004785935154245635
384.1000000000277,400.00025789768955,399.99999999999994,0.00025789768960748916
394.40000000003005,400.00051568631125,399.99999999999994,0.0005156863113029431
404.7000000000324,400.0000349287777,399.99999999999994,3.492877777944159e-05
415.00000000003473,399.99996499234567,399.99999999999994,-3.5007654275887035e-05
425.3000000000371,399.99982908053545,399.99999999999994,-0.00017091946449454554
435.6000000000394,400.0003533567156,399.99999999999994,0.00035335671566372184
445.90000000004176,399.9999976136335,399.9999999999999,-2.3863663614065445e-06
456.2000000000441,400.0000205049814,399.9999999999999,2.050498153494118e-05
466.50000000004644,400.00026977902627,399.9999999999999,0.0002697790263823663
476.8000000000488,399.99985828975633,399.9999999999999,-0.00014171024355391637
487.1000000000511,400.0002105581668,399.99999999999983,0.00021055816699799834
497.40000000005347,399.99988202893576,399.9999999999998,-0.0001179710640144549
507.7000000000558,400.00013121953907,399.9999999999998,0.00013121953929839947
518.0000000000513,400.0003080425703,399.9999999999997,0.00030804257056615825
528.3000000000419,399.9999816108232,399.99999999999966,-1.838917643226523e-05
538.6000000000325,400.0005993582509,399.99999999999966,0.0005993582512360263
548.9000000000232,399.99993775818467,399.9999999999996,-6.224181493053038e-05
559.2000000000138,400.00085536487575,399.99999999999943,0.0008553648763154342
569.5000000000044,400.0002425809838,399.9999999999994,0.00024258098443397103
579.7999999999951,400.0003403211125,399.9999999999993,0.0003403211131853823
590.0999999999857,400.0002422104765,399.9999999999992,0.0002422104772676903
600.3999999999763,400.00017295492285,399.9999999999991,0.0001729549237552419
610.699999999967,399.9997486987501,399.999999999999,-0.00025130124885208716
620.9999999999576,400.00004091579166,399.99999999999886,4.0915792794748995e-05
631.2999999999482,400.00002424576917,399.9999999999987,2.4245770475772588e-05
641.5999999999389,399.9998040125707,399.9999999999985,-0.00019598742784410206
651.8999999999295,400.0000384768547,399.99999999999835,3.847685633218134e-05
662.1999999999201,400.00023311419704,399.9999999999981,0.00023311419892024787
672.4999999999108,399.9996867089839,399.99999999999784,-0.0003132910139242995
682.7999999999014,400.0002663271317,399.9999999999976,0.0002663271341134532
693.099999999892,399.9996744661474,399.9999999999973,-0.0003255338499457139
703.3999999998827,399.9999326319735,399.99999999999704,-6.736802356499538e-05
713.6999999998733,400.000567182018,399.9999999999967,0.0005671820213137835
723.9999999998639,400.000633209725,399.99999999999636,0.0006332097286190219
734.2999999998545,400.0003031577076,399.99999999999596,0.00030315771164168837
744.5999999998452,400.00025200667847,399.99999999999545,0.0002520066830129508
754.8999999998358,400.0001630822889,399.9999999999949,0.0001630822940228427
765.1999999998264,399.9999785799093,399.9999999999943,-2.1420085033696523e-05
775.4999999998171,399.99986946047983,399.9999999999937,-0.0001305395138615495
785.7999999998077,400.0000978451507,399.999999999993,9.784515771116276e-05
796.0999999997983,400.0001371905292,399.99999999999227,0.00013719053691829686
806.399999999789,400.0000711849409,399.9999999999915,7.118494943370024e-05
816.6999999997796,399.99986230228365,399.99999999999056,-0.0001376977069185159
826.9999999997702,400.00009455500674,399.99999999998954,9.455501719912718e-05
837.2999999997609,400.0000016405994,399.99999999998846,1.6406109466515773e-06
847.5999999997515,399.9994824264272,399.9999999999873,-0.0005175735601028464
857.8999999997421,399.9998199523457,399.9999999999861,-0.00018004764035595144
868.1999999997328,400.00024899230147,399.99999999998465,0.00024899231681274614
878.4999999997234,399.9998848307187,399.9999999999832,-0.00011516926446120124
888.799999999714,399.9998831444286,399.99999999998136,-0.00011685555273288628
899.0999999997047,399.99986243462246,399.99999999997954,-0.00013756535707898365
909.3999999996953,400.00072933161806,399.9999999999776,0.000729331640457076
919.6999999996859,399.99964565370584,399.99999999997544,-0.00035434626960295645
929.9999999996766,400.00025300977927,399.9999999999731,0.00025300980615838853
940.2999999996672,399.9998176849456,399.99999999997056,-0.0001823150249720129
950.5999999996578,400.0001401941016,399.9999999999678,0.00014019413379173784
960.8999999996485,399.9997702911733,399.99999999996476,-0.00022970879143713319
971.1999999996391,399.99971070537856,399.9999999999614,-0.0002892945828421034
981.4999999996297,400.00055978808194,399.9999999999579,0.000559788124064653
991.7999999996204,400.0004602120805,399.99999999995396,0.0004602121265406822
1002.099999999611,400.00046854647337,399.9999999999498,0.00046854652356387305
1012.3999999996016,400.00023306521564,399.9999999999453,0.00023306527032218582
1022.6999999995923,400.00063313500056,399.9999999999405,0.0006331350600703445
1032.999999999583,400.00017387911396,399.99999999993514,0.00017387917881706016
1043.2999999995736,399.9997989883499,399.99999999992934,-0.00020101157946328385
1053.5999999995643,400.0001812339924,399.99999999992315,0.00018123406925951713
1063.899999999555,399.99995752877703,399.9999999999165,-4.247113946576064e-05
1074.1999999995455,399.99996985617554,399.9999999999092,-3.014373368159795e-05
1084.4999999995362,400.00018939002206,399.9999999999015,0.00018939012056762294
1094.7999999995268,399.99991271774377,399.9999999998932,-8.728214942266277e-05
1105.0999999995174,400.00022689410224,399.999999999884,0.0002268942182581668
1115.399999999508,400.00077896288394,399.99999999987415,0.0007789630097931877
1125.6999999994987,400.00005741297775,399.99999999986375,5.7413114006976684e-05
1135.9999999994893,399.999870988876,399.99999999985243,-0.00012901097642270543
1146.29999999948,399.999973114344,399.99999999984016,-2.688549614049407e-05
1156.5999999994706,399.9993757226038,399.999999999827,-0.0006242772232099014
1166.8999999994612,399.99947936423774,399.99999999981316,-0.000520635575412598
1177.1999999994518,400.0000259029183,399.99999999979786,2.590312044503662e-05
1187.4999999994425,399.9999996875761,399.9999999997815,-3.122053726656304e-07
1197.799999999433,400.0001447981754,399.9999999997641,0.00014479841132697402
1208.0999999994237,400.0006098452874,399.99999999974546,0.0006098455419305537
1218.3999999994144,399.99959101148517,399.9999999997251,-0.0004089882399398448
1228.699999999405,400.0000424269774,399.9999999997035,4.242727391101653e-05
1238.9999999993956,400.0000718380196,399.99999999968065,7.183833895396674e-05
1249.2999999993863,400.0001762275608,399.99999999965564,0.00017622790517179965
1259.599999999377,400.0002122713843,399.99999999962887,0.00021227175545845967
1269.8999999993675,400.000394498672,399.99999999960056,0.0003944990714330743
1280.1999999993582,400.0002945787645,399.99999999957026,0.0002945791942465803
1290.4999999993488,400.00038160592993,399.9999999995374,0.00038160639252282635
1300.7999999993394,399.99971778872134,399.99999999950256,-0.0002822107812221475
1311.09999999933,399.99975353417295,399.99999999946573,-0.0002464652927756106
1321.3999999993207,400.00009190409315,399.9999999994255,9.190466766995087e-05
1331.6999999993113,399.9998623231711,399.9999999993827,-0.0001376762115796737
1341.999999999302,400.0001351863014,399.9999999993375,0.00013518696391656704
1352.2999999992926,399.9997330284791,399.9999999992891,-0.0002669708100029311
1362.5999999992832,399.9999700290378,399.9999999992368,-2.9970199022955057e-05
1372.8999999992739,399.9992902492468,399.9999999991815,-0.0007097499346855329
1383.1999999992645,399.99956249129633,399.99999999912313,-0.00043750782680263
1393.4999999992551,399.9997877638857,399.9999999990598,-0.00021223517410362547
1403.7999999992458,399.9998581855678,399.99999999899245,-0.00014181342464780755
1414.0999999992364,400.00018123000905,399.99999999892134,0.00018123108770851104
1424.399999999227,400.00018052794593,399.9999999988456,0.00018052910030519342
1434.6999999992177,399.999857728129,399.99999999876377,-0.00014227063479665958
1444.9999999992083,399.999976926683,399.9999999986775,-2.307199446249797e-05
1455.299999999199,399.99983246266834,399.9999999985866,-0.00016753591825136027
1465.5999999991895,399.9997200235744,399.99999999848825,-0.00027997491383757733
1475.8999999991802,399.99966060358446,399.9999999983838,-0.0003393947993686197
1486.1999999991708,400.0002994622323,399.99999999827384,0.00029946395846991436
1496.4999999991614,400.00015430583375,399.9999999981572,0.00015430767655288946
1506.799999999152,400.00011068616504,399.9999999980312,0.00011068813381598375
1517.0999999991427,399.99983329326415,399.9999999978986,-0.00016670463446644135
1527.3999999991333,400.0002424450276,399.99999999775923,0.00024244726836286645
1537.699999999124,399.9997686797108,399.9999999976089,-0.00023131789805574954
1547.9999999991146,400.0001021830266,399.9999999974495,0.00010218557713415066
1558.2999999991052,399.9998991680923,399.9999999972819,-0.00010082918959142262
1568.5999999990959,399.99958006165446,399.99999999710445,-0.0004199354499974106
1578.8999999990865,399.99993475694555,399.9999999969134,-6.523996785290365e-05
1589.1999999990771,399.99970172778404,399.9999999967126,-0.00029826892853179743
1599.4999999990678,400.00021709068176,399.99999999650163,0.00021709418012960668
1609.7999999990584,400.00032618660634,399.9999999962751,0.00032619033123637564
1620.099999999049,400.0002651848821,399.9999999960351,0.0002651888469813457
1630.3999999990397,400.0001024170262,399.99999999578324,0.00010242124295700705
1640.6999999990303,399.9998421055372,399.99999999551727,-0.00015788998007337796
1650.999999999021,399.99999087569597,399.9999999952312,-9.119535206991713e-06
1661.2999999990116,399.99963190687754,399.9999999949311,-0.00036808805356258745
1671.5999999990022,400.00023259195933,399.99999999461653,0.00023259734280145494
1681.8999999989928,399.99950704776865,399.9999999942795,-0.0004929465108602926
1692.1999999989835,399.9998112221688,399.9999999939228,-0.00018877175403986257
1702.499999998974,399.99993552429834,399.99999999354907,-6.446925073078091e-05
1712.7999999989647,399.99945246856026,399.99999999315537,-0.000547524595106097
1723.0999999989554,399.9996857019533,399.9999999927326,-0.0003142907793289851
1733.399999998946,399.99982323016064,399.9999999922897,-0.00017676212905826105
1743.6999999989366,400.0001337404284,399.9999999918262,0.00013374860219528273
1753.9999999989273,399.9999119508463,399.99999999133087,-8.804048457022873e-05
1764.2999999989179,399.9999336061502,399.9999999908073,-6.638465708874719e-05
1774.5999999989085,399.99995385976064,399.99999999025937,-4.613049873114505e-05
1784.8999999988991,399.9996391652521,399.9999999896836,-0.0003608244314818876
1795.1999999988898,400.00002819715866,399.9999999890662,2.820809243075928e-05
1805.4999999988804,400.0002365043562,399.99999998842026,0.0002365159359669633
1815.799999998871,400.0000386203471,399.99999998774507,3.8632602013422e-05
1826.0999999988617,399.9999740541471,399.99999998702566,-2.5932878543244442e-05
1836.3999999988523,399.9995154029233,399.9999999862659,-0.0004845833425974888
1846.699999998843,399.99946562693106,399.9999999854719,-0.0005343585408468243
1856.9999999988336,399.9996242327357,399.99999998463926,-0.00037575190356164967
1867.2999999988242,400.00008015787154,399.9999999837476,8.01741239229159e-05
1877.5999999988148,400.00043772713457,399.999999982816,0.00043774431856036244
1887.8999999988055,399.9997872460836,399.9999999818435,-0.00021273575987379445
1898.199999998796,400.0003280539078,399.99999998080983,0.0003280730979895452
1908.4999999987867,400.0001208953022,399.9999999797191,0.00012091558306792649
1918.7999999987774,400.0003563756324,399.99999997858066,0.0003563970517461712
1929.099999998768,400.00043462790666,399.9999999773893,0.000434650517377122
1939.3999999987586,400.0000028501537,399.9999999761152,2.874038500522147e-06
1949.6999999987493,400.0002101750912,399.9999999747855,0.00021020030567342474
1959.99999999874,399.9998339194465,399.99999997339904,-0.00016605395256874544
1970.2999999987305,400.0002698225395,399.99999997192907,0.0002698506104366061
1980.5999999987212,399.9999988870451,399.99999997037935,-1.0833342685145908e-06
1990.8999999987118,400.0001480404287,399.99999996876375,0.00014807166496666468
2001.1999999987024,400.0001004757877,399.9999999670762,0.00010050871151179308
2011.499999998693,400.00029153767224,399.99999996527356,0.0002915723986802732
2021.7999999986837,400.0001114563977,399.9999999633946,0.00011149300308943566
2032.0999999986743,399.9997985341379,399.99999996143765,-0.00020142729977123963
2042.399999998665,399.99996254028923,399.99999995936747,-3.741907823950896e-05
2052.699999998677,400.0000725222037,399.9999999571866,7.256501709207441e-05
2062.9999999987144,400.00022147803645,399.9999999549156,0.0002215231208424484
2073.299999998752,399.99948959457276,399.99999995254774,-0.0005103579749743403
2083.5999999987894,400.0000859440188,399.99999995002156,8.599399723152601e-05
2093.899999998827,400.0002236822409,399.99999994739125,0.00022373484966919932
2104.1999999988643,399.99985900166536,399.99999994465463,-0.00014094298927602722
2114.499999998902,399.999883508086,399.9999999417659,-0.00011643367992064668
2124.7999999989393,400.0001641672674,399.9999999387252,0.0001642285422462919
2135.0999999989767,400.00001242380404,399.9999999355621,1.2488241964092595e-05
2145.399999999014,400.000528356851,399.99999993226976,0.0005284245812617883
2155.6999999990517,399.99973111430864,399.999999928761,-0.00026881445234039347
2165.999999999089,400.0003441290042,399.9999999251115,0.00034420389266642815
2176.2999999991266,400.00030159238156,399.9999999213185,0.00030167106308454095
2186.599999999164,400.0001733070403,399.9999999173228,0.00017338971753133592
2196.8999999992016,399.99975227811706,399.99999991311984,-0.0002476350027791341
2207.199999999239,400.0001156980692,399.99999990875216,0.00011578931702160844
2217.4999999992765,399.99990436272526,399.9999999042135,-9.554148823553987e-05
2227.799999999314,399.99985609874676,399.99999989938163,-0.00014380063487351435
2238.0999999993514,400.0001911410893,399.99999989436105,0.00019124672826364986
2248.399999999389,399.99979421251714,399.99999988914794,-0.00020567663079873455
2258.6999999994264,400.0003467501251,399.99999988366704,0.0003468664580736913
2268.999999999464,400.00039046111783,399.99999987790585,0.0003905832119812658
2279.2999999995013,400.0000704159499,399.99999987192456,7.05440253341294e-05
2289.599999999539,399.9999002105391,399.9999998657189,-9.965517978116623e-05
2299.8999999995763,400.00058855966387,399.9999998591189,0.0005887005449949356
2310.1999999996137,400.0000799362324,399.99999985226765,8.008396474679103e-05
2320.499999999651,400.000363846537,399.9999998451603,0.00036400137673808786
2330.7999999996887,400.0001419000505,399.9999998377015,0.00014206234897073955
2341.099999999726,399.9999492082022,399.9999998298666,-5.062166439984139e-05
2351.3999999997636,400.0002182265232,399.99999982173983,0.00021840478336798697
2361.699999999801,399.9998888258977,399.9999998133158,-0.00011098741811110813
2371.9999999998386,400.0000295860769,399.99999980437525,2.978170164169569e-05
2382.299999999876,399.9999827576109,399.9999997950977,-1.7037486827575776e-05
2392.5999999999135,400.00006685042325,399.99999978548186,6.706494139052666e-05
2402.899999999951,399.9997989647813,399.9999997754083,-0.00020081062700683106
2413.1999999999884,399.9998024744061,399.99999976483355,-0.00019729042742255842
2423.500000000026,400.00002499304304,399.99999975387453,2.523916850805108e-05
2433.8000000000634,399.99954028959104,399.9999997425242,-0.0004594529331711783
2444.100000000101,400.0001464256063,399.99999973050245,0.0001466951038651132
2454.4000000001383,400.0002325139943,399.9999997180317,0.00023279596263137137
2464.700000000176,399.99972502852046,399.9999997051171,-0.0002746765966321618
2475.0000000002133,399.99956616570427,399.9999996916104,-0.0004335259061463148
2485.3000000002507,399.99970268295334,399.9999996774404,-0.00029699448708697673
2495.600000000288,400.0001296745928,399.999999662768,0.00013001182480820717
2505.9000000003257,399.9996522871824,399.99999964758405,-0.000347360401633523
2516.200000000363,399.9995998121865,399.9999996315329,-0.00039981934639854444
2526.5000000004006,400.0000034697652,399.99999961488754,3.85487766152437e-06
2536.800000000438,399.9994175967526,399.99999959766376,-0.0005820009111516811
2547.1000000004756,399.99999700313134,399.99999957967947,-2.576548126853595e-06
2557.400000000513,400.0000589023234,399.9999995608229,5.934150050279641e-05
2567.7000000005505,400.000096136824,399.99999954131346,9.659551056984128e-05
2578.000000000588,400.0006253457256,399.99999952113967,0.000625824585938517
2588.3000000006255,399.9995249991097,399.9999994998529,-0.00047450074316657265
2598.600000000663,399.999633098554,399.99999947778525,-0.00036637923125226735
2608.9000000007004,399.9996810818684,399.9999994549686,-0.00031837310018545395
2619.200000000738,399.99998648625746,399.9999994311808,-1.2944923355462379e-05
2629.5000000007753,400.00032514152724,399.9999994062535,0.00032573527374779587
2639.800000000813,400.00025520148756,399.999999380483,0.00025582100454357715
2650.1000000008503,399.99987536617397,399.999999353855,-0.00012398768103594193
2660.4000000008878,399.99932244688785,399.9999993258076,-0.0006768789197622027
2670.7000000009252,399.99972380749017,399.99999929674004,-0.0002754892498728623
2681.0000000009627,400.00006466080475,399.9999992667083,6.539409645256455e-05
2691.300000001,400.00005555871405,399.99999923544453,5.6323269518543384e-05
2701.6000000010376,400.0000957977781,399.999999202701,9.659507708192905e-05
2711.900000001075,400.00024041220337,399.99999916887515,0.0002412433282188431
2722.2000000011126,399.9997870184091,399.99999913394885,-0.00021211553973898845
2732.50000000115,400.0000685644167,399.99999909722305,6.946719366851539e-05
2742.8000000011875,399.99949689730573,399.99999905917264,-0.0005021618669047712
2753.100000001225,400.0000430992859,399.9999990198884,4.407939752582024e-05
2763.4000000012625,399.99986326938904,399.99999897905,-0.000135709660980865
2773.7000000013,400.0000155222812,399.9999989363014,1.6585979835781473e-05
2784.0000000013374,399.9997665038141,399.9999988921713,-0.00023238835717620532
2794.300000001375,400.000214851804,399.9999988466371,0.0002160051669193308
2804.6000000014124,400.00002263502756,399.9999987988347,2.3836192838189163e-05
2814.90000000145,400.00013197485873,399.9999987493223,0.00013322553644457003
2825.2000000014873,399.9999086725624,399.9999986982396,-9.002567719562649e-05
2835.5000000015248,400.0001192671782,399.9999986452077,0.0001206219704954492
2845.8000000015622,399.99961238487566,399.99999858972365,-0.00038620484798457255
2856.1000000015997,399.99963330228627,399.999998532486,-0.000365230199747657
2866.400000001637,400.0005350838497,399.9999984734667,0.0005366103829942404
2876.7000000016747,399.9999966280004,399.99999841160394,-1.7836035226537206e-06
2887.000000001712,399.9998020940716,399.99999834754595,-0.00019625347437113305
2897.3000000017496,400.00011823716943,399.99999828150044,0.00011995566899258847
2907.600000001787,400.0000100304365,399.9999982130238,1.1817412712389341e-05
2917.9000000018245,399.9999552141094,399.9999981414162,-4.292730682209367e-05
2928.200000001862,400.0001983038256,399.9999980675944,0.0002002362311941397
2938.5000000018995,399.9997582610396,399.9999979915237,-0.0002397304841110781
2948.800000001937,399.99968908038903,399.99999791190754,-0.000308831518509578
2959.1000000019744,399.9998922280569,399.9999978294884,-0.00010560143147131384
2969.400000002012,400.00040253017664,399.99999774456654,0.00040478561010104386
2979.7000000020494,400.00038767669025,399.9999976566287,0.00039002006155897107
2990.000000002087,400.0002568187741,399.999997564714,0.00025925406009719154
3000.3000000021243,399.999660086458,399.99999747001783,-0.0003373835598381447
3010.600000002162,400.0001431294612,399.9999973724974,0.00014575696383190007
3020.9000000021992,399.9999233909059,399.9999972705788,-7.387967286831554e-05
3031.2000000022367,400.00012851104964,399.99999716509967,0.0001313459499669989
3041.500000002274,399.9998349791216,399.999997056485,-0.00016207736337037204
3051.8000000023117,399.9999595393152,399.9999969441478,-3.740483259662142e-05
3062.100000002349,399.99956424289206,399.9999968267851,-0.0004325838930299142
3072.4000000023866,400.00017845243906,399.9999967059452,0.00018174649386537567
3082.700000002424,399.99987128686854,399.99999658157606,-0.00012529470751587723
3093.0000000024615,400.00024132263144,399.9999964517781,0.00024487085335067604
3103.300000002499,400.00015576070194,399.9999963174801,0.0001594432218325892
3113.6000000025365,400.000340570879,399.99999617927244,0.00034439160657484535
3123.900000002574,399.9999694571098,399.99999603649337,-2.6579383586522454e-05
3134.2000000026114,400.00000886062486,399.99999588739394,1.297323092330771e-05
3144.500000002649,399.9998407559595,399.9999957339688,-0.00015497800927732897
3154.8000000026864,399.99997525000276,399.9999955761541,-2.0326151343397214e-05
3165.100000002724,400.0000511438527,399.9999954116706,5.5732182090650895e-05
3175.4000000027613,399.99987816435964,399.99999524152724,-0.00011707716760156472
3185.700000002799,400.0004655691708,399.99999506653177,0.0004705026390183775
3196.0000000028363,400.00006589903205,399.99999488594926,7.10130827883404e-05
3206.3000000028737,400.00014437462045,399.99999469745575,0.00014967716469982406
3216.600000002911,399.99959195670635,399.99999450360525,-0.0004025468988970715
3226.9000000029487,399.9996402880165,399.9999943043206,-0.00035401630407250195
3237.200000002986,399.99991403688756,399.9999940968819,-8.005999433180477e-05
3247.5000000030236,400.0006215742773,399.99999388235756,0.0006276919197603092
3257.800000003061,400.00018501818573,399.999993661839,0.00019135634670419677
3268.1000000030986,400.0003158737889,399.999993434524,0.00032243926489172736
3278.400000003136,400.0003581411081,399.99999319735207,0.0003649437560397928
3288.7000000031735,399.9999388461116,399.99999295357554,-5.410746393863519e-05
3299.000000003211,400.0005833295668,399.9999927031012,0.0005906264655664017
3309.3000000032484,399.9996992700941,399.999992442702,-0.00029317260793959576
3319.600000003286,399.99982213702185,399.99999217347283,-0.00017003645098156994
3329.9000000033234,399.9998095073668,399.99999189687054,-0.00018238950372051477
3340.200000003361,400.0004818489945,399.9999916120382,0.0004902369563524189
3350.5000000033983,400.00030011824657,399.9999913149782,0.00030880326835358574
3360.800000003436,400.00074516734554,399.9999910098108,0.0007541575347431717
3371.1000000034733,399.9997228540723,399.99999069642354,-0.00026784235126342537
3381.4000000035107,399.9998570433387,399.9999903710087,-0.00013332767002793844
3391.700000003548,400.0000650433053,399.99999003463813,7.500866718146426e-05
3402.0000000035857,400.0001054573623,399.99998968923694,0.00011576812534030978
3412.300000003623,399.9997825046187,399.99998933391356,-0.00020682929488202717
3422.6000000036606,400.0000089139766,399.9999889634869,1.9950489729581022e-05
3432.900000003698,399.99969347526564,399.99998858314905,-0.00029510788340303407
3443.2000000037356,399.99938972778085,399.99998819276556,-0.0005984649847050605
3453.500000003773,400.0003353776525,399.99998778786824,0.0003475897842690756
3463.8000000038105,400.0001331494465,399.9999873694357,0.00014578001082554692
3474.100000003848,400.0001047768494,399.99998693998754,0.00011783686187527564
3484.4000000038855,400.0005196398367,399.9999864986284,0.0005331412082796305
3494.700000003923,400.00037317247336,399.99998603869096,0.00038713378239663143
3505.0000000039604,400.0000750881994,399.9999855666868,8.952151262064945e-05
3515.300000003998,400.000072597719,399.99998508245505,8.751526394235043e-05
3525.6000000040353,399.99957380552786,399.9999845807812,-0.0004107752533286657
3535.900000004073,399.9997934347111,399.9999840624544,-0.0001906277433363357
3546.2000000041103,400.0001600635297,399.9999835307444,0.00017653278530360694
3556.5000000041478,399.9998327715742,399.9999829847956,-0.00015021322144548321
3566.800000004185,400.0003861937767,399.99998241608586,0.0004037776908489832
3577.1000000042227,399.9997405206981,399.9999818327423,-0.00024131204423838426
3587.40000000426,400.0002414814443,399.9999812345736,0.0002602468706527361
3597.7000000042976,400.00016252319097,399.99998061552793,0.00018190766303405326
3608.000000004335,400.00047224551764,399.99997997607545,0.0004922694421907181
3618.3000000043726,400.00055649341016,399.9999793204257,0.0005771729844354923
3628.60000000441,399.9999977091309,399.9999786478237,1.906130722773014e-05
3638.9000000044475,399.99983285603565,399.99997794744536,-0.00014509140970631051
3649.200000004485,400.0003260512137,399.9999772293876,0.0003488218260940812
3659.5000000045225,400.0002567698329,399.99997649342356,0.0002802764093416954
3669.80000000456,399.99948142487335,399.99997573256843,-0.0004943076950780778
3680.1000000045974,400.00010494118084,399.99997494680395,0.0001299943768913181
3690.400000004635,399.99998256392087,399.99997414151005,8.422410815001058e-06
3700.7000000046723,400.0004380090957,399.99997331611297,0.00046469298274587345
3711.00000000471,399.9998090577459,399.9999724569475,-0.00016339920159680332
3721.3000000047473,400.00003893194565,399.99997157650205,6.735544360481072e-05
3731.6000000047848,400.0002058441831,399.9999706745087,0.00023516967439718428
3741.9000000048222,399.99983381947726,399.99996974295084,-0.00013592347357871404
3752.2000000048597,399.99982488630735,399.9999687811026,-0.00014389479525789284
3762.500000004897,399.9996697815816,399.999967795793,-0.00029801421140973616
3772.8000000049346,399.99964870769037,399.9999667867357,-0.0003180790453143345
3783.100000004972,399.9999003922114,399.99996573677663,-6.534456525741916e-05
3793.4000000050096,399.99988347653806,399.9999646612956,-8.118475756191401e-05
3803.700000005047,400.00026121349384,399.99996355997746,0.00029765351638388893
3814.0000000050845,400.00009653211816,399.9999624236737,0.00013410844445616021
3824.300000005122,400.0002669389814,399.99996125067133,0.0003056883100498453
3834.6000000051595,400.00014477583716,399.9999600495836,0.0001847262535648042
3844.900000005197,399.999843500821,399.99995882007414,-0.00011531925315466651
3855.2000000052344,399.9998300832228,399.9999575421493,-0.00012745892649945745
3865.500000005272,399.99996238605814,399.99995623324725,6.1528108972197515e-06
3875.8000000053094,399.9997795026904,399.9999548934731,-0.00017539078271511244
3886.100000005347,399.99977507678034,399.9999535124472,-0.00017843566683950485
3896.4000000053843,399.9998443576855,399.9999520871176,-0.0001077294321021327
3906.7000000054218,399.9996571609785,399.9999506282832,-0.0002934673047434444
3917.0000000054592,400.0001010357123,399.99994913554985,0.00015190016245014704
3927.3000000054967,400.0000182655275,399.9999475857073,7.067982022590513e-05
3937.600000005534,400.000220333761,399.99994599840267,0.0002743353583127828
3947.9000000055717,399.99967899919227,399.9999443743346,-0.0002653751423054018
3958.200000005609,399.9995142248724,399.9999427017969,-0.00042847692446912333
3968.5000000056466,399.99978262183964,399.99994097596095,-0.00015835412131082194
3978.800000005684,399.99982852596884,399.99993921028863,-0.00011068431979310844
3989.1000000057215,399.9999183376052,399.9999374043197,-1.9066714514792693e-05
3999.400000005759,399.99996044768903,399.9999355312157,2.4916473307712295e-05
4009.7000000057965,399.99992417545093,399.999933612967,-9.437516098387277e-06
4020.000000005834,400.00001373483394,399.999931651084,8.208374993046164e-05
4030.3000000058714,399.99999688493,399.99992963244546,6.72524845413136e-05
4040.600000005909,400.00031215934956,399.99992754990524,0.0003846094443247239
4050.9000000059464,400.00000083940967,399.99992542015497,7.541925469922717e-05
4061.200000005984,399.999739669887,399.99992324265884,-0.0001835727718457747
4071.5000000060213,399.99987489862576,399.9999209865035,-4.6087877763056895e-05
4081.800000006059,400.0000404443717,399.99991867613227,0.00012176823940990289
4092.1000000060963,399.9997495747874,399.99991631413786,-0.0001667393504476422
4102.400000006133,399.99960864684857,399.9999138859079,-0.00030523905934387585
4112.700000006171,399.9994878340524,399.999911381316,-0.00042354726360827044
4123.000000006208,400.00011366228625,399.9999088209531,0.0002048413331294796
4133.300000006246,400.000037737861,399.9999062041976,0.00013153366342066874
4143.600000006283,400.0001809846836,399.9999034955785,0.0002774891050876249
4153.900000006321,399.9996325073454,399.9999007220674,-0.00026821472204119345
4164.200000006358,400.0000256386659,399.99989788767306,0.00012775099281725488
4174.500000006396,400.0003670844681,399.9998949762318,0.00047210823629484366
4184.800000006433,400.00003135173137,399.99989197383246,0.00013937789890405838
4195.1000000064705,399.9999722799844,399.9998889057526,8.337423179227699e-05
4205.400000006508,399.99967481234154,399.999885771273,-0.00021095893146139133
4215.700000006545,400.00030991389224,399.9998825298477,0.00042738404454212287
4226.000000006583,399.99978312263806,399.999879211005,-9.608836694496858e-05
4236.30000000662,400.0005322357955,399.9998758205771,0.000656415218429629
4246.600000006658,400.00051275510384,399.9998723408123,0.0006404142915243938
4256.900000006695,400.0002239911984,399.999868753043,0.0003552381554072781
4267.200000006733,399.9999443133228,399.9998650881561,7.922516670078039e-05
4277.50000000677,399.99963757625716,399.99986134532196,-0.0002237690648030366
4287.800000006808,400.0001139421682,399.9998574783677,0.00025646380049693107
4298.100000006845,399.9996096877355,399.99985351934674,-0.00024383161127161657
4308.400000006883,399.99958250910845,399.9998494764078,-0.00026696729935338226
4318.70000000692,399.99930327685627,399.9998453302051,-0.0005420533488518231
4329.000000006958,400.00011777239746,399.999841056149,0.0002767162484360597
4339.300000006995,399.99971349855934,399.9998366918129,-0.00012319325355747424
4349.600000007033,400.00030822141605,399.9998322362425,0.00047598517352298586
4359.90000000707,399.99942780435543,399.9998276370538,-0.00039983269834920065
4370.2000000071075,399.99967548629525,399.9998229287163,-0.00014744242105280136
4380.500000007145,400.0000341190784,399.9998181222888,0.0002159967896204762
4390.8000000071825,400.00037333702016,399.99981319686384,0.000560140156323996
4401.10000000722,399.9998464261531,399.9998081205408,3.830561229278828e-05
4411.400000007257,399.99991746546203,399.99980293883215,0.00011452662988631346
4421.700000007295,400.00007358909886,399.99979765064325,0.0002759384556156874
4432.000000007332,399.99971706063474,399.99979219676385,-7.513612911225209e-05
4442.30000000737,399.9995820232543,399.9997866138758,-0.0002045906215357718
4452.600000007407,399.9999822501617,399.99978091665724,0.00020133350443529707
4462.900000007445,399.9999809935776,399.99977508272025,0.00020591085734622538
4473.200000007482,399.9998484194607,399.9997690712058,7.934825492839082e-05
4483.50000000752,399.99932933897895,399.99976293701707,-0.000433598038114269
4493.800000007557,399.99959830495686,399.99975667890203,-0.00015837394516893255
4504.100000007595,399.9998060141161,399.99975023018294,5.578393313498964e-05
4514.400000007632,399.99940577716023,399.9997436294315,-0.0003378522712864651
4524.70000000767,400.0001504624607,399.9997368957888,0.0004135666718525499
4535.000000007707,399.9999154325101,399.9997300055276,0.00018542698245482825
4545.3000000077445,400.00021895415057,399.99972290688726,0.0004960472633115387
4555.600000007782,399.9999285024807,399.99971566583844,0.00021283664227667032
4565.9000000078195,399.9998826693552,399.9997082809528,0.0001743884023994724
4576.200000007857,399.99972678064984,399.99970067742123,2.6103228606189077e-05
4586.500000007894,399.999517601939,399.9996928952413,-0.00017529330233401197
4596.800000007932,399.9997341409572,399.9996849590132,4.9181943950316054e-05
4607.100000007969,399.99956000734295,399.9996768438849,-0.00011683654196303905
4617.400000008007,399.99970245728286,399.99966848491306,3.3972369806178904e-05
4627.700000008044,400.0002113925373,399.99965996106556,0.0005514314717629532
4638.000000008082,399.9999615996076,399.9996512707171,0.0003103288905208501
4648.300000008119,400.000067069348,399.99964233024707,0.00042473910093576706
4658.600000008157,400.00007801543023,399.9996331804442,0.00044483498601266547
4668.900000008194,399.99986069022805,399.9996238525393,0.0002368376887602608
4679.200000008232,400.0002639504392,399.9996143208576,0.0006496295816305064
4689.500000008269,399.9997111754541,399.99960450460736,0.00010667084671922566
4699.800000008307,399.9994307604888,399.9995944979681,-0.00016373747928355442
4710.100000008344,399.9998169464608,399.9995842990953,0.0002326473654647998
4720.4000000083815,399.9994907630814,399.99957381486706,-8.305178567979965e-05
4730.700000008419,399.99997243179,399.99956308602594,0.0004093457640692577
4741.0000000084565,399.999526941131,399.9995521518041,-2.5210673072706413e-05
4751.300000008494,399.99908499842564,399.9995409861106,-0.0004559876849725697
4761.600000008531,399.99967748896586,399.99952948920424,0.00014799976162294115
4771.900000008569,399.99969560388075,399.9995177730087,0.00017783087207590142
4782.200000008606,399.999271562868,399.9995058354356,-0.0002342725676385271
4792.500000008644,399.9994581271343,399.99949357317143,-3.544603714544792e-05
4802.800000008681,399.99985569646714,399.99948102583704,0.00037467063009444246
4813.100000008719,399.99952611508604,399.99946824226254,5.78728235041126e-05
4823.400000008756,399.9998180618189,399.99945519647014,0.00036286534879081955
4833.700000008794,399.99992573317894,399.99944176617663,0.00048396700231023715
4844.000000008831,399.9996118387892,399.9994280839372,0.0001837548520029486
4854.300000008869,399.9999305467032,399.9994141473933,0.0005163993099017716
4864.600000008906,399.99920321494295,399.9993998423585,-0.000196627415562034
4874.900000008944,399.99939666396267,399.99938520597834,1.1457984328444581e-05
4885.200000008981,399.99971578834965,399.99937029853237,0.0003454898172776666
4895.500000009019,399.99911576348256,399.99935509482907,-0.00023933134650633292
4905.800000009056,399.99936213398746,399.9993394458974,2.268809004135619e-05
4916.1000000090935,399.9993773708818,399.9993235082064,5.386267542917267e-05
4926.400000009131,399.9993245666468,399.9993072790989,1.7287547905198153e-05
4936.700000009168,399.999280197061,399.9992906328561,-1.043579510451309e-05
4947.000000009206,399.99902805190675,399.9992736024718,-0.0002455505650686973
4957.300000009243,399.99960951501885,399.99925626181255,0.00035325320629908674
4967.600000009281,399.9993926438342,399.99923858731336,0.00015405652084155008
4977.900000009318,399.99954240981884,399.99922039854954,0.000322011269304312
4988.200000009356,399.9995193727593,399.9992018796248,0.00031749313450291083
4998.500000009393,399.9994423954507,399.99918302755265,0.0002593678980815639
5008.800000009431,399.999602215334,399.999163704457,0.0004385108770179613
5019.100000009468,399.9995131253833,399.9991439371323,0.0003691882509997413
5029.400000009506,399.99923693491905,399.99912381549103,0.00011311942802194608
5039.700000009543,399.9989657895657,399.9991033186271,-0.00013752906136232923
5050.000000009581,399.9996607806484,399.9990822292043,0.0005785514441072337
5060.300000009618,399.9994900771986,399.99906076316563,0.0004293140329423295
5070.600000009656,399.9989348283303,399.9990389171621,-0.00010408883184709339
5080.900000009693,399.9985480261042,399.9990165405879,-0.00046851448371398874
5091.2000000097305,399.9988967437749,399.9989936515636,-9.690778870208305e-05
5101.500000009768,399.998646261734,399.9989703588654,-0.0003240971313971386
5111.800000009805,399.9990152726525,399.9989466454993,6.862715321176438e-05
5122.100000009843,399.9991422796265,399.998922250988,0.0002200286384663741
5132.40000000988,399.99924847622555,399.9988974278534,0.0003510483721242963
5142.700000009918,399.9986000675636,399.99887217234846,-0.00027210478486949796
5153.000000009955,399.9993100043818,399.99884632063413,0.000463683747682353
5163.300000009993,399.99904271543596,399.998819879198,0.0002228362379810278
5173.60000001003,399.9986654331257,399.99879297889674,-0.0001275457710221417
5183.900000010068,399.99948381338413,399.9987656081528,0.0007182052313510212
5194.200000010105,399.999328032082,399.99873745626246,0.0005905758195581257
5204.500000010143,399.9984634011722,399.99870881765406,-0.00024541648184595033
5214.80000001018,399.99901280095736,399.99867968814414,0.00033311281322312425
5225.100000010218,399.9990285054903,399.9986498902475,0.00037861524276650016
5235.400000010255,399.9988754230575,399.99861941530907,0.0002560077484190515
5245.700000010293,399.99813453758566,399.99858841992557,-0.0004538823399116154
5256.00000001033,399.9989689166331,399.9985568997254,0.00041201690771686117
5266.3000000103675,399.99878764392713,399.9985244857466,0.000263158180530354
5276.600000010405,399.9988386184462,399.9984915202954,0.00034709815082578643
5286.900000010442,399.99889951415383,399.99845799871156,0.000441515442275886
5297.20000001048,399.9981624443926,399.9984237295641,-0.00026128517146162267
5307.500000010517,399.998917037004,399.99838868492424,0.0005283520797547681
5317.800000010555,399.99830901486644,399.99835305127914,-4.4036412703007954e-05
5328.100000010592,399.9986329075215,399.9983168237629,0.0003160837586051457
5338.40000001063,399.9982799676722,399.9982795955114,3.721607981788111e-07
5348.700000010667,399.998268383028,399.99824173395285,2.6649075152818114e-05
5359.000000010705,399.99895077334867,399.998203243718,0.0007475296306438395
5369.300000010742,399.99869055400893,399.9981639192699,0.0005266347390033843
5379.60000001078,399.99841786449844,399.99812370857785,0.0002941559205851263
5389.900000010817,399.99834825072935,399.9980828327092,0.0002654180201488998
5400.200000010855,399.9980730173005,399.9980412862597,3.1731040792237764e-05
5410.500000010892,399.99832629899544,399.9979986217869,0.00032767720853144056
5420.80000001093,399.99873628162334,399.99795523173776,0.0007810498855747028
5431.100000010967,399.9982762023064,399.99791113250507,0.00036506980131889577
5441.4000000110045,399.998182515518,399.9978661044532,0.00031641106482993564
5451.700000011042,399.9979912115048,399.99782006584064,0.00017114566418285904
5462.0000000110795,399.99828085529066,399.99777327759955,0.0005075776911098728
5472.300000011117,399.9980773403014,399.9977257337399,0.0003516065614803665
5482.600000011154,399.9975585201923,399.99767694352533,-0.00011842333304912245
5492.900000011192,399.99785008270527,399.9976273239352,0.00022275877006450173
5503.200000011229,399.9979504073725,399.99757690599904,0.0003735013734740278
5513.500000011267,399.997598037316,399.99752545619015,7.258112583485854e-05
5523.800000011304,399.99777373478537,399.997472856578,0.00030087820738344817
5534.100000011342,399.99763055291345,399.99741941389436,0.00021113901908620392
5544.400000011379,399.9983276841663,399.99736512151384,0.000962562652489396
5554.700000011417,399.99751596074395,399.9973094426707,0.00020651807324156835
5565.000000011454,399.99815948553635,399.99725281794116,0.0009066675951885372
5575.300000011492,399.99779292043434,399.99719529631653,0.0005976241178018427
5585.600000011529,399.9976299944575,399.9971366308204,0.0004933636370765271
5595.900000011567,399.99755934937815,399.9970766598897,0.000482689488478627
5606.200000011604,399.99723775346473,399.99701574270335,0.00022201076137662312
5616.5000000116415,399.99707649590874,399.9969538719478,0.00012262396091955452
5626.800000011679,399.99676671290894,399.99689046209505,-0.00012374918611612884
5637.1000000117165,399.99710914343075,399.9968259758616,0.00028316756913682184
5647.400000011754,399.9973804840688,399.9967604840247,0.0006200000440799158
5657.700000011791,399.99703109461063,399.9966937268716,0.0003373677390072771
5668.000000011829,399.9966375191391,399.9966254906965,1.2028442597511457e-05
5678.300000011866,399.99730396553525,399.99655619454825,0.0007477709870045146
5688.600000011904,399.9964731267935,399.99648583036947,-1.2703575976047432e-05
5698.900000011941,399.99711918697926,399.9964137611671,0.0007054258121570456
5709.200000011979,399.9967564593373,399.99634046974046,0.0004159895968314231
5719.500000012016,399.9971944153749,399.9962660530287,0.0009283623462010837
5729.800000012054,399.99658092462306,399.99619023960855,0.00039068501450856274
5740.100000012091,399.99668909553344,399.9961127539459,0.0005763415875321698
5750.400000012129,399.9964396886874,399.996034083226,0.00040560546142387466
5760.700000012166,399.9962892982277,399.9959542185894,0.0003350796382619592
5771.000000012204,399.9962344788717,399.995872468933,0.00036200993872625986
5781.300000012241,399.9965371264107,399.99578933439574,0.000747792014976767
5791.6000000122785,399.99581143904294,399.9957049430628,0.00010649598016243544
5801.900000012316,399.9966096108644,399.99561901318333,0.0009905976810955508
5812.2000000123535,399.9962556374223,399.995531196419,0.0007244410032853921
5822.500000012391,399.99656989113754,399.99544205727165,0.0011278338658939902
5832.800000012428,399.99575430474215,399.9953515860183,0.00040271872387620533
5843.100000012466,399.9960791951467,399.9952590348924,0.0008201602543067565
5853.400000012503,399.99534793590834,399.99516491785226,0.00018301805607734423
5863.700000012541,399.9962087482238,399.99506939977954,0.001139348444269217
5874.000000012578,399.9952239872819,399.99497219038375,0.000251796898169232
5884.300000012616,399.9959026999499,399.99487285613355,0.0010298438163545143
5894.600000012653,399.99568861927855,399.99477204901626,0.0009165702622908611
5904.900000012691,399.9953872480271,399.99466975838146,0.00071748964563767
5915.200000012728,399.9951017492694,399.9945651773728,0.0005365718965890665
5925.500000012766,399.9954796696425,399.99445882937107,0.0010208402714511067
5935.800000012803,399.9952430595181,399.99435092243516,0.000892137082928457
5946.100000012841,399.9946649431058,399.9942411599782,0.0004237831276441284
5956.400000012878,399.99482260901436,399.9941290093465,0.0006935996678407719
5966.700000012916,399.9944542750856,399.9940152212478,0.00043905383779474505
5977.000000012953,399.9949801732147,399.9938997840371,0.001080389177559482
5987.3000000129905,399.99455571380486,399.9937818295085,0.0007738842963362913
5997.600000013028,399.99450657441963,399.993661885088,0.000844689331643167
6007.900000013065,399.9945909601584,399.99354020918724,0.0010507509711601415
6018.200000013103,399.9944203127846,399.99341650167594,0.001003811108660102
6028.50000001314,399.9939930888453,399.99329011517455,0.0007029736707409029
6038.800000013178,399.9940829559633,399.99316191149165,0.0009210444716245547
6049.100000013215,399.99365453577514,399.993031877918,0.0006226578571499886
6059.400000013253,399.99421178772667,399.99289908284834,0.0013127048783303508
6069.70000001329,399.99362742546884,399.99276405128364,0.0008633741852008825
6080.000000013328,399.9933297379773,399.99262710002836,0.0007026379489616374
6090.300000013365,399.99343122098173,399.9924879287295,0.000943292252259198
6100.600000013403,399.9932814289948,399.9923457578616,0.0009356711332202394
6110.90000001344,399.9931108081869,399.9922015739449,0.0009092342419876331
6121.200000013478,399.9928426144826,399.99205536313343,0.0007872513491520294
6131.500000013515,399.9926083028211,399.9919061286289,0.0007021741922130786
6141.800000013553,399.99270893678306,399.9917543853263,0.0009545514567435021
6152.10000001359,399.99260082145656,399.99160051739915,0.0010003040574133593
6162.4000000136275,399.9925960097291,399.9914442282208,0.001151781508269778
6172.700000013665,399.99266625034454,399.9912845867379,0.0013816636066508181
6183.000000013702,399.992303924828,399.9911227191087,0.0011812057192628345
6193.30000001374,399.9920272179542,399.9909586102755,0.0010686076786896592
6203.600000013777,399.9920677105616,399.9907911967604,0.0012765138012014177
6213.900000013815,399.99154725005167,399.9906209743352,0.0009262757164947288
6224.200000013852,399.9916723515022,399.99044840453007,0.0012239469721180285
6234.50000001389,399.9909217704089,399.99027319908714,0.0006485713217330158
6244.800000013927,399.99140359653177,399.9900942539277,0.001309342604088215
6255.100000013965,399.9907376702298,399.98991285117944,0.0008248190503650221
6265.400000014002,399.9908810388977,399.9897289744953,0.0011520644024471949
6275.70000001404,399.9908713567407,399.98954149259174,0.001329864148942761
6286.000000014077,399.9904675141166,399.98935087163335,0.0011166424832254052
6296.300000014115,399.9903493054851,399.98915766158404,0.0011916439010519753
6306.600000014152,399.99030319223493,399.9889615879571,0.001341604277854458
6316.90000001419,399.9899743029192,399.98876134987887,0.0012129530403512945
6327.200000014227,399.989433332752,399.98855840327303,0.000874929478982267
6337.5000000142645,399.9895129562015,399.98835273042306,0.0011602257784488756
6347.800000014302,399.9894571388833,399.988143131533,0.0013140073503450367
6358.1000000143395,399.9896222796875,399.9879300310713,0.0016922486162229688
6368.400000014377,399.99008681231294,399.98771407968235,0.002372732630590235
6378.700000014414,399.98892074408445,399.9874950228837,0.001425721200746466
6389.000000014452,399.988710184876,399.98727133680245,0.0014388480735760822
6399.300000014489,399.9886535303019,399.9870446705732,0.0016088597287193807
6409.600000014527,399.9881395963457,399.98681500502767,0.0013245913180526259
6419.900000014564,399.98818925620054,399.9865810716301,0.0016081845704434272
6430.200000014602,399.987762791042,399.98634323931674,0.001419551725234669
6440.500000014639,399.9872620611675,399.9861022729115,0.0011597882559613026
6450.800000014677,399.9869742264735,399.9858579450738,0.00111628139967479
6461.100000014714,399.9870516258498,399.98560848012477,0.0014431457250339008
6471.400000014752,399.9871814271164,399.9853557415081,0.0018256856083098683
6481.700000014789,399.9870475222068,399.98509970851956,0.0019478136872521645
6492.000000014827,399.98622551635583,399.98483904420084,0.00138647215499077
6502.300000014864,399.98571622496377,399.98457404622354,0.0011421787402241534
6512.6000000149015,399.98638837951495,399.98430560842763,0.0020827710873163596
6522.900000014939,399.98563170594485,399.98403353873243,0.001598167212421231
6533.2000000149765,399.98588948334725,399.9837557780735,0.002133705273763553
6543.500000015014,399.9852022031417,399.9834744270807,0.0017277760609886172
6553.800000015051,399.9848661738001,399.98318946342704,0.001676710373089918
6564.100000015089,399.9844279908353,399.9828994826628,0.0015285081724982774
6574.400000015126,399.98490185230406,399.98260469341164,0.002297158892417883
6584.700000015164,399.9842815165123,399.98230613479063,0.0019753817216496827
6595.000000015201,399.98387307243706,399.9820036591565,0.0018694132805876507
6605.300000015239,399.983895260445,399.9816948895319,0.002200370913101324
6615.600000015276,399.9831958232212,399.98138218848595,0.001813634735242431
6625.900000015314,399.98287848978595,399.981065531981,0.001812957804929738
6636.200000015351,399.98286657283865,399.9807434496903,0.0021231231483511692
6646.500000015389,399.98246283312045,399.9804160411986,0.002046791921827662
6656.800000015426,399.9820888718872,399.9800845086734,0.002004363213814031
6667.100000015464,399.98164991842515,399.97974875922563,0.0019011591995194976
6677.400000015501,399.98161343269754,399.9794060603154,0.0022073723821449676
6687.7000000155385,399.9815859237661,399.979059063176,0.0025268605900805596
6698.000000015576,399.9811078042617,399.97870774196934,0.0024000622923381343
6708.3000000156135,399.9808822194328,399.9783505628663,0.002531656566475249
6718.600000015651,399.98025655698774,399.97798749404944,0.002269062938296429
6728.900000015688,399.9792584346368,399.9776199201122,0.0016385145245862986
6739.200000015726,399.97956896020554,399.97724781446044,0.002321145745099784
6749.500000015763,399.9790426598734,399.9768680480386,0.002174611834789175
6759.800000015801,399.97933798890153,399.97648358953955,0.0028543993619791763
6770.100000015838,399.97823265847444,399.9760944112338,0.002138247240623059
6780.400000015876,399.977995384677,399.9756989190009,0.002296465676124626
6790.700000015913,399.97796161115247,399.97529692472034,0.002664686432126473
6801.000000015951,399.9777981496086,399.97489001648,0.0029081331285851775
6811.300000015988,399.9770202392558,399.97447816575703,0.002542073498773334
6821.600000016026,399.9769780249018,399.9740580457592,0.002919979142632201
6831.900000016063,399.976531840717,399.9736327303872,0.00289911032979262
6842.200000016101,399.9760852233629,399.97320227099954,0.002882952363336244
6852.500000016138,399.9756826151661,399.97276501731216,0.002917597853922871
6862.8000000161755,399.9750161932089,399.9723205972941,0.002695595914815385
6873.100000016213,399.97450124591296,399.97187082537897,0.0026304205339897635
6883.4000000162505,399.97435416685363,399.9714156710226,0.0029384958310174625
6893.700000016288,399.97343999595455,399.970951604601,0.002488391353551833
6904.000000016325,399.9736731474159,399.9704817954458,0.0031913519701447512
6914.300000016363,399.9730545266003,399.97000638824454,0.0030481383557798836
6924.6000000164,399.97276013122973,399.9695236816771,0.0032364495526167048
6934.900000016438,399.97227179803315,399.96903308931604,0.0032387087171059648
6945.200000016475,399.9720327875431,399.96853667666596,0.0034961108771653926
6955.500000016513,399.9717537006811,399.9680344110686,0.003719289612547527
6965.80000001655,399.9707857060699,399.967522555575,0.003263150494888123
6976.100000016588,399.97044637793556,399.96700436308384,0.003442014851714248
6986.400000016625,399.9694201284032,399.9664800873336,0.002940041069621202
6996.700000016663,399.9690125167431,399.96594798218,0.0030645345630659904
7007.0000000167,399.9682182355722,399.965407213262,0.002811022310197586
7017.300000016738,399.96845361123593,399.9648601238444,0.0035934873915266508
7027.600000016775,399.96766207471796,399.9643066790613,0.003355395656683413
7037.900000016813,399.96715297119437,399.9637429308326,0.003410040361757183
7048.20000001685,399.9675473980665,399.96317220150377,0.004375196562705241
7058.5000000168875,399.9663278531417,399.962594871154,0.0037329819876958936
7068.800000016925,399.965836665648,399.9620091561979,0.0038275094501045714
7079.100000016962,399.9652691128376,399.96141393757887,0.003855175258706822
7089.400000017,399.9642454635036,399.9608118650642,0.0034335984393578656
7099.700000017037,399.9645259920462,399.96020290148704,0.004323090559182674
7110.000000017075,399.9627881491636,399.95958288460344,0.003205264560165233
7120.300000017112,399.9631458331891,399.95895518965574,0.00419064353337717
7130.60000001715,399.9619386345859,399.95832034201027,0.003618292575652049
7140.900000017187,399.9622665864847,399.9576765292822,0.004590057202506159
7151.200000017225,399.96122193664485,399.9570223075594,0.004199629085462675
7161.500000017262,399.9605180976941,399.95636066399464,0.0041574336994472105
7171.8000000173,399.96005879589586,399.9556915590269,0.004367236868972668
7182.100000017337,399.9592706304857,399.9550106140799,0.004260016405794431
7192.400000017375,399.958718431281,399.95432123813856,0.004397193142438027
7202.700000017412,399.9576490099041,399.9536241225458,0.0040248873582982014
7213.00000001745,399.9572817986868,399.95291743610693,0.004364362579849512
7223.300000017487,399.9568913982924,399.95219936632424,0.004692031968147603
7233.6000000175245,399.9564130890055,399.9514732708452,0.004939818160266896
7243.900000017562,399.95583981877843,399.95073910762204,0.005100711156387661
7254.200000017599,399.95455588575976,399.94999228053354,0.004563605226223899
7264.500000017637,399.9538562898162,399.9492362103722,0.0046200794440096615
7274.800000017674,399.9535283368091,399.94847177697693,0.005056559832155472
7285.100000017712,399.95249984417006,399.9476971417703,0.004802702399786085
7295.400000017749,399.9518821672054,399.9469100761992,0.004972091006209212
7305.700000017787,399.950406836488,399.9461143438234,0.004292492664603742
7316.000000017824,399.9501322048381,399.94530990001715,0.00482230482094792
7326.300000017862,399.9501810307088,399.94449193095244,0.005689099756352789
7336.600000017899,399.94886565013445,399.9436638443361,0.0052018057983787
7346.900000017937,399.94819860253193,399.9428267329374,0.005371869594512191
7357.200000017974,399.9471573038411,399.9419787637504,0.005178540090696515
7367.500000018012,399.94683518139857,399.9411172407907,0.005717940607894434
7377.800000018049,399.9455230844815,399.9402463713361,0.00527671314540612
7388.100000018087,399.94492656810996,399.9393661080927,0.0055604600172500795
7398.400000018124,399.9439870541533,399.9384714205111,0.005515633642175999
7408.7000000181615,399.94339292450013,399.9375656751835,0.00582724931661005
7419.000000018199,399.94188686774845,399.93665020424334,0.005236663505115757
7429.3000000182365,399.94108498169703,399.93572319482655,0.0053617868704805005
7439.600000018274,399.94081170005455,399.93478142807237,0.006030271982183422
7449.900000018311,399.93958304398984,399.9338295952467,0.0057534487431212256
7460.200000018349,399.9389587903496,399.9328676462991,0.00609114405051514
7470.500000018386,399.93809002118513,399.93189033618796,0.006199684997170607
7480.800000018424,399.93677164296275,399.930900959052,0.0058706839107571795
7491.100000018461,399.9362660243389,399.92990111490116,0.006364909437763799
7501.400000018499,399.93511073452015,399.9288890272893,0.0062217072308499155
7511.700000018536,399.93456107173733,399.9278608948088,0.006700176928518431
7522.000000018574,399.93328984391155,399.926821935518,0.006467908393574362
7532.300000018611,399.931345379237,399.9257720965241,0.005573282712873606
7542.600000018649,399.93133194568617,399.92470592186515,0.006626023821013405
7552.900000018686,399.930133160076,399.9236265984024,0.00650656167363195
7563.200000018724,399.92958224355175,399.92253602469316,0.0070462188585906915
7573.500000018761,399.92846729356233,399.921432478777,0.007034814785356502
7583.8000000187985,399.9271257324239,399.9203115126535,0.006814219770433283
7594.100000018836,399.9259707874587,399.91917891657806,0.006791870880647366
7604.4000000188735,399.9250456262565,399.9180346347323,0.007010991524225574
7614.700000018911,399.924102174389,399.91687300524706,0.007229169141965031
7625.000000018948,399.9228970655237,399.9156970692279,0.0071999962958102515
7635.300000018986,399.92206053785844,399.91450905668205,0.007551481176392372
7645.600000019023,399.92089118759384,399.9133073200801,0.007583867513744735
7655.900000019061,399.9195385812685,399.9120866962647,0.007451885003831649
7666.200000019098,399.9185789045164,399.91085359575413,0.007725308762246641
7676.500000019136,399.91768039727526,399.909607959724,0.00807243755127729
7686.800000019173,399.91607054495375,399.90834392694967,0.0077266180040851395
7697.100000019211,399.91505982460905,399.9070643504835,0.007995474125550572
7707.400000019248,399.9136325048164,399.9057718269872,0.00786067782922828
7717.700000019286,399.9123401667577,399.90446480526793,0.00787536148976642
7728.000000019323,399.9113493332505,399.9031373337957,0.008211999454772467
7738.300000019361,399.91021391038737,399.90179649413176,0.008417416255610988
7748.600000019398,399.9090618717663,399.90044222436876,0.008619647397551944
7758.9000000194355,399.907781343675,399.8990684721155,0.00871287155950995
7769.200000019473,399.90621257031887,399.8976778560928,0.008534714226072992
7779.5000000195105,399.9051067461932,399.89627337718974,0.00883336900346876
7789.800000019548,399.90361824715245,399.8948536044953,0.008764642657126842
7800.100000019585,399.902372002061,399.8934117201168,0.008960281944212056
7810.400000019623,399.9007892619181,399.89195553019863,0.008833731719448679
7820.70000001966,399.8996741132011,399.89048496967797,0.009189143523144594
7831.000000019698,399.8979717749442,399.88899380491785,0.008977970026364801
7841.300000019735,399.89657881022816,399.88748436989715,0.00909444033101181
7851.600000019773,399.895906942495,399.88596010973276,0.009946832762238955
7861.90000001981,399.89392960679174,399.8844197398563,0.009509866935445643
7872.200000019848,399.89197057278136,399.8828554931356,0.009115079645766855
7882.500000019885,399.8910659367472,399.8812759566389,0.009789980108337204
7892.800000019923,399.8895576276892,399.87968106207916,0.009876565610056787
7903.10000001996,399.8876935230895,399.8780644063215,0.009629116767996493
7913.400000019998,399.8864790360549,399.87642798391363,0.010051052141250238
7923.700000020035,399.88504396429204,399.8747757266831,0.010268237608954678
7934.000000020073,399.8830019314515,399.8731065246522,0.009895406799273587
7944.30000002011,399.881873398007,399.8714115735873,0.010461824419678578
7954.6000000201475,399.8798140742153,399.8697003006505,0.010113773564796702
7964.900000020185,399.8783480274541,399.8679726342671,0.010375393186961901
7975.200000020222,399.87688416778354,399.8662220154703,0.010662152313216211
7985.50000002026,399.87513966201226,399.8644500402735,0.010689621738777078
7995.800000020297,399.87362921600106,399.86266117222686,0.010968043774198577
8006.100000020335,399.8720938891905,399.86085450644543,0.011239382745088733
8016.400000020372,399.8700108018499,399.8590201086621,0.01099069318780721
8026.70000002041,399.86840652836764,399.85716830815386,0.011238220213783734
8037.000000020447,399.8669220595933,399.85529903,0.011623029593295087
8047.300000020485,399.8654570843217,399.8534055750743,0.012051509247385184
8057.600000020522,399.8630035196592,399.8514890772134,0.011514442445786699
8067.90000002056,399.8610610216595,399.8495545792714,0.011506442388110827
8078.200000020597,399.85899384855657,399.8476014142735,0.01139243428303871
8088.500000020635,399.8569386998095,399.8456184198464,0.011320279963115354
8098.800000020672,399.855649232294,399.8436168922663,0.012032340027701593
8109.10000002071,399.85337094124463,399.84159675321405,0.01177418803058572
8119.400000020747,399.8518417302079,399.8395511811673,0.012290549040642418
8129.7000000207845,399.84962809799214,399.8374807794902,0.012147318501945392
8140.000000020822,399.8470423846082,399.83539122052395,0.011651164084241827
8150.300000020859,399.84635244097143,399.83328211039145,0.013070330579978418
8160.600000020897,399.8436615851944,399.8311409553464,0.012520629847983855
8170.900000020934,399.8420529257279,399.82898008641325,0.013072839314645535
8181.200000020972,399.8403502631188,399.8267994218278,0.013550841291021243
8191.500000021009,399.8378082235812,399.8245920376067,0.013216185974499695
8201.800000020869,399.83536124453934,399.8223579335912,0.013003310948136004
8212.100000020719,399.83345937589684,399.82010346441825,0.013355911478583948
8222.400000020569,399.8314024407317,399.8178285469143,0.013573893817408589
8232.700000020419,399.8287437900119,399.8155192474637,0.013224542548186946
8243.000000020269,399.82662882121326,399.81318900244315,0.013439818770109468
8253.30000002012,399.8252266034882,399.8108377266035,0.014388876884709134
8263.60000001997,399.8225699512357,399.8084584156815,0.014111535554206966
8273.90000001982,399.82007087447005,399.8060503881042,0.01402048636583686
8284.20000001967,399.8178479841306,399.8036207362529,0.01422724787767038
8294.50000001952,399.8152716321205,399.8011693734551,0.014102258665445788
8304.80000001937,399.8129164024364,399.7986818752864,0.014234527149994847
8315.10000001922,399.810966144073,399.79617179410945,0.014794349963551667
8325.40000001907,399.80860150338606,399.79363939542606,0.014962107960002413
8335.70000001892,399.80606129197685,399.79107761918937,0.014983672787479918
8346.00000001877,399.8037654782874,399.7884850196082,0.015280458679228559
8356.30000001862,399.8009017661849,399.7858694849023,0.015032281282572058
8366.60000001847,399.7987073408978,399.78323092487057,0.015476416027240703
8376.90000001832,399.7964495520808,399.78055443305357,0.015895119027220517
8387.20000001817,399.79416355493163,399.7778536262776,0.016309928654038686
8397.50000001802,399.7912518992217,399.7751291633576,0.016122735864144033
8407.80000001787,399.7882779763652,399.7723739553389,0.015904021026301507
8418.100000017721,399.7860470051723,399.76958570443986,0.016461300732430573
8428.400000017571,399.7831549140406,399.766773155453,0.01638175858761315
8438.700000017421,399.78055455222807,399.763936214626,0.0166183376020399
8449.000000017271,399.7779907572402,399.76105950454416,0.01693125269605389
8459.300000017121,399.7748733244794,399.7581566502047,0.016716674274732668
8469.600000016972,399.77183399864333,399.7552287488154,0.016605249827932766
8479.900000016822,399.76915176269085,399.7522687118235,0.016883050867363636
8490.200000016672,399.7667960201866,399.74927329667923,0.017522723507340743
8500.500000016522,399.76373056285934,399.74625216810665,0.0174783947526862
8510.800000016372,399.76046063505714,399.74320522878827,0.01725540626887323
8521.100000016222,399.7579393157169,399.7401166438285,0.017822671888382047
8531.400000016072,399.7550755831496,399.73699998523017,0.018075597919448683
8541.700000015922,399.75200948653963,399.7338568362058,0.018152650333831843
8552.000000015772,399.7490800846432,399.73068014039796,0.018399944245231836
8562.300000015623,399.7465623209798,399.72746561268633,0.019096708293488973
8572.600000015473,399.74292860505,399.72422390368274,0.01870470136725544
8582.900000015323,399.7394547621704,399.72095491249866,0.01849984967174123
8593.200000015173,399.7362697263202,399.7176423627114,0.01862736360880035
8603.500000015023,399.73414632932514,399.714299707204,0.019846622121121982
8613.800000014873,399.73022045093813,399.71092906534415,0.019291385593987798
8624.100000014723,399.7272257543805,399.7075234472865,0.019702307094007665
8634.400000014573,399.72442664463915,399.70407742251354,0.02034922212561696
8644.700000014423,399.7202340689168,399.7006026960405,0.019631372876290243
8655.000000014274,399.71686986459883,399.6970991634108,0.01977070118800839
8665.300000014124,399.7135740372137,399.6935501251833,0.020023912030353586
8675.600000013974,399.7101814706957,399.68996884396694,0.020212626728778105
8685.900000013824,399.70744952694184,399.68635802796865,0.021091498973191847
8696.200000013674,399.7035581430975,399.68271079072707,0.020847352370424233
8706.500000013524,399.70011857784516,399.67902044849774,0.021098129347421946
8716.800000013374,399.6964860501491,399.67529983172375,0.021186218425327752
8727.100000013224,399.69321889196783,399.6715488323924,0.02167005957545598
8737.400000013075,399.6896628765256,399.66775034917794,0.021912527347637933
8747.700000012925,399.6852462873184,399.6639173781788,0.021328909139640473
8758.000000012775,399.6813927392115,399.6600532716443,0.021339467567202064
8768.300000012625,399.6786616543784,399.65615128594624,0.02251036843216525
8778.600000012475,399.67468088586827,399.6522033713234,0.022477514544846144
8788.900000012325,399.67135596941637,399.64822355711715,0.02313241229921914
8799.200000012175,399.6667382931484,399.64421173177993,0.022526561368465536
8809.500000012025,399.66307002193327,399.6401504159208,0.02291960601246501
8819.800000011875,399.6591823738437,399.6360522577767,0.02313011606696591
8830.100000011726,399.65510782666786,399.63192131133576,0.02318651533209959
8840.400000011576,399.65104898008974,399.6277510178417,0.02329796224802294
8850.700000011426,399.6477562701848,399.6235318438314,0.024224426353384843
8861.000000011276,399.64303778063356,399.6192790933852,0.023758687248346178
8871.300000011126,399.6387278815027,399.61499265145204,0.02373523005064726
8881.600000010976,399.6348334450113,399.6106546871334,0.024178757877905355
8891.900000010826,399.6307773482557,399.60627741432563,0.024499933930087536
8902.200000010676,399.6263203657831,399.6018656489077,0.02445471687542522
8912.500000010526,399.62243360734305,399.59741306162675,0.025020545716301967
8922.800000010377,399.61788401001365,399.5929085128244,0.024975497189245743
8933.100000010227,399.61357723725706,399.5883686594434,0.025208577813657485
8943.400000010077,399.6090303059972,399.58379338296976,0.0252369230274212
8953.700000009927,399.60507291738907,399.5791645303372,0.025908387051856607
8964.000000009777,399.60069576851333,399.5744937895023,0.026201979011034382
8974.300000009627,399.5964461679594,399.56978680079294,0.026659367166473658
8984.600000009477,399.59123933105775,399.5650375116744,0.026201819383345537
8994.900000009327,399.58735112063454,399.56023304910457,0.027118071529969257
9005.200000009178,399.5818362976513,399.55539150319237,0.026444794458939214
9015.500000009028,399.5774235005366,399.5505127520122,0.026910748524414885
9025.800000008878,399.5726916646729,399.5455783524839,0.027113312188987493
9036.100000008728,399.5678455888375,399.54059936993417,0.02724621890331491
9046.400000008578,399.56309491471364,399.53558233404397,0.02751258066967921
9056.700000008428,399.5587310070125,399.53052151877506,0.02820948823745084
9067.000000008278,399.5535896890219,399.5254021859528,0.028187503069091235
9077.300000008128,399.5487508945333,399.5202439412224,0.028506953310909466
9087.600000007978,399.5439569660812,399.51504665930844,0.028910306772786498
9097.900000007829,399.53886914999134,399.5097916421081,0.029077507883243925
9108.200000007679,399.5337148700937,399.5044892305895,0.029225639504204537
9118.500000007529,399.5285882805884,399.4991469109623,0.0294413696261131
9128.800000007379,399.5232923512284,399.4937593359965,0.029533015231891113
9139.100000007229,399.5184040278803,399.4883097662361,0.030094261644194376
9149.40000000708,399.51300363673033,399.4828194071709,0.030184229559438336
9159.70000000693,399.5075231170321,399.47728813024753,0.03023498678459191
9170.00000000678,399.5022904925274,399.4716970201823,0.03059347234506049
9180.30000000663,399.4964039931805,399.4660555868917,0.03034840628879465
9190.60000000648,399.4910217004978,399.46037234247564,0.030649358022174056
9200.90000000633,399.4856025598929,399.4546423733133,0.030960186579648052
9211.20000000618,399.47974004904125,399.4488467983054,0.03089325073585769
9221.50000000603,399.4749036346541,399.4430085088908,0.03189512576329889
9231.80000000588,399.46893947168434,399.437127373321,0.0318120983633321
9242.10000000573,399.46331651581363,399.43118429982263,0.03213221599099825
9252.40000000558,399.45775400201336,399.4251878557036,0.032566146309761734
9262.70000000543,399.4521650479464,399.4191476504027,0.03301739754368782
9273.00000000528,399.44583484657227,399.4130592611437,0.032775585428566956
9283.30000000513,399.44015841056205,399.40690152081896,0.03325688974308605
9293.60000000498,399.43420430173404,399.40069909456224,0.03350520717179961
9303.90000000483,399.4280561101984,399.3944518475236,0.033604262674771235
9314.200000004681,399.4219556590082,399.38814055497045,0.03381510403772836
9324.500000004531,399.4159818051752,399.3817727253041,0.03420907987111832
9334.800000004381,399.41047102350944,399.37535913872586,0.035111884783589176
9345.100000004231,399.40339229835934,399.3688959229066,0.034496375452761185
9355.400000004081,399.3971330480768,399.362359476599,0.03477357147778548
9365.700000003932,399.3911005409759,399.35577632785044,0.0353242131254774
9376.000000003782,399.38471851910606,399.3491463388141,0.03557218029197884
9386.300000003632,399.377825578835,399.34245019814534,0.03537538068962931
9396.600000003482,399.37126488885417,399.3356942344462,0.03557065440799079
9406.900000003332,399.36530961228584,399.3288904739563,0.03641913832956334
9417.200000003182,399.35846916585655,399.32203565668266,0.03643350917388943
9427.500000003032,399.3519284554392,399.31510359560184,0.03682485983733841
9437.800000002882,399.3452534948361,399.3081227721859,0.03713072265014716
9448.100000002732,399.33825228875287,399.3010930457065,0.037159243046346546
9458.400000002583,399.332150537252,399.2939950673346,0.03815546991739893
9468.700000002433,399.3249398928029,399.28683386055985,0.03810603224303577
9479.000000002283,399.31721339567645,399.2796227746498,0.037590621026652116
9489.300000002133,399.310398447991,399.27235922603097,0.03803922196004805
9499.600000001983,399.3034404593352,399.2650142870501,0.03842617228508516
9509.900000001833,399.2960201254839,399.25761848421195,0.03840164127194612
9520.200000001683,399.28929899033307,399.250171674033,0.03912731630003918
9530.500000001533,399.28218404416225,399.24265452205935,0.03952952210289595
9540.800000001384,399.27451346757726,399.2350706171337,0.03944285044354956
9551.100000001234,399.2671897380961,399.22743471010443,0.039755027991645875
9561.400000001084,399.2602100712463,399.21974495999,0.04046511125631014
9571.700000000934,399.25260971730313,399.2119695407483,0.040640176554802565
9582.000000000784,399.2451005413238,399.20414111641503,0.04095942490874904
9592.300000000634,399.23740226096936,399.1962595408889,0.04114272008047237
9602.600000000484,399.22990246360445,399.18830554862245,0.04159691498199436
9612.900000000334,399.2221960908952,399.1802811602767,0.041914930618474955
9623.200000000184,399.21386997326977,399.17220260823564,0.04166736503412949
9633.500000000035,399.20653168121777,399.16406886225286,0.042462818964907
9643.799999999885,399.19918868350936,399.15584503757026,0.043343645939103226
9654.099999999735,399.1904762268968,399.1475660289237,0.04291019797312856
9664.399999999585,399.1822758024238,399.1392316877422,0.043044114681606516
9674.699999999435,399.17480425898793,399.1308228745132,0.04398138447470501
9684.999999999285,399.16641569365356,399.1223399044305,0.044075789223086304
9695.299999999135,399.15827223168526,399.1138005725955,0.04447165908976558
9705.599999998985,399.1492456595492,399.1052047294801,0.0440409300691158
9715.899999998835,399.1413520544155,399.0965142690758,0.04483778533972327
9726.199999998686,399.1331467249867,399.08776641042743,0.04538031455928149
9736.499999998536,399.12465144229105,399.07896100265316,0.04569043963789454
9746.799999998386,399.11554110555517,399.0700790919144,0.045462013640758414
9757.099999998236,399.10720113189745,399.0611191471742,0.04608198472323011
9767.399999998086,399.0986959464396,399.05210060847287,0.04659533796672122
9777.699999997936,399.0894486532524,399.04302332403887,0.04642532921354814
9787.999999997786,399.0805245185723,399.03384866618217,0.04667585239013761
9798.299999997636,399.0721259019824,399.02461340813744,0.04751249384497669
9808.599999997487,399.0630092534214,399.01531835152264,0.04769090189876124
9818.899999997337,399.0536036113835,399.0059447902226,0.04765882116089415
9829.199999997187,399.0446607329297,398.99648920302633,0.048171529903356713
9839.499999997037,399.0354170680419,398.9869727579749,0.04844431006699779
9849.799999996887,399.02620028638,398.9773953012274,0.04880498515262843
9860.099999996737,399.0165950420633,398.96771773678546,0.048877305277812866
9870.399999996587,399.00827608333725,398.95797626667905,0.05029981665819605
9880.699999996437,398.99777345412673,398.9481727182533,0.04960073587341185
9890.999999996287,398.9885065326582,398.9382886974625,0.05021783519572409
9901.299999996138,398.97842889801706,398.9283185461207,0.05011035189636459
9911.599999995988,398.9690322113333,398.91828524396254,0.05074696737074191
9921.899999995838,398.959201155419,398.9081886352614,0.05101252015759883
9932.199999995688,398.949062272753,398.8979892121918,0.05107306056117977
9942.499999995538,398.93949415924345,398.8877224757719,0.05177168347154293
9952.799999995388,398.9292109299467,398.8773913536753,0.05181957627138445
9963.099999995238,398.91889812772433,398.8669778304429,0.051920297281412786
9973.399999995088,398.90901376387956,398.85647396160033,0.05253980227922739
9983.699999994938,398.89914899392903,398.84590462267835,0.05324437125068471
9993.999999994789,398.88861477089307,398.8352696562584,0.05334511463468061
10004.299999994639,398.87784132573296,398.8245292021894,0.05331212354354875
10014.599999994489,398.8675320734947,398.8137179265234,0.05381414697131959
10024.899999994339,398.8569124410532,398.80283993305795,0.05407250799527219
10035.199999994189,398.8467507138957,398.79187765346967,0.05487306042601858
10045.49999999404,398.835313821792,398.78082070553836,0.05449311625363862
10055.79999999389,398.824811232446,398.7696959448715,0.05511528757449469
10066.09999999374,398.8139388765172,398.75850321256263,0.0554356639545972
10076.39999999359,398.80272643931414,398.7472023585574,0.0555240807567543
10086.69999999344,398.7919141674504,398.73582707612803,0.0560870913223539
10096.99999999329,398.78072548708417,398.7243827219948,0.05634276508936864
10107.29999999314,398.76995569993045,398.71285224539963,0.057103454530818
10117.59999999299,398.75843320521705,398.701222673167,0.05721053205002136
10127.89999999284,398.74685650934305,398.6895229251981,0.05733358414494205
10138.19999999269,398.7358024175298,398.67775284131125,0.05804957621853646
10148.49999999254,398.72437756206,398.66587204677893,0.05850551528106962
10158.79999999239,398.71192929802027,398.65391312073365,0.058016177286617676
10169.09999999224,398.7003365697865,398.64188275041914,0.05845381936734384
10179.39999999209,398.68909117397016,398.6297644747894,0.05932669918075817
10189.69999999194,398.67720979953054,398.6175425751626,0.05966722436795635
10199.99999999179,398.66495764666786,398.6052481196364,0.05970952703142984
10210.299999991641,398.6530298189592,398.5928809469764,0.060148871982846686
10220.599999991491,398.64087716375036,398.58040052569095,0.060476638059412835
10230.899999991341,398.6293408229568,398.5678381762049,0.061502646751932843
10241.199999991191,398.61586338516764,398.5552019944756,0.06066139069201881
10251.499999991041,398.60421602269656,398.5424761828567,0.06173983983984499
10261.799999990892,398.59144555964855,398.52964212170053,0.061803437948015016
10272.099999990742,398.5786551341161,398.51673311063144,0.06192202348466935
10282.399999990592,398.5664343445934,398.50374898759276,0.06268535700064604
10292.699999990442,398.5537576941447,398.49064913477673,0.06310855936794724
10302.999999990292,398.54085577614546,398.4774634664838,0.06339230966165132
10313.299999990142,398.5282761440177,398.4642015659429,0.06407457807478067
10323.599999989992,398.5149697728131,398.45084837394904,0.06412139886407431
10333.899999989842,398.5023877474607,398.43738221397194,0.06500553348877247
10344.199999989693,398.48853170192194,398.42383869965215,0.06469300226979158
10354.499999989543,398.4754395078783,398.4102176683499,0.06522183952841942
10364.799999989393,398.46253822210974,398.39647848877297,0.06605973333677184
10375.099999989243,398.44847260881244,398.3826495192157,0.06582308959673355
10385.399999989093,398.43462932899627,398.36874190887255,0.0658874201237154
10395.699999988943,398.42148586310105,398.35474141317786,0.06674444992319195
10405.999999988793,398.4076890889892,398.34062314281306,0.06706594617611472
10416.299999988643,398.39348378975023,398.3264251068107,0.06705868293954609
10426.599999988493,398.37934626995064,398.3121471421945,0.06719912775616876
10436.899999988344,398.36579602988286,398.2977486792364,0.06804735064645229
10447.199999988194,398.3511884075542,398.283256368282,0.06793203927219338
10457.499999988044,398.3369701831649,398.2686830030811,0.06828718008381429
10467.799999987894,398.3233825644094,398.2540152308523,0.06936733355712477
10478.099999987744,398.3088475341714,398.23922479408077,0.0696227400906082
10488.399999987594,398.2943860151128,398.22435217717185,0.07003383794096862
10498.699999987444,398.27945226634637,398.20939721706713,0.07005504927923312
10508.999999987294,398.2649658804045,398.19431948268846,0.07064639771601833
10519.299999987144,398.2501172608408,398.1791437628529,0.0709734979878931
10529.599999986995,398.2349410117063,398.1638845741033,0.07105643760303337
10539.899999986845,398.22035031390334,398.1485295333169,0.07182078058644947
10550.199999986695,398.2047914443894,398.1330468603715,0.07174458401789252
10560.499999986545,398.190445018979,398.1174795933469,0.07296542563210551
10570.799999986395,398.1736913438788,398.1018275693633,0.07186377451546377
10581.099999986245,398.15968944006465,398.08605057492366,0.0736388651409925
10591.399999986095,398.1439270027032,398.0701713825432,0.07375562016000003
10601.699999985945,398.1281650773949,398.0542063091886,0.0739587682062961
10611.999999985796,398.11244597259827,398.0381440197709,0.07430195282734076
10622.299999985646,398.0969012955394,398.0219490586606,0.0749522368788007
10632.599999985496,398.0804156958441,398.00566709394434,0.07474860189978472
10642.899999985346,398.06480942528697,397.9892979631879,0.07551146209908666
10653.199999985196,398.0484013524849,397.9728017510485,0.07559960143640865
10663.499999985046,398.03218997876303,397.95619905823406,0.07599092052896594
10673.799999984896,398.01618236904875,397.9395080788968,0.07667429015197058
10684.099999984746,397.99991087490395,397.9227186046216,0.07719227028235309
10694.399999984596,397.98292718104113,397.90579135340863,0.07713582763250315
10704.699999984447,397.96633054771746,397.8887746974211,0.07755585029633494
10714.999999984297,397.9490601194707,397.8716684749429,0.07739164452777914
10725.299999984147,397.93333290445116,397.8544331507872,0.07889975366396129
10735.599999983997,397.9158926231098,397.8370869980935,0.07880562501628674
10745.899999983847,397.89896558315024,397.8196501638252,0.0793154193250416
10756.199999983697,397.8811996439184,397.8021136449019,0.07908599901651314
10766.499999983547,397.8642769544903,397.78443418466304,0.07984276982728034
10776.799999983397,397.8469841294072,397.7666629308596,0.08032119854760822
10787.099999983247,397.8294476191111,397.7487997227712,0.08064789633988312
10797.399999983098,397.8117758706395,397.7308054885726,0.08097038206688012
10807.699999982948,397.79422563009183,397.7126960183104,0.08152961178143414
10817.999999982798,397.7761710230968,397.694493485977,0.0816775371198446
10828.299999982648,397.75861598620514,397.6761901722574,0.08242581394773651
10838.599999982498,397.74025502033766,397.6577387006557,0.08251631968192896
10848.899999982348,397.7219444152117,397.63919306316734,0.08275135204434036
10859.199999982198,397.70403457694994,397.6205531003494,0.08348147660052518
10869.499999982048,397.6852419825324,397.601780287914,0.08346169461839281
10879.799999981899,397.6668827472169,397.5828877780315,0.08399496918542582
10890.099999981749,397.6480032042094,397.56389984425834,0.08410335995102969
10900.399999981599,397.62961499448966,397.54481012898776,0.08480486550189426
10910.699999981449,397.6101535791891,397.5255669943808,0.08458658480827808
10920.999999981299,397.5917046970034,397.5062273421809,0.08547735482250118
10931.299999981149,397.57305120403856,397.4867910145085,0.08626018953003722
10941.599999981,397.5534515662318,397.46722011951647,0.0862314467153169
10951.89999998085,397.5335913868146,397.44752501797376,0.08606636884081809
10962.1999999807,397.51502153837816,397.42773215357386,0.0872893848043077
10972.49999998055,397.49518961548813,397.4078366076107,0.08735300787742517
10982.7999999804,397.4757522119905,397.3877823436159,0.08796986837455734
10993.09999998025,397.456175066381,397.3676292351356,0.0885458312453693
11003.3999999801,397.4361614120506,397.3473771261423,0.08878428590827525
11013.69999997995,397.41575636883044,397.32698884261026,0.08876752622018103
11023.9999999798,397.3952493088443,397.3064718021657,0.08877750667863893
11034.29999997965,397.37559411001126,397.2858546869705,0.08973942304078264
11044.5999999795,397.3550679495692,397.2651340933945,0.08993385617469585
11054.89999997935,397.33476699787764,397.24424945383214,0.09051754404549683
11065.1999999792,397.3137035894346,397.22326367194273,0.09043991749189217
11075.49999997905,397.2931284979882,397.202176593842,0.09095190414620902
11085.7999999789,397.2726103726784,397.18095184892604,0.09165852375235772
11096.099999978751,397.2519980638315,397.15959376225425,0.09240430157723267
11106.399999978601,397.230253015321,397.13813332026615,0.09211969505486195
11116.699999978451,397.2093119016106,397.1165687092947,0.09274319231587924
11126.999999978301,397.1878557511302,397.094834703425,0.09302104770517872
11137.299999978151,397.1662142115817,397.0729972907052,0.09321692087650035
11147.599999978002,397.14478128502043,397.05105631968644,0.09372496533399044
11157.899999977852,397.1234303751263,397.0289763087431,0.09445406638320719
11168.199999977702,397.10129176061747,397.00675834380104,0.09453341681643224
11178.499999977552,397.07945474808525,396.9844357785831,0.0950189695021777
11188.799999977402,397.05735814163444,396.9620084627117,0.09534967892273016
11199.099999977252,397.0352864069294,396.9394063906836,0.09588001624581466
11209.399999977102,397.0124548805807,396.91669868488657,0.09575619569415039
11219.699999976952,396.99057594990956,396.89388519660105,0.09669075330850774
11229.999999976802,396.9677816749228,396.8709314184224,0.0968502565003746
11240.299999976653,396.94496194547173,396.8478350539775,0.09712689149421294
11250.599999976503,396.9222649097866,396.82463188419564,0.09763302559093745
11260.899999976353,396.8996094146342,396.8013217615484,0.09828765308577658
11271.199999976203,396.8763090181159,396.77783498190263,0.09847403621324702
11281.499999976053,396.8531963182683,396.75423865153795,0.09895766673037087
11291.799999975903,396.83008531273043,396.73053435668845,0.0995509560419805
11302.099999975753,396.80631068938317,396.70668864882623,0.09962204055693746
11312.399999975603,396.7824599349622,396.6826957100607,0.09976422490149162
11322.699999975453,396.7588863347919,396.6585938050909,0.10029252970099378
11332.999999975304,396.73497410703,396.6343827895308,0.1005913174992088
11343.299999975154,396.71097277112716,396.6099933600356,0.10097941109154362
11353.599999975004,396.6871215534317,396.5854904399772,0.10163111345451625
11363.899999974854,396.66232974724414,396.5608774199236,0.1014523273205441
11374.199999974704,396.63847577792467,396.5361219940159,0.10235378390876804
11384.499999974554,396.6137776023208,396.51121468811954,0.10256291420125763
11394.799999974404,396.5891020133226,396.48619630363316,0.10290570968942347
11405.099999974254,396.56443636176243,396.46106669960596,0.10336966215646726
11415.399999974105,396.5392836323951,396.4357570732759,0.10352655911918873
11425.699999973955,396.5148947908099,396.41033000031,0.10456479049986456
11435.999999973805,396.4888212448894,396.38479074260397,0.10403050228541133
11446.299999973655,396.4640802684678,396.3591082196163,0.10497204885149358
11456.599999973505,396.43834722344735,396.33326917127897,0.10507805216838051
11466.899999973355,396.41325878268026,396.3073169847172,0.10594179796305525
11477.199999973205,396.3870450714058,396.2812515227063,0.10579354869946656
11487.499999973055,396.36142396187734,396.2550045829515,0.106419378925807
11497.799999972905,396.33522472877735,396.22863623117405,0.10658849760329758
11508.099999972756,396.3093657381223,396.20215366493215,0.10721207319016912
11518.399999972606,396.28299478655236,396.1755271102267,0.10746767632565479
11528.699999972456,396.25690793631253,396.14873939694223,0.10816853937029691
11538.999999972306,396.2298339825154,396.12183654279073,0.10799743972467013
11549.299999972156,396.203432848882,396.09481841456244,0.10861443431957696
11559.599999972006,396.17636811312013,396.0676175101111,0.10875060300901396
11569.899999971856,396.1496102418991,396.0402912260865,0.10931901581261627
11580.199999971706,396.12263692238747,396.0128487571146,0.10978816527284607
11590.499999971556,396.0949667727836,395.98526171525833,0.10970505752527515
11600.799999971407,396.06767762957674,395.95750890235024,0.11016872722649396
11611.099999971257,396.0404564991567,395.9296390071253,0.11081749203140134
11621.399999971107,396.01242949959334,395.90165190067415,0.11077759891918504
11631.699999970957,395.9848081335347,395.8734808801825,0.11132725335221494
11641.999999970807,395.9569723581506,395.84518051777474,0.1117918403758722
11652.299999970657,395.9289856773093,395.8167620633535,0.11222361395579128
11662.599999970507,395.90041063934336,395.78819859257726,0.11221204676610341
11672.899999970357,395.8721542965226,395.75946476785816,0.1126895286644185
11683.199999970208,395.84341989339606,395.7306119847152,0.11280790868084978
11693.499999970058,395.81522287577695,395.7016401188212,0.11358275695573639
11703.799999969908,395.78629004370356,395.67248336508175,0.11380667862181326
11714.099999969758,395.75756257169377,395.64319331986894,0.11436925182482582
11724.399999969608,395.7285591834874,395.61378334311206,0.11477584037533006
11734.699999969458,395.6994017826313,395.58422804933457,0.11517373329672864
11744.999999969308,395.66955257346876,395.5544978573094,0.11505471615936358
11755.299999969158,395.63988848814955,395.5246469001854,0.1152415879641353
11765.599999969008,395.6103849173681,395.49467505849503,0.11570985887306051
11775.899999968859,395.5809692509148,395.46451752215586,0.11645172875893195
11786.199999968709,395.55101147484385,395.4342227653405,0.1167887095033393
11796.499999968559,395.52082223014065,395.40380630903786,0.1170159211027908
11806.799999968409,395.489970790671,395.3732443793655,0.1167264113055353
11817.099999968259,395.4601605155454,395.34250305489246,0.1176574606529357
11827.39999996811,395.42953471734984,395.31163923209533,0.11789548525450755
11837.69999996796,395.39907958173217,395.28065279663775,0.11842678509441384
11847.99999996781,395.36787248708526,395.2494800293484,0.11839245773688845
11858.29999996766,395.33690740977227,395.2181661410749,0.11874126869736301
11868.59999996751,395.3058737646635,395.1867288609336,0.1191449037298753
11878.89999996736,395.2747486762983,395.1551460965521,0.11960257974624255
11889.19999996721,395.24342394982585,395.1233794978735,0.12004445195236713
11899.49999996706,395.21165318452216,395.0914887450304,0.12016443949175937
11909.79999996691,395.17998233778957,395.05947372908355,0.1205086087060181
11920.09999996676,395.1482689284514,395.02727191598,0.12099701247137773
11930.39999996661,395.11584118648386,394.9949251179758,0.12091606850805192
11940.69999996646,395.084079400067,394.9624533151729,0.12162608489410331
11950.99999996631,395.05119798686627,394.92983616354473,0.12136182332153567
11961.29999996616,395.01948894763706,394.89703080460265,0.12245814303440739
11971.59999996601,394.98713680264507,394.8640997168837,0.12303708576138206
11981.89999996586,394.95409085939957,394.8310427971048,0.12304806229479937
11992.199999965711,394.9211351390888,394.79779878855084,0.12333635053795433
12002.499999965561,394.8877955100661,394.7644059760038,0.12338953406231212
12012.799999965411,394.8545229967929,394.7308866289665,0.12363636782640697
12023.099999965261,394.8214435716079,394.69722221525194,0.12422135635597442
12033.399999965111,394.7875558888379,394.6633652972053,0.12419059163261181
12043.699999964962,394.754287460545,394.6293811607378,0.12490629980720769
12053.999999964812,394.72043672416805,394.59526970847446,0.12516701569359157
12064.299999964662,394.68617719943177,394.5609710509776,0.12520614845414002
12074.599999964512,394.65274491693293,394.5265198235695,0.12622509336341636
12084.899999964362,394.6181323516064,394.4919406189008,0.12619173270559259
12095.199999964212,394.5839749926051,394.45721677652097,0.12675821608411297
12105.499999964062,394.5488211772714,394.42229621838095,0.12652495889045667
12115.799999963912,394.51428422263103,394.38724704077333,0.12703718185770185
12126.099999963762,394.479630730421,394.35206915247505,0.12756157794592582
12136.399999963613,394.4443280870291,394.31670411869635,0.1276239683327276
12146.699999963463,394.40928500853744,394.28118281070937,0.12810219782807053
12156.999999963313,394.3735264917547,394.2455321731775,0.12799431857723675
12167.299999963163,394.3385580524014,394.2097374734397,0.12882057896172228
12177.599999963013,394.3031210426212,394.17374194174516,0.12937910087606497
12187.899999962863,394.2662828722424,394.1376164816408,0.12866639060160878
12198.199999962713,394.2302803748377,394.10136100829004,0.12891936654767733
12208.499999962563,394.19447249381903,394.06491862606975,0.12955386774928002
12218.799999962413,394.1581735086494,394.0283163354893,0.12985717316007594
12229.099999962264,394.12213343329756,393.99158345700397,0.13054997629359377
12239.399999962114,394.08478451528373,393.9547072377129,0.13007727757081966
12249.699999961964,394.0482443942364,393.9176261751676,0.13061821906882187
12259.999999961814,394.01140729662217,393.8804139707508,0.1309933258713727
12270.299999961664,393.97458081646914,393.8430705462382,0.1315102702309332
12280.599999961514,393.9372336246982,393.805540626563,0.1316929981351791
12290.899999961364,393.89934318197027,393.7678472431002,0.13149593887004585
12301.199999961214,393.86212585590454,393.73002211059986,0.1321037453046756
12311.499999961065,393.8243612317077,393.69205450358004,0.13230672812767352
12321.799999960915,393.7867948800272,393.6538781565768,0.13291672345036432
12332.099999960765,393.7485723519319,393.61556955295777,0.13300279897413247
12342.399999960615,393.71044790076337,393.5771286213268,0.1333192794365914
12352.699999960465,393.67228246468244,393.5385017851642,0.1337806795182246
12362.999999960315,393.63343107437385,393.499708017125,0.1337230572488579
12373.299999960165,393.594679748386,393.4607814393012,0.13389830908482736
12383.599999960015,393.5558726414616,393.4217133967595,0.13415924470206164
12393.899999959865,393.51734371227246,393.3824328417202,0.13491087055228945
12404.199999959716,393.4783907024509,393.34301901712684,0.13537168532405985
12414.499999959566,393.43820553376673,393.30347185861655,0.13473367515018708
12424.799999959416,393.3990352717353,393.2637395625484,0.1352957091868916
12435.099999959266,393.35958803293227,393.22383696247874,0.13575107045352297
12445.399999959116,393.3196810337751,393.1838005952695,0.13588043850563736
12455.699999958966,393.27968288838167,393.14362391492864,0.1360589734530322
12465.999999958816,393.2390175147526,393.10323108339037,0.13578643136224855
12476.299999958666,393.19891112471646,393.06270407409863,0.136207050617827
12486.599999958516,393.15879502622425,393.02204282991784,0.13675219630641777
12496.899999958367,393.117778956362,392.9811973905048,0.13658156585717052
12507.199999958217,393.07726055058157,392.94017837954596,0.13708217103561537
12517.499999958067,393.0363589490579,392.8990247503305,0.1373341987273875
12527.799999957917,392.99527733196106,392.85773209926884,0.13754523269221863
12538.099999957767,392.9541751278485,392.81621980165204,0.13795532619644746
12548.399999957617,392.9122819552349,392.77457252558975,0.13770942964515598
12558.699999957467,392.8712830610885,392.73279022135625,0.13849283973223692
12568.999999957317,392.8289169574784,392.6908248381715,0.1380921193068616
12579.299999957168,392.7872012033555,392.64868272906125,0.13851847429424424
12589.599999957018,392.74546171555426,392.6064052594936,0.13905645606064354
12599.899999956868,392.70275828037023,392.5639901966289,0.13876808374135408
12610.199999956718,392.6606534579644,392.52135214462413,0.13930131334024054
12620.499999956568,392.6180334135689,392.4785784235872,0.13945498998174344
12630.799999956418,392.5753504576907,392.43566899137295,0.1396814663177679
12641.099999956268,392.5322122064053,392.392577768644,0.1396344377612877
12651.399999956118,392.4895023295737,392.34930678730456,0.14019554226916853
12661.699999955968,392.4460376674445,392.3058998147269,0.1401378527176007
12671.999999955819,392.40293254851366,392.2623568118857,0.14057573662796585
12682.299999955669,392.35965526378834,392.2185876394023,0.14106762438603937
12692.599999955519,392.31596759436883,392.1746822198255,0.14128537454331536
12702.899999955369,392.27214843992704,392.13064051874875,0.14150792117828814
12713.199999955219,392.2277619183068,392.08641848555266,0.14134343275412675
12723.49999995507,392.1837360535082,392.04201379120843,0.1417222622997656
12733.79999995492,392.1395738076774,391.99747258858764,0.1421012190897386
12744.09999995477,392.09503668194367,391.9527948464651,0.14224183547855773
12754.39999995462,392.0504348281145,391.907892332729,0.14254249538549857
12764.69999995447,392.00508013601603,391.8628509049575,0.14222923105853624
12774.99999995432,391.9603474721686,391.8176727402701,0.14267473189852353
12785.29999995417,391.9152004343147,391.77231586922943,0.14288456508529634
12795.59999995402,391.8693460680865,391.72677357300364,0.1425724950828453
12805.89999995387,391.82462567865855,391.6810943673406,0.14353131131792907
12816.19999995372,391.7781469629935,391.63527822895435,0.1428687340391548
12826.49999995357,391.7323844975007,391.5892389210483,0.14314557645235482
12836.79999995342,391.6865528402251,391.5430581370601,0.143494703165004
12847.09999995327,391.640285693786,391.4967402776797,0.14354541610629212
12857.39999995312,391.5945087896194,391.45024550211093,0.1442632875084655
12867.69999995297,391.5469998440298,391.4035626840529,0.14343715997694062
12877.99999995282,391.5009199569072,391.3567426732172,0.1441772836899986
12888.299999952671,391.4537393708684,391.3097854543834,0.1439539164849748
12898.599999952521,391.40708571336876,391.2626068696119,0.1444788437568718
12908.899999952371,391.36047851935217,391.2152843591455,0.14519416020664266
12919.199999952221,391.3128390697046,391.1678245535882,0.14501451611636185
12929.499999952071,391.2652524465632,391.12018978305974,0.14506266350343822
12939.799999951922,391.2176939157028,391.07236450755795,0.14532940814484618
12950.099999951772,391.1695969183799,391.0244018755037,0.1451950428761961
12960.399999951622,391.1216493227651,390.9763018798546,0.14534744291051993
12970.699999951472,391.0742699425955,390.9279825203278,0.146287422267676
12980.999999951322,391.0248200010963,390.8795169053753,0.14530309572103306
12991.299999951172,390.977006530648,390.8309138960478,0.14609263460022248
13001.599999951022,390.9277806522664,390.782138030307,0.14564262195938227
13011.899999950872,390.8789662338891,390.7331693598511,0.14579687403801245
13022.199999950722,390.8300806857636,390.6840632901763,0.14601739558730742
13032.499999950573,390.78131246849813,390.6348198225168,0.1464926459813114
13042.799999950423,390.73146999982356,390.58535918808315,0.14611081174041374
13053.099999950273,390.6824480590362,390.5357500957091,0.1466979633270853
13063.399999950123,390.6323376686521,390.4860036315244,0.14633403712770132
13073.699999949973,390.5828129626916,390.43608657275917,0.14672638993243936
13083.999999949823,390.5328607142865,390.3859745800137,0.14688613427284736
13094.299999949673,390.4819101770768,390.33572526782825,0.14618490924857497
13104.599999949523,390.43203379036777,390.28533864579794,0.1466951445698328
13114.899999949374,390.3815149581172,390.2347372452905,0.14677771282669028
13125.199999949224,390.3308538054735,390.1839853187474,0.1468684867261345
13135.499999949074,390.280251875188,390.1330961660316,0.1471557091564364
13145.799999948924,390.2291672056592,390.0820388294354,0.14712837622380448
13156.099999948774,390.17805410639204,390.0307846075965,0.14726949879553786
13166.399999948624,390.1269257238314,389.9793932696694,0.1475324541619898
13176.699999948474,390.0752273974133,389.92786483367985,0.14736256373345213
13186.999999948324,390.023611154836,389.8761241944511,0.14748696038486742
13197.299999948174,389.9716784357905,389.8242311025615,0.14744733322902448
13207.599999948025,389.91963483129643,389.77220105422555,0.14743377707088712
13217.899999947875,389.8676666393022,389.72000537684,0.14766126246217937
13228.199999947725,389.81509709738117,389.6676110482482,0.14748604913296504
13238.499999947575,389.7631789307953,389.61507993140873,0.1480989993865478
13248.799999947425,389.7100859931879,389.56241205283305,0.14767394035482084
13259.099999947275,389.65746989201807,389.50953472855304,0.14793516346503566
13269.399999947125,389.6044633491808,389.4565031733363,0.14796017584450283
13279.699999946975,389.55099041613494,389.4033350562891,0.14765535984582812
13289.999999946825,389.497841184441,389.3500040041024,0.14783718033856985
13300.299999946676,389.4450899957851,389.2964727270918,0.1486172686933287
13310.599999946526,389.39088513687153,389.2428051148636,0.1480800220079459
13320.899999946376,389.3371679365255,389.18900120245553,0.14816673406994596
13331.199999946226,389.28340976879997,389.13499077915543,0.14841898964454003
13341.499999946076,389.2287086178487,389.0808245016805,0.14788411616819985
13351.799999945926,389.17489564804214,389.02652218246686,0.14837346557527553
13362.099999945776,389.12000802051654,388.97205975575076,0.14794826476577327
13372.399999945626,389.06578182357435,388.9173957297169,0.14838609385748214
13382.699999945477,389.0110773116901,388.8625959471707,0.14848136451939808
13392.999999945327,388.95618471933585,388.80766045170145,0.14852426763440008
13403.299999945177,388.900903046865,388.7525215520479,0.1483814948171016
13413.599999945027,388.8450708177639,388.6972253364981,0.1478454812657901
13423.899999944877,388.7901933271421,388.641793725146,0.14839960199611824
13434.199999944727,388.73517489803373,388.58620496201996,0.14896993601377062
13444.499999944577,388.6789660280169,388.53041343069583,0.14855259732104287
13454.799999944427,388.6229026794215,388.474486847508,0.14841583191349628
13465.099999944277,388.56658249117635,388.4184252646074,0.14815722656896924
13475.399999944128,388.5101035731658,388.36216355039824,0.1479400227675569
13485.699999943978,388.45417872341346,388.30574322633925,0.14843549707421744
13495.999999943828,388.3974802761102,388.2491882784113,0.148291997698891
13506.299999943678,388.34086985647366,388.19247925662495,0.14839059984871028
13516.599999943528,388.2841297420402,388.1355665095573,0.14856323248289982
13526.899999943378,388.2265808842988,388.07851954126835,0.14806134303046292
13537.199999943228,388.1693658104163,388.02133841246655,0.14802739794976105
13547.499999943078,388.1114933265155,387.9639605853429,0.14753274117259707
13557.799999942928,388.05445313998473,387.9064230281893,0.14803011179543546
13568.099999942779,387.99673072319064,387.84875174503145,0.1479789781591876
13578.399999942629,387.9387664644815,387.7909295819629,0.1478368825185612
13588.699999942479,387.88071395195624,387.732902954187,0.14781099776922701
13598.999999942329,387.822836746391,387.67474306165934,0.1480936847316343
13609.299999942179,387.7641315078506,387.6164499736262,0.1476815342244322
13619.59999994203,387.70585651656404,387.5579637740004,0.14789274256361296
13629.89999994188,387.64748228607743,387.4993169036819,0.14816538239551846
13640.19999994173,387.58841023367677,387.44053733087236,0.14787290280440857
13650.49999994158,387.52901598006895,387.3816101817438,0.14740579832516687
13660.79999994143,387.470314769507,387.3224780516587,0.14783671784829266
13671.09999994128,387.4108414981628,387.26321373873475,0.14762775942807593
13681.39999994113,387.35110012882654,387.2038173207216,0.14728280810493288
13691.69999994098,387.29210379443583,387.1442315249263,0.14787226950954846
13701.99999994083,387.2320134976615,387.08448430275735,0.14752919490416616
13712.29999994068,387.17175293894445,387.0246055267598,0.14714741218466543
13722.59999994053,387.1111534386824,386.964582581076,0.14657085760637756
13732.89999994038,387.0514960153711,386.90435436652785,0.1471416488432169
13743.19999994023,386.9910055271606,386.8439951758974,0.14701035126319084
13753.49999994008,386.9303085751464,386.78350509538893,0.146803479757466
13763.79999993993,386.8693359996985,386.72282951105393,0.14650648864454752
13774.09999993978,386.8085206917284,386.6619919348171,0.14652875691132294
13784.399999939631,386.7474425282059,386.6010240778491,0.1464184503568049
13794.699999939481,386.6865446407698,386.53991555407015,0.14662908669964736
13804.999999939331,386.6250879502476,386.4786017066537,0.14648624359386986
13815.299999939181,386.5633909641597,386.417158213942,0.14623275021767768
13825.599999939031,386.5017517988482,386.3555851705299,0.14616662831832627
13835.899999938882,386.4396940258362,386.2938306302016,0.14586339563459205
13846.199999938732,386.3778779513807,386.23191372745805,0.14596422392264685
13856.499999938582,386.31585250071475,386.169867940589,0.14598456012578254
13866.799999938432,386.25343909222846,386.10768507905107,0.14575401317739534
13877.099999938282,386.1906611656648,386.04529707664705,0.14536408901773257
13887.399999938132,386.12829422193255,385.9827808827396,0.1455133391929735
13897.699999937982,386.0652542296986,385.920136600236,0.14511762946261797
13907.999999937832,386.0023887393233,385.8573149532571,0.1450737860661775
13918.299999937683,385.9390386006795,385.79433077290315,0.14470782777635804
13928.599999937533,385.87605763435374,385.7312192274,0.14483840695373829
13938.899999937383,385.8124150728985,385.6679742815044,0.14444079139406085
13949.199999937233,385.74916049742757,385.604524619071,0.1446358783565529
13959.499999937083,385.6852215054444,385.5409483406968,0.14427316474763074
13969.799999936933,385.6219227926408,385.4772455575087,0.1446772351321215
13980.099999936783,385.55772794197884,385.41336966017815,0.14435828180069166
13990.399999936633,385.4931720052541,385.3493312622699,0.1438407429841959
14000.699999936483,385.4287232994124,385.28516713921465,0.14355616019776107
14010.999999936334,385.36430943995816,385.22087336490773,0.1434360750504311
14021.299999936184,385.2995219899634,385.1563755435528,0.14314644641058294
14031.599999936034,385.23481422053464,385.0917528021498,0.143061418384832
14041.899999935884,385.17001021619444,385.02700525993913,0.14300495625531084
14052.199999935734,385.10450789313757,384.96208896398,0.14241892915754306
14062.499999935584,385.03972399270197,384.8970104078533,0.14271358484865004
14072.799999935434,384.9740535277356,384.83180788605887,0.14224564167670906
14083.099999935284,384.9086227304169,384.7664795296309,0.14214320078599485
14093.399999935134,384.84298615785974,384.7009480439912,0.14203811386852294
14103.699999934985,384.7771435514634,384.63529345288447,0.14185009857891373
14113.999999934835,384.7112499854342,384.5695158835441,0.14173410189010838
14124.299999934685,384.6446029759568,384.5035740229087,0.14102895304807817
14134.599999934535,384.5789526929652,384.4374703536248,0.1414823393403708
14144.899999934385,384.51230168632145,384.3712445958812,0.14105709044025616
14155.199999934235,384.4455409333581,384.30489688011534,0.1406440532427382
14165.499999934085,384.3790553938618,384.23834720407757,0.1407081897842204
14175.799999933935,384.311633522033,384.1716763540018,0.13995716803117375
14186.099999933786,384.24544453332146,384.1048844649808,0.14056006834067603
14196.399999933636,384.1775010103821,384.03793284102625,0.13956816935586858
14206.699999933486,384.11029526053875,383.97082007417873,0.13947518636001632
14216.999999933336,384.0429727604697,383.9035872118645,0.1393855486052189
14227.299999933186,383.9752874323238,383.83623439232326,0.1390530400005332
14237.599999933036,383.90772007427233,383.76868489136984,0.1390351829024894
14247.899999932886,383.8398332162039,383.70101433437446,0.13881888182942248
14258.199999932736,383.7714559028351,383.6332247923903,0.1382311104447922
14268.499999932586,383.70345610822363,383.56528015746306,0.13817595076056932
14278.799999932437,383.63522119592733,383.49717526238385,0.13804593354348071
14289.099999932287,383.5667314107151,383.4289523784815,0.13777903223359544
14299.399999932137,383.4977334320666,383.3606116516448,0.13712178042180767
14309.699999931987,383.4291708846373,383.29207964019065,0.13709124444665122
14319.999999931837,383.3602586449252,383.22342687196704,0.1368317729581463
14330.299999931687,383.2911479224098,383.1546572851454,0.13649063726438726
14340.599999931537,383.22154557254726,383.0857373246151,0.13580824793217516
14350.899999931387,383.1529775997828,383.01665820602216,0.13631939376062974
14361.199999931237,383.0832680009807,382.94746331658075,0.1358046843999432
14371.499999931088,383.01306547291745,382.87815280966424,0.1349126632532034
14381.799999930938,382.94375806479735,382.808656523641,0.13510154115635942
14392.099999930788,382.8738946979794,382.73903996431676,0.13485473366262113
14402.399999930638,382.803950282551,382.6693088628034,0.13464141974759514
14412.699999930488,382.7338054970226,382.5994321755912,0.13437332143143976
14422.999999930338,382.6635831262339,382.5293976537235,0.1341854725104099
14433.299999930188,382.5928566065809,382.45924968781435,0.13360691876653163
14443.599999930038,382.5224058207179,382.38898843854486,0.133417382173036
14453.899999929889,382.45148396047347,382.31854701504955,0.13293694542392132
14464.199999929739,382.38055749883114,382.247985988497,0.13257151033411674
14474.499999929589,382.30946293095633,382.1773128035902,0.13215012736611698
14484.799999929439,382.2382104603584,382.1064988812391,0.13171157911932596
14495.099999929289,382.1672269876609,382.0355286705274,0.13169831713349822
14505.399999929139,382.09535241428347,381.9644474487416,0.13090496554184483
14515.69999992899,382.0240995473677,381.89325538368234,0.13084416368536722
14525.99999992884,381.95280638856667,381.82188883919713,0.13091754936954203
14536.29999992869,381.8807303769367,381.75040355090636,0.13032682603034118
14546.59999992854,381.80884635151796,381.67880859276033,0.13003775875762358
14556.89999992839,381.73681210979987,381.6070777970982,0.12973431270165747
14567.19999992824,381.66465119394604,381.5351924834243,0.12945871052176017
14577.49999992809,381.5924414389102,381.46319869496523,0.12924274394498525
14587.79999992794,381.51958167604596,381.39109660644147,0.12848506960449413
14598.09999992779,381.4468322680303,381.31882581367853,0.1280064543517483
14608.39999992764,381.3743785408372,381.2464373272494,0.1279412135878033
14618.69999992749,381.3012902541627,381.173941761203,0.12734849295969752
14628.99999992734,381.2287756758933,381.1013153006531,0.12746037524021858
14639.29999992719,381.1549778575095,381.02853631725196,0.12644154025753096
14649.59999992704,381.08250839418633,380.9556514956775,0.12685689850883364
14659.89999992689,381.00848983094596,380.8826610173596,0.12582881358633813
14670.199999926741,380.93540188194675,380.80950768078617,0.1258942011605768
14680.499999926591,380.8611446842734,380.73623789309505,0.12490679117837544
14690.799999926441,380.78786415443716,380.6628637146827,0.12500043975444441
14701.099999926291,380.7140952654497,380.58936361927664,0.12473164617307475
14711.399999926141,380.6398658026386,380.515713221339,0.12415258129959739
14721.699999925992,380.5657208674316,380.4419597190116,0.12376114841998742
14731.999999925842,380.49169929506684,380.368103300213,0.12359599485381523
14742.299999925692,380.41705363933664,380.29408993031484,0.12296370902180342
14752.599999925542,380.3425044491465,380.2199615454157,0.12254290373078902
14762.899999925392,380.26801337476235,380.14573155411904,0.12228182064330895
14773.199999925242,380.19323228448053,380.0713806492726,0.12185163520791775
14783.499999925092,380.1181583797959,379.9968818873088,0.12127649248708394
14793.799999924942,380.04347906380775,379.9222828486136,0.12119621519417478
14804.099999924792,379.9683112257805,379.84758372736394,0.1207274984165565
14814.399999924643,379.89286222394753,379.7727336137079,0.1201286102396466
14824.699999924493,379.81779416988553,379.69777011552856,0.12002405435697483
14834.999999924343,379.7416453119435,379.6227078873322,0.11893742461131751
14845.299999924193,379.66670276001474,379.547529766445,0.11917299356974809
14855.599999924043,379.5903266317189,379.4722064584717,0.11812017324717772
14865.899999923893,379.5150684611461,379.3967857918658,0.11828266928029052
14876.199999923743,379.4389436440496,379.32126796682303,0.11767567722654348
14886.499999923593,379.3625914645054,379.24560514998075,0.11698631452463815
14896.799999923443,379.2868543888808,379.1698307738785,0.11702361500226743
14907.099999923294,379.2102146117268,379.09396063269185,0.1162539790349797
14917.399999923144,379.1341253226665,379.01797962863355,0.11614569403292307
14927.699999922994,379.0573016155402,378.941856331248,0.1154452842922069
14937.999999922844,378.980311243847,378.8656386802052,0.11467256364176137
14948.299999922694,378.9038552058592,378.78932688147177,0.11452832438743599
14958.599999922544,378.82683877840344,378.7128761238701,0.11396265453333854
14968.899999922394,378.7499993663585,378.63631582711196,0.11368353924655139
14979.199999922244,378.67293160682016,378.5596628151241,0.11326879169604354
14989.499999922095,378.5953259023086,378.4829039706736,0.11242193163502634
14999.799999921945,378.5181262644578,378.40600594908267,0.11212031537513667
15010.099999921795,378.4407414393978,378.3290166620009,0.11172477739688702
15020.399999921645,378.36315845645544,378.2519363209093,0.11122213554614291
15030.699999921495,378.2854589677837,378.17472307667254,0.11073589111117599
15040.999999921345,378.20781878590884,378.0974025079079,0.11041627800096876
15051.299999921195,378.1297334030944,378.0199923549432,0.1097410481511929
15061.599999921045,378.0516805226604,377.94248139224715,0.1091991304132307
15071.899999920895,377.97379131394683,377.8648345893179,0.1089567246289107
15082.199999920746,377.89543497330243,377.78709968845664,0.10833528484579347
15092.499999920596,377.8171737065372,377.70927690639496,0.10789680014221403
15102.799999920446,377.73883918157327,377.6313272902483,0.1075118913249753
15113.099999920296,377.6602376035934,377.55327275804206,0.10696484555131747
15123.399999920146,377.58132778485816,377.475131849985,0.10619593487314205
15133.699999919996,377.50283228273975,377.39689513910406,0.10593714363568552
15143.999999919846,377.4240063585575,377.318526143507,0.10548021505053384
15154.299999919696,377.34523542262497,377.24007229302543,0.10516312959953211
15164.599999919546,377.265768095237,377.1615338093713,0.10423428586568662
15174.899999919397,377.186345459151,377.0828745646731,0.10347089447793678
15185.199999919247,377.1074909199584,377.00411300517084,0.10337791478758618
15195.499999919097,377.0282193116238,376.92526835153075,0.10295096009303961
15205.799999918947,376.9485845515652,376.8463328781444,0.10225167342082386
15216.099999918797,376.86903232803826,376.7672688916582,0.10176343638005392
15226.399999918647,376.7894461164898,376.6881233648248,0.10132275166500904
15236.699999918497,376.70964126950173,376.6088965240593,0.10074474544245504
15246.999999918347,376.62943433050674,376.5295549900343,0.09987934047245517
15257.299999918197,376.5497101275571,376.4501139338298,0.09959619372727957
15267.599999918048,376.4699543806306,376.3705931345169,0.09936124611368768
15277.899999917898,376.38952353120965,376.29098646685594,0.09853706435370668
15288.199999917748,376.309415600909,376.21125527090766,0.09816033000134894
15298.499999917598,376.2289565139431,376.13144591655237,0.09751059739073753
15308.799999917448,376.1484865580781,376.0515586346258,0.09692792345231283
15319.099999917298,376.0682633454475,375.97156271286934,0.09670063257817674
15329.399999917148,375.98735769031885,375.8914702511473,0.09588743917151987
15339.699999916998,375.9062629813825,375.81130146253327,0.09496151884923165
15349.999999916849,375.82619088046454,375.7310517176134,0.095139162851126
15360.299999916699,375.74461661295805,375.6506816391252,0.09393497383285876
15370.599999916549,375.66424489128775,375.5702368474077,0.0940080438800237
15380.899999916399,375.58225615201854,375.4897175774301,0.0925385745884455
15391.199999916249,375.5020036189809,375.4090956977567,0.09290792122419589
15401.4999999161,375.42059772712366,375.32838044778356,0.0922172793401046
15411.79999991595,375.33874788424924,375.247592348118,0.09115553613122529
15422.0999999158,375.2578916234488,375.16672815734535,0.09116346610346682
15432.39999991565,375.17556694001627,375.0857480339618,0.08981890605446097
15442.6999999155,375.0946776782925,375.00469670152984,0.0899809767626607
15452.99999991535,375.0122829701582,374.9235743988597,0.08870857129846854
15463.2999999152,374.9310025822937,374.8423554845669,0.0886470977267777
15473.59999991505,374.84907735993585,374.7610465546029,0.0880308053329486
15483.8999999149,374.76682112824557,374.6796683088616,0.08715281938395947
15494.19999991475,374.6852831761586,374.598218783084,0.08706439307457003
15504.4999999146,374.6024895500352,374.51665792785326,0.08583162218195639
15514.79999991445,374.5205891741195,374.43502942246255,0.08555975165694463
15525.0999999143,374.4383403657672,374.3533335092676,0.0850068564996036
15535.39999991415,374.3557666181301,374.27154694188954,0.0842196762405365
15545.699999914,374.2733948660853,374.1896738955969,0.08372097048840033
15555.99999991385,374.19088585142475,374.1077351198333,0.08315073159144504
15566.299999913701,374.10818510819155,374.0257298139103,0.0824552942812602
15576.599999913551,374.02554848937615,373.94361797949307,0.0819305098830796
15586.899999913401,373.9426999842104,373.86144210416506,0.08125788004531387
15597.199999913251,373.85994055048513,373.7792024335282,0.08073811695692257
15607.499999913101,373.7769093860717,373.69687801715156,0.08003136892011753
15617.799999912952,373.69418577672826,373.61447083757145,0.07971493915681549
15628.099999912802,373.61105620554366,373.5320015628468,0.07905464269686036
15638.399999912652,373.52791942427376,373.44947043981,0.07844898446376192
15648.699999912502,373.44458147821393,373.3668377822907,0.07774369592323183
15658.999999912352,373.36141920990815,373.2841447390805,0.07727447082766048
15669.299999912202,373.2778168404257,373.20139155872613,0.07642528169958496
15679.599999912052,373.1945152509023,373.11855948394054,0.07595576696178341
15689.899999911902,373.1106811572429,373.03564853711293,0.07503262012994583
15700.199999911752,373.02744433317275,372.9526791730785,0.07476516009427314
15710.499999911603,372.94329191700604,372.86965164149166,0.07364027551437857
15720.799999911453,372.8596800794602,372.78652961033004,0.07315046913015522
15731.099999911303,372.7759531290899,372.7033499637788,0.07260316531107947
15741.399999911153,372.6921391889293,372.62011387949144,0.07202530943783358
15751.699999911003,372.60824102432616,372.5368046870486,0.07143633727758925
15761.999999910853,372.52424877748996,372.45342068534904,0.07082809214091412
15772.299999910703,372.4398588352425,372.3699819835534,0.06987685168911639
15782.599999910553,372.3562572506919,372.2864888338331,0.06976841685877844
15792.899999910403,372.27163826867684,372.2029081623403,0.0687301063365453
15803.199999910254,372.18784218331683,372.11927280268503,0.06856938063179996
15813.499999910104,372.1031345755294,372.03558474149503,0.06754983403436654
15823.799999909954,372.01804895591465,371.9518292857469,0.06621967016775443
15834.099999909804,371.9341664079958,371.8680032510126,0.06616315698317976
15844.399999909654,371.8497268673797,371.7841262680075,0.06560059937214646
15854.699999909504,371.7649350684512,371.70019859111477,0.06473647733645294
15864.999999909354,371.68047112003995,371.6161903041889,0.06428081585107748
15875.299999909204,371.59582055582206,371.53213041040226,0.06369014541979823
15885.599999909055,371.51110769809793,371.44802158360966,0.0630861144882715
15895.899999908905,371.42612677665704,371.36385099579894,0.06227578085810137
15906.199999908755,371.34117645685916,371.27961422231675,0.06156223454240717
15916.499999908605,371.25618770916867,371.1953302826331,0.06085742653556281
15926.799999908455,371.17090791097104,371.110999433037,0.05990847793401599
15937.099999908305,371.0861601407733,371.02659481039944,0.05956533037385725
15947.399999908155,371.00072471075254,370.94214181313157,0.05858289762096547
15957.699999908005,370.9158811504499,370.8576436792409,0.05823747120899725
15967.999999907855,370.8307697717157,370.7730893307138,0.05768044100193492
15978.299999907706,370.74556792172996,370.688473348141,0.05709457358898362
15988.599999907556,370.66012467204416,370.60381400720667,0.056310664837496915
15998.899999907406,370.57465179254433,370.5191115658001,0.05554022674425596
16009.199999907256,370.4894294610803,370.43434210519484,0.055087355885461875
16019.499999907106,370.40348682930664,370.349527649688,0.05395917961863006
16029.799999906956,370.31819998984224,370.2646718773243,0.0535281125179381
16040.099999906806,370.2324218965366,370.1797653427351,0.05265655380151202
16050.399999906656,370.14687780776126,370.094801879024,0.052075928737281174
16060.699999906506,370.06128152730054,370.0097988860941,0.051482641206462176
16070.999999906357,369.97530495829204,369.9247566231295,0.050548335162545754
16081.299999906207,369.8897492638781,369.83965400355646,0.05009526032165468
16091.599999906057,369.8039911976815,369.7545099126021,0.04948128507942329
16101.899999905907,369.7179704365433,369.6693283434775,0.048642093065780045
16112.199999905757,369.6321562874698,369.5841013640539,0.04805492341591844
16122.499999905607,369.5462561849335,369.49882230844963,0.04743387648386488
16132.799999905457,369.4601004559613,369.41350756961714,0.0465928863441718
16143.099999905307,369.3739549972135,369.3281574077318,0.0457975894817082
16153.399999905158,369.28760308455696,369.2427534527808,0.04484963177617374
16163.699999905008,369.20189304126,369.15731168978766,0.04458135147234543
16173.999999904858,369.11557513520444,369.07183630178787,0.04373883341656892
16184.299999904708,369.0297887389867,368.986320748725,0.04346799026171766
16194.599999904558,368.9429526627495,368.9007581149033,0.04219454784623622
16204.899999904408,368.85700573201177,368.8151636562591,0.04184207575269738
16215.199999904258,368.77039521137687,368.7295376336566,0.04085757772026
16225.499999904108,368.6840030517816,368.64386427501006,0.04013877677152777
16235.799999903958,368.5977499123799,368.5581569072504,0.03959300512951813
16246.099999903809,368.51103564034145,368.4724197777064,0.03861586263502659
16256.399999903659,368.4245338207781,368.3866476157541,0.037886205023994535
16266.699999903509,368.3382911114829,368.3008335051666,0.03745760631625217
16276.999999903359,368.2515491839002,368.2149914361742,0.03655774772596487
16287.299999903209,368.1650222515771,368.12912167003014,0.035900581546968624
16297.59999990306,368.07822397018333,368.0432109111975,0.03501305898583951
16307.89999990291,367.9917735257743,367.957270073297,0.03450345247728137
16318.19999990276,367.9050344683059,367.87130334250895,0.0337311257969759
16328.49999990261,367.8184337570879,367.78530659381744,0.03312716327047838
16338.79999990246,367.7319324615617,367.6992731593088,0.03265930225290958
16349.09999990231,367.64503401266205,367.61321563645845,0.03181837620360284
16359.39999990216,367.55801183900223,367.52713428661184,0.030877552390393248
16369.69999990201,367.47126137063333,367.4410181669607,0.030243203672625896
16379.99999990186,367.3843490583339,367.35487602469556,0.02947303363833953
16390.299999901712,367.29750876342655,367.268711859771,0.02879690365557508
16400.599999901562,367.2104289228357,367.1825225680579,0.027906354777826436
16410.899999901412,367.12343800420155,367.0963019778174,0.027136026384141587
16421.199999901262,367.03660233486414,367.010061168623,0.02654116624114522
16431.499999901112,366.9495837477766,366.9238004016188,0.02578334615782296
16441.799999900963,366.8625380251743,366.83751096076315,0.02502706441111968
16452.099999900813,366.7758693500769,366.7511996752261,0.02466967485082705
16462.399999900663,366.6885849977665,366.66487023429505,0.023714763471446076
16472.699999900513,366.6011642462328,366.5785204293934,0.02264381683943384
16482.999999900363,366.5134386052092,366.49214483130294,0.02129377390627951
16493.299999900213,366.4266555781961,366.40575287870155,0.020902699494570243
16503.599999900063,366.3391047717145,366.31934483224217,0.019759939472351107
16513.899999899913,366.25229968043055,366.23291407484834,0.01938560558221525
16524.199999899763,366.165018441609,366.1464657670449,0.018552674564091376
16534.499999899614,366.0777321495407,366.06000316391163,0.017728985629048566
16544.799999899464,365.99055304868006,365.9735248267583,0.017028221921748354
16555.099999899314,365.90333614365693,365.88702631319467,0.016309830462262198
16565.399999899164,365.8160485664333,365.8005153004085,0.015533266024817749
16575.699999899014,365.72886906012985,365.71399204827577,0.014877011854082411
16585.999999898864,365.641433301756,365.6274519093419,0.01398139241410945
16596.299999898714,365.5541810697617,365.5408986252731,0.013282444488595502
16606.599999898564,365.4668229819172,365.45433489456144,0.012488087355734478
16616.899999898415,365.37961235250316,365.3677599226827,0.01185242982046475
16627.199999898265,365.292233869604,365.28117049583284,0.011063373771150964
16637.499999898115,365.2049570961346,365.1945724117495,0.01038468438508744
16647.799999897965,365.117502723539,365.10796592925135,0.009536794287669181
16658.099999897815,365.0301331525092,365.021348239918,0.00878491259123848
16668.399999897665,364.94288871370753,364.934721916206,0.00816679750153071
16678.699999897515,364.85535389692393,364.8480889790545,0.007264917869406418
16688.999999897365,364.7681801034054,364.7614491526037,0.0067309508017388
16699.299999897215,364.680617444052,364.67480069034593,0.005816753706085365
16709.599999897066,364.5934927036215,364.58814739547245,0.005345308149060202
16719.899999896916,364.5061564559165,364.50148952546886,0.0046669304476267826
16730.199999896766,364.418251094926,364.4148259794121,0.0034251155138917966
16740.499999896616,364.3312945729188,364.32815840952304,0.003136163395765834
16750.799999896466,364.24367030428056,364.24148803988305,0.002182264397504241
16761.099999896316,364.1563419453292,364.15481498828115,0.001526957048042732
16771.399999896166,364.0687718611948,364.06813921068624,0.0006326505085780809
16781.699999896016,363.9813871598671,363.9814624037282,-7.524386109025727e-05
16791.999999895866,363.8939264633917,363.8947848232898,-0.000858359898074923
16802.299999895717,363.8064341777453,363.8081069437494,-0.001672766004105597
16812.599999895567,363.7192338795006,363.7214297448631,-0.0021958653624665203
16822.899999895417,363.6317986614827,363.63475353645055,-0.0029548749678269814
16833.199999895267,363.5445031164895,363.54807870568175,-0.0035755891922235605
16843.499999895117,363.45693003819144,363.461407142183,-0.004477103991575859
16853.799999894967,363.36949976630234,363.37473832729916,-0.005238560996815522
16864.099999894817,363.28213748184464,363.2880725150462,-0.005935033201581064
16874.399999894667,363.194770396714,363.2014116225359,-0.006641225821908847
16884.699999894518,363.10729349012644,363.1147562031127,-0.007462712986239239
16894.999999894368,363.01994253676725,363.02810553706183,-0.008163000294587164
16905.299999894218,362.93239222827884,362.9414601576701,-0.00906792939127854
16915.599999894068,362.8452104009474,362.8548241149508,-0.009613714003421592
16925.899999893918,362.7577895065725,362.7681945697304,-0.010405063157861605
16936.199999893768,362.67030240861055,362.6815717739008,-0.01126936529027489
16946.49999989362,362.58302785352237,362.5949589546475,-0.011931101125128407
16956.79999989347,362.49568036549164,362.5083564827377,-0.012676117246087415
16967.09999989332,362.40826790643825,362.4217624960033,-0.013494589565027582
16977.39999989317,362.3209906884706,362.3351775518358,-0.01418686336518249
16987.69999989302,362.2336579718003,362.2486080824792,-0.014950110678910278
16997.99999989287,362.14653426694656,362.162048826687,-0.015514559740438472
17008.29999989272,362.05912114824855,362.0755000339762,-0.01637888572764723
17018.59999989257,361.9718212935095,361.9889661091324,-0.017144815622884835
17028.89999989242,361.8847046382941,361.9024474814717,-0.017742843177586565
17039.19999989227,361.7973493195736,361.81594103602276,-0.018591716449179785
17049.49999989212,361.7101244502983,361.72944723376236,-0.019322783464076565
17059.79999989197,361.6229747028463,361.6429751057062,-0.020000402859920996
17070.09999989182,361.53574650741325,361.55651687083724,-0.020770363423991967
17080.39999989167,361.4484965651584,361.47007277605405,-0.021576210895659642
17090.69999989152,361.3613531930904,361.3836482717232,-0.02229507863279423
17100.99999989137,361.27413842069353,361.29724408365684,-0.023105662963303075
17111.29999989122,361.18717010157565,361.2108557365029,-0.023685634927232968
17121.59999989107,361.10006923884566,361.1244834760304,-0.024414237184714693
17131.89999989092,361.01281274140797,361.03813914286667,-0.02532640145869891
17142.19999989077,360.9258811952207,360.9518123425509,-0.025931147330197746
17152.49999989062,360.8386861760517,360.8655033191268,-0.026817143075106742
17162.79999989047,360.75190062970194,360.7792184372414,-0.027317807539475325
17173.09999989032,360.66484366850545,360.6929589535137,-0.028115285008254887
17183.39999989017,360.57770723862797,360.6067189276019,-0.02901168897392381
17193.69999989002,360.4909691923527,360.5204986023259,-0.029529409973235943
17203.99999988987,360.4037460505627,360.4343118453821,-0.030565794819437997
17214.29999988972,360.3171941428135,360.3481465466755,-0.030952403861988387
17224.59999988957,360.2300989566717,360.2620026180656,-0.03190366139386924
17234.89999988942,360.1434167047792,360.17588720815314,-0.032470503373929205
17245.19999988927,360.05645628616105,360.08980233459954,-0.03334604843848865
17255.49999988912,359.9695501685189,360.00374049061793,-0.03419032209905026
17265.79999988897,359.883086327821,359.91770191585385,-0.0346155880328638
17276.099999888822,359.7959978666697,359.83170236004366,-0.03570449337394166
17286.399999888672,359.70963099504144,359.74572825564064,-0.03609726059920604
17296.699999888522,359.6227299692067,359.6597790676492,-0.0370490984424805
17306.999999888372,359.53608632246176,359.57386259951943,-0.037776277057673724
17317.299999888222,359.4495508579317,359.48798185569416,-0.03843099776247527
17327.599999888072,359.3626788534675,359.4021276648142,-0.03944881134668776
17337.899999887923,359.276541417114,359.3163002631337,-0.03975884601970847
17348.199999887773,359.18972818084814,359.23051713772105,-0.04078895687291606
17358.499999887623,359.10341506447077,359.14476351911986,-0.04134845464909631
17368.799999887473,359.0168374481653,359.0590383131828,-0.04220086501749165
17379.099999887323,358.930499317301,358.97334985056705,-0.04285053326606203
17389.399999887173,358.844190897921,358.8877023433364,-0.043511445415390426
17399.699999887023,358.75791380099395,358.80208486092533,-0.04417105993138648
17409.999999886873,358.67156919795417,358.7164976359875,-0.0449284380333097
17420.299999886724,358.5851561553475,358.6309597488102,-0.04580359346272189
17430.599999886574,358.49890130493253,358.54545548045996,-0.04655417552743302
17440.899999886424,358.4129164486891,358.4599830679122,-0.0470666192231306
17451.199999886274,358.3266347938734,358.3745512430829,-0.04791644920953786
17461.499999886124,358.24051267048327,358.2891656412129,-0.04865297072961994
17471.799999885974,358.1544767664225,358.2038134815428,-0.049336715120318786
17482.099999885824,358.0684436160166,358.11849499292526,-0.05005137690864103
17492.399999885674,357.98238816848783,358.0332307056148,-0.05084253712698228
17502.699999885524,357.89662213885305,357.94800420007107,-0.051382061218021136
17512.999999885375,357.81078711793504,357.8628129374257,-0.05202581949066598
17523.299999885225,357.72468344338625,357.7776659268208,-0.0529824834345618
17533.599999885075,357.6390149482717,357.69257043658297,-0.05355548831124679
17543.899999884925,357.5531840494259,357.6075117485617,-0.05432769913579705
17554.199999884775,357.4673727944032,357.5224900876166,-0.05511729321335679
17564.499999884625,357.38179752544903,357.4375272918368,-0.055729766387742075
17574.799999884475,357.2962898273679,357.35260648594885,-0.05631665858095403
17585.099999884325,357.21045172029386,357.2677242512103,-0.05727253091646389
17595.399999884175,357.1249831423247,357.1828897520859,-0.05790660976117579
17605.699999884026,357.0395314516301,357.09811209390546,-0.058580642275330774
17615.999999883876,356.9540577910523,357.0133745378516,-0.05931674679925436
17626.299999883726,356.86872089560626,356.9286773046078,-0.05995640900152921
17636.599999883576,356.78317020181197,356.84404339933405,-0.060873197522084865
17646.899999883426,356.69798902791155,356.75945573148516,-0.06146670357361472
17657.199999883276,356.6128772953407,356.6749099015181,-0.0620326061774108
17667.499999883126,356.527641447687,356.59041510964875,-0.06277366196172807
17677.799999882976,356.44241884855956,356.5059824958134,-0.06356364725382946
17688.099999882827,356.3573037986911,356.42159322129476,-0.06428942260367876
17698.399999882677,356.2722099588731,356.3372475024262,-0.0650375435531032
17708.699999882527,356.1872258138642,356.2529693722831,-0.06574355841888746
17718.999999882377,356.102491003905,356.1687417607019,-0.06625075679687598
17729.299999882227,356.01748309239116,356.0845591896728,-0.06707609728164243
17739.599999882077,355.93274737707907,356.0004307781176,-0.06768340103855053
17749.899999881927,355.84789973648,355.91636989156524,-0.0684701550852651
17760.199999881777,355.7633334051131,355.83235551631765,-0.06902211120456059
17770.499999881627,355.6785789002992,355.748387864193,-0.06980896389376312
17780.799999881478,355.59402498613696,355.6644918588666,-0.07046687272963936
17791.099999881328,355.5095796242711,355.58065068102553,-0.07107105675441971
17801.399999881178,355.4249854385389,355.4968576799337,-0.0718722413948285
17811.699999881028,355.34064629825724,355.4131217788821,-0.07247548062485976
17821.999999880878,355.2563577885244,355.3294587530808,-0.07310096455643134
17832.299999880728,355.1719780557581,355.24584534302124,-0.0738672872631696
17842.59999988058,355.087695573518,355.16228175585064,-0.07458618233266634
17852.89999988043,355.0034141406235,355.0787936705887,-0.07537952996523245
17863.19999988028,354.9193658125097,354.9953647437023,-0.0759989311926006
17873.49999988013,354.835450763902,354.91198706101136,-0.07653629710938503
17883.79999987998,354.7513847290967,354.82866923872155,-0.07728450962486022
17894.09999987983,354.66747250093704,354.7454296386554,-0.07795713771838564
17904.39999987968,354.58355374664643,354.6622426890018,-0.07868894235537027
17914.69999987953,354.4997660390675,354.5791085920903,-0.0793425530227978
17924.99999987938,354.4160038359497,354.49605364930096,-0.08004981335125194
17935.29999987923,354.33231010374124,354.4130622119347,-0.08075210819345102
17945.59999987908,354.2486700536289,354.3301250153163,-0.08145496168737054
17955.89999987893,354.16516729617877,354.24725026015585,-0.08208296397708637
17966.19999987878,354.0818889672693,354.16445906442425,-0.08257009715492813
17976.49999987863,353.99851798894923,354.0817234819299,-0.08320549298065316
17986.79999987848,353.91518427296614,353.9990437100477,-0.08385943708157129
17997.09999987833,353.8319459386661,353.9164465420048,-0.08450060333871079
18007.39999987818,353.7487014772547,353.83391723680205,-0.08521575954733862
18017.69999987803,353.6655596944549,353.7514450959985,-0.085885401543635
18027.99999987788,353.58244174003937,353.6690377995943,-0.08659605955494953
18038.29999987773,353.4994862521614,353.5867193836329,-0.08723313147152112
18048.59999987758,353.4165803903355,353.5044594699433,-0.08787907960777375
18058.89999987743,353.33372284843597,353.4222582508179,-0.08853540238192181
18069.19999987728,353.25104726883205,353.3401428834792,-0.08909561464713533
18079.49999987713,353.1682653529569,353.25809974101315,-0.08983438805626065
18089.79999987698,353.0857965392835,353.17611661182514,-0.09032007254165819
18100.09999987683,353.0031990641134,353.0942005533275,-0.09100148921407936
18110.39999987668,352.9206970090926,353.0123786737549,-0.09168166466230332
18120.69999987653,352.8382231655067,352.9306181098906,-0.09239494438389784
18130.99999987638,352.75589037814564,352.84891904882585,-0.09302867068021214
18141.29999987623,352.6736801511231,352.7673088867673,-0.09362873564418805
18151.59999987608,352.59150471714173,352.6857753105191,-0.09427059337735955
18161.899999875932,352.50954909481334,352.6043045199199,-0.09475542510654122
18172.199999875782,352.4274567345259,352.52290285138366,-0.09544611685777227
18182.499999875632,352.3454301150576,352.44160063147586,-0.09617051641828311
18192.799999875482,352.26365418355925,352.3603624634429,-0.09670827988367137
18203.099999875332,352.1818915710113,352.2791885290659,-0.09729695805458505
18213.399999875182,352.10008473222894,352.19810634153254,-0.0980216093036006
18223.699999875033,352.0185445359982,352.1171050939977,-0.09856055799946262
18233.999999874883,351.93677425197393,352.0361693263762,-0.0993950744022527
18244.299999874733,351.8554667359255,351.9553045592586,-0.09983782333307545
18254.599999874583,351.7740418870353,351.87454447555086,-0.10050258851555327
18264.899999874433,351.6926839543125,351.79385110107893,-0.10116714676644278
18275.199999874283,351.6115051377143,351.71322461221405,-0.1017194744997596
18285.499999874133,351.53035694941974,351.6326925202876,-0.10233557086786504
18295.799999873983,351.4494193590168,351.5522457102089,-0.10282635119210681
18306.099999873833,351.36841334889994,351.47186699473804,-0.10345364583810124
18316.399999873684,351.2868542677493,351.3915609875117,-0.10470671976241874
18326.699999873534,351.2060615871369,351.31136485752546,-0.10530327038856058
18336.999999873384,351.12548324024124,351.2312380139304,-0.10575477368917063
18347.299999873234,351.0447406708302,351.1511806275972,-0.10643995676701934
18357.599999873084,350.96421723842343,351.07122009247564,-0.10700285405221166
18367.899999872934,350.8836701467372,350.99134916319895,-0.10767901646175915
18378.199999872784,350.803291469593,350.9115488623266,-0.10825739273360568
18388.499999872634,350.72300293428344,350.83182280920266,-0.10881987491922018
18398.799999872484,350.64279634630077,350.75221178029307,-0.10941543399229658
18409.099999872335,350.56283135065576,350.6726725334591,-0.10984118280333632
18419.399999872185,350.4826015312707,350.5932052339897,-0.1106037027190041
18429.699999872035,350.40278967443845,350.5138370463745,-0.11104737193602432
18439.999999871885,350.32272295885315,350.43456276532055,-0.1118398064674011
18450.299999871735,350.2430973793693,350.35536156437615,-0.11226418500683621
18460.599999871585,350.1633045013269,350.27623598513213,-0.11293148380525508
18470.899999871435,350.08377641964125,350.19723052444914,-0.11345410480788587
18481.199999871285,350.0041864394685,350.11829925892374,-0.11411281945521523
18491.499999871136,349.9248298970332,350.0394423481912,-0.11461245115799557
18501.799999870986,349.84552355747894,349.9606866187732,-0.11516306129425402
18512.099999870836,349.7662005053925,349.8820290680194,-0.11582856262691621
18522.399999870686,349.687247485494,349.80344696592863,-0.11619948043460226
18532.699999870536,349.60801258231163,349.72494169683216,-0.11692911452053067
18542.999999870386,349.5291372550188,349.64656158238574,-0.11742432736696173
18553.299999870236,349.45034832783085,349.568257992578,-0.11790966474717379
18563.599999870086,349.3715465771356,349.4900310813273,-0.11848450419171286
18573.899999869936,349.29280782537245,349.4119072323636,-0.11909940699115396
18584.199999869787,349.21415307170616,349.33388580032397,-0.11973272861780515
18594.499999869637,349.13578992440614,349.25594210142054,-0.12015217701440406
18604.799999869487,349.0573619705045,349.1780762872385,-0.12071431673405186
18615.099999869337,348.97907403889434,349.10034060005876,-0.12126656116441836
18625.399999869187,348.9009150231473,349.02268368253016,-0.12176865938283754
18635.699999869037,348.8227072242915,348.94510568280026,-0.12239845850876918
18645.999999868887,348.7446778561009,348.86763244076906,-0.12295458466815035
18656.299999868737,348.6667712076024,348.790265814961,-0.12349460735862294
18666.599999868587,348.58899387963163,348.71297912188436,-0.12398524225272922
18676.899999868438,348.51127669194415,348.6357725073323,-0.12449581538817256
18687.199999868288,348.4336814428527,348.5586983263434,-0.12501688349072992
18697.499999868138,348.3560722279488,348.48170637317827,-0.12563414522946914
18707.799999867988,348.2786954425709,348.4047954918019,-0.12610004923101314
18718.099999867838,348.2013452107186,348.32799088112256,-0.1266456704039456
18728.399999867688,348.1241512002777,348.2512970420078,-0.1271458417301119
18738.69999986754,348.047013474617,348.17468524967217,-0.12767177505514837
18748.99999986739,347.9699617416244,348.09815564407677,-0.12819390245238083
18759.29999986724,347.8930729131737,348.02176056988446,-0.12868765671078108
18769.59999986709,347.81625014520176,347.9454511631252,-0.1292010179234353
18779.89999986694,347.7395299839888,347.86922489629177,-0.12969491230296626
18790.19999986679,347.6628872999192,347.79310623409543,-0.13021893417624142
18800.49999986664,347.58637745494724,347.71710244997837,-0.13072499503113022
18810.79999986649,347.51000494671547,347.64118274059757,-0.13117779388210238
18821.09999986634,347.4335840312232,347.56534724004945,-0.13176320882627124
18831.39999986619,347.35731442580516,347.48964816333256,-0.13233373752740363
18841.69999986604,347.2813139965,347.41403817046375,-0.13272417396376568
18851.99999986589,347.2053395052621,347.3385132993286,-0.13317379406652208
18862.29999986574,347.12943221577257,347.2630971912625,-0.1336649754899213
18872.59999986559,347.0536091368343,347.1878000142292,-0.13419087739487168
18882.89999986544,346.9778518139365,347.11258885338066,-0.13473703944413273
18893.19999986529,346.9023369482507,347.03746383692396,-0.1351268886732555
18903.49999986514,346.8268206454694,346.9624769348485,-0.13565628937908514
18913.79999986499,346.75142353517646,346.88758250531095,-0.1361589701344883
18924.09999986484,346.676118730698,346.81277509263293,-0.13665636193491082
18934.39999986469,346.60094961406713,346.7380774296796,-0.13712781561247311
18944.69999986454,346.5259533899652,346.6635026925594,-0.13754930259420917
18954.99999986439,346.4509942701187,346.5890158262674,-0.1380215561487148
18965.29999986424,346.37614839866774,346.51461695310513,-0.13846855443739514
18975.59999986409,346.3013139245376,346.4403576867436,-0.13904376220597214
18985.89999986394,346.22669250102507,346.3661942494601,-0.13950174843500918
18996.19999986379,346.15214165778417,346.2921196372479,-0.13997797946370838
19006.49999986364,346.07776730974035,346.2181555935411,-0.1403882838007462
19016.79999986349,346.0034474299504,346.1443184078699,-0.14087097791946235
19027.09999986334,345.92934106600325,346.07057086068863,-0.14122979468538688
19037.39999986319,345.8551289609508,345.996913068385,-0.141784107434205
19047.69999986304,345.7811689213123,345.9233961811196,-0.1422272598072709
19057.999999862892,345.70733748038424,345.8499784430102,-0.14264096262593284
19068.299999862742,345.63355196027254,345.77665125115584,-0.1430992908832991
19078.599999862592,345.559912165905,345.7034352827706,-0.1435231168655946
19088.899999862442,345.4864781185308,345.63035003773496,-0.14387191920417308
19099.199999862292,345.4129364078034,345.557356111809,-0.14441970400559967
19109.499999862142,345.33968251989666,345.4844536154668,-0.14477109557014955
19119.799999861993,345.26636401777614,345.41169313235355,-0.14532911457740738
19130.099999861843,345.1932934863951,345.33903507781923,-0.1457415914241551
19140.399999861693,345.1203416978017,345.26646920369694,-0.14612750589526513
19150.699999861543,345.0474306900124,345.19401504839175,-0.14658435837935713
19160.999999861393,344.9747573843713,345.1216954107301,-0.14693802635883912
19171.299999861243,344.9020015002996,345.0494686858105,-0.14746718551089089
19181.599999861093,344.8294463760259,344.9773349782006,-0.147888602174703
19191.899999860943,344.75709740394194,344.9053442062721,-0.14824680233016352
19202.199999860793,344.6848087948097,344.8334590976224,-0.1486503028126549
19212.499999860644,344.61260657222454,344.7616677166287,-0.14906114440418605
19222.799999860494,344.5405437262912,344.6899883945173,-0.14944466822606728
19233.099999860344,344.46859726962884,344.6184473093557,-0.14985003972685718
19243.399999860194,344.39668527944195,344.5470006437456,-0.15031536430365122
19253.699999860044,344.32502349352876,344.4756484963639,-0.15062500283511326
19263.999999859894,344.25339941859403,344.4044400258463,-0.1510406072522983
19274.299999859744,344.1818286159401,344.3333404046468,-0.1515117887066708
19284.599999859594,344.11040235468107,344.26233597165754,-0.15193361697646424
19294.899999859445,344.0391821839801,344.191443786784,-0.15226160280394652
19305.199999859295,343.96800698515915,344.12069347937955,-0.15268649422040426
19315.499999859145,343.89687475483606,344.0500390117865,-0.153164256950447
19325.799999858995,343.8260701311465,343.9794804768132,-0.15341034566671397
19336.099999858845,343.75515258785424,343.90906618323186,-0.15391359537761673
19346.399999858695,343.6845654626204,343.8387638725457,-0.15419840992529998
19356.699999858545,343.61394604920423,343.7685581242635,-0.15461207505927632
19366.999999858395,343.54349899782756,343.6984646670566,-0.15496566922905686
19377.299999858245,343.47318078774157,343.62851664542353,-0.1553358576819619
19387.599999858096,343.40293173855866,343.55866579768974,-0.15573405913107763
19397.899999857946,343.3328394041251,343.48891221082476,-0.15607280669968304
19408.199999857796,343.26281725369535,343.4193032579725,-0.15648600427715564
19418.499999857646,343.19299842328667,343.3498093654692,-0.156810942182517
19428.799999857496,343.12321608583227,343.2804133236352,-0.1571972378029045
19439.099999857346,343.05357904726714,343.211129474214,-0.15755042694684107
19449.399999857196,342.9841585861545,343.1419945326052,-0.15783594645074572
19459.699999857046,342.914728869024,343.07295801329076,-0.1582291442667838
19469.999999856896,342.845452449458,343.0040199974374,-0.1585675479794304
19480.299999856747,342.77621015314514,342.9352268411783,-0.15901668803314806
19490.599999856597,342.70722706455973,342.8665517630819,-0.15932469852214126
19500.899999856447,342.63837102791234,342.7979757385235,-0.15960471061117687
19511.199999856297,342.56958294925323,342.7295116708276,-0.15992872157437432
19521.499999856147,342.5008615647412,342.6611998940436,-0.16033832930241942
19531.799999855997,342.43230805650103,342.5929877028326,-0.16067964633157317
19542.099999855847,342.36395958585723,342.52487517260175,-0.16091558674452244
19552.399999855697,342.295616920302,342.45690756548265,-0.1612906451806566
19562.699999855548,342.22743383689635,342.3890609913317,-0.1616271544353367
19572.999999855398,342.15935313749833,342.3213145888187,-0.1619614513203942
19583.299999855248,342.09138941969974,342.2536797755347,-0.16229035583495488
19593.599999855098,342.0236137962233,342.1862005440303,-0.1625867478070404
19603.899999854948,341.9557954385088,342.11882197693285,-0.1630265384240488
19614.199999854798,341.8883415874137,342.05154414393905,-0.16320255652533433
19624.49999985465,341.8208149560583,341.98441114057977,-0.16359618452145241
19634.7999998545,341.7534960477023,341.9174020587693,-0.16390601106701297
19645.09999985435,341.686312991373,341.85049418264805,-0.1641811912750768
19655.3999998542,341.61925770766027,341.7836974009029,-0.16443969324262753
19665.69999985405,341.55229043935515,341.7170593966646,-0.16476895730943397
19675.9999998539,341.48545612244845,341.6505230519841,-0.16506692953566926
19686.29999985375,341.4187292405917,341.5840884309035,-0.16535919031178992
19696.5999998536,341.352120828212,341.5177983941364,-0.16567756592439764
19706.89999985345,341.28566816245893,341.45163509821265,-0.16596693575371546
19717.1999998533,341.2193370330996,341.3855739587898,-0.16623692569021387
19727.49999985315,341.15304498739664,341.31962329658234,-0.16657830918569516
19737.799999853,341.0869463443147,341.2538345097439,-0.1668881654292136
19748.09999985285,341.02099164709404,341.18814829478055,-0.16715664768651095
19758.3999998527,340.9551833009486,341.1225647101408,-0.16738140919221678
19768.69999985255,340.8894296977466,341.0571253178705,-0.1676956201238795
19778.9999998524,340.82390739110775,340.9918154135478,-0.1679080224400309
19789.29999985225,340.7583828338903,340.9266085341921,-0.1682257003017753
19799.5999998521,340.69300118384155,340.8615113975321,-0.16851021369058117
19809.89999985195,340.6278363617288,340.7965791336997,-0.16874277197092624
19820.1999998518,340.5626824273132,340.7317502721584,-0.1690678448452445
19830.49999985165,340.4977409710761,340.6670248658302,-0.16928389475407357
19840.7999998515,340.43287179719795,340.60244311858287,-0.1695713213849217
19851.09999985135,340.3680899586719,340.5379935314525,-0.1699035727806404
19861.3999998512,340.3031941144246,340.47364775638545,-0.1704536419608189
19871.69999985105,340.239001075663,340.40941087711,-0.1704098014470219
19881.9999998509,340.1746475696016,340.3453417653652,-0.17069419576364453
19892.29999985075,340.110459023089,340.2813768054387,-0.17091778234970434
19902.5999998506,340.04635993814026,340.21751604479806,-0.17115610665780423
19912.89999985045,339.9823771485952,340.1537982739295,-0.171421125334291
19923.1999998503,339.91850336723735,340.0902152578287,-0.1717118905913253
19933.49999985015,339.8548271253293,340.026736760571,-0.1719096352417182
19943.79999985,339.79127666821324,339.96336620480804,-0.17208953659479675
19954.099999849852,339.7277699119225,339.9001662063577,-0.17239629443520244
19964.399999849702,339.6644416764625,339.8370710294521,-0.17262935298958837
19974.699999849552,339.60125718463956,339.77408071618174,-0.17282353154217844
19984.999999849402,339.53817093917496,339.71123259271354,-0.17306165353858205
19995.299999849252,339.4752439499304,339.6485217387245,-0.1732777887941097
20005.599999849102,339.41242112542267,339.585916031169,-0.1734949057463382
20015.899999848953,339.3497033196116,339.523417208415,-0.17371388880343375
20026.199999848803,339.2871454981645,339.461091625857,-0.17394612769254536
20036.499999848653,339.22468245589823,339.39887145592974,-0.17418900003150384
20046.799999848503,339.1623868535792,339.3367567354285,-0.17436988184925895
20057.099999848353,339.1002270870388,339.274783279481,-0.17455619244225318
20067.399999848203,339.0381146922516,339.21294952552745,-0.17483483327583826
20077.699999848053,338.9762181518554,339.1512214676054,-0.17500331575001837
20087.999999847903,338.9144511494939,339.0895991403894,-0.17514799089548205
20098.299999847753,338.85274359745864,339.0281526275619,-0.17540903010325337
20108.599999847604,338.7911320370952,338.9668120410388,-0.17568000394356886
20118.899999847454,338.72984603224603,338.9055774124071,-0.17573138016109624
20129.199999847304,338.6684882591504,338.84448300319826,-0.17599474404784132
20139.499999847154,338.60741434861234,338.7835306442079,-0.1761162955955342
20149.799999847004,338.54627572406605,338.722684454118,-0.17640873005194635
20160.099999846854,338.4853950410872,338.6619444624287,-0.17654942134151952
20170.399999846704,338.42464245620147,338.60137932060013,-0.17673686439866287
20180.699999846554,338.36396033081775,338.54092225684195,-0.17696192602420524
20190.999999846405,338.30350762044355,338.48057158341226,-0.17706396296870253
20201.299999846255,338.2430654980288,338.4203599697899,-0.17729447176111535
20211.599999846105,338.1828363055804,338.36029266839165,-0.17745636281125599
20221.899999845955,338.1226817335555,338.3003319333594,-0.17765019980390662
20232.199999845805,338.0627121892876,338.2404777891141,-0.17776559982650042
20242.499999845655,338.00292091947614,338.1807973941743,-0.17787647469816648
20252.799999845505,337.943067849605,338.1212271664594,-0.1781593168544191
20263.099999845355,337.88357160091175,338.0617636868388,-0.17819208592703717
20273.399999845205,337.82395245342275,338.00243799831696,-0.1784855448942153
20283.699999845056,337.7646730327523,337.94325879604065,-0.17858576328836762
20293.999999844906,337.7054572759665,337.88418648357674,-0.1787292076102176
20304.299999844756,337.6463583600869,337.82522108036335,-0.1788627202764701
20314.599999844606,337.58736742327466,337.7664281957205,-0.17906077244583685
20324.899999844456,337.5285869726924,337.7077475027119,-0.17916053001954424
20335.199999844306,337.4698647401052,337.64917384230654,-0.17930910220133
20345.499999844156,337.41127076979444,337.59073660057254,-0.1794658307780992
20355.799999844006,337.35280079511836,337.53244792952,-0.17964713440164815
20366.099999843856,337.2945258601259,337.4742663991458,-0.17974053901991738
20376.399999843707,337.2363259068281,337.41619202400545,-0.17986611717736878
20386.699999843557,337.17828043191156,337.35828881235886,-0.18000838044730472
20396.999999843407,337.12036517051877,337.3004997500259,-0.18013457950712564
20407.299999843257,337.06255723628925,337.24281793301435,-0.18026069672509948
20417.599999843107,337.00488830961035,337.18527106387654,-0.18038275426619066
20427.899999842957,336.9473841792291,337.12787475883175,-0.18049057960263326
20438.199999842807,336.8899759017222,337.07058577424067,-0.18060987251845972
20448.499999842657,336.8326859486012,337.01340411987974,-0.18071817127855638
20458.799999842508,336.7754967934342,336.95639215541684,-0.18089536198266387
20469.099999842358,336.7185545861496,336.899496229378,-0.1809416432283797
20479.399999842208,336.6616207424107,336.84270769110344,-0.18108694869272313
20489.699999842058,336.6048726665886,336.78605253684816,-0.18117987025954108
20499.999999841908,336.5482605208032,336.72954984779636,-0.18128932699318057
20510.299999841758,336.49178539356114,336.6731545894198,-0.18136919585867872
20520.59999984161,336.43535333047896,336.61686676682234,-0.1815134363433799
20530.89999984146,336.3791621744182,336.5607470478068,-0.1815848733886014
20541.19999984131,336.3230607000149,336.50474518606325,-0.1816844860483684
20551.49999984116,336.26705208952376,336.4488507858123,-0.1817986962885243
20561.79999984101,336.2112615491011,336.39308811794007,-0.18182656883897153
20572.09999984086,336.1554919127803,336.3374797229632,-0.18198781018293175
20582.39999984071,336.09988455218365,336.2819788009099,-0.18209424872623003
20592.69999984056,336.04450533940144,336.22658535232085,-0.182080012919414
20602.99999984041,335.9890708786028,336.1713583140408,-0.1822874354380133
20613.29999984026,335.93390872738917,336.1162508800707,-0.1823421526815423
20623.59999984011,335.8788316942478,336.0612509142088,-0.18241921996099109
20633.89999983996,335.8239233510079,336.0063809465185,-0.18245759551058427
20644.19999983981,335.7691046689658,335.95166696503816,-0.18256229607237628
20654.49999983966,335.7144466262811,335.8970604323761,-0.1826138060950484
20664.79999983951,335.6598829297779,335.84256134462225,-0.18267841484436076
20675.09999983936,335.60547434580724,335.7882268726695,-0.1827525268622594
20685.39999983921,335.5512162908107,335.73401367885106,-0.18279738804034196
20695.69999983906,335.4970638502023,335.6799078942834,-0.18284404408109367
20705.99999983891,335.44302276827295,335.6259302962743,-0.18290752800135124
20716.29999983876,335.3891010717204,335.57211030261016,-0.18300923088975196
20726.59999983861,335.33532047473784,335.5183976689618,-0.1830771942239835
20736.89999983846,335.2816943876711,335.4647923870826,-0.18309799941147276
20747.19999983831,335.2281748228199,335.41134983093144,-0.1831750081115615
20757.49999983816,335.1748244686685,335.35803015226554,-0.18320568359706613
20767.79999983801,335.12157692648213,335.30481776019394,-0.18324083371180677
20778.09999983786,335.06844634962926,335.2517316707573,-0.1832853211280394
20788.39999983771,335.01544143587466,335.1988047079721,-0.18336327209743786
20798.69999983756,334.96259704627624,335.1459849533914,-0.1833879071151614
20808.99999983741,334.9098727583586,335.0932723945484,-0.18339963618984712
20819.29999983726,334.8572547087034,335.0407205814059,-0.18346587270247028
20829.59999983711,334.80477588284833,334.98829316950855,-0.18351728666021927
20839.89999983696,334.75243674317454,334.93597285945447,-0.1835361162799245
20850.199999836812,334.70021186904967,334.8837769008234,-0.18356503177375316
20860.499999836662,334.6481411691109,334.83174149482454,-0.18360032571365537
20870.799999836512,334.5961904035442,334.77981308392776,-0.18362268038356433
20881.099999836362,334.5443470054465,334.7279916515645,-0.18364464611795484
20891.399999836212,334.49266529832204,334.6763289004623,-0.1836636021402569
20901.699999836062,334.4410820205172,334.62479199779756,-0.18370997728038674
20911.999999835913,334.3896476992634,334.5733619518621,-0.1837142525987474
20922.299999835763,334.3383571719671,334.52205424379326,-0.18369707182614547
20932.599999835613,334.28720276042543,334.47090841766254,-0.18370565723711252
20942.899999835463,334.23607199469996,334.4198693139832,-0.18379731928325782
20953.199999835313,334.18519463011756,334.3689369122052,-0.18374228208762133
20963.499999835163,334.1343751320792,334.3181610483062,-0.18378591622700924
20973.799999835013,334.08371799170834,334.2675124026309,-0.1837944109225873
20984.099999834863,334.0331925738553,334.2169703099631,-0.18377773610779968
20994.399999834714,333.98280640770594,334.16654848411974,-0.18374207641380735
21004.699999834564,333.9325375750949,334.11628977264246,-0.18375219754756245
21014.999999834414,333.8824052033901,334.0661374531828,-0.18373224979274028
21025.299999834264,333.83230879638296,334.01609150133055,-0.18378270494758908
21035.599999834114,333.78243288876996,333.9661998704205,-0.1837669816505354
21045.899999833964,333.73269937125735,333.91643674941287,-0.18373737815551294
21056.199999833814,333.683023894126,333.86677982085877,-0.18375592673277197
21066.499999833664,333.63355847835004,333.81724103537,-0.1836825570199494
21076.799999833514,333.58413988851163,333.7678664997356,-0.1837266112239604
21087.099999833365,333.53488253750817,333.71859796968613,-0.18371543217796216
21097.399999833215,333.4857967318849,333.6694354170736,-0.1836386851887255
21107.699999833065,333.43678740839147,333.62042490021156,-0.18363749182009315
21117.999999832915,333.38786783583276,333.57154410625634,-0.18367627042357526
21128.299999832765,333.33921108092466,333.5227690891611,-0.18355800823644586
21138.599999832615,333.29052717668026,333.4741100433282,-0.18358286664795287
21148.899999832465,333.2420491356585,333.42561628597576,-0.18356715031728754
21159.199999832315,333.19367172632633,333.3772280935759,-0.18355636724959368
21169.499999832165,333.1454475249065,333.32894543436663,-0.18349790946012945
21179.799999832016,333.0973798355099,333.2808124626683,-0.18343262715836772
21190.099999831866,333.0493786143752,333.23281034777136,-0.18343173339616214
21200.399999831716,333.0015043549257,333.1849135409079,-0.18340918598221378
21210.699999831566,332.9538578063698,333.13713049003286,-0.1832726836630627
21220.999999831416,332.9062145953863,333.0895136696148,-0.18329907422850056
21231.299999831266,332.8587675994398,333.04200192112916,-0.18323432168938325
21241.599999831116,332.81142341461134,332.9945952093242,-0.18317179471284817
21251.899999830966,332.76389270062197,332.9473357788506,-0.18344307822860628
21262.199999830817,332.7169591731773,332.9002082596572,-0.1832490864798615
21272.499999830667,332.6700128056236,332.8531855282551,-0.18317272263146833
21282.799999830517,332.6231818247884,332.8062742985651,-0.18309247377669635
21293.099999830367,332.57648498718777,332.7595301450022,-0.18304515781443342
21303.399999830217,332.5298725043567,332.71289051978545,-0.1830180154287291
21313.699999830067,332.4834297882428,332.66635538429796,-0.18292559605515635
21323.999999829917,332.4370948028499,332.6199650710257,-0.18287026817580454
21334.299999829767,332.3908747245053,332.57370764391703,-0.1828329194117373
21344.599999829617,332.3448033953018,332.52755443476684,-0.18275103946501758
21354.899999829468,332.29883457423574,332.48151043840994,-0.18267586417420034
21365.199999829318,332.25300334942614,332.43563426801524,-0.18263091858909775
21375.499999829168,332.2072467806055,332.38986203364146,-0.18261525303597637
21385.799999829018,332.161770054773,332.34419369343186,-0.1824236386588609
21396.099999828868,332.11625582360676,332.2986676682801,-0.18241184467331095
21406.399999828718,332.07094491536833,332.253275424523,-0.1823305091546672
21416.69999982857,332.02575698541654,332.20798678113056,-0.1822297957140222
21426.99999982842,331.980632756564,332.16280503121845,-0.1821722746544765
21437.29999982827,331.93569711764275,332.1177917618625,-0.18209464421977373
21447.59999982812,331.89084499215903,332.0728817892947,-0.1820367971356518
21457.89999982797,331.846154351598,332.0280750685434,-0.1819207169453989
21468.19999982782,331.80156270033007,331.9834081124333,-0.18184541210325733
21478.49999982767,331.757101731038,331.9388757533599,-0.18177402232191753
21488.79999982752,331.7127960076707,331.8944463311282,-0.18165032345751797
21499.09999982737,331.668549423704,331.8501214568027,-0.1815720330986892
21509.39999982722,331.624507693481,331.80596562309904,-0.1814579296180341
21519.69999982707,331.5804964438623,331.7619124018746,-0.18141595801233734
21529.99999982692,331.536689837816,331.71796174516845,-0.18127190735242493
21540.29999982677,331.49298040040793,331.674148264093,-0.18116786368506155
21550.59999982662,331.4493634070015,331.63047011628646,-0.1811067092849612
21560.89999982647,331.40595347321903,331.58689419770064,-0.1809407244816157
21571.19999982632,331.362544013555,331.5434204592005,-0.180876445645481
21581.49999982617,331.3193785449885,331.50011622768744,-0.18073768269891843
21591.79999982602,331.2762381041151,331.45691388109856,-0.18067577698343484
21602.09999982587,331.2332498065325,331.4138133686085,-0.18056356207597446
21612.39999982572,331.1904046024581,331.3708474086891,-0.1804428062309853
21622.69999982557,331.14767606481377,331.3280174391542,-0.1803413743404576
21632.99999982542,331.10504826439177,331.28528894894856,-0.18024068455679298
21643.29999982527,331.06256718163587,331.2426618861206,-0.1800947044847021
21653.59999982512,331.020240987831,331.20020143695314,-0.17996044912212028
21663.89999982497,330.9779557278302,331.1578437371983,-0.17988800936808502
21674.19999982482,330.9358237135533,331.1155870998262,-0.1797633862728958
21684.49999982467,330.89381236564134,331.073462362337,-0.17964999669567305
21694.79999982452,330.8519626521943,331.03147419363273,-0.17951154143844406
21705.09999982437,330.8101735066587,330.98958671391745,-0.1794132072587331
21715.39999982422,330.7685744817549,330.9477998685501,-0.1792253867951672
21725.69999982407,330.72703272519885,330.9061767032805,-0.1791439780816404
21735.999999823922,330.68564756285093,330.86465708656726,-0.1790095237163314
21746.299999823772,330.6443638436817,330.8232377210418,-0.17887387736010396
21756.599999823622,330.603232676897,330.7819475773785,-0.17871490048150918
21766.899999823472,330.56218745306967,330.740794502693,-0.17860704962333784
21777.199999823322,330.5212912820915,330.6997412880206,-0.17845000592910765
21787.499999823172,330.48047799903077,330.65878787615446,-0.17830987712369506
21797.799999823023,330.4397953636187,330.6179951754068,-0.1781998117880903
21808.099999822873,330.39923999516714,330.5773067569856,-0.1780667618184566
21818.399999822723,330.35883126120154,330.536717740886,-0.17788647968444593
21828.699999822573,330.3184876134617,330.4962552474615,-0.17776763399979245
21838.999999822423,330.2783070828167,330.45593024560895,-0.17762316279225843
21849.299999822273,330.2382436738153,330.4157042379607,-0.1774605641454059
21859.599999822123,330.19826302030447,330.3755771648669,-0.17731414456244465
21869.899999821973,330.1584073747982,330.3356078031762,-0.17720042837800065
21880.199999821823,330.1187031854222,330.2957433922851,-0.17704020686289823
21890.499999821674,330.0791050723795,330.255977498974,-0.17687242659451385
21900.799999821524,330.03954224878754,330.2163354120206,-0.17679316323307148
21911.099999821374,330.0002648506935,330.1768311623419,-0.17656631164840064
21921.399999821224,329.961018599267,330.1374250060149,-0.1764064067479012
21931.699999821074,329.92189088946566,330.0981168810689,-0.17622599160324626
21941.999999820924,329.8828560996919,330.0589634416188,-0.17610734192692235
21952.299999820774,329.84396928142496,330.0199155563218,-0.17594627489683035
21962.599999820624,329.80521992713653,329.9809652697695,-0.17574534263297892
21972.899999820474,329.76654609210976,329.9421360600305,-0.17558996792075732
21983.199999820325,329.727998467858,329.9034449571776,-0.17544648931959728
21993.499999820175,329.6895729508124,329.864851013555,-0.17527806274256363
22003.799999820025,329.6512369278919,329.82635416499136,-0.1751172370994709
22014.099999819875,329.6130769634244,329.7880089542311,-0.17493199080666955
22024.399999819725,329.57496875653476,329.74976983613067,-0.17480107959590896
22034.699999819575,329.53703677010276,329.7116273656116,-0.17459059550884604
22044.999999819425,329.4991594838917,329.6736032329046,-0.17444374901293713
22055.299999819275,329.4614717800763,329.63571740149405,-0.17424562141775368
22065.599999819126,329.42384979038826,329.59792776368045,-0.1740779732921851
22075.899999818976,329.3863627652925,329.5602342532117,-0.17387148791920026
22086.199999818826,329.3489538020046,329.5226893153342,-0.17373551332963189
22096.499999818676,329.3116863265705,329.48525094414316,-0.17356461757265151
22106.799999818526,329.2745660702375,329.4479082387893,-0.1733421685518124
22117.099999818376,329.23750170031934,329.4106811264246,-0.17317942610526416
22127.399999818226,329.2005936922677,329.3735924355415,-0.1729987432738085
22137.699999818076,329.1637558127631,329.33659894284847,-0.17284313008536856
22147.999999817926,329.12708064545757,329.2997005801308,-0.17261993467320735
22158.299999817777,329.0905031106022,329.2629477113969,-0.17244460079473356
22168.599999817627,329.0540349117186,329.22630181935205,-0.17226690763345687
22178.899999817477,329.0176990568789,329.1897505825467,-0.17205152566782544
22189.199999817327,328.98146511200014,329.15331219158605,-0.17184707958591616
22199.499999817177,328.9452971745791,329.11701226912385,-0.17171509454476563
22209.799999817027,328.9093131469336,329.08080652138847,-0.171493374454883
22220.099999816877,328.8733979021001,329.0446948783192,-0.17129697621908235
22230.399999816727,328.83764142905403,329.0087256412135,-0.1710842121594851
22240.699999816577,328.8019339199848,328.97286372731713,-0.17092980733235663
22250.999999816428,328.766398214454,328.93709543091427,-0.17069721646026892
22261.299999816278,328.73094570197304,328.9014372342541,-0.17049153228106206
22271.599999816128,328.69559259797586,328.86591748107537,-0.17032488309951077
22281.899999815978,328.66038535658316,328.8304908527987,-0.17010549621551263
22292.199999815828,328.6252757711234,328.7951572776323,-0.16988150650888656
22302.499999815678,328.59026248063674,328.75996301483417,-0.1697005341974318
22312.79999981553,328.5553692347843,328.72487635890786,-0.1695071241235837
22323.09999981538,328.52059399412985,328.68988225726315,-0.16928826313329637
22333.39999981523,328.48592548519395,328.6549955135295,-0.16907002833556817
22343.69999981508,328.4513444383743,328.6202471174337,-0.16890267905938572
22353.99999981493,328.41692016237977,328.58559077172396,-0.16867060934418987
22364.29999981478,328.3825806085505,328.5510264029909,-0.16844579444040164
22374.59999981463,328.34835533848013,328.5165982511502,-0.16824291267005265
22384.89999981448,328.3142344219072,328.4822779276892,-0.1680435057820091
22395.19999981433,328.28025057539026,328.4480490714884,-0.16779849609815756
22405.49999981418,328.24634232178397,328.41392483872994,-0.16758251694596993
22415.79999981403,328.21254709562305,328.37993878821516,-0.16739169259210485
22426.09999981388,328.1788886569333,328.346043690524,-0.16715503359074546
22436.39999981373,328.14528823165773,328.3122394707409,-0.16695123908317555
22446.69999981358,328.11183103009853,328.27856837404386,-0.16673734394532858
22456.99999981343,328.07848149789396,328.24500526585757,-0.16652376796361068
22467.29999981328,328.0452050506745,328.2115325157311,-0.1663274650566109
22477.59999981313,328.0121239724789,328.17816166489786,-0.1660376924189677
22487.89999981298,327.97907396558,328.14492876270435,-0.16585479712432516
22498.19999981283,327.94616383830663,328.11178569434315,-0.16562185603652324
22508.49999981268,327.9133679247243,328.0787323835019,-0.16536445877761707
22518.79999981253,327.88064587863437,328.04580910701605,-0.16516322838168662
22529.09999981238,327.8480567678104,328.0129939186444,-0.1649371508339641
22539.39999981223,327.8154135589158,327.9802679585556,-0.16485439963980753
22549.69999981208,327.78312465627795,327.9476411867528,-0.1645165304748275
22559.99999981193,327.7508361664231,327.91515206317666,-0.16431589675357827
22570.29999981178,327.7186647991618,327.88275163460173,-0.16408683543994584
22580.59999981163,327.6866087256749,327.85043982342637,-0.1638310977514834
22590.89999981148,327.65463724525387,327.81825496621366,-0.16361772095979177
22601.19999981133,327.622791394806,327.7861782371073,-0.1633868423013496
22611.49999981118,327.5910416027346,327.7541895875037,-0.16314798476906844
22621.79999981103,327.5594055031869,327.7222974310086,-0.16289192782170403
22632.099999810882,327.5278603128584,327.6905425569759,-0.16268224411749088
22642.399999810732,327.49644326953916,327.65887522083256,-0.16243195129339938
22652.699999810582,327.46511441304705,327.6272953437932,-0.16218093074616036
22662.999999810432,327.43388520030805,327.5958393517809,-0.1619541514728553
22673.299999810282,327.40276753591684,327.56449146923626,-0.16172393331942203
22683.599999810132,327.3717495795705,327.53323049995373,-0.16148092038321238
22693.899999809983,327.34083309236166,327.50206334698765,-0.16123025462599117
22704.199999809833,327.3100293007006,327.4710330468778,-0.1610037461771867
22714.499999809683,327.2793331167518,327.4400891107931,-0.1607559940413239
22724.799999809533,327.24873030285846,327.4092314588678,-0.16050115600933168
22735.099999809383,327.21822889243714,327.37849463746807,-0.1602657450309266
22745.399999809233,327.18784557107216,327.34786584930663,-0.16002027823446952
22755.699999809083,327.1575480625158,327.3173227922179,-0.15977472970212148
22765.999999808933,327.1273663080827,327.2868708954626,-0.15950458737989948
22776.299999808783,327.0972851193118,327.2565553596727,-0.15927024036091098
22786.599999808634,327.06729077099527,327.2263249987883,-0.159034227793029
22796.899999808484,327.037355090515,327.19617973196415,-0.15882464144914366
22807.199999808334,327.0076177808624,327.1661522584337,-0.15853447757132244
22817.499999808184,326.9779425120866,327.136232685418,-0.15829017333140882
22827.799999808034,326.94837645395404,327.1063976468158,-0.1580211928617814
22838.099999807884,326.9189002110691,327.0766511356668,-0.15775092459767848
22848.399999807734,326.88951474625986,327.04704043290945,-0.157525686649592
22858.699999807584,326.86025107764743,327.017513702146,-0.1572626244985713
22868.999999807435,326.8310673054451,326.98807086165044,-0.1570035562053249
22879.299999807285,326.8019981773886,326.95874279718254,-0.15674461979392618
22889.599999807135,326.77300333867544,326.9295224451603,-0.15651910648483636
22899.899999806985,326.7441523129005,326.90038541786845,-0.15623310496795284
22910.199999806835,326.7153735973815,326.87133431041775,-0.15596071303627923
22920.499999806685,326.686701815867,326.84241839974374,-0.1557165838767105
22930.799999806535,326.6581014976415,326.81358524578997,-0.15548374814846966
22941.099999806385,326.62964406191173,326.78483476604634,-0.15519070413461122
22951.399999806235,326.6012483766902,326.75619606758744,-0.15494769089724514
22961.699999806086,326.5729827965957,326.7276648393574,-0.15468204276169217
22971.999999805936,326.54479422703395,326.69921571456257,-0.15442148752862295
22982.299999805786,326.5167207358476,326.670849929304,-0.154129193456356
22992.599999805636,326.4887345756771,326.6426186718432,-0.15388409616610943
23002.899999805486,326.4608098412272,326.6144689448629,-0.15365910363567536
23013.199999805336,326.43304697880717,326.58640066516267,-0.1533536863555014
23023.499999805186,326.40535419575957,326.55844119694837,-0.15308700118879415
23033.799999805036,326.3777477097111,326.53058890384125,-0.15284119413013286
23044.099999804886,326.35024662994863,326.5028174826388,-0.15257085269018944
23054.399999804737,326.3228432311344,326.47512684988953,-0.15228361875512064
23064.699999804587,326.2955390703654,326.4475700203052,-0.1520309499397854
23074.999999804437,326.26832361991865,326.4200934853558,-0.15176986543713156
23085.299999804287,326.2412036236251,326.3926971612422,-0.15149353761711382
23095.599999804137,326.2141955733458,326.3654067060462,-0.15121113270038222
23105.899999803987,326.18728230985687,326.33822307921486,-0.1509407693579874
23116.199999803837,326.1604355465691,326.3111190838641,-0.1506835372950377
23126.499999803687,326.13370481862387,326.28409463597785,-0.15038981735398238
23136.799999803538,326.1070702218715,326.257200654547,-0.1501304326754962
23147.099999803388,326.0805289130289,326.2303870027049,-0.14985808967600178
23157.399999803238,326.05406210904084,326.2036523170628,-0.149590208021948
23167.699999803088,326.0277141133082,326.1770205871536,-0.14930647384539952
23177.999999802938,326.00144047467415,326.15049528856844,-0.14905481389428132
23188.299999802788,325.9752845889174,326.1240483734515,-0.1487637845340828
23198.59999980264,325.94921052190847,326.09767975731273,-0.1484692354042636
23208.89999980249,325.9232039813762,326.0714382991348,-0.14823431775857898
23219.19999980234,325.897334751349,326.0452771583235,-0.14794240697449368
23229.49999980219,325.87153572468725,326.01919373217027,-0.14765800748301672
23239.79999980204,325.84583073934266,325.9932103799724,-0.14737964062976516
23250.09999980189,325.8202120141352,325.9673330131165,-0.14712099898127917
23260.39999980174,325.79469398112127,325.94153277539726,-0.14683879427599322
23270.69999980159,325.7692667917821,325.91580958193623,-0.14654279015411475
23280.99999980144,325.7439424175336,325.8902102685221,-0.1462678509884654
23291.29999980129,325.7186873282239,325.86469121403724,-0.146003885813343
23301.59999980114,325.6935253445604,325.8392486170125,-0.14572327245213046
23311.89999980099,325.66848666855367,325.8139032454676,-0.14541657691393084
23322.19999980084,325.6434985311834,325.7886633657289,-0.1451648345454828
23332.49999980069,325.61862750167063,325.7634993557085,-0.14487185403788772
23342.79999980054,325.5938459196356,325.7384111302226,-0.14456521058696126
23353.09999980039,325.5691328543743,325.7134435396714,-0.1443106852971141
23363.39999980024,325.5445247713336,325.6885561044025,-0.14403133306888094
23373.69999980009,325.52000023502296,325.6637438649519,-0.14374362992896295
23383.99999979994,325.4955846267914,325.639026037577,-0.1434414107856128
23394.29999979979,325.47120307938377,325.6144131623345,-0.14321008295070214
23404.59999979964,325.44698078910216,325.58987489350005,-0.14289410439789663
23414.89999979949,325.42281888431313,325.56541114566494,-0.14259226135180825
23425.19999979934,325.39873292195625,325.5410648225405,-0.1423319005842245
23435.49999979919,325.37476802554943,325.51679850688396,-0.14203048133452967
23445.79999979904,325.3508583959178,325.4926061221351,-0.1417477262173179
23456.09999979889,325.3270505920932,325.46850537277595,-0.14145478068274997
23466.39999979874,325.3033279716818,325.44450899117703,-0.14118101949520678
23476.69999979859,325.2796843579444,325.420585949942,-0.14090159199759
23486.99999979844,325.25614701639597,325.3967361635151,-0.1405891471191012
23497.29999979829,325.23268679078234,325.373000628414,-0.14031383763165195
23507.59999979814,325.20931584335636,325.3493449098771,-0.14002906652075353
23517.89999979799,325.1860233827515,325.3257618552062,-0.1397384724547237
23528.199999797842,325.1628285883833,325.3022676974836,-0.13943910910029444
23538.499999797692,325.1397134299739,325.2788772799116,-0.139163849937745
23548.799999797542,325.11667446289835,325.25555893504554,-0.1388844721471969
23559.099999797392,325.0937302154398,325.2323125772576,-0.13858236181778238
23569.399999797242,325.07086531029154,325.20917733607166,-0.1383120257801238
23579.699999797092,325.0481099254748,325.1861216785655,-0.13801175309066593
23589.999999796943,325.0254150421183,325.16313741685263,-0.1377223747343237
23600.299999796793,325.00283371402196,325.14023935330016,-0.1374056392781995
23610.599999796643,324.98031569863196,325.1174443605306,-0.13712866189865736
23620.899999796493,324.95786942983113,325.09472017227733,-0.13685074244619955
23631.199999796343,324.93553771755063,325.07206670291345,-0.13652898536281555
23641.499999796193,324.9132683471562,325.0495212557818,-0.13625290862563588
23651.799999796043,324.89109504412505,325.0270551186026,-0.1359600744775662
23662.099999795893,324.8689787657644,325.0046591091754,-0.13568034341102475
23672.399999795743,324.84698331555114,324.98234664006884,-0.13536332451769795
23682.699999795594,324.825049387411,324.96013653211276,-0.13508714470174255
23692.999999795444,324.8031932145329,324.9379959609967,-0.1348027464638335
23703.299999795294,324.78144759954176,324.91592484116507,-0.13447724162330132
23713.599999795144,324.7597478750403,324.89395869111803,-0.13421081607771157
23723.899999794994,324.73815061644797,324.8720715376162,-0.13392092116822596
23734.199999794844,324.7165920601087,324.850253244881,-0.13366118477227928
23744.499999794694,324.6951234407772,324.82851587675776,-0.13339243598056783
23754.799999794544,324.67377820729456,324.80688012139416,-0.1331019140995977
23765.099999794395,324.65251833976686,324.78531263671493,-0.13279429694807732
23775.399999794245,324.63132965830545,324.763813337303,-0.1324836789975734
23785.699999794095,324.61022322737574,324.74241599859647,-0.1321927712207298
23795.999999793945,324.589182299215,324.7210973045336,-0.13191500531860356
23806.299999793795,324.5682364577257,324.6998462062951,-0.1316097485694172
23816.599999793645,324.54737309558874,324.6786734601661,-0.1313003645773847
23826.899999793495,324.5265776523373,324.65760154116197,-0.1310238888246431
23837.199999793345,324.5058741092382,324.63659662917667,-0.13072251993844475
23847.499999793195,324.4852400837599,324.6156586389965,-0.13041855523658796
23857.799999793046,324.46469404997544,324.5948196451382,-0.13012559516278088
23868.099999792896,324.4442200906934,324.5740589067333,-0.12983881603986447
23878.399999792746,324.42382554890213,324.55336450220284,-0.12953895330070964
23888.699999792596,324.4034934479489,324.5327459214553,-0.12925247350636937
23898.999999792446,324.3832821257766,324.51222734647513,-0.1289452206985402
23909.299999792296,324.36312323821556,324.4917745182704,-0.1286512800548394
23919.599999792146,324.3430413199819,324.4713873518931,-0.12834603191117822
23929.899999791996,324.32304154354017,324.45109626336205,-0.12805471982187555
23940.199999791846,324.3031182733825,324.4308830050269,-0.1277647316443904
23950.499999791697,324.2832391248851,324.4107348225212,-0.1274956976361068
23960.799999791547,324.2634998479655,324.39065998051507,-0.1271601325495908
23971.099999791397,324.24381250476694,324.3706842887209,-0.12687178395395904
23981.399999791247,324.22420080872433,324.3507730877756,-0.1265722790512882
23991.699999791097,324.20465708125505,324.330926293057,-0.1262692118019686
24001.999999790947,324.18519803181556,324.3111727047162,-0.12597467290066788
24012.299999790797,324.16580629568375,324.2914964864835,-0.12569019079973032
24022.599999790647,324.1465031438074,324.27188409081486,-0.12538094700744296
24032.899999790498,324.12725932477076,324.2523425981744,-0.12508327340361802
24043.199999790348,324.1081050536671,324.23289936751803,-0.12479431385094131
24053.499999790198,324.0890291665207,324.21351937695897,-0.12449021043829589
24063.799999790048,324.0700206196252,324.1942025422578,-0.12418192263260153
24074.099999789898,324.0510832881035,324.17497609046393,-0.12389280236044442
24084.399999789748,324.0322182749746,324.1558265151075,-0.12360824013290994
24094.6999997896,324.0134383659607,324.1367395146678,-0.1233011487070712
24104.99999978945,323.99472593793803,324.1177210262702,-0.12299508833217487
24115.2999997893,323.9760949779122,324.0987998804803,-0.12270490256810263
24125.59999978915,323.9575251113929,324.0799407300322,-0.12241561863930883
24135.899999789,323.93904532373466,324.0611434911239,-0.12209816738925383
24146.19999978885,323.92062310643405,324.04243386053514,-0.12181075410109088
24156.4999997887,323.9022794849238,324.02380058038733,-0.1215210954635495
24166.79999978855,323.8840119005244,324.0052286339284,-0.12121673340402594
24177.0999997884,323.86580603131915,323.9867228555916,-0.12091682427245587
24187.39999978825,323.8476796305236,323.96831347085805,-0.1206338403344489
24197.6999997881,323.8296381516852,323.9499648434914,-0.1203266918062127
24207.99999978795,323.8116628506911,323.9316768901796,-0.120014039488467
24218.2999997878,323.79374267931024,323.91347382026487,-0.11973114095462734
24228.59999978765,323.77590175817136,323.8953465437321,-0.119444785560745
24238.8999997875,323.7581453977436,323.87727936684536,-0.11913396910176743
24249.19999978735,323.74045554792946,323.8592760617191,-0.11882051378961478
24259.4999997872,323.7228227396872,323.8413681730769,-0.11854543338967005
24269.79999978705,323.70523948119154,323.8235198113562,-0.11828033016467998
24280.0999997869,323.68778816592584,323.80573089378476,-0.11794272785891735
24290.39999978675,323.67038219985346,323.7880241850375,-0.11764198518403646
24300.6999997866,323.6530383771236,323.770392682818,-0.11735430569439131
24310.99999978645,323.63577036979126,323.7528200541167,-0.11704968432542273
24321.2999997863,323.6185623738055,323.7353090487781,-0.11674667497260316
24331.59999978615,323.60142949183756,323.7178924561954,-0.11646296435782233
24341.899999786,323.584372246503,323.70053416833156,-0.11616192182856366
24352.19999978585,323.56737705950303,323.6832341030015,-0.11585704349846537
24362.4999997857,323.5504505656726,323.66601362286093,-0.11556305718835347
24372.79999978555,323.5335934180258,323.6488677338679,-0.11527431584210035
24383.0999997854,323.51680173502683,323.63177950087436,-0.11497776584752728
24393.39999978525,323.500079231735,323.61475069113425,-0.11467145939923284
24403.6999997851,323.48343502653813,323.597815265307,-0.11438023876888792
24413.99999978495,323.46684404225215,323.580936930917,-0.11409288866485667
24424.299999784802,323.45033323112943,323.5641156064111,-0.11378237528168711
24434.599999784652,323.43388497673783,323.5473712948949,-0.11348631815707222
24444.899999784502,323.4175030697168,323.53070093188916,-0.11319786217234196
24455.199999784352,323.401185733458,323.51408701663286,-0.1129012831748355
24465.499999784202,323.38493536635093,323.4975303730537,-0.11259500670274747
24475.799999784052,323.3687623050948,323.48106606091187,-0.11230375581709495
24486.099999783903,323.3526366196019,323.46465763649013,-0.11202101688820676
24496.399999783753,323.33658996172363,323.44830501890993,-0.11171505718630215
24506.699999783603,323.32060452540867,323.43202689396264,-0.11142236855397414
24516.999999783453,323.30468022860885,323.4158220488982,-0.11114182028933328
24527.299999783303,323.2888352349745,323.3996724532274,-0.11083721825292514
24537.599999783153,323.2730464092988,323.3835780263591,-0.11053161706030323
24547.899999783003,323.2573303987844,323.36757485628794,-0.11024445750354062
24558.199999782853,323.24167909572924,323.35162638039355,-0.10994728466431525
24568.499999782704,323.2260806271468,323.3357325185125,-0.10965189136567233
24578.799999782554,323.21055302478084,323.31991068107374,-0.10935765629290017
24589.099999782404,323.19509123824275,323.3041614301618,-0.1090701919190451
24599.399999782254,323.1796937142032,323.28846624077323,-0.10877252657002145
24609.699999782104,323.1643514354669,323.2728250330457,-0.10847359757877939
24619.999999781954,323.1490778461608,323.25727225289154,-0.10819440673071767
24630.299999781804,323.133874082353,323.24177385105594,-0.10789976870296414
24640.599999781654,323.11872250465893,323.22632888119324,-0.10760637653430649
24650.899999781504,323.10365216183754,323.2109535199904,-0.10730135815288122
24661.199999781355,323.0886195088625,323.1956500284854,-0.10703051962286736
24671.499999781205,323.07367583044424,323.18039942167746,-0.1067235912332194
24681.799999781055,323.0587811456526,323.1652016204721,-0.10642047481951522
24692.099999780905,323.04394049330256,323.1500894738207,-0.10614898051812816
24702.399999780755,323.02917823352357,323.1350313631802,-0.10585312965662297
24712.699999780605,323.0144727552875,323.12002551380107,-0.10555275851356782
24722.999999780455,322.9998120110949,323.1050869098712,-0.10527489877631524
24733.299999780305,322.98523579195296,323.0902194365842,-0.10498364463126109
24743.599999780155,322.97071569826244,323.0754036827378,-0.10468798447533345
24753.899999780006,322.9562405284693,323.06063957004005,-0.10439904157072988
24764.199999779856,322.94184895639995,323.04595839537365,-0.10410943897369407
24774.499999779706,322.9275043369551,323.0313308890327,-0.10382655207757807
24784.799999779556,322.9132284581255,323.01675448507893,-0.10352602695343194
24795.099999779406,322.89900950815036,323.0022430160243,-0.10323350787393792
24805.399999779256,322.88484801282505,322.9878019175693,-0.10295390474425403
24815.699999779106,322.8707485468805,322.9734113853617,-0.10266283848119429
24825.999999778956,322.85668595408475,322.95907134194533,-0.10238538786057916
24836.299999778807,322.84272131490616,322.9448115767397,-0.10209026183355263
24846.599999778657,322.8288063253331,322.930605087869,-0.10179876253590692
24856.899999778507,322.8149380125407,322.91644855482576,-0.10151054228504108
24867.199999778357,322.8011359666791,322.9023546988094,-0.10121873213029176
24877.499999778207,322.78738147693434,322.8883304335869,-0.10094895665253034
24887.799999778057,322.77370381347794,322.8743555939446,-0.10065178046664869
24898.099999777907,322.76003382455946,322.86043010329234,-0.10039627873288737
24908.399999777757,322.74645862261195,322.84658228785844,-0.10012366524648542
24918.699999777607,322.73298188147106,322.83278733353427,-0.09980545206320812
24928.999999777458,322.7195303015022,322.8190412012381,-0.09951089973594662
24939.299999777308,322.7061356014894,322.8053555407242,-0.09921993923478567
24949.599999777158,322.6927878193199,322.79173867264774,-0.09895085332783538
24959.899999777008,322.6795188198875,322.7781701024423,-0.09865128255478339
24970.199999776858,322.6662801230434,322.7646497544121,-0.09836963136871191
24980.499999776708,322.6531225499826,322.7512045354858,-0.09808198550319958
24990.79999977656,322.64000418218865,322.7378117402752,-0.09780755808657204
25001.09999977641,322.62694064291276,322.7244666464695,-0.09752600355676577
25011.39999977626,322.61395611545225,322.7111798717134,-0.09722375626114399
25021.69999977611,322.6010043120447,322.6979610736859,-0.09695676164119504
25031.99999977596,322.5881230775595,322.68478945917997,-0.09666638162048002
25042.29999977581,322.5752825568856,322.6716649534209,-0.0963823965352617
25052.59999977566,322.5624902327459,322.65861308750596,-0.0961228547600399
25062.89999977551,322.54979016732966,322.6456131868046,-0.09582301947494898
25073.19999977536,322.5371255944177,322.6326598804475,-0.09553428602976055
25083.49999977521,322.5245094871724,322.6197627927424,-0.09525330556999734
25093.79999977506,322.5119512358188,322.6069328498861,-0.09498161406730787
25104.09999977491,322.49944968050687,322.5941489899345,-0.09469930942765359
25114.39999977476,322.4870023983095,322.5814111390584,-0.09440874074886096
25124.69999977461,322.47460647649666,322.56874349552965,-0.09413701903298488
25134.99999977446,322.46226694984875,322.5561273386571,-0.09386038880836622
25145.29999977431,322.449969594348,322.54355668298814,-0.09358708864016307
25155.59999977416,322.4377467139059,322.53104019767335,-0.09329348376746793
25165.89999977401,322.4255632659719,322.518590010321,-0.09302674434911751
25176.19999977386,322.41343001404505,322.5061848193333,-0.09275480528827984
25186.49999977371,322.40136614969737,322.493824551849,-0.09245840215163525
25196.79999977356,322.3893415685112,322.4815321158205,-0.09219054730931475
25207.09999977341,322.37737769875145,322.46929066887964,-0.09191297012819177
25217.39999977326,322.3654613859149,322.4570936442508,-0.09163225833589195
25227.69999977311,322.35358293193946,322.44494879348764,-0.0913658615481836
25237.99999977296,322.3417869514211,322.4328693799399,-0.09108242851880277
25248.29999977281,322.33002317942265,322.4208338906099,-0.09081071118725959
25258.59999977266,322.31831651491973,322.40884225362515,-0.09052573870542346
25268.89999977251,322.3066596064965,322.3969161285898,-0.09025652209328427
25279.19999977236,322.2950562030519,322.385040477096,-0.08998427404412723
25289.49999977221,322.2835014434638,322.3732081835739,-0.0897067401101026
25299.79999977206,322.27199738641497,322.36142611889574,-0.08942873248076921
25310.099999771912,322.2605429562837,322.3497086179511,-0.08916566166737994
25320.399999771762,322.24912821817617,322.33803398376006,-0.0889057655838883
25330.699999771612,322.2377883813409,322.32640214545773,-0.08861376411681476
25340.999999771462,322.22648987663973,322.3148335557039,-0.08834367906416674
25351.299999771312,322.2152390164506,322.30331490699086,-0.08807589054026721
25361.599999771162,322.2040312145704,322.2918385667355,-0.08780735216510038
25371.899999771013,322.19285666246486,322.2804105613772,-0.087553898912347
25382.199999770863,322.1817752671814,322.26904623464105,-0.08727096745963081
25392.499999770713,322.1707208461109,322.25772373214033,-0.08700288602943829
25402.799999770563,322.15972806966033,322.2464429840347,-0.08671491437434042
25413.099999770413,322.14877144502543,322.23522327684736,-0.0864518318219325
25423.399999770263,322.13785501326106,322.2240529622542,-0.08619794899311728
25433.699999770113,322.12701475774065,322.2129239216807,-0.08590916394007309
25443.999999769963,322.11620333945046,322.2018413726945,-0.08563803324403807
25454.299999769813,322.10544038445965,322.1908216066733,-0.0853812222136412
25464.599999769664,322.0947311052566,322.17984263755284,-0.08511153229625279
25474.899999769514,322.0840639532439,322.1689043965327,-0.08484044328878326
25485.199999769364,322.0734469090014,322.15802504418315,-0.08457813518174362
25495.499999769214,322.06288133966393,322.14719452103145,-0.08431318136751997
25505.799999769064,322.05235334978687,322.1364042527616,-0.08405090297475226
25516.099999768914,322.04188205221345,322.12565868292495,-0.08377663071149755
25526.399999768764,322.03144859406297,322.11497499091155,-0.08352639684858332
25536.699999768614,322.0210781916112,322.1043310838607,-0.08325289224950438
25546.999999768464,322.0107290327786,322.0937268940254,-0.08299786124678121
25557.299999768315,322.0004567464331,322.0831794955583,-0.08272274912519606
25567.599999768165,321.99021643141367,322.07268034892286,-0.08246391750918747
25577.899999768015,321.98001977035074,322.06222045353195,-0.08220068318121321
25588.199999767865,321.9698724611345,322.05180351305427,-0.08193105191975292
25598.499999767715,321.95976520525005,322.0414475368109,-0.0816823315608417
25608.799999767565,321.9497066969261,322.03113034917743,-0.08142365225131698
25619.099999767415,321.93970399647384,322.0208518834723,-0.08114788699845121
25629.399999767265,321.9297377168962,322.01062816629366,-0.08089044939742962
25639.699999767116,321.91981147921814,322.0004521105756,-0.08064063135748256
25649.999999766966,321.9099446442692,321.9903143181413,-0.0803696738720987
25660.299999766816,321.90010336094366,321.9802177861752,-0.08011442523155665
25670.599999766666,321.89032252416297,321.97018129742116,-0.07985877325819501
25680.899999766516,321.8805836972648,321.9601826166754,-0.07959891941061414
25691.199999766366,321.8708734074874,321.95022167833247,-0.07934827084505969
25701.499999766216,321.86122969421706,321.94031349960744,-0.07908380539038262
25711.799999766066,321.85161878772135,321.9304523799143,-0.07883359219295016
25722.099999765916,321.8420614593114,321.9206285513745,-0.07856709206305368
25732.399999765767,321.832531848652,321.91084433733806,-0.0783124886860378
25742.699999765617,321.8230541749849,321.9011192390472,-0.07806506406228664
25752.999999765467,321.813626022135,321.89143098405737,-0.07780496192236797
25763.299999765317,321.80422877304767,321.88177950784825,-0.07755073480058172
25773.599999765167,321.79487876408217,321.8721788557132,-0.07730009163100249
25783.899999765017,321.7855736080774,321.86262464905303,-0.07705104097561843
25794.199999764867,321.7763130150523,321.853106777378,-0.07679376232567847
25804.499999764717,321.76708943086606,321.8436269220953,-0.07653749122926001
25814.799999764567,321.75791770129155,321.8342052496103,-0.07628754831875995
25825.099999764418,321.7487817343622,321.82481947173557,-0.07603773737338315
25835.399999764268,321.73967637254515,321.815469525043,-0.07579315249785168
25845.699999764118,321.73063891221994,321.8061685196385,-0.07552960741855941
25855.999999763968,321.7216294779217,321.7969133359352,-0.07528385801350623
25866.299999763818,321.7126582939261,321.78769354712114,-0.07503525319503979
25876.599999763668,321.7037288766004,321.7785102237851,-0.07478134718468255
25886.89999976352,321.6948307240243,321.76938414575596,-0.07455342173165036
25897.19999976337,321.68600387571564,321.76029302976315,-0.07428915404750569
25907.49999976322,321.677194485118,321.751236813477,-0.07404232835904168
25917.79999976307,321.6684420344946,321.7422277078094,-0.0737856733147737
25928.09999976292,321.65971354137156,321.7332637907436,-0.07355024937203325
25938.39999976277,321.65102859755035,321.72433434463363,-0.07330574708328186
25948.69999976262,321.64238659792466,321.7154398596002,-0.07305326167556814
25958.99999976247,321.63378733716365,321.7066016787514,-0.07281434158772981
25969.29999976232,321.6252310616238,321.6977975435624,-0.07256648193856563
25979.59999976217,321.6167089713344,321.68902739280696,-0.07231842147257339
25989.89999976202,321.6082169275807,321.68030257344236,-0.07208564586164812
26000.19999976187,321.5997535166467,321.6716223011267,-0.07186878448004563
26010.49999976172,321.5913587155821,321.6629755920661,-0.07161687648402904
26020.79999976157,321.58298966620816,321.6543623854841,-0.07137271927592792
26031.09999976142,321.5746762422869,321.6458045392176,-0.07112829693068079
26041.39999976127,321.5664085336655,321.6372798384932,-0.07087130482773318
26051.69999976112,321.5581660776887,321.62878822319146,-0.07062214550273893
26061.99999976097,321.54995684897784,321.6203402107908,-0.0703833618129579
26072.29999976082,321.54179204628895,321.61193609628384,-0.07014404999489443
26082.59999976067,321.53364743223256,321.6035646536147,-0.06991722138212708
26092.89999976052,321.52556779426,321.5952258231134,-0.06965802885343919
26103.19999976037,321.5175076546439,321.5869403607389,-0.06943270609497176
26113.49999976022,321.50949620969936,321.57868768330593,-0.06919147360656552
26123.79999976007,321.5015055766347,321.5704672085881,-0.06896163195341387
26134.09999975992,321.4935635952313,321.5622886582878,-0.0687250630564904
26144.39999975977,321.4856707806261,321.5541533499534,-0.06848256932732966
26154.69999975962,321.4778038448301,321.5460498383566,-0.06824599352654559
26164.99999975947,321.4699690656321,321.5379780649368,-0.06800899930470905
26175.29999975932,321.4621799494682,321.5299577223956,-0.06777777292739984
26185.59999975917,321.4544276354761,321.52196979252227,-0.06754215704614808
26195.89999975902,321.4467080217209,321.5140131989841,-0.06730517726322205
26206.199999758872,321.4390255613887,321.50609690062913,-0.06707133924044228
26216.499999758722,321.4313781666233,321.4982231823486,-0.06684501572533463
26226.799999758572,321.42376719801086,321.49038040203766,-0.06661320402679394
26237.099999758422,321.4161996653493,321.48256850224567,-0.06636883689634487
26247.399999758272,321.40865415381535,321.47480615026063,-0.06615199644528502
26257.699999758122,321.40115513179717,321.4670758277885,-0.06592069599133765
26267.999999757973,321.3936911264077,321.45937599160516,-0.0656848651974542
26278.299999757823,321.38625944704694,321.45171486984054,-0.06545542279360461
26288.599999757673,321.3788678516382,321.44409566108175,-0.0652278094435701
26298.899999757523,321.37150657139085,321.43650654785574,-0.06499997646488964
26309.199999757373,321.3641815282754,321.42894747382127,-0.0647659455458438
26319.499999757223,321.3568942614851,321.4214361179047,-0.0645418564196234
26329.799999757073,321.34963881642295,321.4139563982408,-0.06431758181787472
26340.099999756923,321.3424077634243,321.40650633114325,-0.06409856771892919
26350.399999756773,321.3352311543718,321.39909344536994,-0.063862290998145
26360.699999756624,321.32808032511707,321.3917218011211,-0.06364147600402248
26370.999999756474,321.3209612519521,321.38437942628235,-0.06341817433025199
26381.299999756324,321.31388073254163,321.3770662656199,-0.06318553307824004
26391.599999756174,321.30683271523026,321.3697990459508,-0.06296633072054192
26401.899999756024,321.29981442030095,321.36256305992794,-0.06274863962698873
26412.199999755874,321.2928372820875,321.35535590904755,-0.06251862696007038
26422.499999755724,321.28589009986825,321.3481844532484,-0.062294353380139
26432.799999755574,321.27895772380526,321.3410535638218,-0.06209584001652502
26443.099999755425,321.27208835914485,321.333951133964,-0.06186277481913294
26453.399999755275,321.2652284508229,321.32687710954616,-0.06164865872324299
26463.699999755125,321.2584335982799,321.3198473007216,-0.06141370244171185
26473.999999754975,321.2516474384346,321.3128483143317,-0.061200875897100104
26484.299999754825,321.2449038466681,321.3058773619185,-0.06097351525039585
26494.599999754675,321.23818610948905,321.2989406643608,-0.060754554871778055
26504.899999754525,321.2314995909878,321.29204385507217,-0.0605442640843421
26515.199999754375,321.2248500174466,321.2851747117456,-0.060324694298969916
26525.499999754225,321.2182332538167,321.2783331813535,-0.060099927536782616
26535.799999754076,321.2116471093705,321.271534192019,-0.059887082648458545
26546.099999753926,321.2050885983169,321.2647656060255,-0.05967700770861484
26556.399999753776,321.19856764554754,321.25802426904664,-0.05945662349910208
26566.699999753626,321.1920699678322,321.2513157918664,-0.05924582403417844
26576.999999753476,321.18561147558535,321.24464652259616,-0.059035047010809194
26587.299999753326,321.17918830240967,321.238004141855,-0.05881583944534441
26597.599999753176,321.1727919450253,321.23138859771166,-0.05859665268633307
26607.899999753026,321.1664263309028,321.2248139700777,-0.05838763917489587
26618.199999752876,321.1600900821507,321.2182693195134,-0.058179237362708136
26628.499999752727,321.1537855645336,321.21175114913734,-0.057965584603721254
26638.799999752577,321.14751701300287,321.2052644878104,-0.0577474748075133
26649.099999752427,321.14127049068975,321.19881635245287,-0.057545861763117045
26659.399999752277,321.1350601933137,321.1923943442908,-0.057334150977112586
26669.699999752127,321.1288751470104,321.1859984124838,-0.057123265473421725
26679.999999751977,321.12272761953255,321.1796418217324,-0.05691420219983456
26690.299999751827,321.11660664948784,321.1733147752876,-0.05670812579978701
26700.599999751677,321.1105168307834,321.1670134562591,-0.056496625475688234
26710.899999751528,321.10444684623,321.16074233896694,-0.056295492736921915
26721.199999751378,321.09841305412544,321.1545090647716,-0.05609601064617209
26731.499999751228,321.0924205049128,321.14830117245094,-0.055880667538133366
26741.799999751078,321.08645097666397,321.14211861224925,-0.055667635585280095
26752.099999750928,321.08050608981483,321.13597386583757,-0.05546777602273778
26762.399999750778,321.07459216238254,321.129858225144,-0.0552660627614614
26772.69999975063,321.0687062529481,321.1237675750567,-0.0550613221085996
26782.99999975048,321.0628544240115,321.1177058619495,-0.05485143793799807
26793.29999975033,321.05703002837384,321.1116813087617,-0.0546512803878727
26803.59999975018,321.05122951373454,321.105681408042,-0.05445189430747632
26813.89999975003,321.0454601727288,321.0997061111125,-0.054245938383701287
26824.19999974988,321.03971860997194,321.0937671479785,-0.054048538006554736
26834.49999974973,321.03400842692713,321.0878568467958,-0.053848419868643305
26844.79999974958,321.02832981479946,321.0819708152661,-0.05364100046665499
26855.09999974943,321.02267039889324,321.07611249763045,-0.05344209873720729
26865.39999974928,321.01704495183566,321.0702906570356,-0.05324570519996996
26875.69999974913,321.0114427048781,321.0644927553072,-0.05305005042907851
26885.99999974898,321.00587249166085,321.0587187448367,-0.05284625317585778
26896.29999974883,321.0003292722115,321.0529796345109,-0.052650362299402786
26906.59999974868,320.99480622334494,321.0472687378192,-0.052462514474257205
26916.89999974853,320.9893186827632,321.04158140556916,-0.052262722805949124
26927.19999974838,320.9838611251764,321.0359206049043,-0.05205947972785907
26937.49999974823,320.97842516909583,321.0302955992818,-0.051870430185999794
26947.79999974808,320.97302109022576,321.02469383460834,-0.051672744382585734
26958.09999974793,320.96764447818185,321.01911526433634,-0.051470786154482084
26968.39999974778,320.96228766913345,321.0135702059672,-0.051282536833753056
26978.69999974763,320.9569649914043,321.0080529089723,-0.051087917567997465
26988.99999974748,320.95166276365774,321.0025584868235,-0.05089572316575186
26999.29999974733,320.94638694711443,320.99708945383327,-0.05070250671883514
27009.59999974718,320.9411392910707,320.9916555353246,-0.05051624425385626
27019.89999974703,320.9359231609967,320.9862441754014,-0.0503210144046875
27030.19999974688,320.93072743094393,320.9808553285681,-0.05012789762417924
27040.49999974673,320.9255627414362,320.97549864986377,-0.04993590842758522
27050.79999974658,320.9204076640899,320.97016927691953,-0.04976161282962721
27061.09999974643,320.9152846226437,320.9648621047065,-0.04957748206282986
27071.39999974628,320.9101993865825,320.9595792182091,-0.049379831626595205
27081.69999974613,320.90513228341774,320.95433076760514,-0.04919848418740003
27091.99999974598,320.9000981424632,320.9491042086378,-0.04900606617457015
27102.299999745832,320.8950825427854,320.9438994968531,-0.048816954067660845
27112.599999745682,320.89009410709457,320.9387256529457,-0.04863154585115126
27122.899999745532,320.88512956374785,320.93357865639905,-0.04844909265119668
27133.199999745382,320.88019055952805,320.92845320180476,-0.048262642276711176
27143.499999745232,320.87528418389724,320.9233509675679,-0.04806678367066297
27153.799999745082,320.8703817953565,320.91828249312124,-0.047900697764760025
27164.099999744933,320.8655206749202,320.9132352586283,-0.047714583708057035
27174.399999744783,320.8606854543426,320.9082092206664,-0.04752376632376354
27184.699999744633,320.8558743418196,320.90321279290436,-0.04733845108478363
27194.999999744483,320.8510866440434,320.8982427518666,-0.04715610782318436
27205.299999744333,320.84631850411927,320.8932936091856,-0.04697510506633762
27215.599999744183,320.84157853287155,320.88836665869013,-0.04678812581857983
27225.899999744033,320.8368613893707,320.8834727948565,-0.046611405485805335
27236.199999743883,320.83216202648543,320.87859953440295,-0.046437507917516996
27246.499999743733,320.8274935207171,320.8737468349272,-0.046253314210105145
27256.799999743584,320.82285145225285,320.86892252959814,-0.04607107734528881
27267.099999743434,320.8182287254846,320.8641241486491,-0.045895423164552085
27277.399999743284,320.81363027477505,320.8593460374839,-0.045715762708823604
27287.699999743134,320.8090547616857,320.85458912662114,-0.045534364935463145
27297.999999742984,320.80450151269184,320.8498646327346,-0.04536312004273668
27308.299999742834,320.7999754875535,320.84516012059936,-0.0451846330458352
27318.599999742684,320.79546903846574,320.8404755488223,-0.045006510356586205
27328.899999742534,320.79098105119505,320.83581819581303,-0.04483714461798627
27339.199999742385,320.78652296299293,320.8311863036412,-0.044663340648241956
27349.499999742235,320.7820886694412,320.8265740675344,-0.04448539809322938
27359.799999742085,320.77767422425615,320.8219820752424,-0.044307850986228914
27370.099999741935,320.77328370293543,320.81742183412877,-0.04413813119333554
27380.399999741785,320.76891633002884,320.81288096791167,-0.0439646378828229
27390.699999741635,320.7645668308486,320.8083594361947,-0.0437926053460842
27400.999999741485,320.76024363668313,320.803863987592,-0.04362035090889549
27411.299999741335,320.7559451762754,320.79939353557563,-0.04344835930021418
27421.599999741185,320.7516626974605,320.79494214058514,-0.043279443124617956
27431.899999741036,320.74740494979847,320.79051006742657,-0.04310511762810165
27442.199999740886,320.74316695079716,320.78610908396035,-0.042942133163194285
27452.499999740736,320.73895295954935,320.7817268831315,-0.04277392358216048
27462.799999740586,320.7347531391861,320.77736342552816,-0.04261028634203967
27473.099999740436,320.73058683785666,320.7730249541651,-0.042438116308460394
27483.399999740286,320.7264402151924,320.76871101489905,-0.042270799706670914
27493.699999740136,320.72231088638773,320.7644155481177,-0.0421046617299794
27503.999999739986,320.7182031985132,320.7601385148055,-0.041935316292267544
27514.299999739836,320.7141257956458,320.7558919144138,-0.041766118767952776
27524.599999739687,320.7100626212112,320.75166351881205,-0.04160089760085839
27534.899999739537,320.7060190486268,320.74745328956,-0.04143424093319936
27545.199999739387,320.70199592834535,320.7432669875111,-0.04127105916575147
27555.499999739237,320.697997259096,320.73910475328273,-0.04110749418674686
27565.799999739087,320.69401450585417,320.73496042130887,-0.04094591545469939
27576.099999738937,320.69005394969173,320.7308339535396,-0.04078000384788538
27586.399999738787,320.6861140226211,320.7267366942999,-0.04062267167881828
27596.699999738637,320.68219886499503,320.7226573625823,-0.04045849758728082
27606.999999738488,320.67830398959666,320.71859563454734,-0.04029164495068471
27617.299999738338,320.6744249283055,320.7145568115774,-0.040131883271897095
27627.599999738188,320.67056484638766,320.7105415927965,-0.03997674640885407
27637.899999738038,320.6667304519655,320.7065437201586,-0.03981326819308606
27648.199999737888,320.6629133475032,320.70256315656667,-0.03964980906346227
27658.499999737738,320.659116492091,320.69861061809513,-0.03949412600411506
27668.79999973759,320.65533716550823,320.69467572614224,-0.039338560634007536
27679.09999973744,320.65157887713525,320.6907578892189,-0.03917901208365038
27689.39999973729,320.6478412732059,320.68686197118967,-0.03902069798374441
27699.69999973714,320.64412290287765,320.68298919477576,-0.038866291898102645
27709.99999973699,320.6404220358597,320.6791332223147,-0.03871118645503202
27720.29999973684,320.63674093556824,320.6752940176489,-0.03855308208068209
27730.59999973669,320.6330802557489,320.67148169468385,-0.03840143893495451
27740.89999973654,320.62944032654946,320.6676867339655,-0.038246407416067996
27751.19999973639,320.625822476397,320.66390829343794,-0.03808581704095104
27761.49999973624,320.62222080554375,320.66015082067537,-0.03793001513162153
27771.79999973609,320.6186344023147,320.6564160284066,-0.03778162609194169
27782.09999973594,320.61506869531064,320.65269751162043,-0.03762881630979109
27792.39999973579,320.6115225098532,320.64899523508467,-0.03747272523145284
27802.69999973564,320.6079963168903,320.6453187358322,-0.03732241894186927
27812.99999973549,320.6044870052828,320.6416593117364,-0.03717230645361269
27823.29999973534,320.6009960639816,320.6380158866029,-0.03701982262128922
27833.59999973519,320.597523632431,320.63439251222945,-0.03686887979847597
27843.89999973504,320.59406844946335,320.630791359057,-0.036722909593663644
27854.19999973489,320.5906348049574,320.62720596641094,-0.036571161453537115
27864.49999973474,320.58721687437196,320.6236362999702,-0.03641942559823974
27874.79999973459,320.5838191547829,320.62009134441746,-0.03627218963458745
27885.09999973444,320.5804346523594,320.6165631745462,-0.03612852218680018
27895.39999973429,320.5770669427709,320.6130504958115,-0.03598355304058032
27905.69999973414,320.5737233022057,320.6095569840478,-0.03583368184212077
27915.99999973399,320.57039368724816,320.60608523637825,-0.035691549130092426
27926.29999973384,320.56708692864237,320.6026287475837,-0.0355418189413399
27936.59999973369,320.5637940397284,320.5991874842402,-0.035393444511782945
27946.89999973354,320.56052206016614,320.59576990243886,-0.03524784227272448
27957.19999973339,320.5572637330133,320.59236881487516,-0.035105081861843246
27967.49999973324,320.5540217815992,320.58898272381424,-0.03496094221503654
27977.79999973309,320.5508005150206,320.5856149482511,-0.034814433230451414
27988.09999973294,320.54759384982924,320.58226848220147,-0.03467463237223001
27998.399999732792,320.5444063608739,320.57893678646843,-0.03453042559453934
28008.699999732642,320.5412342194122,320.5756198285101,-0.03438560909791022
28018.999999732492,320.5380789305998,320.5723255588337,-0.034246628233916
28029.299999732342,320.5349394233339,320.5690474903823,-0.034108067048350676
28039.599999732192,320.5318157027927,320.56578393677825,-0.03396823398554716
28049.899999732042,320.52871432792017,320.5625378786251,-0.03382355070493759
28060.199999731893,320.52562463193493,320.55931267825343,-0.03368804631850253
28070.499999731743,320.52255007025155,320.55610177251765,-0.03355170226609516
28080.799999731593,320.5194950755778,320.55290512974335,-0.03341005416552889
28091.099999731443,320.51645480863573,320.5497302171225,-0.033275408486758806
28101.399999731293,320.5134353728299,320.54657121152815,-0.03313583869822878
28111.699999731143,320.51042583844134,320.5434262518876,-0.0330004134462456
28121.999999730993,320.507435154104,320.5402979981985,-0.0328628440945522
28132.299999730843,320.5044615308803,320.537190153713,-0.032728622832735255
28142.599999730694,320.5014997605004,320.5340961408431,-0.03259638034268164
28152.899999730544,320.4985589664511,320.53101592876686,-0.03245696231573447
28163.199999730394,320.49563345539434,320.52795652290337,-0.032323067509025805
28173.499999730244,320.4927218858495,320.5249127290493,-0.03219084319977128
28183.799999730094,320.4898283526168,320.5218825247989,-0.03205417218208595
28194.099999729944,320.48694672511596,320.51886826668095,-0.031921541564997824
28204.399999729794,320.4840835410074,320.51587397263074,-0.03179043162333528
28214.699999729644,320.48123875381617,320.512893059617,-0.03165430580082784
28224.999999729494,320.4784043894745,320.5099254976552,-0.031521108180697865
28235.299999729345,320.47559205958225,320.5069778512206,-0.03138579163834265
28245.599999729195,320.4727893017764,320.50404552131045,-0.03125621953404334
28255.899999729045,320.47000120285605,320.5011263369772,-0.031125134121168685
28266.199999728895,320.46722996989837,320.49822236778203,-0.030992397883665035
28276.499999728745,320.46447307081667,320.49533792123304,-0.03086485041637843
28286.799999728595,320.46172882185664,320.4924664173614,-0.030737595504774617
28297.099999728445,320.45900194772446,320.48960782700493,-0.03060587928047198
28307.399999728295,320.45628924680113,320.48676829382447,-0.03047904702333426
28317.699999728145,320.4535916659229,320.48394378155075,-0.03035211562786344
28327.999999727996,320.45090746465667,320.4811319829286,-0.030224518271950274
28338.299999727846,320.448241253867,320.4783346964316,-0.0300934425645778
28348.599999727696,320.4455885353611,320.4755564951294,-0.029967959768328
28358.899999727546,320.4429478369994,320.47279081014324,-0.02984297314384321
28369.199999727396,320.4403233587929,320.4700376131178,-0.029714254324915146
28379.499999727246,320.4377111521397,320.46730264634334,-0.029591494203657476
28389.799999727096,320.43511492685553,320.46458240504455,-0.029467478189019403
28400.099999726946,320.43253067857364,320.4618744573505,-0.02934377877687666
28410.399999726797,320.4299623767164,320.45918034592063,-0.02921796920423958
28420.699999726647,320.42740836754706,320.4565048864438,-0.029096518896722046
28430.999999726497,320.4248667260157,320.45384152869616,-0.028974802680465928
28441.299999726347,320.4223405231752,320.4511902451143,-0.028849721939081974
28451.599999726197,320.41982665208405,320.44855639538815,-0.02872974330409761
28461.899999726047,320.4173284277006,320.44593697619763,-0.02860854849700445
28472.199999725897,320.4148418777285,320.44332944222,-0.028487564491456396
28482.499999725747,320.4123707808872,320.4407350949804,-0.02836431409320994
28492.799999725597,320.4099125711567,320.4381589708868,-0.028246399730051053
28503.099999725448,320.40746758847666,320.43559454548597,-0.028126957009305897
28513.399999725298,320.4050362899473,320.4330417919909,-0.028005502043583874
28523.699999725148,320.4026164332346,320.43050570560445,-0.02788927236986183
28533.999999724998,320.400211445422,320.42798375559386,-0.02777231017188342
28544.299999724848,320.3978204452404,320.4254732938349,-0.027652848594470925
28554.599999724698,320.3954434391881,320.4229753948199,-0.027531955631786786
28564.89999972455,320.39308060820684,320.42049529478754,-0.027414686580698344
28575.1999997244,320.3907281892339,320.4180265017377,-0.027298312503774014
28585.49999972425,320.3883914327643,320.41556898964444,-0.027177556880133125
28595.7999997241,320.38606556161716,320.4131274066922,-0.02706184507502485
28606.09999972395,320.383752130428,320.4106996670109,-0.026947536582895282
28616.3999997238,320.3814505043488,320.40828302982607,-0.026832525477288982
28626.69999972365,320.3791634334337,320.4058783561342,-0.02671492270053477
28636.9999997235,320.3768876765401,320.40349106210056,-0.026603385560463266
28647.29999972335,320.37462588814793,320.40111469444076,-0.026488806292832123
28657.5999997232,320.37237557778656,320.3987492278746,-0.02637365008803272
28667.89999972305,320.3701349572575,320.3963989804071,-0.026264023149622062
28678.1999997229,320.3679102336464,320.3940622844208,-0.026152050774385316
28688.49999972275,320.3656969365727,320.39173631615745,-0.026039379584744893
28698.7999997226,320.3634961058658,320.38942173610457,-0.025925630238759823
28709.09999972245,320.3613086695974,320.38712412140535,-0.025815451807943646
28719.3999997223,320.3591308739675,320.3848370633483,-0.025706189380798605
28729.69999972215,320.3569673992113,320.38256053738365,-0.02559313817232578
28739.999999722,320.3548160995004,320.38029854756127,-0.02548244806087041
28750.29999972185,320.35267695377837,320.3780498189914,-0.025372865213057594
28760.5999997217,320.35054742147656,320.3758114541286,-0.025264032652046353
28770.89999972155,320.3484316996274,320.37358392540256,-0.025152225775173065
28781.1999997214,320.3463258599188,320.3713729529119,-0.025047092993077058
28791.49999972125,320.34423336535554,320.369172177985,-0.02493881262944342
