time_s,state_of_charge,outlet_temperature_c,storage_heat_mw,deliverable_power_mw
0.0,1.0,400.0,0.6321362277777778,0.6321362277777778
9.6,0.9986666666666666,400.0,0.6321362277777778,0.6321362277777778
19.2,0.9973333333333333,399.9999999999999,0.6321362277777769,0.6321362277777769
28.799999999999997,0.9959999999999999,399.9999999999998,0.6321362277777761,0.6321362277777761
38.4,0.9946666666666665,399.99999999999955,0.6321362277777742,0.6321362277777742
48.0,0.9933333333333331,399.99999999999903,0.6321362277777701,0.6321362277777701
57.599999999999994,0.9919999999999998,399.99999999999847,0.6321362277777657,0.6321362277777657
67.2,0.9906666666666664,399.99999999999767,0.6321362277777595,0.6321362277777595
76.8,0.9893333333333332,399.9999999999965,0.63213622777775,0.63213622777775
86.39999999999999,0.9879999999999998,399.99999999999477,0.6321362277777365,0.6321362277777365
96.0,0.9866666666666667,399.9999999999923,0.6321362277777172,0.6321362277777172
105.6,0.9853333333333335,399.99999999998914,0.6321362277776921,0.6321362277776921
115.19999999999999,0.9840000000000005,399.9999999999847,0.632136227777657,0.632136227777657
124.8,0.9826666666666674,399.9999999999789,0.6321362277776112,0.6321362277776112
134.4,0.9813333333333346,399.99999999997135,0.6321362277775514,0.6321362277775514
144.0,0.9800000000000019,399.9999999999614,0.6321362277774728,0.6321362277774728
153.6,0.9786666666666695,399.9999999999487,0.6321362277773727,0.6321362277773727
163.2,0.9773333333333372,399.9999999999325,0.6321362277772447,0.6321362277772447
172.79999999999998,0.9760000000000055,399.999999999912,0.6321362277770824,0.6321362277770824
182.4,0.974666666666674,399.99999999988614,0.6321362277768782,0.6321362277768782
192.0,0.9733333333333429,399.9999999998539,0.6321362277766235,0.6321362277766235
201.6,0.9720000000000125,399.99999999981395,0.6321362277763077,0.6321362277763077
211.2,0.9706666666666831,399.9999999997644,0.6321362277759162,0.6321362277759162
220.79999999999998,0.9693333333333547,399.9999999997038,0.6321362277754373,0.6321362277754373
230.39999999999998,0.9680000000000276,399.9999999996297,0.632136227774852,0.632136227774852
240.0,0.9666666666667018,399.9999999995398,0.6321362277741415,0.6321362277741415
249.6,0.9653333333333782,399.9999999994309,0.6321362277732808,0.6321362277732808
259.2,0.9640000000000564,399.9999999992997,0.6321362277722441,0.6321362277722441
268.8,0.9626666666667375,399.99999999914223,0.632136227771,0.632136227771
278.4,0.9613333333334217,399.999999998954,0.6321362277695128,0.6321362277695128
288.0,0.9600000000001095,399.99999999872983,0.6321362277677413,0.6321362277677413
297.59999999999997,0.9586666666668017,399.99999999846375,0.6321362277656388,0.6321362277656388
307.2,0.9573333333334991,399.99999999814884,0.6321362277631505,0.6321362277631505
316.8,0.9560000000002028,399.9999999977775,0.632136227760216,0.632136227760216
326.4,0.9546666666669139,399.9999999973409,0.6321362277567666,0.6321362277567666
336.0,0.9533333333336335,399.999999996829,0.6321362277527214,0.6321362277527214
345.59999999999997,0.952000000000363,399.9999999962305,0.6321362277479923,0.6321362277479923
355.2,0.950666666667104,399.99999999553256,0.6321362277424775,0.6321362277424775
364.8,0.9493333333338586,399.9999999947208,0.6321362277360629,0.6321362277360629
374.4,0.948000000000629,399.9999999937789,0.6321362277286204,0.6321362277286204
384.0,0.9466666666674173,399.9999999926888,0.6321362277200069,0.6321362277200069
393.59999999999997,0.9453333333342269,399.99999999142983,0.632136227710059,0.632136227710059
403.2,0.9440000000010607,399.9999999899791,0.6321362276985955,0.6321362276985955
412.8,0.9426666666679221,399.999999988311,0.6321362276854149,0.6321362276854149
422.4,0.9413333333348154,399.999999986397,0.6321362276702908,0.6321362276702908
432.0,0.9400000000017453,399.9999999842051,0.6321362276529712,0.6321362276529712
441.59999999999997,0.9386666666687169,399.9999999816997,0.6321362276331743,0.6321362276331743
451.2,0.9373333333357361,399.9999999788416,0.6321362276105902,0.6321362276105902
460.79999999999995,0.9360000000028096,399.99999997558683,0.6321362275848722,0.6321362275848722
470.4,0.9346666666699448,399.999999971887,0.6321362275556374,0.6321362275556374
480.0,0.9333333333371499,399.9999999676883,0.6321362275224605,0.6321362275224605
489.59999999999997,0.9320000000044344,399.9999999629314,0.6321362274848726,0.6321362274848726
499.2,0.9306666666718084,399.9999999575507,0.6321362274423561,0.6321362274423561
508.79999999999995,0.9293333333392838,399.99999995147425,0.6321362273943417,0.6321362273943417
518.4,0.9280000000068735,399.9999999446223,0.6321362273401996,0.6321362273401996
528.0,0.9266666666745917,399.9999999369073,0.6321362272792378,0.6321362272792378
537.6,0.9253333333424546,399.99999992823314,0.6321362272106974,0.6321362272106974
547.1999999999999,0.9240000000104799,399.9999999184944,0.6321362271337446,0.6321362271337446
556.8,0.9226666666786869,399.99999990757533,0.6321362270474655,0.6321362270474655
566.4,0.9213333333470978,399.9999998953492,0.6321362269508585,0.6321362269508585
576.0,0.9200000000157366,399.9999998816775,0.6321362268428288,0.6321362268428288
585.6,0.9186666666846297,399.99999986640887,0.6321362267221804,0.6321362267221804
595.1999999999999,0.9173333333538066,399.9999998493779,0.6321362265876067,0.6321362265876067
604.8,0.9160000000233,399.9999998304041,0.6321362264376812,0.6321362264376812
614.4,0.9146666666931451,399.99999980929107,0.6321362262708525,0.6321362262708525
624.0,0.9133333333633814,399.99999978582474,0.6321362260854286,0.6321362260854286
633.6,0.912000000034052,399.9999997597727,0.6321362258795733,0.6321362258795733
643.1999999999999,0.9106666667052038,399.9999997308818,0.6321362256512859,0.6321362256512859
652.8,0.9093333333768892,399.9999996988775,0.6321362253983973,0.6321362253983973
662.4,0.9080000000491649,399.99999966346206,0.632136225118555,0.632136225118555
672.0,0.9066666667220932,399.99999962431264,0.632136224809208,0.632136224809208
681.6,0.9053333333957416,399.9999995810795,0.6321362244675927,0.6321362244675927
691.1999999999999,0.9040000000701855,399.99999953338454,0.6321362240907211,0.6321362240907211
700.8,0.9026666667455052,399.9999994808183,0.6321362236753584,0.6321362236753584
710.4,0.9013333334217896,399.99999942293897,0.6321362232180131,0.6321362232180131
720.0,0.900000000099135,399.99999935926945,0.6321362227149154,0.6321362227149154
729.6,0.898666666777647,399.9999992892949,0.6321362221619975,0.6321362221619975
739.1999999999999,0.8973333334574393,399.99999921246047,0.6321362215548745,0.6321362215548745
748.8,0.8960000001386365,399.9999991281683,0.632136220888823,0.632136220888823
758.4,0.8946666668213735,399.99999903577503,0.6321362201587587,0.6321362201587587
768.0,0.893333333505797,399.9999989345886,0.6321362193592134,0.6321362193592134
777.6,0.8920000001920659,399.9999988238649,0.632136218484308,0.632136218484308
787.1999999999999,0.8906666668803525,399.9999987028049,0.6321362175277274,0.6321362175277274
796.8,0.8893333335708433,399.9999985705505,0.6321362164826924,0.6321362164826924
806.4,0.8880000002637404,399.9999984261813,0.6321362153419303,0.6321362153419303
816.0,0.8866666669592618,399.9999982687107,0.6321362140976444,0.6321362140976444
825.6,0.8853333336576437,399.9999980970815,0.6321362127414814,0.6321362127414814
835.1999999999999,0.8840000003591408,399.9999979101616,0.6321362112644957,0.6321362112644957
844.8,0.8826666670640286,399.99999770673975,0.6321362096571168,0.6321362096571168
854.4,0.8813333337726035,399.9999974855205,0.6321362079091081,0.6321362079091081
864.0,0.8800000004851846,399.99999724511935,0.6321362060095296,0.6321362060095296
873.6,0.8786666672021171,399.9999969840572,0.6321362039466939,0.6321362039466939
883.1999999999999,0.877333333923771,399.99999670075545,0.6321362017081278,0.6321362017081278
892.8,0.8760000006505455,399.99999639352944,0.6321361992805191,0.6321361992805191
902.4,0.8746666673828691,399.9999960605828,0.6321361966496739,0.6321361966496739
912.0,0.8733333341212025,399.99999570000114,0.6321361938004645,0.6321361938004645
921.5999999999999,0.87200000086604,399.99999530974543,0.63213619071678,0.63213619071678
931.1999999999999,0.8706666676179128,399.9999948876445,0.6321361873814638,0.6321361873814638
940.8,0.8693333343773895,399.9999944313886,0.6321361837762651,0.6321361837762651
950.4,0.8680000011450808,399.99999393852113,0.632136179881773,0.632136179881773
960.0,0.8666666679216404,399.99999340643103,0.6321361756773551,0.6321361756773551
969.5999999999999,0.8653333347077677,399.99999283234405,0.6321361711410903,0.6321361711410903
979.1999999999999,0.8640000015042126,399.9999922133147,0.6321361662497047,0.6321361662497047
988.8,0.8626666683117757,399.9999915462166,0.6321361609784937,0.6321361609784937
998.4,0.8613333351313136,399.99999082773337,0.6321361553012524,0.6321361553012524
1008.0,0.860000001963741,399.99999005434864,0.6321361491901962,0.6321361491901962
1017.5999999999999,0.8586666688100354,399.9999892223357,0.6321361426158774,0.6321361426158774
1027.2,0.8573333356712397,399.9999883277471,0.6321361355471037,0.6321361355471037
1036.8,0.8560000025484662,399.99998736640265,0.6321361279508456,0.6321361279508456
1046.3999999999999,0.8546666694429016,399.99998633387924,0.6321361197921525,0.6321361197921525
1056.0,0.8533333363558099,399.9999852254973,0.6321361110340479,0.6321361110340479
1065.6,0.8520000032885379,399.999984036309,0.6321361016374353,0.6321361016374353
1075.2,0.8506666702425199,399.99998276108494,0.6321360915609936,0.6321360915609936
1084.8,0.8493333372192815,399.9999813943005,0.6321360807610692,0.6321360807610692
1094.3999999999999,0.8480000042204463,399.99997993012187,0.6321360691915647,0.6321360691915647
1104.0,0.8466666712477394,399.9999783623912,0.6321360568038226,0.6321360568038226
1113.6,0.8453333383029961,399.9999766846114,0.6321360435465053,0.6321360435465053
1123.2,0.8440000053881638,399.9999748899303,0.6321360293654684,0.6321360293654684
1132.8,0.8426666725053117,399.99997297112395,0.632136014203631,0.632136014203631
1142.3999999999999,0.8413333396566355,399.9999709205802,0.6321359980008436,0.6321359980008436
1152.0,0.840000006844464,399.9999687302802,0.6321359806937439,0.6321359806937439
1161.6,0.8386666740712676,399.9999663917809,0.6321359622156173,0.6321359622156173
1171.2,0.8373333413396645,399.9999638961952,0.6321359424962406,0.6321359424962406
1180.8,0.8360000086524282,399.99996123417293,0.6321359214617317,0.6321359214617317
1190.3999999999999,0.8346666760124967,399.99995839588024,0.6321358990343863,0.6321358990343863
1200.0,0.8333333434229805,399.99995537097845,0.6321358751325112,0.6321358751325112
1209.6,0.8320000108871703,399.99995214860235,0.6321358496702527,0.6321358496702527
1219.2,0.8306666784085481,399.99994871733725,0.6321358225574156,0.6321358225574156
1228.8,0.8293333459907948,399.99994506519636,0.6321357936992835,0.6321357936992835
1238.3999999999999,0.8280000136378016,399.99994117959574,0.632135762996422,0.632135762996422
1248.0,0.8266666813536793,399.99993704733004,0.6321357303444863,0.6321357303444863
1257.6,0.8253333491427703,399.9999326545462,0.632135695634014,0.632135695634014
1267.2,0.8240000170096582,399.9999279867175,0.6321356587502187,0.6321356587502187
1276.8,0.8226666849591815,399.9999230286153,0.6321356195727681,0.6321356195727681
1286.3999999999999,0.8213333529964434,399.99991776428084,0.6321355779755616,0.6321355779755616
1296.0,0.8200000211268268,399.9999121769967,0.6321355338265027,0.6321355338265027
1305.6,0.818666689356006,399.9999062492551,0.63213548698725,0.63213548698725
1315.2,0.8173333576899604,399.9998999627287,0.6321354373129864,0.6321354373129864
1324.8,0.8160000261349898,399.99989329823666,0.6321353846521506,0.6321353846521506
1334.3999999999999,0.8146666946977279,399.9998862357126,0.6321353288461842,0.6321353288461842
1344.0,0.8133333633851584,399.9998787541701,0.6321352697292584,0.6321352697292584
1353.6,0.8120000322046306,399.99987083166786,0.632135207128,0.632135207128
1363.2,0.8106667011638761,399.99986244527304,0.6321351408612002,0.6321351408612002
1372.8,0.8093333702710257,399.9998535710251,0.6321350707395298,0.6321350707395298
1382.3999999999999,0.8080000395346274,399.9998441838958,0.6321349965652235,0.6321349965652235
1392.0,0.8066667089636651,399.9998342577515,0.6321349181317809,0.6321349181317809
1401.6,0.8053333785675765,399.9998237653116,0.6321348352236387,0.6321348352236387
1411.2,0.8040000483562748,399.999812678107,0.6321347476158425,0.6321347476158425
1420.8,0.8026667183401673,399.9998009664379,0.6321346550737132,0.6321346550737132
1430.3999999999999,0.8013333885301788,399.9997885993288,0.6321345573524921,0.6321345573524921
1440.0,0.8000000589377705,399.99977554448424,0.6321344541969899,0.6321344541969899
1449.6,0.7986667295749666,399.9997617682416,0.6321343453412144,0.6321343453412144
1459.2,0.7973334004543745,399.99974723552384,0.6321342305079969,0.6321342305079969
1468.8,0.7960000715892113,399.99973190979085,0.6321341094086089,0.6321341094086089
1478.3999999999999,0.7946667429933282,399.9997157529882,0.6321339817423554,0.6321339817423554
1488.0,0.7933334146812365,399.9996987254969,0.6321338471961788,0.6321338471961788
1497.6,0.7920000866681352,399.99968078607964,0.6321337054442344,0.6321337054442344
1507.2,0.7906667589699381,399.99966189182703,0.6321335561474648,0.6321335561474648
1516.8,0.789333431603303,399.9996419981018,0.6321333989531597,0.6321333989531597
1526.3999999999999,0.7880001045856617,399.9996210584825,0.6321332334945099,0.6321332334945099
1536.0,0.7866667779352498,399.9995990247045,0.6321330593901435,0.6321330593901435
1545.6,0.78533345167114,399.99957584660035,0.6321328762436522,0.6321328762436522
1555.2,0.7840001258132725,399.9995514720394,0.6321326836431145,0.6321326836431145
1564.8,0.7826668003824915,399.9995258468642,0.6321324811605945,0.6321324811605945
1574.3999999999999,0.7813334754005776,399.99949891482714,0.6321322683516408,0.6321322683516408
1584.0,0.7800001508902855,399.9994706175246,0.6321320447547647,0.6321320447547647
1593.6,0.77866682687538,399.99944089432995,0.6321318098909129,0.6321318098909129
1603.2,0.7773335033806749,399.99940968232517,0.6321315632629259,0.6321315632629259
1612.8,0.7760001804320711,399.9993769162305,0.6321313043549824,0.6321313043549824
1622.3999999999999,0.7746668580565986,399.9993425283331,0.6321310326320355,0.6321310326320355
1632.0,0.7733335362824585,399.9993064484134,0.6321307475392312,0.6321307475392312
1641.6,0.7720002151390638,399.9992686036707,0.6321304485013202,0.6321304485013202
1651.2,0.7706668946570865,399.99922891864657,0.632130134922052,0.632130134922052
1660.8,0.7693335748685006,399.9991873151472,0.6321298061835625,0.6321298061835625
1670.3999999999999,0.7680002558066312,399.99914371216323,0.63212946164574,0.63212946164574
1680.0,0.7666669375062014,399.9990980257889,0.6321291006455858,0.6321291006455858
1689.6,0.7653336200033823,399.999050169139,0.6321287224965593,0.6321287224965593
1699.2,0.7640003033358446,399.99900005226425,0.6321283264879072,0.6321283264879072
1708.8,0.7626669875428103,399.9989475820651,0.6321279118839853,0.6321279118839853
1718.3999999999999,0.761333672665107,399.9988926622039,0.6321274779235616,0.6321274779235616
1728.0,0.7600003587452232,399.998835193015,0.6321270238191079,0.6321270238191079
1737.6,0.7586670458273663,399.9987750714134,0.6321265487560773,0.6321265487560773
1747.2,0.7573337339575196,399.99871219080194,0.6321260518921707,0.6321260518921707
1756.8,0.7560004231835034,399.99864644097653,0.6321255323565882,0.6321255323565882
1766.3999999999999,0.7546671135550362,399.9985777080291,0.6321249892492615,0.6321249892492615
1776.0,0.7533338051237987,399.9985058742496,0.6321244216400816,0.6321244216400816
1785.6,0.7520004979434982,399.9984308180261,0.632123828568107,0.632123828568107
1795.2,0.7506671920699358,399.99835241374274,0.6321232090407577,0.6321232090407577
1804.8,0.7493338875610744,399.9982705316763,0.6321225620330005,0.6321225620330005
1814.3999999999999,0.7480005844771095,399.9981850378907,0.6321218864865114,0.6321218864865114
1824.0,0.7466672828805409,399.99809579413,0.6321211813088331,0.6321211813088331
1833.6,0.7453339828362455,399.99800265770915,0.6321204453725113,0.6321204453725113
1843.1999999999998,0.7440006844115555,399.99790548140373,0.6321196775142222,0.6321196775142222
1852.8,0.7426673876763331,399.99780411333705,0.6321188765338811,0.6321188765338811
1862.3999999999999,0.7413340927030522,399.99769839686627,0.6321180411937429,0.6321180411937429
1872.0,0.7400007995668776,399.99758817046575,0.63211717021748,0.63211717021748
1881.6,0.7386675083457508,399.99747326760956,0.6321162622892541,0.6321162622892541
1891.1999999999998,0.7373342191204734,399.9973535166519,0.632115316052771,0.632115316052771
1900.8,0.736000931974795,399.9972287407052,0.6321143301103179,0.6321143301103179
1910.3999999999999,0.734667646995503,399.99709875751694,0.6321133030217889,0.6321133030217889
1920.0,0.733334364272514,399.9969633793452,0.6321122333037036,0.6321122333037036
1929.6,0.7320010838989666,399.9968224128307,0.6321111194281948,0.6321111194281948
1939.1999999999998,0.7306678059713189,399.99667565886926,0.632109959822,0.632109959822
1948.8,0.7293345305894442,399.9965229124808,0.6321087528654276,0.6321087528654276
1958.3999999999999,0.7280012578567329,399.99636396267755,0.6321074968913144,0.6321074968913144
1968.0,0.726667987880194,399.9961985923294,0.6321061901839635,0.6321061901839635
1977.6,0.7253347207705603,399.9960265780292,0.632104830978078,0.632104830978078
1987.1999999999998,0.7240014566423945,399.9958476899546,0.6321034174576694,0.6321034174576694
1996.8,0.7226681956141989,399.9956616917292,0.6321019477549622,0.6321019477549622
2006.3999999999999,0.7213349378085278,399.99546834028183,0.6321004199492801,0.6321004199492801
2016.0,0.7200016833520995,399.9952673857033,0.6320988320659148,0.6320988320659148
2025.6,0.7186684323759145,399.99505857110313,0.6320971820749941,0.6320971820749941
2035.1999999999998,0.7173351850153734,399.99484163246257,0.6320954678903202,0.6320954678903202
2044.8,0.7160019414103986,399.99461629848764,0.632093687368209,0.632093687368209
2054.4,0.7146687017055574,399.9943822904597,0.6320918383063087,0.6320918383063087
2064.0,0.7133354660501894,399.99413932208415,0.6320899184424036,0.6320899184424036
2073.6,0.7120022345985338,399.99388709933845,0.6320879254532157,0.6320879254532157
2083.2,0.7106690075098618,399.9936253203178,0.6320858569531828,0.6320858569531828
2092.7999999999997,0.7093357849486106,399.9933536750791,0.6320837104932269,0.6320837104932269
2102.4,0.7080025670845189,399.9930718454841,0.6320814835595135,0.6320814835595135
2112.0,0.7066693540927682,399.9927795050405,0.6320791735721981,0.6320791735721981
2121.6,0.7053361461541227,399.9924763187417,0.6320767778841575,0.6320767778841575
2131.2,0.7040029434550741,399.99216194290466,0.6320742937797109,0.6320742937797109
2140.7999999999997,0.7026697461879907,399.99183602500705,0.6320717184733313,0.6320717184733313
2150.4,0.7013365545512654,399.9914982035225,0.632069049108345,0.632069049108345
2160.0,0.7000033687494692,399.99114810775444,0.6320662827556177,0.6320662827556177
2169.6,0.6986701889935082,399.9907853576686,0.6320634164122315,0.6320634164122315
2179.2,0.6973370155007792,399.9904095637243,0.6320604470001521,0.6320604470001521
2188.7999999999997,0.6960038484953343,399.9900203267042,0.632057371364882,0.632057371364882
2198.4,0.6946706882080419,399.98961723754337,0.6320541862741123,0.6320541862741123
2208.0,0.693337534876756,399.9891998771559,0.6320508884163503,0.6320508884163503
2217.6,0.692004388746485,399.9887678162616,0.6320474743995517,0.6320474743995517
2227.2,0.6906712500695648,399.98832061521074,0.6320439407497348,0.6320439407497348
2236.7999999999997,0.6893381191058345,399.98785782380816,0.6320402839095912,0.6320402839095912
2246.4,0.6880049961228157,399.9873789811356,0.632036500237082,0.632036500237082
2256.0,0.6866718813958931,399.98688361537336,0.6320325860040282,0.6320325860040282
2265.6,0.6853387752084993,399.9863712436215,0.6320285373946976,0.6320285373946976
2275.2,0.6840056778523038,399.9858413717188,0.6320243505043753,0.6320243505043753
2284.7999999999997,0.6826725896274028,399.9852934940621,0.6320200213379356,0.6320200213379356
2294.4,0.6813395108425124,399.98472709342326,0.632015545808395,0.632015545808395
2304.0,0.6800064418151663,399.98414164076735,0.632010919735477,0.632010919735477
2313.6,0.6786733828719151,399.98353659506756,0.6320061388441482,0.6320061388441482
2323.2,0.6773403343485298,399.9829114031215,0.6320011987631677,0.6320011987631677
2332.7999999999997,0.676007296590207,399.98226549936516,0.6319960950236174,0.6319960950236174
2342.4,0.6746742699517791,399.9815983056876,0.6319908230574359,0.6319908230574359
2352.0,0.673341254797925,399.9809092312439,0.6319853781959421,0.6319853781959421
2361.6,0.6720082515033872,399.98019767226833,0.6319797556683588,0.6319797556683588
2371.2,0.670675260453189,399.9794630118862,0.6319739506003256,0.6319739506003256
2380.7999999999997,0.6693422820428572,399.9787046199261,0.631967958012415,0.631967958012415
2390.4,0.6680093166786449,399.97792185273147,0.6319617728186446,0.6319617728186446
2400.0,0.666676364777762,399.97711405297116,0.6319553898249787,0.6319553898249787
2409.6,0.6653434267686043,399.9762805494509,0.6319488037278395,0.6319488037278395
2419.2,0.6640105030909891,399.9754206569233,0.6319420091126057,0.6319420091126057
2428.7999999999997,0.6626775941963908,399.97453367589856,0.6319350004521171,0.6319350004521171
2438.4,0.6613447005481831,399.97361889245485,0.6319277721051754,0.6319277721051754
2448.0,0.6600118226218823,399.97267557804804,0.6319203183150414,0.6319203183150414
2457.6,0.6586789609053936,399.97170298932247,0.6319126332079393,0.6319126332079393
2467.2,0.6573461158992616,399.97070036792076,0.6319047107915546,0.6319047107915546
2476.7999999999997,0.6560132881169234,399.96966694029436,0.6318965449535369,0.6318965449535369
2486.4,0.6546804780849649,399.9686019175144,0.6318881294600038,0.6318881294600038
2496.0,0.6533476863433801,399.9675044950819,0.6318794579540448,0.6318794579540448
2505.6,0.6520149134458345,399.9663738527394,0.6318705239542278,0.6318705239542278
2515.2,0.6506821599599296,399.9652091542822,0.6318613208531123,0.6318613208531123
2524.7999999999997,0.6493494264674734,399.96400954737055,0.6318518419157628,0.6318518419157628
2534.4,0.6480167135647511,399.9627741633419,0.6318420802782665,0.6318420802782665
2544.0,0.6466840218628007,399.96150211702417,0.6318320289462557,0.6318320289462557
2553.6,0.6453513519876918,399.96019250654905,0.6318216807934357,0.6318216807934357
2563.2,0.6440187045808056,399.95884441316673,0.6318110285601183,0.6318110285601183
2572.7999999999997,0.6426860802991211,399.9574569010612,0.6318000648517637,0.6318000648517637
2582.4,0.6413534798155018,399.9560290171661,0.631788782137524,0.631788782137524
2592.0,0.6400209038189856,399.9545597909816,0.6317771727487987,0.6317771727487987
2601.6,0.638688353015079,399.9530482343926,0.6317652288777958,0.6317652288777958
2611.2,0.6373558281260541,399.9514933414879,0.6317529425761035,0.6317529425761035
2620.7999999999997,0.6360233298912478,399.9498940883801,0.6317403057532683,0.6317403057532683
2630.4,0.634690859067364,399.94824943302746,0.6317273101753855,0.6317273101753855
2640.0,0.6333584164287797,399.94655831505594,0.6317139474636949,0.6317139474636949
2649.6,0.6320260027678533,399.94481965558435,0.631700209093198,0.631700209093198
2659.2,0.6306936188952359,399.94303235704865,0.6316860863912696,0.6316860863912696
2668.7999999999997,0.6293612656401852,399.94119530303027,0.6316715705363021,0.6316715705363021
2678.4,0.6280289438508837,399.9393073580839,0.6316566525563441,0.6316566525563441
2688.0,0.6266966543947575,399.9373673675682,0.6316413233277623,0.6316413233277623
2697.6,0.6253643981587997,399.9353741574779,0.6316255735739168,0.6316255735739168
2707.2,0.6240321760498951,399.93332653427757,0.6316093938638447,0.6316093938638447
2716.7999999999997,0.6226999889951496,399.93122328473765,0.6315927746109667,0.6315927746109667
2726.4,0.62136783794222,399.9290631757722,0.6315757060718042,0.6315757060718042
2736.0,0.6200357238596487,399.92684495427875,0.6315581783447135,0.6315581783447135
2745.6,0.6187036477371988,399.9245673469802,0.6315401813686379,0.6315401813686379
2755.2,0.6173716105861945,399.92222906026956,0.6315217049218786,0.6315217049218786
2764.7999999999997,0.6160396134398602,399.9198287800556,0.6315027386208777,0.6315027386208777
2774.4,0.6147076573536665,399.9173651716128,0.631483271919031,0.631483271919031
2784.0,0.6133757434056761,399.91483687943196,0.631463294105507,0.631463294105507
2793.6,0.6120438726968915,399.91224252707445,0.631442794304097,0.631442794304097
2803.2,0.6107120463516077,399.9095807170286,0.6314217614720787,0.6314217614720787
2812.7999999999997,0.6093802655177649,399.9068500305687,0.6314001843991038,0.6314001843991038
2822.4,0.6080485313673045,399.90404902761765,0.6313780517061105,0.6313780517061105
2832.0,0.6067168450965277,399.9011762466111,0.6313553518442516,0.6313553518442516
2841.6,0.6053852079264549,399.89823020436563,0.6313320730938525,0.6313320730938525
2851.2,0.6040536211031892,399.8952093959489,0.6313082035633849,0.6313082035633849
2860.7999999999997,0.6027220858982799,399.8921122945543,0.6312837311884772,0.6312837311884772
2870.4,0.6013906036090902,399.88893735137754,0.6312586437309377,0.6312586437309377
2880.0,0.6000591755591655,399.88568299549667,0.6312329287778079,0.6312329287778079
2889.6,0.5987278030986029,399.88234763375624,0.6312065737404471,0.6312065737404471
2899.2,0.5973964876044252,399.8789296506535,0.6311795658536324,0.6311795658536324
2908.7999999999997,0.5960652304809548,399.8754274082297,0.6311518921747006,0.6311518921747006
2918.4,0.5947340331601887,399.8718392459632,0.6311235395827032,0.6311235395827032
2928.0,0.5934028971021778,399.8681634806677,0.6310944947776019,0.6310944947776019
2937.6,0.5920718237954045,399.86439840639315,0.6310647442794867,0.6310647442794867
2947.2,0.5907408147571656,399.8605422943311,0.6310342744278267,0.6310342744278267
2956.7999999999997,0.5894098715339534,399.85659339272354,0.631003071380751,0.631003071380751
2966.4,0.5880789957018404,399.8525499267756,0.6309711211143576,0.6309711211143576
2976.0,0.5867481888668643,399.84841009857274,0.6309384094220599,0.6309384094220599
2985.6,0.5854174526654142,399.84417208700125,0.630904921913959,0.630904921913959
2995.2,0.5840867887646197,399.8398340476737,0.6308706440162531,0.6308706440162531
3004.7999999999997,0.5827561988627388,399.83539411285795,0.6308355609706779,0.6308355609706779
3014.4,0.5814256846895486,399.83085039141105,0.630799657833984,0.630799657833984
3024.0,0.5800952480067367,399.82620096871653,0.6307629194774408,0.6307629194774408
3033.6,0.5787648906082928,399.8214439066278,0.6307253305863898,0.6307253305863898
3043.2,0.5774346143209027,399.81657724341375,0.630686875659815,0.630686875659815
3052.7999999999997,0.5761044210043407,399.8115989937113,0.6306475390099668,0.6306475390099668
3062.4,0.5747743125518661,399.8065071484808,0.6306073047620115,0.6306073047620115
3072.0,0.5734442908906165,399.801299674967,0.6305661568537207,0.6305661568537207
3081.6,0.5721143579820054,399.79597451666444,0.6305240790351994,0.6305240790351994
3091.2,0.5707845158221174,399.79052959328783,0.6304810548686515,0.6304810548686515
3100.7999999999997,0.5694547664421048,399.7849628007475,0.6304370677281856,0.6304370677281856
3110.4,0.568125111908586,399.7792720111293,0.6303921007996566,0.6303921007996566
3120.0,0.5667955543240412,399.77345507267984,0.6303461370805483,0.6303461370805483
3129.6,0.5654660958272112,399.7675098097968,0.6302991593798981,0.6302991593798981
3139.2,0.5641367385934941,399.7614340230247,0.630251150318262,0.630251150318262
3148.7999999999997,0.5628074848353432,399.75522548905496,0.6302020923277161,0.6302020923277161
3158.4,0.5614783368026643,399.7488819607317,0.6301519676519026,0.6301519676519026
3168.0,0.5601492967832132,399.7424011670638,0.6301007583461248,0.6301007583461248
3177.6,0.5588203671029925,399.73578081324007,0.6300484462774661,0.6300484462774661
3187.2,0.5574915501266484,399.7290185806524,0.6299950131249745,0.6299950131249745
3196.7999999999997,0.5561628482578664,399.7221121269224,0.6299404403798721,0.6299404403798721
3206.4,0.5548342639397674,399.71505908593474,0.6298847093458183,0.6298847093458183
3216.0,0.5535057996553029,399.70785706787524,0.6298278011392118,0.6298278011392118
3225.6,0.5521774579276482,399.7005036592752,0.6297696966895403,0.6297696966895403
3235.2,0.5508492413205973,399.692996423061,0.6297103767397716,0.6297103767397716
3244.7999999999997,0.5495211524389537,399.68533289860983,0.629649821846796,0.629649821846796
3254.4,0.5481931939289235,399.6775106018103,0.6295880123819032,0.6295880123819032
3264.0,0.5468653684785046,399.66952702513026,0.6295249285313196,0.6295249285313196
3273.6,0.5455376788178765,399.6613796376887,0.6294605502967752,0.6294605502967752
3283.2,0.5442101277197876,399.65306588533514,0.6293948574961319,0.6293948574961319
3292.7999999999997,0.5428827179999421,399.64458319073367,0.6293278297640474,0.6293278297640474
3302.4,0.5415554525173845,399.63592895345386,0.6292594465526931,0.6292594465526931
3312.0,0.5402283341748834,399.62710055006704,0.629189687132515,0.629189687132515
3321.6,0.5389013659193125,399.6180953342491,0.6291185305930467,0.6291185305930467
3331.2,0.5375745507420311,399.6089106368885,0.6290459558437612,0.6290459558437612
3340.7999999999997,0.536247891679261,399.59954376620146,0.628971941614984,0.628971941614984
3350.4,0.5349213918124636,399.5899920078521,0.628896466458839,0.628896466458839
3360.0,0.5335950542687121,399.58025262507994,0.6288195087502579,0.6288195087502579
3369.6,0.5322688822210647,399.5703228588323,0.6287410466880268,0.6287410466880268
3379.2,0.5309428788889331,399.5601999279036,0.6286610582958854,0.6286610582958854
3388.7999999999997,0.5296170475384483,399.5498810290811,0.6285795214236795,0.6285795214236795
3398.4,0.5282913914828268,399.5393633372958,0.6284964137485531,0.6284964137485531
3408.0,0.5269659140827305,399.5286440057806,0.6284117127761993,0.6284117127761993
3417.6,0.5256406187466266,399.51772016623454,0.6283253958421554,0.6283253958421554
3427.2,0.5243155089311433,399.5065889289924,0.6282374401131462,0.6282374401131462
3436.7999999999997,0.5229905881414233,399.4952473832021,0.6281478225884832,0.6281478225884832
3446.4,0.5216658599314732,399.4836925970067,0.6280565201015039,0.6280565201015039
3456.0,0.5203413279045109,399.47192161773427,0.6279635093210721,0.6279635093210721
3465.6,0.5190169957133093,399.45993147209253,0.6278687667531163,0.6278687667531163
3475.2,0.5176928670605364,399.4477191663713,0.6277722687422278,0.6277722687422278
3484.7999999999997,0.5163689456990923,399.4352816866501,0.6276739914733025,0.6276739914733025
3494.4,0.5150452354324421,399.4226159990124,0.6275739109732337,0.6275739109732337
3504.0,0.5137217401149461,399.40971904976664,0.6274720031126578,0.6274720031126578
3513.6,0.5123984636521848,399.39658776567256,0.627368243607744,0.627368243607744
3523.2,0.5110754100012819,399.38321905417496,0.6272626080220396,0.6272626080220396
3532.7999999999997,0.5097525831712212,399.3696098036429,0.6271550717683619,0.6271550717683619
3542.4,0.5084299872231608,399.3557568836153,0.6270456101107375,0.6270456101107375
3552.0,0.5071076262707432,399.3416571450535,0.6269341981663986,0.6269341981663986
3561.6,0.5057855044803999,399.3273074205991,0.6268208109078204,0.6268208109078204
3571.2,0.5044636260716526,399.31270452483847,0.626705423164811,0.626705423164811
3580.7999999999997,0.5031419953174098,399.2978452545739,0.6265880096266536,0.6265880096266536
3590.4,0.501820616544258,399.2827263891001,0.6264685448442928,0.6264685448442928
3600.0,0.5004994941327499,399.2673446904878,0.6263470032325726,0.6263470032325726
3609.6,0.4991786325176853,399.2516969038724,0.6262233590725214,0.6262233590725214
3619.2,0.49785803618838953,399.2357797577504,0.6260975865136892,0.6260975865136892
3628.7999999999997,0.496537709688985,399.2195899642794,0.6259696595765236,0.6259696595765236
3638.4,0.49521765761865855,399.2031242195878,0.6258395521548121,0.6258395521548121
3648.0,0.49389788463192374,399.18637920408645,0.6257072380181484,0.6257072380181484
3657.6,0.4925783954388772,399.1693515827898,0.6255726908144671,0.6255726908144671
3667.2,0.4912591948054497,399.1520380056408,0.6254358840726135,0.6254358840726135
3676.7999999999997,0.48994028755365243,399.1344351078429,0.6252967912049643,0.6252967912049643
3686.3999999999996,0.488621678561816,399.1165395101973,0.6251553855100955,0.6251553855100955
3696.0,0.4873033727648251,399.09834781944693,0.6250116401754975,0.6250116401754975
3705.6,0.48598537515434803,399.07985662862495,0.6248655282803309,0.6248655282803309
3715.2,0.4846676907790578,399.06106251741045,0.6247170227982364,0.6247170227982364
3724.7999999999997,0.4833503247448496,399.04196205248894,0.6245660966001827,0.6245660966001827
3734.3999999999996,0.48203328221505104,399.0225517879188,0.6244127224573636,0.6244127224573636
3744.0,0.4807165684106259,399.00282826550347,0.624256873044137,0.624256873044137
3753.6,0.479400188610373,398.98278801516926,0.6240985209410121,0.6240985209410121
3763.2,0.4780841481511172,398.9624275553485,0.6239376386376756,0.6239376386376756
3772.7999999999997,0.47676845242789434,398.941743393368,0.6237741985360618,0.6237741985360618
3782.3999999999996,0.4754531068941303,398.92073202584396,0.6236081729534733,0.6236081729534733
3792.0,0.4741381170618124,398.899389939081,0.6234395341257327,0.6234395341257327
3801.6,0.4728234885016545,398.87771360947687,0.6232682542103825,0.6232682542103825
3811.2,0.4715092268432555,398.85569950393284,0.6230943052899262,0.6230943052899262
3820.7999999999997,0.470195337775251,398.83334408026906,0.6229176593751112,0.6229176593751112
3830.3999999999996,0.468881827045457,398.81064378764495,0.6227382884082504,0.6227382884082504
3840.0,0.4675687004610072,398.787595066984,0.6225561642665791,0.6225561642665791
3849.6,0.4662559638884838,398.7641943514053,0.6223712587656638,0.6223712587656638
3859.2,0.4649436232540396,398.74043806665804,0.622183543662837,0.622183543662837
3868.7999999999997,0.46363168454351356,398.7163226315621,0.6219929906606774,0.6219929906606774
3878.3999999999996,0.46232015380253927,398.6918444584529,0.6217995714105257,0.6217995714105257
3888.0,0.4610090371366454,398.66699995363086,0.6216032575160355,0.6216032575160355
3897.6,0.4596983407113486,398.64178551781595,0.6214040205367657,0.6214040205367657
3907.2,0.4583880707522383,398.6161975466063,0.6212018319918038,0.6212018319918038
3916.7999999999997,0.45707823354505606,398.5902324309415,0.6209966633634268,0.6209966633634268
3926.3999999999996,0.4557688354357632,398.5638865575702,0.6207884861007961,0.6207884861007961
3936.0,0.45445988283060457,398.53715630952166,0.6205772716236841,0.6205772716236841
3945.6,0.4531513821961616,398.51003806658264,0.6203629913262412,0.6203629913262412
3955.2,0.4518433400593986,398.4825282057765,0.6201456165807824,0.6201456165807824
3964.7999999999997,0.45053576300770115,398.45462310184826,0.6199251187416207,0.6199251187416207
3974.3999999999996,0.44922865768890524,398.42631912775266,0.6197014691489219,0.6197014691489219
3984.0,0.4479220308113195,398.39761265514574,0.61947463913259,0.61947463913259
3993.6,0.4466158891437381,398.3685000548808,0.6192446000161868,0.6192446000161868
4003.2,0.44531023951544624,398.3389776975081,0.6190113231208778,0.6190113231208778
4012.7999999999997,0.44400508881621664,398.309041953777,0.6187747797694043,0.6187747797694043
4022.3999999999996,0.4427004439962976,398.27868919514356,0.6185349412900892,0.6185349412900892
4032.0,0.44139631206639307,398.2479157942792,0.6182917790208607,0.6182917790208607
4041.6,0.44009270009763335,398.2167181255846,0.6180452643133096,0.6180452643133096
4051.2,0.4387896152215383,398.18509256570525,0.6177953685367662,0.6177953685367662
4060.7999999999997,0.4374870646299708,398.15303549405115,0.6175420630824033,0.6175420630824033
4070.3999999999996,0.4361850555750821,398.12054329331914,0.6172853193673669,0.6172853193673669
4080.0,0.4348835953692484,398.0876123500177,0.6170251088389201,0.6170251088389201
4089.6,0.4335826913849985,398.05423905499504,0.6167614029786183,0.6167614029786183
4099.2,0.4322823510549322,398.0204198039692,0.6164941733064967,0.6164941733064967
4108.8,0.43098258187163124,397.9861509980619,0.6162233913852877,0.6162233913852877
4118.4,0.429683391387559,397.95142904433305,0.6159490288246475,0.6159490288246475
4128.0,0.4283847872149537,397.91625035631944,0.6156710572854088,0.6156710572854088
4137.599999999999,0.4270867770257108,397.88061135457417,0.6153894484838461,0.6153894484838461
4147.2,0.4257893685512574,397.844508467209,0.6151041741959598,0.6151041741959598
4156.8,0.4244925695824168,397.80793813043806,0.614815206261773,0.614815206261773
4166.4,0.42319638796926473,397.7708967891247,0.6145225165896524,0.6145225165896524
4176.0,0.4219008316209759,397.7333808973285,0.6142260771606303,0.6142260771606303
4185.599999999999,0.42060590850566165,397.69538691885487,0.6139258600327477,0.6139258600327477
4195.2,0.41931162665019833,397.65691132780586,0.6136218373454072,0.6136218373454072
4204.8,0.418017994140046,397.61795060913295,0.6133139813237396,0.6133139813237396
4214.4,0.41672501911905957,397.57850125919003,0.6130022642829747,0.6130022642829747
4224.0,0.41543270978928803,397.5385597862888,0.6126866586328285,0.6126866586328285
4233.599999999999,0.41414107441076703,397.4981227112544,0.6123671368818959,0.6123671368818959
4243.2,0.4128501213013007,397.4571865679824,0.6120436716420492,0.6120436716420492
4252.8,0.41155985883623414,397.41574790399613,0.611716235632844,0.611716235632844
4262.4,0.41027029544821725,397.3738032810059,0.6113848016859366,0.6113848016859366
4272.0,0.40898143962695954,397.331349275467,0.6110493427494937,0.6110493427494937
4281.599999999999,0.40769329991897374,397.28838247913956,0.6107098318926172,0.6107098318926172
4291.2,0.4064058849273131,397.24489949964857,0.6103662423097675,0.6103662423097675
4300.8,0.40511920331129575,397.2008969610435,0.6100185473251869,0.6100185473251869
4310.4,0.40383326378622314,397.1563715043591,0.6096667203973296,0.6096667203973296
4320.0,0.4025480751230869,397.11131978817446,0.6093107351232814,0.6093107351232814
4329.599999999999,0.4012636461482673,397.0657384891742,0.6089505652431908,0.6089505652431908
4339.2,0.39997998574322224,397.0196243027072,0.6085861846446874,0.6085861846446874
4348.8,0.3986971028441665,396.9729739433468,0.6082175673673054,0.6082175673673054
4358.4,0.3974150064417423,396.925784145449,0.6078446876068963,0.6078446876068963
4368.0,0.39613370558068045,396.87805166371083,0.6074675197200411,0.6074675197200411
4377.599999999999,0.39485320935945173,396.82977327372834,0.607086038228457,0.607086038228457
4387.2,0.3935735269299092,396.78094577255246,0.6067002178233928,0.6067002178233928
4396.8,0.3922946674969217,396.7315659792451,0.6063100333700208,0.6063100333700208
4406.4,0.39101664031799793,396.68163073543354,0.6059154599118184,0.6059154599118184
4416.0,0.38973945470290017,396.63113690586397,0.6055164726749412,0.6055164726749412
4425.599999999999,0.3884631200132509,396.5800813789527,0.60511304707258,0.60511304707258
4435.2,0.38718764566212865,396.52846106733733,0.6047051587093144,0.6047051587093144
4444.8,0.3859130411136549,396.4762729084254,0.6042927833854489,0.6042927833854489
4454.4,0.3846393158825725,396.4235138649412,0.6038758971013328,0.6038758971013328
4464.0,0.38336647953381453,396.3701809254713,0.6034544760616728,0.6034544760616728
4473.599999999999,0.3820945416820644,396.3162711050078,0.6030284966798231,0.6030284966798231
4483.2,0.38082351199130626,396.26178144548976,0.6025979355820654,0.6025979355820654
4492.8,0.37955340017436723,396.2067090163418,0.6021627696118633,0.6021627696118633
4502.4,0.3782842159924505,396.15105091501084,0.6017229758341056,0.6017229758341056
4512.0,0.3770159692546588,396.0948042675008,0.601278531539329,0.601278531539329
4521.599999999999,0.3757486698175104,396.03796622890366,0.6008294142479152,0.6008294142479152
4531.2,0.3744823275844448,395.98053398392915,0.6003756017142778,0.6003756017142778
4540.8,0.37321695250532105,395.9225047474299,0.5999170719310096,0.5999170719310096
4550.4,0.3719525545759056,395.8638757649259,0.5994538031330281,0.5994538031330281
4560.0,0.37068914383735363,395.80464431312373,0.5989857738016776,0.5989857738016776
4569.599999999999,0.36942673037567964,395.7448077004344,0.5985129626688224,0.5985129626688224
4579.2,0.3681653243212216,395.68436326748656,0.5980353487208996,0.5980353487208996
4588.8,0.36690493584809425,395.62330838763745,0.5975529112029591,0.5975529112029591
4598.4,0.3656455751736362,395.5616404674793,0.5970656296226633,0.5970656296226633
4608.0,0.3643872525578472,395.49935694734313,0.5965734837542681,0.5965734837542681
4617.599999999999,0.3631299783028172,395.43645530179805,0.5960764536425696,0.5960764536425696
4627.2,0.3618737627521481,395.372933040147,0.5955745196068196,0.5955745196068196
4636.8,0.3606186162903662,395.3087877069191,0.5950676622446164,0.5950676622446164
4646.4,0.3593645493423269,395.24401688235656,0.5945558624357538,0.5945558624357538
4656.0,0.35811157237261193,395.178618182899,0.5940391013460455,0.5940391013460455
4665.599999999999,0.3568596958849175,395.1125892616625,0.5935173604311119,0.5935173604311119
4675.2,0.35560893042143554,395.0459278089144,0.5929906214401325,0.5929906214401325
4684.8,0.3543592865622264,394.97863155254436,0.5924588664195658,0.5924588664195658
4694.4,0.3531107749245843,394.91069825852946,0.591922077716827,0.591922077716827
4704.0,0.35186340616239453,394.84212573139615,0.5913802379839366,0.5913802379839366
4713.599999999999,0.3506171909654832,394.7729118146757,0.5908333301811192,0.5908333301811192
4723.2,0.34937214005896056,394.703054391357,0.5902813375803821,0.5902813375803821
4732.8,0.34812826420255505,394.6325513843319,0.5897242437690344,0.5897242437690344
4742.4,0.3468855741899411,394.5614007568374,0.589162032653179,0.589162032653179
4752.0,0.34564408084805953,394.489600512891,0.5885946884611568,0.5885946884611568
4761.599999999999,0.3444037950364307,394.4171486977229,0.5880221957469565,0.5880221957469565
4771.2,0.3431647276464608,394.3440433982003,0.5874445393935719,0.5874445393935719
4780.8,0.34192688960074,394.2702827432482,0.5868617046163236,0.5868617046163236
4790.4,0.3406902918523356,394.1958649042637,0.586273676966136,0.586273676966136
4800.0,0.3394549453840769,394.1207880955247,0.5856804423327624,0.5856804423327624
4809.599999999999,0.3382208612078337,394.0450505745932,0.5850819869479764,0.5850819869479764
4819.2,0.3369880503637884,393.96865064271236,0.5844782973887062,0.5844782973887062
4828.8,0.33575652391970184,393.89158664519783,0.5838693605801273,0.5838693605801273
4838.4,0.3345262929701715,393.81385697182304,0.583255163798708,0.583255163798708
4848.0,0.33329736863588477,393.7354600571985,0.5826356946752059,0.5826356946752059
4857.599999999999,0.3320697620628657,393.6563943811444,0.5820109411976119,0.5820109411976119
4867.2,0.3308434844217147,393.5766584690582,0.5813808917140543,0.5813808917140543
4876.8,0.3296185469068435,393.496250892274,0.5807455349356404,0.5807455349356404
4886.4,0.3283949607357033,393.4151702684173,0.5801048599392572,0.5801048599392572
4896.0,0.3271727371480073,393.3334152617516,0.5794588561703122,0.5794588561703122
4905.599999999999,0.3259518874049486,393.2509845835205,0.5788075134454351,0.5788075134454351
4915.2,0.3247324227884106,393.16787699228087,0.5781508219551111,0.5781508219551111
4924.8,0.32351435460017347,393.08409129423103,0.5774887722662742,0.5774887722662742
4934.4,0.3222976941611145,392.99962634353085,0.5768213553248361,0.5768213553248361
4944.0,0.3210824528104042,392.91448104261644,0.5761485624581731,0.5761485624581731
4953.599999999999,0.3198686419046957,392.82865434250635,0.5754703853775456,0.5754703853775456
4963.2,0.3186562728173107,392.7421452431021,0.5747868161804721,0.5747868161804721
4972.8,0.3174453569374193,392.6549527934803,0.5740978473530393,0.5740978473530393
4982.4,0.3162359056692164,392.5670760921795,0.5734034717721663,0.5734034717721663
4992.0,0.3150279304310917,392.4785142874778,0.5727036827078,0.5727036827078
5001.599999999999,0.3138214426547973,392.3892665776649,0.5719984738250632,0.5719984738250632
5011.2,0.31261645378460884,392.2993322113055,0.5712878391863381,0.5712878391863381
5020.8,0.31141297527648387,392.2087104874967,0.570571773253298,0.570571773253298
5030.4,0.3102110185972152,392.11740075611687,0.5698502708888746,0.5698502708888746
5040.0,0.30901059522358054,392.02540241806764,0.5691233273591715,0.5691233273591715
5049.599999999999,0.3078117166414889,391.93271492550815,0.5683909383353122,0.5683909383353122
5059.2,0.3066143943451209,391.839337782082,0.5676530998952363,0.5676530998952363
5068.8,0.30541863983606865,391.7452705431363,0.5669098085254288,0.5669098085254288
5078.4,0.30422446462246977,391.6505128159333,0.5661610611225928,0.5661610611225928
5088.0,0.30303188021813876,391.5550642598543,0.5654068549952599,0.5654068549952599
5097.599999999999,0.30184089814169546,391.4589245865955,0.56464718786534,0.56464718786534
5107.2,0.30065152991568955,391.3620935603566,0.5638820578696083,0.5638820578696083
5116.8,0.29946378706572246,391.2645709980217,0.5631114635611385,0.5631114635611385
5126.4,0.298277681119567,391.16635676933134,0.562335403910658,0.562335403910658
5136.0,0.2970932236062829,391.0674507970475,0.5615538783078555,0.5615538783078555
5145.599999999999,0.295910426055331,390.9678530571112,0.5607668865626239,0.5607668865626239
5155.2,0.29472929999568453,390.8675635787905,0.5599744289062308,0.5599744289062308
5164.8,0.2935498569549374,390.76658244482246,0.5591765059924398,0.5591765059924398
5174.4,0.2923721084584117,390.6649097915456,0.5583731188985573,0.5583731188985573
5184.0,0.29119606602826126,390.5625458090252,0.5575642691264231,0.5575642691264231
5193.599999999999,0.2900217411825752,390.45949074117027,0.556749958603333,0.556749958603333
5203.2,0.28884914543447776,390.35574488584234,0.5559301896829008,0.5559301896829008
5212.8,0.2876782902912285,390.2513085949569,0.5551049651458582,0.5551049651458582
5222.4,0.2865091872533188,390.14618227457527,0.5542742882007804,0.5542742882007804
5232.0,0.28534184781356897,390.04036638498985,0.5534381624847621,0.5534381624847621
5241.599999999999,0.28417628345622226,389.93386144080085,0.5525965920640206,0.5525965920640206
5251.2,0.2830125056560392,389.82666801098435,0.5517495814344359,0.5517495814344359
5260.8,0.28185052587738996,389.71878671895263,0.5508971355220269,0.5508971355220269
5270.4,0.2806903555733466,389.6102182426063,0.5500392596833626,0.5500392596833626
5280.0,0.27953200618477353,389.50096331437845,0.5491759597059115,0.5491759597059115
5289.599999999999,0.27837548913941906,389.39102272127053,0.5483072418083252,0.5483072418083252
5299.2,0.27722081585100433,389.2803973048794,0.5474331126406522,0.5474331126406522
5308.8,0.27606799771831414,389.1690879614177,0.5465535792844984,0.5465535792844984
5318.4,0.2749170461242853,389.0570956417245,0.5456686492531119,0.5456686492531119
5328.0,0.2737679724350976,388.94442135126894,0.5447783304914104,0.5447783304914104
5337.599999999999,0.27262078799926176,388.83106615014475,0.54388263137594,0.54388263137594
5347.2,0.2714755041467108,388.71703115305786,0.5429815607147754,0.5429815607147754
5356.8,0.27033213218788915,388.60231752930434,0.5420751277473471,0.5420751277473471
5366.4,0.2691906834128434,388.48692650274154,0.541163342144212,0.541163342144212
5376.0,0.26805116909031423,388.37085935175065,0.5402462140067583,0.5402462140067583
5385.599999999999,0.2669136004668277,388.25411740919066,0.5393237538668416,0.5393237538668416
5395.2,0.2657779887657886,388.1367020623451,0.5383959726863644,0.5383959726863644
5404.8,0.26464434518657426,388.0186147528602,0.5374628818567867,0.5374628818567867
5414.4,0.26351268090362967,387.8998569766749,0.536524493198574,0.536524493198574
5424.0,0.26238300706556394,387.7804302839435,0.5355808189605835,0.5355808189605835
5433.599999999999,0.2612553347942481,387.6603362789491,0.5346318718193852,0.5346318718193852
5443.2,0.2601296751839146,387.53957662001073,0.5336776648785223,0.5336776648785223
5452.8,0.2590060393002582,387.4181530193808,0.5327182116677046,0.5327182116677046
5462.4,0.25788443817953927,387.2960672431359,0.531753526141945,0.531753526141945
5472.0,0.25676488282768833,387.1733211110589,0.5307836226806267,0.5307836226806267
5481.599999999999,0.2556473842194131,387.04991649651384,0.5298085160865157,0.5298085160865157
5491.2,0.2545319532973079,386.9258553263128,0.5288282215847083,0.5288282215847083
5500.8,0.25341860097096497,386.80113958057404,0.5278427548215111,0.5278427548215111
5510.4,0.2523073381160888,386.67577129257415,0.5268521318632708,0.5268521318632708
5520.0,0.25119817557361224,386.54975254859056,0.5258563691951323,0.5258563691951323
5529.599999999999,0.25009112414881657,386.4230854877384,0.5248554837197474,0.5248554837197474
5539.2,0.2489861946104532,386.2957723017974,0.5238494927559086,0.5238494927559086
5548.8,0.24788339768986933,386.16781523503363,0.5228384140371393,0.5228384140371393
5558.4,0.2467827440801358,386.0392165840114,0.521822265710208,0.521822265710208
5568.0,0.2456842444351792,385.90997869739925,0.5208010663335957,0.5208010663335957
5577.599999999999,0.24458790936891636,385.780103975768,0.5197748348758998,0.5197748348758998
5587.2,0.2434937494543934,385.6495948713809,0.5187435907141758,0.5187435907141758
5596.8,0.242401775222927,385.51845388797733,0.5177073536322284,0.5177073536322284
5606.4,0.24131199716325116,385.38668358054827,0.5166661438188368,0.5166661438188368
5616.0,0.24022442572066607,385.25428655510484,0.5156199818659267,0.5156199818659267
5625.599999999999,0.23913907129619216,385.1212654684402,0.514568888766688,0.514568888766688
5635.2,0.23805594424572735,384.9876230278833,0.5135128859136298,0.5135128859136298
5644.8,0.23697505487920992,384.85336199104614,0.5124519950965828,0.5124519950965828
5654.4,0.235896413459784,384.718485165564,0.5113862385006462,0.5113862385006462
5664.0,0.2348200302029702,384.58299540882837,0.5103156387040788,0.5103156387040788
5673.599999999999,0.23374591527584165,384.4468956277131,0.5092402186761341,0.5092402186761341
5683.2,0.23267407879620344,384.310188778294,0.5081600017748442,0.5081600017748442
5692.8,0.23160453083177746,384.17287786556113,0.5070750117447483,0.5070750117447483
5702.4,0.23053728139939206,384.0349659431246,0.5059852727145655,0.5059852727145655
5712.0,0.22947234046417675,383.89645611291354,0.5048908091948188,0.5048908091948188
5721.599999999999,0.2284097179387623,383.7573515248692,0.503791646075407,0.503791646075407
5731.2,0.22734942368248512,383.61765537663024,0.5026878086231213,0.5026878086231213
5740.8,0.2262914675005983,383.4773709132126,0.5015793224791132,0.5015793224791132
5750.4,0.2252358591434869,383.3365014266825,0.5004662136563115,0.5004662136563115
5760.0,0.2241826083058899,383.1950502558234,0.49934850853679114,0.49934850853679114
5769.599999999999,0.22313172462612668,383.0530207857962,0.4982262338690879,0.4982262338690879
5779.2,0.22208321768533015,382.91041644779415,0.49709941676547076,0.49709941676547076
5788.8,0.2210370970066853,382.7672407186906,0.49596808469915993,0.49596808469915993
5798.4,0.2199933720546739,382.62349712068135,0.4948322655015005,0.4948322655015005
5808.0,0.21895205223432518,382.4791892209211,0.49369198735908837,0.49369198735908837
5817.599999999999,0.21791314689047275,382.3343206311539,0.49254727881085175,0.49254727881085175
5827.2,0.21687666530701707,382.1888950073373,0.491398168745081,0.491398168745081
5836.8,0.21584261670619606,382.04291604926175,0.4902446863964209,0.4902446863964209
5846.4,0.2148110102478601,381.8963875001636,0.4890868613428127,0.4890868613428127
5856.0,0.2137818550287545,381.7493131463329,0.48792472350239524,0.48792472350239524
5865.599999999999,0.21275516008180922,381.6016968167153,0.4867583031303592,0.4867583031303592
5875.2,0.2117309343754341,381.4535423825092,0.4855876308157647,0.4855876308157647
5884.8,0.21070918681282153,381.30485375675767,0.48441273747831404,0.48441273747831404
5894.4,0.209689926231256,381.1556348939336,0.4832336543650779,0.4832336543650779
5904.0,0.20867316140143063,381.0058897895219,0.4820504130471905,0.4820504130471905
5913.599999999999,0.20765890102677076,380.855622479595,0.48086304541649666,0.48086304541649666
5923.2,0.2066471537427644,380.70483704038446,0.47967158368216695,0.47967158368216695
5932.8,0.20563792811630033,380.5535375878466,0.47847606036726553,0.47847606036726553
5942.4,0.20463123264501326,380.40172827722466,0.4772765083052891,0.4772765083052891
5952.0,0.2036270757566364,380.24941330260486,0.4760729606366613,0.4760729606366613
5961.599999999999,0.20262546580836185,380.09659689646907,0.4748654508051958,0.4748654508051958
5971.2,0.2016264110862078,379.9432833292421,0.4736540125545206,0.4736540125545206
5980.8,0.20062991980439382,379.789476908835,0.472438679924469,0.472438679924469
5990.4,0.19963600010472407,379.63518198018414,0.4712194872474364,0.4712194872474364
6000.0,0.19864466005597772,379.48040292478487,0.46999646914469767,0.46999646914469767
6009.599999999999,0.19765590765330737,379.32514416022326,0.46876966052270497,0.46876966052270497
6019.2,0.19666975081764565,379.1694101397013,0.4675390965693373,0.4675390965693373
6028.8,0.19568619739511964,379.0132053515598,0.46630481275012986,0.46630481275012986
6038.4,0.19470525515647305,378.85653431879683,0.46506684480446936,0.46506684480446936
6048.0,0.1937269317964967,378.69940159858237,0.463825228741759,0.463825228741759
6057.599999999999,0.1927512349334673,378.54181178176907,0.46258000083755213,0.46258000083755213
6067.2,0.1917781721085939,378.3837694924,0.4613311976296631,0.4613311976296631
6076.8,0.1908077507854737,378.225279387212,0.4600788559142427,0.4600788559142427
6086.4,0.18983997834955474,378.06634615513707,0.4588230127418378,0.4588230127418378
6096.0,0.18887486210760815,377.9069745167984,0.45756370541341074,0.45756370541341074
6105.599999999999,0.1879124092872081,377.74716922400484,0.4563009714763425,0.4563009714763425
6115.2,0.18695262703622065,377.5869350592416,0.4550348487204108,0.4550348487204108
6124.8,0.18599552242230127,377.4262768351583,0.45376537517374205,0.45376537517374205
6134.4,0.18504110243240043,377.2651993940531,0.4524925890987379,0.4524925890987379
6144.0,0.18408937397227793,377.1037076073552,0.4512165289879839,0.4512165289879839
6153.599999999999,0.18314034386602618,376.94180637510385,0.4499372335601346,0.4499372335601346
6163.2,0.18219401885560238,376.7795006254251,0.4486547417557775,0.4486547417557775
6172.8,0.18125040560036892,376.61679531400523,0.4473690927332729,0.4473690927332729
6182.4,0.18030951067664294,376.4536954235633,0.44608032586458646,0.44608032586458646
6192.0,0.1793713405772543,376.29020596331935,0.4447884807310859,0.4447884807310859
6201.599999999999,0.17843590171111323,376.12633196846184,0.4434935971193346,0.4434935971193346
6211.2,0.17750320040278644,375.96207849961246,0.44219571501686133,0.44219571501686133
6220.8,0.17657324289208157,375.7974506422883,0.440894874607911,0.440894874607911
6230.4,0.1756460353336421,375.6324535063635,0.43959111626919045,0.43959111626919045
6240.0,0.17472158379655006,375.46709222552664,0.43828448056558145,0.43828448056558145
6249.599999999999,0.1737998942639377,375.3013719567394,0.4369750082458628,0.4369750082458628
6259.2,0.17288097263260954,375.13529787969077,0.4356627402383979,0.4356627402383979
6268.8,0.17196482471267205,374.96887519625096,0.43434771764681923,0.43434771764681923
6278.4,0.17105145622717338,374.80210912992436,0.4330299817457063,0.4330299817457063
6288.0,0.17014087281175175,374.6350049252995,0.43170957397623905,0.43170957397623905
6297.599999999999,0.16923308001429335,374.4675678474991,0.4303865359418531,0.4303865359418531
6307.2,0.16832808329459953,374.29980318162836,0.42906090940387914,0.42906090940387914
6316.8,0.1674258880240625,374.1317162322222,0.4277327362771754,0.4277327362771754
6326.4,0.16652649948535103,373.9633123226912,0.42640205862575103,0.42640205862575103
6336.0,0.16562992287210493,373.7945967947673,0.42506891865838425,0.42506891865838425
6345.599999999999,0.1647361632886391,373.6255750079477,0.42373335872422924,0.42373335872422924
6355.2,0.16384522574965674,373.45625233893924,0.4223954213084258,0.4223954213084258
6364.8,0.1629571151799717,373.2866341811008,0.42105514902769314,0.42105514902769314
6374.4,0.1620718364142404,373.11672594388625,0.4197125846259285,0.4197125846259285
6384.0,0.16118939419670228,372.9465330522862,0.4183677709697955,0.4183677709697955
6393.599999999999,0.16030979318093116,372.7760609462699,0.4170207510443146,0.4170207510443146
6403.2,0.15943303792959407,372.60531508022655,0.41567156794844823,0.41567156794844823
6412.8,0.15855913291422066,372.43430092240624,0.4143202648906842,0.4143202648906842
6422.4,0.1576880825149814,372.2630239543617,0.41296688518462304,0.41296688518462304
6432.0,0.15681989102047483,372.09148967038857,0.41161147224455635,0.41161147224455635
6441.599999999999,0.15595456262752538,371.9197035769675,0.41025406958105787,0.41025406958105787
6451.2,0.15509210144098856,371.74767119220456,0.4088947207965622,0.4088947207965622
6460.8,0.1542325114735674,371.57539804527386,0.4075334695809599,0.4075334695809599
6470.4,0.15337579664563647,371.40288967585866,0.4061703597071822,0.4061703597071822
6480.0,0.15252196078507654,371.23015163359446,0.40480543502679955,0.40480543502679955
6489.599999999999,0.15167100762711805,371.05718947751143,0.4034387394656166,0.4034387394656166
6499.2,0.15082294081419337,370.8840087754783,0.4020703170192776,0.4020703170192776
6508.8,0.14997776389579937,370.71061510364666,0.40070021174887505,0.40070021174887505
6518.4,0.14913548032836782,370.53701404589566,0.39932846777656317,0.39932846777656317
6528.0,0.1482960934751465,370.3632111932784,0.3979551292811821,0.3979551292811821
6537.599999999999,0.1474596066060887,370.18921214346835,0.396580240493884,0.396580240493884
6547.2,0.14662602289775192,370.0150225002078,0.3952038456937756,0.3952038456937756
6556.8,0.14579534543320596,369.84064787275616,0.3938259892035576,0.3938259892035576
6566.4,0.14496757720195028,369.6660938753411,0.3924467153851891,0.3924467153851891
6576.0,0.14414272109984008,369.49136612660914,0.39106606863554494,0.39106606863554494
6585.599999999999,0.14332077992902204,369.3164702490793,0.3896840933821,0.3896840933821
6595.2,0.14250175639787874,369.1414118685973,0.3883008340786151,0.3883008340786151
6604.8,0.1416856531209822,368.96619661379066,0.3869163352008328,0.3869163352008328
6614.4,0.14087247261905675,368.79083011552746,0.38553064124219905,0.38553064124219905
6624.0,0.14006221731895052,368.61531800637437,0.38414379670958215,0.38414379670958215
6633.599999999999,0.1392548895536162,368.4396659200582,0.38275584611901703,0.38275584611901703
6643.2,0.13845049156210076,368.2638794909283,0.38136683399145815,0.38136683399145815
6652.8,0.13764902548954372,368.0879643534214,0.3799768048485506,0.3799768048485506
6662.4,0.13685049338718502,367.9119261415283,0.3785858032084149,0.3785858032084149
6672.0,0.13605489721238057,367.73577048826235,0.3771938735814492,0.3771938735814492
6681.599999999999,0.13526223882862837,367.5595030251305,0.3758010604661474,0.3758010604661474
6691.2,0.13447252000560156,367.3831293816061,0.3744074083449361,0.3744074083449361
6700.8,0.13368574241919157,367.20665518460453,0.3730129616800273,0.3730129616800273
6710.4,0.1329019076515589,367.0300860579606,0.37161776490929344,0.37161776490929344
6720.0,0.1321210171911938,366.8534276219086,0.3702218624421557,0.3702218624421557
6729.599999999999,0.13134307243298438,366.67668549256524,0.368825298655499,0.368825298655499
6739.2,0.13056807467829415,366.49986528141426,0.3674281178896008,0.3674281178896008
6748.8,0.12979602513504754,366.3229725947944,0.36603036444408393,0.36603036444408393
6758.4,0.1290269249178244,366.14601303338986,0.3646320825738905,0.3646320825738905
6768.0,0.1282607750479624,365.9689921917236,0.36323331648527846,0.36323331648527846
6777.599999999999,0.12749757645366822,365.79191565765296,0.3618341103318363,0.3618341103318363
6787.2,0.126737329970137,365.6147890118687,0.3604345082105239,0.3604345082105239
6796.8,0.12598003633968044,365.4376178273969,0.3590345541577371,0.3590345541577371
6806.4,0.12522569621186205,365.2604076691037,0.35763429214539527,0.35763429214539527
6816.0,0.12447431014364192,365.08316409320327,0.35623376607705093,0.35623376607705093
6825.599999999999,0.1237258785995291,364.9058926467684,0.35483301978402526,0.35483301978402526
6835.2,0.12298040195174156,364.72859886724524,0.3534320970215724,0.3534320970215724
6844.8,0.12223788048037536,364.5512882819705,0.3520310414650646,0.3520310414650646
6854.4,0.12149831437358054,364.37396640769185,0.350629896706202,0.350629896706202
6864.0,0.12076170372774567,364.1966387500926,0.34922870624925856,0.34922870624925856
6873.599999999999,0.12002804854769038,364.01931080331843,0.3478275135073412,0.3478275135073412
6883.2,0.11929734874686522,363.84198804950927,0.3464263617986901,0.3464263617986901
6892.8,0.11856960414755964,363.6646759583327,0.34502529434299306,0.34502529434299306
6902.4,0.1178448144811176,363.4873799865227,0.343624354257741,0.343624354257741
6912.0,0.11712297938816064,363.3101055774211,0.3422235845546034,0.3422235845546034
6921.599999999999,0.11640409841881855,363.1328581605226,0.3408230281358335,0.3408230281358335
6931.2,0.11568817103296825,362.9556431510242,0.3394227277907098,0.3394227277907098
6940.8,0.11497519660047865,362.7784659493778,0.3380227261919974,0.3380227261919974
6950.4,0.11426517440146448,362.60133194084665,0.33662306589244695,0.33662306589244695
6960.0,0.11355810362654671,362.4242464950658,0.33522378932131885,0.33522378932131885
6969.599999999999,0.11285398337711997,362.24721496560676,0.3338249387809442,0.3338249387809442
6979.2,0.11215281266562749,362.0702426895457,0.33242655644331315,0.33242655644331315
6988.8,0.11145459041584357,361.89333498703496,0.33102868434668853,0.33102868434668853
6998.4,0.11075931546316221,361.7164971608806,0.3296313643922678,0.3296313643922678
7008.0,0.11006698655489351,361.53973449612187,0.32823463834086136,0.32823463834086136
7017.599999999999,0.10937760235056665,361.3630522596162,0.326838547809611,0.326838547809611
7027.2,0.10869116142223942,361.18645569962723,0.32544313426873644,0.32544313426873644
7036.8,0.10800766225481583,361.0099500454183,0.3240484390383228,0.3240484390383228
7046.4,0.1073271032463683,360.8335405068491,0.3226545032851334,0.3226545032851334
7056.0,0.10664948270846868,360.657232273977,0.3212613680194593,0.3212613680194593
7065.599999999999,0.1059747988665243,360.4810305166628,0.3198690740920043,0.3198690740920043
7075.2,0.10530304986012128,360.30494038418084,0.3184776621908037,0.3184776621908037
7084.8,0.10463423374337408,360.12896700483225,0.3170871728381696,0.3170871728381696
7094.4,0.10396834848528136,359.95311548556515,0.31569764638768844,0.31569764638768844
7104.0,0.10330539197008812,359.77739091159646,0.3143091230212331,0.3143091230212331
7113.599999999999,0.10264536199765405,359.6017983460404,0.31292164274602796,0.31292164274602796
7123.2,0.10198825628382843,359.42634282953975,0.3115352453917337,0.3115352453917337
7132.8,0.10133407246083005,359.251029379903,0.31014997060758265,0.31014997060758265
7142.4,0.10068280807763429,359.07586299174505,0.3087658578595374,0.3087658578595374
7152.0,0.10003446060036546,358.900848636133,0.30738294642749275,0.30738294642749275
7161.599999999999,0.0993890274126948,358.7259912602363,0.30600127540251204,0.30600127540251204
7171.2,0.09874650581624508,358.5512957869818,0.30462088368410034,0.30462088368410034
7180.8,0.09810689303099983,358.3767671147132,0.30324180997751327,0.30324180997751327
7190.4,0.09747018619571894,358.20241011685454,0.30186409279110055,0.30186409279110055
7200.0,0.09683638236835922,358.02822964158,0.3004877704336934,0.3004877704336934
7209.599999999999,0.0962054785265011,357.85423051148695,0.2991128810120227,0.2991128810120227
7219.2,0.09557747156777988,357.68041752327395,0.29773946242817584,0.29773946242817584
7228.8,0.09495235831032289,357.5067954474238,0.29636755237709034,0.29636755237709034
7238.4,0.09433013549319146,357.3333690278917,0.29499718834408983,0.29499718834408983
7248.0,0.0937107997768282,357.1601429817971,0.29362840760245096,0.29362840760245096
7257.599999999999,0.09309434774350958,356.98712199912137,0.29226124721101304,0.29226124721101304
7267.2,0.09248077589780276,356.81431074240965,0.290895744011822,0.290895744011822
7276.8,0.0918700806670281,356.64171384647767,0.28953193462781457,0.28953193462781457
7286.4,0.09126225840172605,356.4693359181235,0.2881698554605399,0.2881698554605399
7296.0,0.09065730537612864,356.2971815358442,0.2868095426879218,0.2868095426879218
7305.599999999999,0.09005521778863604,356.1252552495569,0.2854510322620534,0.2854510322620534
7315.2,0.0894559917622972,355.953561580325,0.2840943599070337,0.2840943599070337
7324.8,0.08885962334529572,355.7821050200899,0.28273956111684884,0.28273956111684884
7334.4,0.08826610851143896,355.61089003140563,0.28138667115327537,0.28138667115327537
7344.0,0.08767544316065264,355.43992104718114,0.28003572504384205,0.28003572504384205
7353.599999999999,0.08708762311947896,355.26920247042455,0.2786867575798107,0.2786867575798107
7363.2,0.08650264414157895,355.09873867399494,0.2773398033142146,0.2773398033142146
7372.799999999999,0.08592050190823962,354.92853400035716,0.2759948965599204,0.2759948965599204
7382.4,0.08534119202888392,354.7585927613422,0.2746520713877353,0.2746520713877353
7392.0,0.08476471004158538,354.58891923791265,0.27331136162455394,0.27331136162455394
7401.599999999999,0.08419105141358649,354.4195176799327,0.27197280085153996,0.27197280085153996
7411.2,0.08362021154182077,354.2503923059434,0.2706364224023512,0.2706364224023512
7420.799999999999,0.08305218575343844,354.0815473029422,0.26930225936139746,0.26930225936139746
7430.4,0.08248696930633566,353.9129868261681,0.26797034456214214,0.26797034456214214
7440.0,0.08192455738968746,353.7447149988913,0.2666407105854419,0.2666407105854419
7449.599999999999,0.08136494512448407,353.5767359122076,0.2653133897579194,0.2653133897579194
7459.2,0.08080812756407009,353.4090536248387,0.2639884141503878,0.2639884141503878
7468.799999999999,0.08025409969468783,353.2416721629353,0.2626658155762934,0.2626658155762934
7478.4,0.07970285643602304,353.0745955198874,0.2613456255902176,0.2613456255902176
7488.0,0.07915439264175406,352.9078276561381,0.2600278754864048,0.2600278754864048
7497.599999999999,0.07860870310010412,352.74137249900264,0.2587125962973325,0.2587125962973325
7507.2,0.07806578253439599,352.57523394249216,0.25739981879232027,0.25739981879232027
7516.799999999999,0.07752562560361032,352.4094158471425,0.2560895734761749,0.2560895734761749
7526.4,0.07698822690294616,352.2439220398477,0.25478189058787587,0.25478189058787587
7536.0,0.07645358096438445,352.07875631369836,0.25347680009929824,0.25347680009929824
7545.599999999999,0.07592168225725404,351.9139224278253,0.2521743317139763,0.2521743317139763
7555.2,0.07539252518879991,351.74942410724645,0.2508745148658952,0.2508745148658952
7564.799999999999,0.07486610410475456,351.585265042721,0.2495773787183371,0.2495773787183371
7574.4,0.07434241328991106,351.4214488906061,0.24828295216274965,0.24828295216274965
7584.0,0.073821446968699,351.2579792727194,0.24699126381766018,0.24699126381766018
7593.599999999999,0.07330319930576223,351.09485977620653,0.24570234202762692,0.24570234202762692
7603.2,0.07278766440653871,350.93209395341245,0.24441621486222445,0.24441621486222445
7612.799999999999,0.07227483631784277,350.7696853217582,0.2431329101150684,0.2431329101150684
7622.4,0.07176470902844909,350.6076373636224,0.24185245530288052,0.24185245530288052
7632.0,0.0712572764696786,350.445953526227,0.24057487766458346,0.24057487766458346
7641.599999999999,0.07075253251598639,350.28463722152804,0.23930020416044026,0.23930020416044026
7651.2,0.07025047098555126,350.123691826111,0.23802846147122597,0.23802846147122597
7660.799999999999,0.06975108564086634,349.9631206810904,0.23675967599743508,0.23675967599743508
7670.4,0.06925437018933278,349.80292709201524,0.23549387385853313,0.23549387385853313
7680.0,0.06876031828385314,349.64311432877713,0.23423108089223213,0.23423108089223213
7689.599999999999,0.06826892352342771,349.48368562552474,0.2329713226538138,0.2329713226538138
7699.2,0.06778017945375132,349.3246441805815,0.23171462441547955,0.23171462441547955
7708.799999999999,0.06729407956781182,349.1659931563694,0.2304610111657478,0.2304610111657478
7718.4,0.0668106173064895,349.0077356793352,0.22921050760887268,0.22921050760887268
7728.0,0.06632978605915812,348.8498748398833,0.22796313816431052,0.22796313816431052
7737.599999999999,0.0658515791642863,348.69241369231105,0.2267189269662121,0.2267189269662121
7747.2,0.0653759899100404,348.53535525475064,0.22547789786296077,0.22547789786296077
7756.799999999999,0.06490301153488849,348.37870250911317,0.22424007441673194,0.22424007441673194
7766.4,0.06443263722820454,348.2224584010388,0.22300547990309907,0.22300547990309907
7776.0,0.06396486013087375,348.06662583985076,0.22177413731066956,0.22177413731066956
7785.599999999999,0.06349967333589858,347.91120769851307,0.22054606934075155,0.22054606934075155
7795.2,0.06303706988900536,347.7562068135937,0.21932129840706202,0.21932129840706202
7804.799999999999,0.06257704278925152,347.6016259852313,0.21809984663546503,0.21809984663546503
7814.4,0.06211958498963301,347.4474679771057,0.2168817358637369,0.2168817358637369
7824.0,0.06166468939769272,347.29373551641453,0.21566698764138298,0.21566698764138298
7833.599999999999,0.06121234887612851,347.14043129385146,0.2144556232294652,0.2144556232294652
7843.2,0.060762556243401954,346.9875579635907,0.2132476636004793,0.2132476636004793
7852.799999999999,0.06031530427434737,346.83511814327454,0.21204312943825718,0.21204312943825718
7862.4,0.05987058570078067,346.6831144140057,0.21084204113790495,0.21084204113790495
7872.0,0.05942839321210828,346.5315493203426,0.20964441880576798,0.20964441880576798
7881.599999999999,0.058988719455936554,346.38042537030094,0.20845028225944032,0.20845028225944032
7891.2,0.05855155703868064,346.22974503535625,0.20725965102778743,0.20725965102778743
7900.799999999999,0.05811689852617316,346.0795107504527,0.20607254435101466,0.20607254435101466
7910.4,0.0576847364442729,345.9297249140154,0.20488898118076468,0.20488898118076468
7920.0,0.05725506327947343,345.7803898879663,0.20370898018024228,0.20370898018024228
7929.599999999999,0.05682787147951106,345.6315079977436,0.20253255972436976,0.20253255972436976
7939.2,0.05640315345397227,345.4830815323264,0.20135973789997974,0.20135973789997974
7948.799999999999,0.05598090157490129,345.33511274426155,0.20019053250602753,0.20019053250602753
7958.4,0.05556110817740634,345.1876038496953,0.1990249610538426,0.1990249610538426
7968.0,0.05514376556026617,345.0405570284083,0.1978630407674041,0.1978630407674041
7977.599999999999,0.054728865986535306,344.8939744238549,0.19670478858365145,0.19670478858365145
7987.2,0.05431640168414857,344.7478581432053,0.19555022115281692,0.19555022115281692
7996.799999999999,0.05390636484652546,344.60221025739185,0.19439935483879292,0.19439935483879292
8006.4,0.053498747633172875,344.4570328011588,0.19325220571952367,0.19325220571952367
8016.0,0.053093542170287604,344.31232777311595,0.19210878958743025,0.19210878958743025
8025.599999999999,0.052690740551357695,344.1680971357956,0.1909691219498595,0.1909691219498595
8035.2,0.0522903348377626,344.0243428157127,0.1898332180295599,0.1898332180295599
8044.799999999999,0.05189231705937215,343.8810667034292,0.18870109276519043,0.18870109276519043
8054.4,0.05149667921514509,343.73827065362127,0.18757276081185092,0.18757276081185092
8064.0,0.05110341327372596,343.5959564851499,0.1864482365416405,0.1864482365416405
8073.599999999999,0.050712511174040374,343.45412598113546,0.1853275340442468,0.1853275340442468
8083.2,0.05032396482588981,343.31278088903497,0.18421066712755543,0.18421066712755543
8092.799999999999,0.0499377661105444,343.17192292072303,0.1830976493182911,0.1830976493182911
8102.4,0.04955390688133486,343.03155375257535,0.1819884938626763,0.1819884938626763
8112.0,0.04917237896424223,342.89167502555705,0.18088321372712998,0.18088321372712998
8121.599999999999,0.04879317415848705,342.75228834531185,0.17978182159897166,0.17978182159897166
8131.2,0.0484162842371162,342.61339528225653,0.178684329887168,0.178684329887168
8140.799999999999,0.04804170094758816,342.4749973716773,0.17759075072309466,0.17759075072309466
8150.4,0.04766941601235766,342.33709611382955,0.17650109596132335,0.17650109596132335
8160.0,0.04729942112945695,342.1996929740407,0.17541537718043668,0.17541537718043668
8169.599999999999,0.04693170797307676,342.0627893828159,0.17433360568386044,0.17433360568386044
8179.2,0.04656626819414428,341.9263867359463,0.17325579250072262,0.17325579250072262
8188.799999999999,0.046203093420900586,341.79048639462195,0.17218194838674136,0.17218194838674136
8198.4,0.0458421752594749,341.6550896855447,0.171112083825121,0.171112083825121
8208.0,0.04548350529445745,341.52019790104634,0.1700462090274836,0.1700462090274836
8217.6,0.045127075089470566,341.38581229920896,0.16898433393481951,0.16898433393481951
8227.199999999999,0.044772876187737426,341.2519341039871,0.16792646821845378,0.16792646821845378
8236.8,0.044420900112648515,341.11856450533395,0.16687262128104347,0.16687262128104347
8246.4,0.04407113836832643,340.9857046593291,0.1658228022575853,0.1658228022575853
8256.0,0.043723582440187904,340.85335568830965,0.16477702001645408,0.16477702001645408
8265.6,0.04337822379550456,340.72151868100383,0.16373528316045644,0.16373528316045644
8275.199999999999,0.043035053883960145,340.5901946926669,0.16269760002790593,0.16269760002790593
8284.8,0.04269406413820641,340.4593847452195,0.1616639786937158,0.1616639786937158
8294.4,0.04235524597441661,340.32908982738894,0.16063442697051553,0.16063442697051553
8304.0,0.04201859079283574,340.19931089485283,0.15960895240978548,0.15960895240978548
8313.6,0.04168408997832927,340.0700488703842,0.15858756230300397,0.15858756230300397
8323.199999999999,0.04135173490092927,339.94130464400064,0.1575702636828256,0.1575702636828256
8332.8,0.041021516916377405,339.81307907311424,0.15655706332426583,0.15655706332426583
8342.4,0.0406934273666661,339.68537298268444,0.15554796774590907,0.15554796774590907
8352.0,0.040367457580576534,339.55818716537345,0.15454298321113658,0.15454298321113658
8361.6,0.04004359887421486,339.4315223817033,0.15354211572936732,0.15354211572936732
8371.199999999999,0.039721842551544595,339.30537936021494,0.15254537105731555,0.15254537105731555
8380.8,0.03940217990491745,339.1797587976301,0.1515527547002691,0.1515527547002691
8390.4,0.03908460221560056,339.054661359015,0.1505642719133839,0.1505642719133839
8400.0,0.03876910075430148,338.9300876779458,0.14957992770299047,0.14957992770299047
8409.6,0.03845566678169019,338.80603835667637,0.14859972682791997,0.14859972682791997
8419.199999999999,0.03814429154891837,338.6825139663077,0.14762367380084235,0.14762367380084235
8428.8,0.03783496629813569,338.55951504695963,0.1466517728896246,0.1466517728896246
8438.4,0.03752768226300323,338.4370421079443,0.14568402811869954,0.14568402811869954
8448.0,0.03722243066920425,338.3150956279413,0.14472044327045086,0.14472044327045086
8457.6,0.03691920273495132,338.19367605517493,0.14376102188661455,0.14376102188661455
8467.199999999999,0.036617989671491526,338.0727838075926,0.14280576726968613,0.14280576726968613
8476.8,0.036318782683607394,337.9524192730462,0.1418546824843562,0.1418546824843562
8486.4,0.03602157297011618,337.8325828094733,0.1409077703589413,0.1409077703589413
8496.0,0.035726351724364835,337.71327474508234,0.13996503348684666,0.13996503348684666
8505.6,0.03543311013472256,337.594495378537,0.13902647422802386,0.13902647422802386
8515.199999999999,0.035141839385070255,337.4762449791438,0.13809209471045375,0.13809209471045375
8524.8,0.034852530655286235,337.35852378704084,0.13716189683163527,0.13716189683163527
8534.4,0.034565175121729665,337.2413320133878,0.13623588226009017,0.13623588226009017
8544.0,0.03427976395772046,337.1246698405576,0.13531405243687453,0.13531405243687453
8553.6,0.033996288334015023,337.00853742232937,0.1343964085771057,0.1343964085771057
8563.199999999999,0.03371473941928028,336.89293488408265,0.1334829516714955,0.1334829516714955
8572.8,0.033435108380563676,336.77786232299354,0.13257368248790052,0.13257368248790052
8582.4,0.03315738638375982,336.66331980823173,0.13166860157287916,0.13166860157287916
8592.0,0.03288156459407394,336.5493073811584,0.1307677092532553,0.1307677092532553
8601.6,0.03260763417648185,336.43582505552644,0.1298710056376996,0.1298710056376996
8611.199999999999,0.03233558629618724,336.3228728176805,0.12897849061831215,0.12897849061831215
8620.8,0.03206541211907464,336.21045062675967,0.12809016387222213,0.12809016387222213
8630.4,0.03179710281215969,336.09855841489986,0.12720602486318747,0.12720602486318747
8640.0,0.03153064954403572,335.98719608743863,0.12632607284321382,0.12632607284321382
8649.6,0.031266043485317065,335.8763635231199,0.1254503068541715,0.1254503068541715
8659.199999999999,0.031003275809078707,335.76606057430024,0.12457872572942624,0.12457872572942624
8668.8,0.030742337691292802,335.65628706715637,0.12371132809547795,0.12371132809547795
8678.4,0.03048322031126125,335.5470428018931,0.12284811237360446,0.12284811237360446
8688.0,0.030225914852045323,335.43832755295233,0.12198907678151272,0.12198907678151272
8697.6,0.029970412500891677,335.33014106922343,0.12113421933500111,0.12113421933500111
8707.199999999999,0.029716704449654043,335.22248307425343,0.12028353784962044,0.12028353784962044
8716.8,0.02946478189521308,335.115353266459,0.1194370299423489,0.1194370299423489
8726.4,0.02921463603989068,335.00875131933896,0.11859469303327091,0.11859469303327091
8736.0,0.02896625809186247,334.90267688168694,0.11775652434725851,0.11775652434725851
8745.6,0.028719639265565776,334.79712957780566,0.11692252091566317,0.11692252091566317
8755.199999999999,0.02847477078210374,334.6921090077211,0.11609267957800919,0.11609267957800919
8764.8,0.028231643869647088,334.587614747398,0.1152669969836956,0.1152669969836956
8774.4,0.027990249763831153,334.4836463489553,0.11444546959369976,0.11444546959369976
8784.0,0.027750579708149713,334.3802033408823,0.11362809368228421,0.11362809368228421
8793.6,0.02751262495434546,334.2772852282562,0.11281486533871561,0.11281486533871561
8803.199999999999,0.027276376762796158,334.17489149295864,0.11200578046897731,0.11200578046897731
8812.8,0.02704182640289788,334.0730215938944,0.11120083479749518,0.11120083479749518
8822.4,0.02680896515344444,333.9716749672087,0.11040002386885632,0.11040002386885632
8832.0,0.026577784303002637,333.87085102650707,0.10960334304954619,0.10960334304954619
8841.6,0.02634827515028468,333.7705491630732,0.1088107875296692,0.1088107875296692
8851.199999999999,0.0261204290045165,333.67076874608944,0.10802235232469147,0.10802235232469147
8860.8,0.025894237185802166,333.5715091228559,0.10723803227717284,0.10723803227717284
8870.4,0.025669691025485233,333.47276961901076,0.1064578220585064,0.1064578220585064
8880.0,0.025446781866506098,333.3745495387506,0.1056817161706604,0.1056817161706604
8889.6,0.025225501063755245,333.27684816505064,0.10490970894791776,0.10490970894791776
8899.199999999999,0.02500583998442388,333.17966475988584,0.10414179455862432,0.10414179455862432
8908.8,0.024787790008349634,333.08299856445177,0.10337796700693282,0.10337796700693282
8918.4,0.02457134252835989,332.98684879938537,0.10261822013454788,0.10261822013454788
8928.0,0.02435648895061012,332.8912146649862,0.10186254762247428,0.10186254762247428
8937.6,0.024143220694919438,332.79609534143805,0.10111094299276803,0.10111094299276803
8947.199999999999,0.023931529195102365,332.7014899890296,0.10036339961027972,0.10036339961027972
8956.8,0.0237214058992961,332.6073977483765,0.09961991068440974,0.09961991068440974
8966.4,0.02351284227028543,332.51381774064197,0.0988804692708506,0.0988804692708506
8976.0,0.02330582978582279,332.4207490677585,0.09814506827334005,0.09814506827334005
8985.6,0.02310035993894533,332.328190812649,0.09741370044540731,0.09741370044540731
8995.199999999999,0.022896424238287864,332.23614203944805,0.09668635839212224,0.09668635839212224
9004.8,0.02269401420839247,332.14460179372287,0.09596303457184012,0.09596303457184012
9014.4,0.022493121390014217,332.05356910269404,0.09524372129794731,0.09524372129794731
9024.0,0.022293737340423222,331.96304297545674,0.09452841074060836,0.09452841074060836
9033.6,0.022095853633703245,331.87302240320076,0.09381709492850471,0.09381709492850471
9043.199999999999,0.02189946186104604,331.78350635943127,0.09310976575057925,0.09310976575057925
9052.8,0.021704553631042914,331.69449380018887,0.09240641495777499,0.09240641495777499
9062.4,0.021511120569971738,331.60598366426933,0.09170703416477158,0.09170703416477158
9072.0,0.021319154322081032,331.5179748734432,0.09101161485172032,0.09101161485172032
9081.6,0.02112864654986969,331.43046633267517,0.09032014836597711,0.09032014836597711
9091.199999999999,0.02093958893436391,331.34345693034294,0.08963262592383345,0.08963262592383345
9100.8,0.020751973175389658,331.25694553845574,0.0889490386122412,0.0889490386122412
9110.4,0.02056579099184182,331.1709310128726,0.08826937739053835,0.08826937739053835
9120.0,0.020381034121949804,331.0854121935202,0.0875936330921705,0.0875936330921705
9129.6,0.020197694323539666,331.00038790461025,0.08692179642640771,0.08692179642640771
9139.199999999999,0.020015763374292214,330.91585695485605,0.08625385798005658,0.08625385798005658
9148.8,0.01983523307199737,330.83181813768954,0.08558980821917474,0.08558980821917474
9158.4,0.01965609523480603,330.74827023147685,0.0849296374907745,0.0849296374907745
9168.0,0.019478341701477112,330.6652119997337,0.08427333602452428,0.08427333602452428
9177.6,0.01930196433162141,330.58264219134065,0.08362089393445046,0.08362089393445046
9187.199999999999,0.019126955005942164,330.50055954075725,0.08297230122062806,0.08297230122062806
9196.8,0.018953305626471607,330.4189627682357,0.08232754777087037,0.08232754777087037
9206.4,0.01878100811680442,330.33785058003446,0.08168662336241617,0.08168662336241617
9216.0,0.018610054422327226,330.25722166863017,0.08104951766360446,0.08104951766360446
9225.6,0.01844043651044501,330.1770747129304,0.08041622023555536,0.08041622023555536
9235.199999999999,0.018272146370803613,330.09740837848415,0.0797867205338337,0.0797867205338337
9244.8,0.01810517601550874,330.018221317693,0.0791610079101173,0.0791610079101173
9254.4,0.017939517479341773,329.93951217002075,0.07853907161385289,0.07853907161385289
9264.0,0.017775162819971768,329.86127956220275,0.07792090079391181,0.07792090079391181
9273.6,0.01761210411816417,329.7835221084546,0.07730648450023708,0.07730648450023708
9283.199999999999,0.01745033347798618,329.7062384106792,0.07669581168548147,0.07669581168548147
9292.8,0.01728984302700828,329.62942705867437,0.07608887120664595,0.07608887120664595
9302.4,0.017130624916502638,329.55308663033924,0.0754856518267121,0.0754856518267121
9312.0,0.016972671321638034,329.47721569187865,0.07488614221625668,0.07488614221625668
9321.6,0.01681597444167122,329.40181279800873,0.07429033095507595,0.07429033095507595
9331.199999999999,0.016660526500135334,329.3268764921602,0.07369820653379212,0.07369820653379212
9340.8,0.016506319745023954,329.2524053066812,0.07310975735545704,0.07310975735545704
9350.4,0.016353346448973304,329.17839776303964,0.07252497173714842,0.07252497173714842
9360.0,0.016201598909439594,329.10485237202437,0.07194383791156295,0.07194383791156295
9369.6,0.016051069448873773,329.03176763394504,0.07136634402859302,0.07136634402859302
9379.199999999999,0.015901750414893258,328.9591420388319,0.07079247815690622,0.07079247815690622
9388.8,0.015753634180449404,328.8869740666341,0.07022222828551258,0.07022222828551258
9398.4,0.015606713143992508,328.81526218741726,0.06965558232532537,0.06965558232532537
9408.0,0.015460979729633156,328.74400486156003,0.06909252811071384,0.06909252811071384
9417.6,0.015316426387300651,328.67320053994956,0.06853305340104877,0.06853305340104877
9427.199999999999,0.015173045592897663,328.60284766417635,0.06797714588224132,0.06797714588224132
9436.8,0.015030829848452165,328.5329446667278,0.06742479316827285,0.06742479316827285
9446.4,0.01488977168226583,328.4634899711808,0.06687598280271621,0.06687598280271621
9456.0,0.014749863649059303,328.3944819923937,0.06633070226025303,0.06633070226025303
9465.6,0.014611098330114359,328.32591913669626,0.06578893894817481,0.06578893894817481
9475.199999999999,0.014473468333413031,328.25779980207994,0.0652506802078862,0.0652506802078862
9484.8,0.014336966293773326,328.19012237838575,0.06471591331638914,0.06471591331638914
9494.4,0.014201584872981742,328.1228852474924,0.0641846254877699,0.0641846254877699
9504.0,0.014067316759923358,328.05608678350217,0.06365680387466839,0.06365680387466839
9513.6,0.013934154670707901,327.98972535292654,0.06313243556974324,0.06313243556974324
9523.199999999999,0.013802091348793321,327.92379931487005,0.0626115076071262,0.0626115076071262
9532.8,0.013671119565106521,327.8583070212139,0.06209400696387206,0.06209400696387206
9542.4,0.013541232118159888,327.7932468167974,0.0615799205613937,0.0615799205613937
9552.0,0.01341242183416655,327.72861703959944,0.0610692352668931,0.0610692352668931
9561.6,0.013284681567151289,327.6644160209177,0.060561937894781114,0.060561937894781114
9571.199999999999,0.013158004199058809,327.6006420855477,0.06005801520808924,0.06005801520808924
9580.8,0.013032382639859464,327.5372935519599,0.0595574539198714,0.0595574539198714
9590.4,0.012907809827651566,327.4743687324763,0.0590602406945968,0.0590602406945968
9600.0,0.012784278728760893,327.41186593344537,0.05856636214953467,0.05856636214953467
9609.6,0.012661782337837331,327.34978345541606,0.058075804856127865,0.058075804856127865
9619.199999999999,0.012540313677948868,327.28811959331074,0.05758855534135953,0.05758855534135953
9628.8,0.012419865800672341,327.2268726365967,0.057104600089108365,0.057104600089108365
9638.4,0.01230043178618143,327.16604086945614,0.05662392554149239,0.05662392554149239
9648.0,0.012182004743332168,327.10562257095626,0.05614651810021154,0.05614651810021154
9657.6,0.012064577809745337,327.04561601521635,0.05567236412786955,0.05567236412786955
9667.199999999999,0.011948144151885786,326.9860194715751,0.0552014499492949,0.0552014499492949
9676.8,0.011832696965139904,326.92683120475584,0.054733761852846986,0.054733761852846986
9686.4,0.01171822947388947,326.868049475031,0.05426928609171555,0.05426928609171555
9696.0,0.011604734931583083,326.8096725383853,0.05380800888521022,0.05380800888521022
9705.6,0.011492206620805114,326.75169864667726,0.0533499164200361,0.0533499164200361
9715.199999999999,0.011380637853341716,326.6941260478001,0.0528949948515667,0.0528949948515667
9724.8,0.011270021970244367,326.63695298584105,0.052443230305100244,0.052443230305100244
9734.4,0.011160352341890436,326.580177701239,0.05199460887710834,0.05199460887710834
9744.0,0.011051622368041402,326.52379843094195,0.05154911663647789,0.05154911663647789
9753.6,0.010943825477898711,326.4678134085624,0.05110673962573952,0.05110673962573952
9763.199999999999,0.01083695513015647,326.4122208645311,0.05066746386228308,0.05066746386228308
9772.8,0.010731004813052258,326.35701902625084,0.05023127533957209,0.05023127533957209
9782.4,0.010625968044414907,326.3022061182477,0.04979816002833902,0.04979816002833902
9792.0,0.010521838371709485,326.2477803623216,0.0493681038777755,0.0493681038777755
9801.6,0.010418609372081259,326.19373997769554,0.04894109281671098,0.04894109281671098
9811.199999999999,0.010316274652395188,326.1400831811636,0.04851711275478185,0.04851711275478185
9820.8,0.010214827849274615,326.0868081872373,0.048096149583588474,0.048096149583588474
9830.4,0.010114262629136395,326.033913208291,0.04767818917784464,0.04767818917784464
9840.0,0.010014572688224699,325.9813964547059,0.04726321739651431,0.04726321739651431
9849.6,0.009915751752641222,325.9292561350127,0.046851220083939514,0.046851220083939514
9859.199999999999,0.009817793578374003,325.8774904560333,0.04644218307095965,0.04644218307095965
9868.8,0.00972069195132363,325.8260976230206,0.0460360921760164,0.0460360921760164
9878.4,0.009624440687326926,325.77507583979735,0.04563293320625102,0.04563293320625102
9888.0,0.009529033632178618,325.7244233088938,0.04523269195859132,0.04523269195859132
9897.6,0.009434464661650554,325.6741382316837,0.04483535422082744,0.04483535422082744
9907.199999999999,0.00934072768150862,325.6242188085196,0.04444090577267988,0.04444090577267988
9916.8,0.009247816627527515,325.57466323886587,0.04404933238685148,0.04404933238685148
9926.4,0.009155725465503714,325.5254697214313,0.043660619830073945,0.043660619830073945
9936.0,0.009064448191265385,325.4766364543005,0.0432747538641472,0.0432747538641472
9945.6,0.008973978830681052,325.42816163506234,0.042891720246954514,0.042891720246954514
9955.199999999999,0.008884311439665468,325.3800434609399,0.0425115047334879,0.0425115047334879
9964.8,0.008795440104183538,325.3322801289159,0.04213409307684123,0.04213409307684123
9974.4,0.00870735894025264,325.28486983586,0.04175947102921364,0.04175947102921364
9984.0,0.008620062093941717,325.237810778652,0.041387624342885565,0.041387624342885565
9993.6,0.008533543741369958,325.1911011543056,0.04101853877119523,0.04101853877119523
10003.199999999999,0.008447798088701773,325.1447391600902,0.040652200069500266,0.040652200069500266
10012.8,0.008362819372140957,325.0987229936509,0.04028859399612859,0.04028859399612859
10022.4,0.008278601857922124,325.0530508531285,0.03992770631332435,0.03992770631332435
10032.0,0.008195139842300931,325.0077209372769,0.03956952278817499,0.03956952278817499
10041.6,0.008112427651541246,324.96273144557955,0.039214029193535185,0.039214029193535185
10051.199999999999,0.00803045964190184,324.9180805783654,0.038861211308938125,0.038861211308938125
10060.8,0.00794923019961986,324.8737665369222,0.038511054921494356,0.038511054921494356
10070.4,0.007868733740893046,324.82978752360975,0.03816354582678555,0.03816354582678555
10080.0,0.007788964711860253,324.78614174197105,0.03781866982974178,0.03781866982974178
10089.6,0.007709917588579604,324.7428273968424,0.03747641274551328,0.03747641274551328
10099.199999999999,0.007631586877005239,324.6998426944624,0.03713676040033015,0.03713676040033015
10108.8,0.007553967112962275,324.65718584257945,0.03679969863235308,0.03679969863235308
10118.4,0.007477052862119702,324.6148550505577,0.03646521329250969,0.03646521329250969
10128.0,0.007400838719961699,324.5728485294827,0.036133290245329505,0.036133290245329505
10137.6,0.0073253193117572505,324.53116449226445,0.03580391536975826,0.03580391536975826
10147.199999999999,0.007250489292528256,324.48980115374025,0.03547707455997092,0.03547707455997092
10156.8,0.00717634334701536,324.44875673077553,0.035152753726168016,0.035152753726168016
10166.4,0.007102876189642734,324.408029442364,0.0348309387953671,0.0348309387953671
10176.0,0.0070300825644806185,324.3676175097262,0.03451161571218105,0.03451161571218105
10185.6,0.006957957245207204,324.32751915640665,0.03419477043958716,0.03419477043958716
10195.199999999999,0.006886495035067673,324.28773260837045,0.03388038895968833,0.03388038895968833
10204.8,0.0068156907668327415,324.24825609409737,0.033568457274458355,0.033568457274458355
10214.4,0.006745539302754784,324.20908784467616,0.03325896140648608,0.03325896140648608
10224.0,0.00667603553452314,324.1702260938966,0.032951887399703075,0.032951887399703075
10233.6,0.006607174383217386,324.13166907834045,0.03264722132010276,0.03264722132010276
10243.199999999999,0.006538950799259582,324.09341503747163,0.03234494925645184,0.03234494925645184
10252.8,0.006471359762364148,324.0554622137247,0.03204505732099056,0.03204505732099056
10262.4,0.006404396281487704,324.0178088525921,0.03174753165012174,0.03174753165012174
10272.0,0.006338055394775865,323.98045320271046,0.03145235840509209,0.03145235840509209
10281.6,0.006272332169510171,323.943393515946,0.031159523772668264,0.031159523772668264
10291.199999999999,0.006207221702052218,323.9066280474772,0.030869013965788998,0.030869013965788998
10300.8,0.0061427191177876,323.87015505587857,0.030580815224227176,0.030580815224227176
10310.4,0.006078819571067596,323.83397280320094,0.030294913815225404,0.030294913815225404
10320.0,0.006015518245150021,323.79807955505237,0.03001129603413381,0.03001129603413381
10329.6,0.005952810352138712,323.7624735806765,0.029729948205029885,0.029729948205029885
10339.199999999999,0.005890691132921541,323.72715315303066,0.02945085668133562,0.02945085668133562
10348.8,0.00582915585710714,323.6921165488623,0.02917400784642165,0.02917400784642165
10358.4,0.0057681998229607186,323.6573620487843,0.028899388114201462,0.028899388114201462
10368.0,0.005707818357338231,323.6228879373493,0.02862698392971982,0.02862698392971982
10377.6,0.005648006815619482,323.58869250312245,0.028356781769727668,0.028356781769727668
10387.199999999999,0.005588760581640214,323.5547740387541,0.02808876814325483,0.02808876814325483
10396.8,0.005530075067622826,323.5211308410492,0.027822929592160664,0.027822929592160664
10406.4,0.0054719457141055245,323.48776121103805,0.027559252691690572,0.027559252691690572
10416.0,0.005414367989871417,323.45466345404424,0.027297724051015906,0.027297724051015906
10425.6,0.005357337391875527,323.42183587975177,0.027038330313761703,0.027038330313761703
10435.199999999999,0.005300849445171027,323.38927680227164,0.026781058158534033,0.026781058158534033
10444.8,0.0052448997028342655,323.3569845402065,0.026525894299430662,0.026525894299430662
10454.4,0.005189483745889045,323.32495741671465,0.026272825486546823,0.026272825486546823
10464.0,0.005134597183229471,323.29319375957317,0.02602183850647378,0.02602183850647378
10473.6,0.0050802356515421586,323.26169190123903,0.02577292018278213,0.02577292018278213
10483.199999999999,0.005026394815226987,323.2304501789102,0.02552605737650418,0.02552605737650418
10492.8,0.004973070366317292,323.19946693458473,0.02528123698660155,0.02528123698660155
10502.4,0.004920258024398728,323.16874051511945,0.02503844595042779,0.02503844595042779
10512.0,0.004867953536527202,323.13826927228735,0.024797671244182935,0.024797671244182935
10521.6,0.004816152677146682,323.1080515628335,0.024558899883355016,0.024558899883355016
10531.199999999999,0.004764851248004513,323.0780857485305,0.024322118923157582,0.024322118923157582
10540.8,0.004714045078067371,323.04837019623255,0.02408731545895814,0.02408731545895814
10550.4,0.00466373002343538,323.0189032779286,0.023854476626696815,0.023854476626696815
10560.0,0.004613901967255562,322.9896833707941,0.023623589603296875,0.023623589603296875
10569.6,0.004564556819634921,322.9607088572422,0.02339464160706671,0.02339464160706671
10579.199999999999,0.004515690517551993,322.931978124974,0.02316761989810051,0.02316761989810051
10588.8,0.004467299024768326,322.90348956702667,0.02294251177865464,0.02294251177865464
10598.4,0.0044193783317379816,322.87524158182237,0.022719304593537513,0.022719304593537513
10608.0,0.004371924455517794,322.8472325732142,0.022497985730470724,0.022497985730470724
10617.6,0.004324933439675636,322.81946095053297,0.022278542620458253,0.022278542620458253
10627.199999999999,0.004278401354198549,322.7919251286313,0.02206096273813726,0.02206096273813726
10636.8,0.004232324295399791,322.764623527928,0.021845233602126184,0.021845233602126184
10646.4,0.00418669838582561,322.7375545744512,0.021631342775367456,0.021631342775367456
10656.0,0.004141519774160949,322.7107166998796,0.021419277865451333,0.021419277865451333
10665.6,0.004096784635134485,322.684108341584,0.021209026524947383,0.021209026524947383
10675.199999999999,0.004052489169423504,322.6577279426673,0.02100057645171621,0.02100057645171621
10684.8,0.004008629603556889,322.63157395200346,0.02079391538922161,0.02079391538922161
10694.4,0.003965202189818911,322.60564482427554,0.02058903112682791,0.02058903112682791
10704.0,0.003922203206152135,322.5799390200129,0.020385911500095538,0.020385911500095538
10713.6,0.003879628956058367,322.55445500562774,0.020184544391069807,0.020184544391069807
10723.199999999999,0.0038374757685009303,322.5291912534503,0.019984917728557608,0.019984917728557608
10732.8,0.0037957399978049296,322.50414624176295,0.019787019488399157,0.019787019488399157
10742.4,0.003754418023557753,322.4793184548341,0.019590837693732988,0.019590837693732988
10752.0,0.00371350625050856,322.4547063829508,0.019396360415256927,0.019396360415256927
10761.6,0.003673001108467656,322.4303085224503,0.019203575771473774,0.019203575771473774
10771.199999999999,0.003632899052205107,322.40612337575084,0.01901247192893834,0.01901247192893834
10780.8,0.0035931965613487313,322.3821494513818,0.018823037102492366,0.018823037102492366
10790.4,0.003553890140281825,322.35838526401267,0.01863525955549583,0.01863525955549583
10800.0,0.0035149763180404715,322.33482933448136,0.018449127600049294,0.018449127600049294
10809.6,0.003476451648210197,322.31148018982145,0.018264629597209932,0.018264629597209932
10819.199999999999,0.0034383127088220833,322.28833636328875,0.018081753957200856,0.018081753957200856
10828.8,0.0034005561022490056,322.26539639438727,0.017900489139616824,0.017900489139616824
10838.4,0.0033631784551008026,322.24265882889347,0.017720823653615575,0.017720823653615575
10848.0,0.003326176418119477,322.2201222188807,0.017542746058110976,0.017542746058110976
10857.6,0.003289546666073772,322.19778512274263,0.01736624496195808,0.01736624496195808
10867.199999999999,0.0032532858976534796,322.17564610521515,0.017191309024126498,0.017191309024126498
10876.8,0.003217390835363545,322.15370373739813,0.017017926953871963,0.017017926953871963
10886.4,0.003181858225417278,322.13195659677666,0.016846087510904342,0.016846087510904342
10896.0,0.0031466848376299067,322.11040326724026,0.01667577950553943,0.01667577950553943
10905.6,0.003111867465311501,322.0890423391031,0.016506991798858867,0.016506991798858867
10915.199999999999,0.003077402925159556,322.0678724091214,0.01633971330284667,0.01633971330284667
10924.8,0.0030432880571510403,322.04689208051207,0.016173932980538812,0.016173932980538812
10934.4,0.0030095197244349075,322.02609996296934,0.016009639846151676,0.016009639846151676
10944.0,0.002976094813223705,322.00549467268087,0.015846822965211414,0.015846822965211414
10953.6,0.002943010232684645,321.9850748323432,0.015685471454675227,0.015685471454675227
10963.199999999999,0.002910262914831743,321.9648390711765,0.015525574483049033,0.015525574483049033
10972.8,0.0028778498144160585,321.9447860249392,0.015367121270500219,0.015367121270500219
10982.4,0.0028457679088170484,321.92491433594006,0.015210101088956438,0.015210101088956438
10992.0,0.0028140141979328273,321.905222653052,0.015054503262213435,0.015054503262213435
11001.6,0.002782585704070813,321.88570963172316,0.014900317166021257,0.014900317166021257
11011.199999999999,0.0027514794718376786,321.86637393398865,0.014747532228179495,0.014747532228179495
11020.8,0.002720692568029666,321.8472142284805,0.014596137928613626,0.014596137928613626
11030.4,0.0026902220815223418,321.82822919043804,0.014446123799459018,0.014446123799459018
11040.0,0.0026600651231604615,321.8094175017168,0.014297479425129201,0.014297479425129201
11049.6,0.0026302188256472556,321.7907778507968,0.014150194442383683,0.014150194442383683
11059.199999999999,0.002600680343434124,321.7723089327909,0.014004258540391286,0.014004258540391286
11068.8,0.002571446852609945,321.7540094494516,0.013859661460786288,0.013859661460786288
11078.4,0.002542515550790454,321.73587810917746,0.013716392997718289,0.013716392997718289
11088.0,0.0025138836570068675,321.7179136270197,0.013574442997903401,0.013574442997903401
11097.6,0.002485548411595464,321.7001147246867,0.013433801360661541,0.013433801360661541
11107.199999999999,0.002457507076086439,321.6824801305493,0.013294458037956397,0.013294458037956397
11116.8,0.002429756933092419,321.6650085796442,0.013156403034424185,0.013156403034424185
11126.4,0.002402295286197776,321.64769881367806,0.013019626407404622,0.013019626407404622
11136.0,0.002375119459847268,321.63054958103,0.012884118266961609,0.012884118266961609
11145.6,0.002348226799234737,321.6135596367541,0.012749868775902534,0.012749868775902534
11155.199999999999,0.0023216146701917745,321.59672774258075,0.012616868149789054,0.012616868149789054
11164.8,0.0022952804590764615,321.58005266691816,0.01248510665694832,0.01248510665694832
11174.4,0.002269221572662233,321.56353318485264,0.012354574618476574,0.012354574618476574
11184.0,0.0022434354380264643,321.54716807814856,0.012225262408237802,0.012225262408237802
11193.6,0.0022179195024390453,321.53095613524795,0.01209716045286104,0.01209716045286104
11203.199999999999,0.0021926712332512644,321.51489615126945,0.011970259231731832,0.011970259231731832
11212.8,0.002167688117784577,321.49898692800633,0.011844549276976524,0.011844549276976524
11222.4,0.0021429676632192074,321.4832272739245,0.011720021173446978,0.011720021173446978
11232.0,0.0021185073964832333,321.4676160041599,0.011596665558699018,0.011596665558699018
11241.6,0.002094304864141336,321.45215194051525,0.011474473122968629,0.011474473122968629
11251.199999999999,0.0020703576322837554,321.436833911456,0.011353434609137365,0.011353434609137365
11260.8,0.0020466632864153617,321.4216607521065,0.011233540812704052,0.011233540812704052
11270.4,0.0020232194313445774,321.406631304245,0.01111478258174482,0.01111478258174482
11280.0,0.002000023691072887,321.39174441629865,0.010997150816872673,0.010997150816872673
11289.6,0.001977073708683941,321.37699894333747,0.01088063647119167,0.01088063647119167
11299.199999999999,0.0019543671462328035,321.3623937470684,0.010765230550247981,0.010765230550247981
11308.8,0.0019319016846357211,321.34792769582856,0.01065092411197822,0.01065092411197822
11318.4,0.0019096750235594296,321.33359966457823,0.010537708266652401,0.010537708266652401
11328.0,0.0018876848813112626,321.31940853489317,0.010425574176814669,0.010425574176814669
11337.6,0.0018659289947286313,321.3053531949565,0.010314513057218592,0.010314513057218592
11347.199999999999,0.0018444051190694563,321.2914325395506,0.0102045161747625,0.0102045161747625
11356.8,0.0018231110279021228,321.27764547004773,0.010095574848416725,0.010095574848416725
11366.4,0.0018020445129954912,321.26399089440093,0.00998768044915082,0.00998768044915082
11376.0,0.0017812033842100048,321.2504677271346,0.009880824399859014,0.009880824399859014
11385.6,0.0017605854693878236,321.2370748893335,0.009774998175273513,0.009774998175273513
11395.199999999999,0.0017401886142439696,321.223811308633,0.009670193301888156,0.009670193301888156
11404.8,0.0017200106822571868,321.21067591920763,0.00956640135786632,0.00956640135786632
11414.4,0.0017000495545612113,321.19766766175997,0.009463613972954697,0.009463613972954697
11424.0,0.0016803031298360614,321.18478548350856,0.009361822828387168,0.009361822828387168
11433.6,0.0016607693241997466,321.1720283381759,0.009261019656789575,0.009261019656789575
11443.199999999999,0.0016414460711001457,321.15939518597617,0.00916119624208361,0.00916119624208361
11452.8,0.0016223313212068427,321.1468849936019,0.009062344419380359,0.009062344419380359
11462.4,0.0016034230423033738,321.1344967342107,0.008964456074877,0.008964456074877
11472.0,0.0015847192191799015,321.12222938741235,0.00886752314575259,0.00886752314575259
11481.6,0.0015662178535257262,321.11008193925375,0.008771537620051291,0.008771537620051291
11491.199999999999,0.0015479169638222998,321.0980533822054,0.00867649153657457,0.00867649153657457
11500.8,0.0015298145852365335,321.08614271514637,0.008582376984761716,0.008582376984761716
11510.4,0.001511908769514188,321.0743489433494,0.008489186104573965,0.008489186104573965
11520.0,0.0014941975848731792,321.0626710784654,0.008396911086370982,0.008396911086370982
11529.6,0.00147667911589814,321.0511081385081,0.00830554417078778,0.00830554417078778
11539.199999999999,0.0014593514634342458,321.0396591478377,0.008215077648609865,0.008215077648609865
11548.8,0.0014422127444818761,321.02832313714504,0.008125503860643427,0.008125503860643427
11558.4,0.0014252610920914045,321.01709914343434,0.008036815197582379,0.008036815197582379
11568.0,0.0014084946552579659,321.0059862100071,0.007949004099879463,0.007949004099879463
11577.6,0.0013919115988172913,320.9949833864442,0.007862063057604753,0.007862063057604753
11587.199999999999,0.0013755101033408178,320.9840897285888,0.007775984610312258,0.007775984610312258
11596.8,0.0013592883650320705,320.9733042985286,0.0076907613468970935,0.0076907613468970935
11606.4,0.0013432445956225007,320.9626261645776,0.0076063859054535405,0.0076063859054535405
11616.0,0.0013273770222682435,320.9520544012579,0.00752285097312997,0.00752285097312997
11625.6,0.0013116838874469476,320.9415880892812,0.007440149285983766,0.007440149285983766
11635.199999999999,0.0012961634488548206,320.93122631552967,0.007358273628829057,0.007358273628829057
11644.8,0.0012808139793041835,320.92096817303707,0.007277216835088046,0.007277216835088046
11654.4,0.0012656337666214414,320.91081276096946,0.007196971786638743,0.007196971786638743
11664.0,0.0012506211135447285,320.90075918460565,0.007117531413660009,0.007117531413660009
11673.6,0.001235774337622836,320.89080655531694,0.007038888694472102,0.007038888694472102
11683.199999999999,0.0012210917711137092,320.8809539905477,0.006961036655382615,0.006961036655382615
11692.8,0.0012065717608838917,320.87120061379414,0.006883968370518939,0.006883968370518939
11702.4,0.0011922126683075389,320.86154555458495,0.006807676961675549,0.006807676961675549
11712.0,0.001178012869166517,320.8519879484597,0.006732155598142874,0.006732155598142874
11721.6,0.001163970753550857,320.8425269369481,0.006657397496544254,0.006657397496544254
11731.199999999999,0.001150084725758444,320.8331616675491,0.0065833959206693,0.0065833959206693
11740.8,0.0011363532041966452,320.82389129370915,0.006510144181303213,0.006510144181303213
11750.4,0.0011227746212832943,320.8147149748006,0.006437635636056551,0.006437635636056551
11760.0,0.0011093474233482145,320.80563187610045,0.006365863689195899,0.006365863689195899
11769.6,0.001096070070535391,320.7966411687678,0.006294821791466901,0.006294821791466901
11779.199999999999,0.0010829410367050466,320.7877420298221,0.0062245034399217745,0.0062245034399217745
11788.8,0.0010699588093364357,320.77893364212053,0.006154902177741006,0.006154902177741006
11798.4,0.001057121889430913,320.77021519433583,0.006086011594057269,0.006086011594057269
11808.0,0.0010444287914153703,320.7615858809333,0.0060178253237748724,0.0060178253237748724
11817.6,0.0010318780430462254,320.7530449021481,0.005950337047389635,0.005950337047389635
11827.199999999999,0.0010194681853135349,320.74459146396237,0.005883540490808784,0.005883540490808784
11836.8,0.0010071977723454645,320.736224778082,0.005817429425165896,0.005817429425165896
11846.4,0.0009950653713136253,320.7279440619129,0.005751997666635845,0.005751997666635845
11856.0,0.0009830695623380785,320.7197485385384,0.005687239076252886,0.005687239076252886
11865.6,0.0009712089383931156,320.7116374366948,0.00562314755972112,0.00562314755972112
11875.199999999999,0.0009594821052140383,320.7036099907482,0.005559717067228984,0.005559717067228984
11884.8,0.0009478876812029221,320.6956654406701,0.005496941593257014,0.005496941593257014
11894.4,0.0009364242973361599,320.687803032014,0.005434815176393236,0.005434815176393236
11904.0,0.0009250905970713439,320.6800220158907,0.005373331899137336,0.005373331899137336
11913.6,0.0009138852362556099,320.67232164894443,0.0053124858877133625,0.0053124858877133625
11923.199999999999,0.0009028068830334956,320.6647011933281,0.005252271311872538,0.005252271311872538
11932.8,0.0008918542177556396,320.65715991667906,0.005192682384703274,0.005192682384703274
11942.4,0.0008810259328874754,320.64969709209447,0.005133713362434876,0.005133713362434876
11952.0,0.0008703207329190484,320.64231199810655,0.005075358544243519,0.005075358544243519
11961.6,0.0008597373342748489,320.63500391865756,0.005017612272053711,0.005017612272053711
11971.199999999999,0.0008492744652236982,320.62777214307516,0.004960468930343809,0.004960468930343809
11980.8,0.0008389308657895414,320.6206159660471,0.004903922945946144,0.004903922945946144
11990.4,0.0008287052876630392,320.61353468759654,0.004847968787851186,0.004847968787851186
12000.0,0.000818596494112111,320.60652761305636,0.004792600967006319,0.004792600967006319
12009.6,0.0008086032598946827,320.599594053044,0.00473781403611507,0.00473781403611507
12019.199999999999,0.0007987243711707394,320.59273332343633,0.004683602589440375,0.004683602589440375
12028.8,0.0007889586254151256,320.5859447453442,0.00462996126260111,0.00462996126260111
12038.4,0.0007793048313303622,320.5792276450862,0.004576884732367273,0.004576884732367273
12048.0,0.000769761808760975,320.57258135416413,0.004524367716465052,0.004524367716465052
12057.6,0.0007603283886070209,320.5660052092366,0.004472404973367509,0.004472404973367509
12067.199999999999,0.0007510034127388973,320.55949855209366,0.004420991302095165,0.004420991302095165
12076.8,0.0007417857339117928,320.5530607296309,0.004370121542011171,0.004370121542011171
12086.4,0.0007326742156814345,320.54669109382314,0.004319790572613354,0.004319790572613354
12096.0,0.0007236677323198572,320.54038900169957,0.004269993313337036,0.004269993313337036
12105.6,0.0007147651687312731,320.5341538153171,0.004220724723345721,0.004220724723345721
12115.199999999999,0.0007059654203690841,320.52798490173393,0.004171979801321342,0.004171979801321342
12124.8,0.0006972673931527657,320.52188163298484,0.0041237535852693226,0.0041237535852693226
12134.4,0.0006886700033852324,320.51584338605375,0.004076041152301635,0.004076041152301635
12144.0,0.0006801721776711093,320.50986954284855,0.004028837618438269,0.004028837618438269
12153.6,0.0006717728528350022,320.50395949017434,0.003982138138395231,0.003982138138395231
12163.199999999999,0.0006634709758399468,320.49811261970746,0.003935937905379725,0.003935937905379725
12172.8,0.0006552655037072244,320.4923283279695,0.0038902321508848888,0.0038902321508848888
12182.4,0.0006471554034356114,320.48660601630075,0.0038450161444791363,0.0038450161444791363
12192.0,0.0006391396519217264,320.4809450908339,0.0038002851935999933,0.0038002851935999933
12201.6,0.0006312172358807193,320.47534496246806,0.0037560346433465866,0.0037560346433465866
12211.199999999999,0.0006233871517668143,320.4698050468423,0.00371225987627303,0.00371225987627303
12220.8,0.0006156484056950454,320.4643247643091,0.003668956312176869,0.003668956312176869
12230.4,0.0006080000133632587,320.4589035399086,0.0036261194078960634,0.0036261194078960634
12240.0,0.0006004409999743247,320.45354080334147,0.003583744657094734,0.003583744657094734
12249.6,0.000592970400158728,320.44823598894345,0.0035418275900619433,0.0035418275900619433
12259.199999999999,0.0005855872578978823,320.4429885356583,0.003500363773497891,0.003500363773497891
12268.8,0.0005782906264476767,320.4377978870116,0.0034593488103073057,0.0034593488103073057
12278.4,0.0005710795682629998,320.43266349108484,0.003418778339394174,0.003418778339394174
12288.0,0.0005639531549215536,320.42758480048843,0.003378648035448392,0.003378648035448392
12297.6,0.0005569104670494065,320.4225612723357,0.0033389536087409487,0.0033389536087409487
12307.199999999999,0.0005499505942458732,320.41759236821673,0.003299690804916413,0.003299690804916413
12316.8,0.0005430726350097073,320.41267755417175,0.0032608554047836255,0.0032608554047836255
12326.4,0.0005362756966653138,320.40781630066476,0.0032224432241063903,0.0032224432241063903
12336.0,0.000529558895289421,320.40300808255756,0.003184450113398659,0.003184450113398659
12345.6,0.000522921355638039,320.3982523790834,0.003146871957716119,0.003146871957716119
12355.199999999999,0.0005163622110744997,320.3935486738203,0.0031097046764464367,0.0031097046764464367
12364.8,0.0005098806034968236,320.3888964546656,0.003072944223105787,0.003072944223105787
12374.4,0.0005034756832667189,320.3842952138089,0.003036586585127751,0.003036586585127751
12384.0,0.000497146609138352,320.3797444477067,0.003000627783660741,0.003000627783660741
12393.6,0.0004908925481874714,320.3752436570554,0.002965063873356899,0.002965063873356899
12403.199999999999,0.0004847126757413486,320.37079234676605,0.0029298909421695235,0.0029298909421695235
12412.8,0.00047860617530913013,320.3663900259375,0.0028951051111442113,0.0028951051111442113
12422.4,0.00047257223851204355,320.3620362078308,0.002860702534214038,0.002860702534214038
12432.0,0.0004666100650146552,320.3577304098432,0.0028266793979960943,0.0028266793979960943
12441.6,0.00046071886245662276,320.35347215348185,0.0027930319215812723,0.0027930319215812723
12451.199999999999,0.0004548978463844676,320.3492609643381,0.0027597563563339454,0.0027597563563339454
12460.8,0.00044914624018345124,320.3450963720617,0.002726848985685801,0.002726848985685801
12470.4,0.00044346327501126604,320.3409779103345,0.0026943061249301275,0.0026943061249301275
12480.0,0.0004378481897305699,320.3369051168454,0.0026621241210210383,0.0026621241210210383
12489.6,0.0004323002308428897,320.33287753326374,0.002630299352366409,0.002630299352366409
12499.199999999999,0.00042681865242268346,320.3288947052143,0.0025988282286280033,0.0025988282286280033
12508.8,0.00042140271605184735,320.3249561822511,0.0025677071905162033,0.0025677071905162033
12518.4,0.0004160516907547203,320.32106151783233,0.00253693270958924,0.00253693270958924
12528.0,0.0004107648529331765,320.31721026929443,0.0025065012880519646,0.0025065012880519646
12537.6,0.000405541486302767,320.3134019978266,0.0024764094585514856,0.0024764094585514856
12547.199999999999,0.0004003808818288602,320.3096362684455,0.002446653783979085,0.002446653783979085
12556.8,0.00039528233766280185,320.30591264997,0.002417230857269446,0.002417230857269446
12566.4,0.0003902451590796177,320.3022307149955,0.002388137301198083,0.002388137301198083
12576.0,0.0003852686584151686,320.29859003986917,0.0023593697681864043,0.0023593697681864043
12585.6,0.000380352155004209,320.2949902046642,0.0023309249400977937,0.0023309249400977937
12595.199999999999,0.00037549497511835854,320.29143079315514,0.0023027995280422275,0.0023027995280422275
12604.8,0.0003706964519051736,320.28791139279286,0.0022749902721790915,0.0022749902721790915
12614.4,0.0003659559253273258,320.28443159467906,0.002247493941515509,0.002247493941515509
12624.0,0.00036127274210169237,320.2809909935419,0.002220307333713653,0.002220307333713653
12633.6,0.00035664625563990206,320.2775891877109,0.002193427274893112,0.002193427274893112
12643.199999999999,0.0003520758259884201,320.27422577909215,0.002166850619434162,0.002166850619434162
12652.8,0.0003475608197695388,320.270900373144,0.0021405742497855236,0.0021405742497855236
12662.4,0.0003431006101220297,320.26761257885175,0.0021145950762653846,0.0021145950762653846
12672.0,0.0003386945766436986,320.2643620087037,0.0020889100368714068,0.0020889100368714068
12681.6,0.00033434210533260614,320.2611482786663,0.00206351609708489,0.00206351609708489
12691.199999999999,0.00033004258852995877,320.2579710081602,0.002038410249680331,0.002038410249680331
12700.8,0.0003257954248627876,320.25482982003547,0.0020135895145313837,0.0020135895145313837
12710.4,0.00032160001918705246,320.2517243405475,0.001989050938419519,0.001989050938419519
12720.0,0.0003174557825314918,320.24865419933315,0.0019647915948444797,0.0019647915948444797
12729.6,0.0003133621320417758,320.2456190293861,0.001940808583832037,0.001940808583832037
12739.199999999999,0.0003093184909246764,320.2426184670337,0.001917099031748941,0.001917099031748941
12748.8,0.00030532428839292986,320.2396521519123,0.001893660091108431,0.001893660091108431
12758.4,0.00030137895961057957,320.2367197269438,0.0018704889403856333,0.0018704889403856333
12768.0,0.00029748194563872726,320.23382083831183,0.0018475827838284626,0.0018475827838284626
12777.6,0.0002936326933815506,320.23095513543814,0.0018249388512721208,0.0018249388512721208
12787.199999999999,0.00028983065553230263,320.2281222709594,0.0018025543979544919,0.0018025543979544919
12796.8,0.00028607529052062617,320.2253219007027,0.0017804267043239007,0.0017804267043239007
12806.4,0.00028236606245962,320.22255368366365,0.0017585530758648406,0.0017585530758648406
12816.0,0.00027870244109336537,320.21981728198193,0.0017369308429052818,0.0017369308429052818
12825.6,0.0002750839017447206,320.2171123609187,0.0017155573604383568,0.0017155573604383568
12835.199999999999,0.00027150992526419823,320.2144385888331,0.0016944300079368565,0.0016944300079368565
12844.8,0.0002679799979782388,320.2117956371598,0.0016735461891749135,0.0016735461891749135
12854.4,0.00026449361163847883,320.2091831803856,0.0016529033320438473,0.0016529033320438473
12864.0,0.0002610502633714275,320.2066008960268,0.0016324988883738472,0.0016324988883738472
12873.6,0.0002576494556280198,320.2040484646066,0.0016123303337534107,0.0016123303337534107
12883.199999999999,0.00025429069613426965,320.20152556963245,0.0015923951673528231,0.0015923951673528231
12892.8,0.0002509734978414799,320.19903189757315,0.0015726909117417993,0.0015726909117417993
12902.4,0.0002476973788776599,320.19656713783695,0.001553215112716556,0.001553215112716556
12912.0,0.0002444618624985172,320.1941309827492,0.0015339653391232943,0.0015339653391232943
12921.6,0.00024126647703976226,320.1917231275297,0.0015149391826798798,0.0015149391826798798
12931.199999999999,0.00023811075586865183,320.1893432702709,0.001496134257802021,0.001496134257802021
12940.8,0.00023499423733682669,320.186991111916,0.0014775482014316884,0.0014775482014316884
12950.4,0.00023191646473300848,320.1846663562364,0.001459178672859248,0.001459178672859248
12960.0,0.00022887698623619393,320.1823687098108,0.0014410233535563732,0.0014410233535563732
12969.6,0.00022587535486959435,320.18009788200277,0.0014230799469999752,0.0014230799469999752
12979.199999999999,0.00022291112845402542,320.17785358493927,0.0014053461785033176,0.0014053461785033176
12988.8,0.00021998386956259336,320.1756355334895,0.0013878197950475824,0.0013878197950475824
12998.4,0.00021709314547529163,320.1734434452431,0.0013704985651093926,0.0013704985651093926
13008.0,0.00021423852813382967,320.171277040489,0.0013533802784955206,0.0013533802784955206
13017.6,0.000211419594097367,320.1691360421939,0.0013364627461713104,0.0013364627461713104
13027.199999999999,0.0002086359244977672,320.167020175982,0.0013197438001003262,0.0013197438001003262
13036.8,0.00020588710499606103,320.16492917011306,0.0013032212930723255,0.0013032212930723255
13046.4,0.00020317272573837548,320.16286275546213,0.0012868930985415607,0.0012868930985415607
13056.0,0.0002004923813134442,320.1608206654983,0.0012707571104601406,0.0012707571104601406
13065.6,0.00019784567070912362,320.15880263626457,0.0012548112431181304,0.0012548112431181304
13075.199999999999,0.00019523219726992087,320.1568084063569,0.0012390534309787097,0.0012390534309787097
13084.8,0.00019265156865487726,320.15483771690384,0.0012234816285164748,0.0012234816285164748
13094.4,0.000190103396795807,320.1528903115461,0.001208093810056639,0.001208093810056639
13104.0,0.00018758729785558941,320.1509659364164,0.0011928879696151335,0.0011928879696151335
13113.6,0.00018510289218695835,320.1490643401194,0.0011778621207409494,0.0011778621207409494
13123.199999999999,0.000182649804291842,320.14718527371156,0.0011630142963557912,0.0011630142963557912
13132.8,0.00018022766278059658,320.1453284906811,0.0011483425485973166,0.0011483425485973166
13142.4,0.0001778361003319505,320.14349374692836,0.0011338449486623821,0.0011338449486623821
13152.0,0.00017547475365300134,320.14168080074614,0.0011195195866525313,0.0011195195866525313
13161.6,0.00017314326343969313,320.1398894127998,0.001105364571416339,0.001105364571416339
13171.199999999999,0.00017084127433795022,320.13811934610817,0.0010913780303993933,0.0010913780303993933
13180.8,0.00016856843490436755,320.1363703660237,0.0010775581094861905,0.0010775581094861905
13190.4,0.00016632439756750472,320.13464224021385,0.0010639029728541575,0.0010639029728541575
13200.0,0.0001641088185902811,320.13293473864104,0.0010504108028146512,0.0010504108028146512
13209.6,0.00016192135803128806,320.13124763354426,0.001037079799667878,0.001037079799667878
13219.199999999999,0.0001597616797076635,320.12958069942005,0.0010239081815524255,0.0010239081815524255
13228.8,0.000157629451157594,320.12793371300336,0.0010108941842943463,0.0010108941842943463
13238.4,0.000155524343603563,320.126306453249,0.0009980360612602808,0.0009980360612602808
13248.0,0.00015344603191508324,320.12469870131315,0.0009853320832110325,0.0009853320832110325
13257.6,0.00015139419457292213,320.1231102405345,0.0009727805381537936,0.0009727805381537936
13267.199999999999,0.0001493685136327226,320.12154085641623,0.0009603797311979653,0.0009603797311979653
13276.8,0.00014736867468942357,320.1199903366075,0.0009481279844105279,0.0009481279844105279
13286.4,0.0001453943668414669,320.1184584708852,0.0009360236366709625,0.0009360236366709625
13296.0,0.00014344528265605323,320.1169450511361,0.0009240650435306636,0.0009240650435306636
13305.6,0.0001415211181337926,320.1154498713386,0.0009122505770678608,0.0009122505770678608
13315.199999999999,0.000139621572674724,320.11397272754533,0.0009005786257506251,0.0009005786257506251
13324.8,0.00013774634904373029,320.1125134178648,0.0008890475942931374,0.0008890475942931374
13334.4,0.00013589515333643293,320.11107174244427,0.000877655903517797,0.000877655903517797
13344.0,0.00013406769494570854,320.10964750345204,0.000866401990217778,0.000866401990217778
13353.6,0.00013226368652813415,320.10824050505965,0.0008552843070146464,0.0008552843070146464
13363.199999999999,0.00013048284397112564,320.10685055342543,0.0008443013222290013,0.0008443013222290013
13372.8,0.00012872488635996875,320.1054774566765,0.0008334515197385412,0.0008334515197385412
13382.4,0.00012698953594517112,320.1041210248921,0.0008227333988455609,0.0008227333988455609
13392.0,0.00012527651811047042,320.10278107008634,0.0008121454741417557,0.0008121454741417557
13401.6,0.0001235855613406119,320.1014574061915,0.0008016862753752686,0.0008016862753752686
13411.199999999999,0.00012191639718996115,320.10014984904143,0.0007913543473195369,0.0007913543473195369
13420.8,0.00012026876025092135,320.09885821635436,0.0007811482496385437,0.0007811482496385437
13430.4,0.00011864238812222554,320.09758232771685,0.0007710665567588069,0.0007710665567588069
13440.0,0.00011703702137960998,320.0963220045671,0.0007611078577382256,0.0007611078577382256
13449.6,0.00011545240354336126,320.0950770701789,0.000751270756138069,0.000751270756138069
13459.199999999999,0.00011388828104936136,320.0938473496449,0.0007415538698931688,0.0007415538698931688
13468.8,0.00011234440321844718,320.09263266986073,0.0007319558311843583,0.0007319558311843583
13478.4,0.00011082052222671023,320.09143285950927,0.0007224752863140555,0.0007224752863140555
13488.0,0.00010931639307608075,320.0902477490444,0.0007131108955795991,0.0007131108955795991
13497.6,0.00010783177356487645,320.0890771706754,0.0007038613331483826,0.0007038613331483826
13507.199999999999,0.00010636642425911523,320.08792095835076,0.0006947252869307425,0.0006947252869307425
13516.8,0.00010492010846352547,320.0867789477435,0.000685701458463625,0.000685701458463625
13526.4,0.00010349259219305424,320.0856509762348,0.0006767885627816777,0.0006767885627816777
13536.0,0.00010208364414473002,320.08453688289904,0.0006679853282986714,0.0006679853282986714
13545.6,0.00010069303566988193,320.0834365084888,0.0006592904966880235,0.0006592904966880235
13555.199999999999,9.932054074630395e-05,320.08234969541894,0.0006507028227597279,0.0006507028227597279
13564.8,9.796593595045642e-05,320.08127628775213,0.000642221074342676,0.000642221074342676
13574.4,9.662900043076745e-05,320.080216131184,0.0006338440321696707,0.0006338440321696707
13584.0,9.530951588034925e-05,320.07916907302763,0.0006255704897543575,0.0006255704897543575
13593.6,9.400726651042402e-05,320.07813496219944,0.0006173992532789338,0.0006173992532789338
13603.199999999999,9.272203902371511e-05,320.07711364920425,0.0006093291414769189,0.0006093291414769189
13612.8,9.145362258847724e-05,320.0761049861208,0.000601358985518618,0.000601358985518618
13622.4,9.020180881210026e-05,320.0751088265874,0.0005934876288970352,0.0005934876288970352
13632.0,8.896639171572605e-05,320.0741250257872,0.0005857139273133383,0.0005857139273133383
13641.6,8.774716770854495e-05,320.0731534404347,0.0005780367485668146,0.0005780367485668146
13651.199999999999,8.654393556258986e-05,320.07219392876084,0.0005704549724416823,0.0005704549724416823
13660.8,8.535649638769054e-05,320.0712463504995,0.0005629674905961478,0.0005629674905961478
13670.4,8.418465360646284e-05,320.0703105668732,0.0005555732064519135,0.0005555732064519135
13680.0,8.302821293025752e-05,320.0693864405798,0.000548271035088175,0.000548271035088175
13689.6,8.188698233407873e-05,320.06847383577815,0.0005410599031284332,0.0005410599031284332
13699.199999999999,8.076077203294135e-05,320.06757261807496,0.0005339387486371876,0.0005339387486371876
13708.8,7.964939445787279e-05,320.06668265451094,0.0005269065210094428,0.0005269065210094428
13718.4,7.85526642321995e-05,320.0658038135474,0.0005199621808656056,0.0005199621808656056
13728.0,7.74703981480462e-05,320.0649359650535,0.000513104699950423,0.000513104699950423
13737.6,7.640241514326157e-05,320.0640789802922,0.0005063330610220413,0.0005063330610220413
13747.199999999999,7.534853627816652e-05,320.0632327319075,0.0004996462577509437,0.0004996462577509437
13756.8,7.430858471303017e-05,320.06239709391144,0.0004930432946184406,0.0004930432946184406
13766.4,7.328238568526248e-05,320.0615719416717,0.0004865231868160584,0.0004865231868160584
13776.0,7.22697664871389e-05,320.0607571518971,0.00048008496013459627,0.00048008496013459627
13785.6,7.127055644343705e-05,320.05995260262716,0.00047372765087743866,0.00047372765087743866
13795.199999999999,7.028458688992489e-05,320.05915817321744,0.00046745030574871455,0.00046745030574871455
13804.8,6.931169115126415e-05,320.0583737443283,0.0004612519817621178,0.0004612519817621178
13814.4,6.835170451953427e-05,320.0575991979119,0.00045513174613804973,0.00045513174613804973
13824.0,6.740446423297027e-05,320.05683441719987,0.00044908867620839716,0.00044908867620839716
13833.6,6.646980945482415e-05,320.05607928669133,0.0004431218593190648,0.0004431218593190648
13843.199999999999,6.554758125254711e-05,320.0553336921402,0.00043723039273160916,0.00043723039273160916
13852.8,6.463762257693522e-05,320.0545975205439,0.00043141338353295747,0.00043141338353295747
13862.4,6.373977824154234e-05,320.05387066013066,0.00042566994853614345,0.00042566994853614345
13872.0,6.285389490250083e-05,320.053153000348,0.0004199992141882294,0.0004199992141882294
13881.6,6.197982103843171e-05,320.05244443185103,0.00041440031647822843,0.00041440031647822843
13891.199999999999,6.11174069303902e-05,320.05174484649035,0.0004088724008418828,0.0004088724008418828
13900.8,6.0266504642130704e-05,320.05105413730104,0.0004034146220740777,0.0004034146220740777
13910.4,5.942696800072738e-05,320.05037219849055,0.00039802614423361897,0.00039802614423361897
13920.0,5.859865257701694e-05,320.0496989254277,0.0003927061405560968,0.0003927061405560968
13929.6,5.778141566659196e-05,320.04903421463115,0.00038745379336225643,0.00038745379336225643
13939.199999999999,5.697511627067042e-05,320.04837796375836,0.00038226829397220905,0.00038226829397220905
13948.8,5.617961507751519e-05,320.0477300715942,0.0003771488426138033,0.0003771488426138033
13958.4,5.5394774443605055e-05,320.0470904380399,0.0003720946483368352,0.0003720946483368352
13968.0,5.462045837532126e-05,320.04645896410244,0.00036710492892725916,0.00036710492892725916
13977.6,5.385653251072246e-05,320.0458355518835,0.00036217891082184747,0.00036217891082184747
13987.199999999999,5.310286410140847e-05,320.04522010456833,0.0003573158290192566,0.0003573158290192566
13996.8,5.2359321994615146e-05,320.0446125264152,0.00035251492699693246,0.00035251492699693246
14006.4,5.162577661561126e-05,320.04401272274555,0.00034777545663250783,0.00034777545663250783
14016.0,5.090209995009504e-05,320.0434205999322,0.00034309667811217355,0.00034309667811217355
14025.6,5.018816552703525e-05,320.0428360653896,0.00033847785985297377,0.00033847785985297377
14035.199999999999,4.948384840103231e-05,320.04225902756383,0.00033391827842195736,0.00033391827842195736
14044.8,4.878902513579876e-05,320.0416893959216,0.0003294172184526341,0.0003294172184526341
14054.4,4.8103573786839944e-05,320.04112708094027,0.0003249739725636769,0.0003249739725636769
14064.0,4.7427373885218885e-05,320.04057199409806,0.00032058784128211515,0.00032058784128211515
14073.6,4.676030642089425e-05,320.0400240478638,0.00031625813296293545,0.00031625813296293545
14083.199999999999,4.610225382611208e-05,320.0394831556872,0.0003119841637109276,0.0003119841637109276
14092.8,4.545309995973862e-05,320.03894923198845,0.0003077652573002851,0.0003077652573002851
14102.4,4.481273009059837e-05,320.03842219214914,0.000303600745101392,0.000303600745101392
14112.0,4.418103088237591e-05,320.03790195250207,0.0002994899660008727,0.0002994899660008727
14121.6,4.355789037707804e-05,320.03738843032204,0.00029543226632882774,0.00029543226632882774
14131.199999999999,4.294319798020177e-05,320.03688154381615,0.0002914269997820276,0.0002914269997820276
14140.8,4.233684444506733e-05,320.0363812121142,0.0002874735273480047,0.0002874735273480047
14150.4,4.173872185750644e-05,320.0358873552597,0.0002835712172349846,0.0002835712172349846
14160.0,4.114872362085207e-05,320.0353998942003,0.00027971944479373195,0.00027971944479373195
14169.6,4.056674444130217e-05,320.03491875077844,0.00027591759244748184,0.00027591759244748184
14179.199999999999,3.999268031271449e-05,320.03444384772286,0.00027216504962097226,0.00027216504962097226
14188.8,3.942642850216466e-05,320.0339751086389,0.0002684612126667819,0.0002684612126667819
14198.4,3.8867887535540835e-05,320.033512458,0.0002648054847961601,0.0002648054847961601
14208.0,3.831695718331521e-05,320.0330558211384,0.0002611972760067112,0.0002611972760067112
14217.6,3.7773538446120704e-05,320.03260512423685,0.00025763600301636884,0.00025763600301636884
14227.199999999999,3.723753354093076e-05,320.03216029431906,0.0002541210891883858,0.0002541210891883858
14236.8,3.670884588695598e-05,320.03172125924215,0.00025065196447114695,0.00025065196447114695
14246.4,3.618738009230378e-05,320.03128794768713,0.0002472280653231592,0.0002472280653231592
14256.0,3.5673041939981126e-05,320.03086028915084,0.00024384883464927104,0.00024384883464927104
14265.6,3.5165738374412434e-05,320.0304382139375,0.00024051372173419685,0.00024051372173419685
14275.199999999999,3.4665377488721116e-05,320.03002165315,0.00023722218217379535,0.00023722218217379535
14284.8,3.4171868510767904e-05,320.0296105386824,0.00023397367781443314,0.00023397367781443314
14294.4,3.368512179071649e-05,320.0292048032107,0.0002307676766824666,0.0002307676766824666
14304.0,3.3205048787711594e-05,320.02880438018553,0.0002276036529245036,0.0002276036529245036
14313.6,3.2731562057426706e-05,320.02840920382386,0.0002244810867422753,0.0002244810867422753
14323.199999999999,3.226457523920363e-05,320.02801920910053,0.0002213994643266097,0.0002213994643266097
14332.8,3.180400304361867e-05,320.02763433174124,0.00021835827780083755,0.00021835827780083755
14342.4,3.1349761240172515e-05,320.02725450821373,0.00021535702515207083,0.00021535702515207083
14352.0,3.0901766644927196e-05,320.0268796757207,0.00021239521017460858,0.00021239521017460858
14361.6,3.045993710842724e-05,320.02650977219207,0.00020947234240930047,0.00020947234240930047
14371.199999999999,3.00241915038873e-05,320.0261447362767,0.00020658793707752015,0.00020658793707752015
14380.8,2.959444971504205e-05,320.0257845073355,0.00020374151502726613,0.00020374151502726613
14390.4,2.9170632624547074e-05,320.0254290254338,0.0002009326026725253,0.0002009326026725253
14400.0,2.8752662102432686e-05,320.0250782313336,0.00019816073193218705,0.00019816073193218705
