time_s,state_of_charge,outlet_temperature_c,storage_heat_mw,deliverable_power_mw
0.0,1.0,400.0,0.15803405694444445,0.15803405694444445
38.4,0.9986666666666668,400.00000000000006,0.15803405694444458,0.15803405694444458
76.8,0.9973333333333336,400.00000000000006,0.15803405694444458,0.15803405694444458
115.19999999999999,0.9960000000000003,400.00000000000006,0.15803405694444458,0.15803405694444458
153.6,0.9946666666666671,400.00000000000006,0.15803405694444458,0.15803405694444458
192.0,0.9933333333333337,400.00000000000006,0.15803405694444458,0.15803405694444458
230.39999999999998,0.9920000000000005,400.00000000000006,0.15803405694444458,0.15803405694444458
268.8,0.9906666666666671,400.00000000000006,0.15803405694444458,0.15803405694444458
307.2,0.9893333333333341,400.00000000000006,0.15803405694444458,0.15803405694444458
345.59999999999997,0.9880000000000009,400.00000000000006,0.15803405694444458,0.15803405694444458
384.0,0.9866666666666675,400.00000000000006,0.15803405694444458,0.15803405694444458
422.4,0.9853333333333343,400.00000000000006,0.15803405694444458,0.15803405694444458
460.79999999999995,0.9840000000000008,400.00000000000006,0.15803405694444458,0.15803405694444458
499.2,0.9826666666666676,400.00000000000006,0.15803405694444458,0.15803405694444458
537.6,0.9813333333333342,400.00000000000006,0.15803405694444458,0.15803405694444458
576.0,0.980000000000001,400.00000000000006,0.15803405694444458,0.15803405694444458
614.4,0.9786666666666676,400.00000000000006,0.15803405694444458,0.15803405694444458
652.8,0.9773333333333345,400.00000000000006,0.15803405694444458,0.15803405694444458
691.1999999999999,0.9760000000000013,400.00000000000006,0.15803405694444458,0.15803405694444458
729.6,0.9746666666666679,400.00000000000006,0.15803405694444458,0.15803405694444458
768.0,0.9733333333333347,400.00000000000006,0.15803405694444458,0.15803405694444458
806.4,0.9720000000000015,400.00000000000006,0.15803405694444458,0.15803405694444458
844.8,0.9706666666666685,400.00000000000006,0.15803405694444458,0.15803405694444458
883.1999999999999,0.969333333333335,400.00000000000006,0.15803405694444458,0.15803405694444458
921.5999999999999,0.9680000000000019,400.00000000000006,0.15803405694444458,0.15803405694444458
960.0,0.9666666666666685,400.00000000000006,0.15803405694444458,0.15803405694444458
998.4,0.9653333333333352,400.00000000000006,0.15803405694444458,0.15803405694444458
1036.8,0.964000000000002,400.00000000000006,0.15803405694444458,0.15803405694444458
1075.2,0.9626666666666688,400.00000000000006,0.15803405694444458,0.15803405694444458
1113.6,0.9613333333333354,400.00000000000006,0.15803405694444458,0.15803405694444458
1152.0,0.960000000000002,400.00000000000006,0.15803405694444458,0.15803405694444458
1190.3999999999999,0.9586666666666689,399.99999999999994,0.15803405694444433,0.15803405694444433
1228.8,0.9573333333333357,399.99999999999994,0.15803405694444433,0.15803405694444433
1267.2,0.9560000000000025,399.9999999999999,0.15803405694444422,0.15803405694444422
1305.6,0.9546666666666691,399.9999999999999,0.15803405694444422,0.15803405694444422
1344.0,0.9533333333333357,399.9999999999998,0.15803405694444403,0.15803405694444403
1382.3999999999999,0.9520000000000026,399.9999999999997,0.1580340569444439,0.1580340569444439
1420.8,0.9506666666666692,399.9999999999995,0.15803405694444345,0.15803405694444345
1459.2,0.949333333333336,399.9999999999993,0.1580340569444431,0.1580340569444431
1497.6,0.9480000000000028,399.9999999999991,0.15803405694444264,0.15803405694444264
1536.0,0.9466666666666695,399.99999999999875,0.15803405694444198,0.15803405694444198
1574.3999999999999,0.9453333333333364,399.9999999999983,0.1580340569444411,0.1580340569444411
1612.8,0.944000000000003,399.9999999999979,0.15803405694444028,0.15803405694444028
1651.2,0.94266666666667,399.99999999999727,0.15803405694443906,0.15803405694443906
1689.6,0.9413333333333367,399.9999999999966,0.15803405694443773,0.15803405694443773
1728.0,0.9400000000000034,399.9999999999956,0.1580340569444358,0.1580340569444358
1766.3999999999999,0.9386666666666704,399.9999999999946,0.1580340569444338,0.1580340569444338
1804.8,0.9373333333333373,399.9999999999933,0.1580340569444312,0.1580340569444312
1843.1999999999998,0.9360000000000044,399.9999999999917,0.15803405694442807,0.15803405694442807
1881.6,0.9346666666666712,399.99999999998977,0.15803405694442427,0.15803405694442427
1920.0,0.933333333333338,399.99999999998744,0.15803405694441963,0.15803405694441963
1958.3999999999999,0.9320000000000049,399.9999999999847,0.15803405694441425,0.15803405694441425
1996.8,0.9306666666666721,399.99999999998136,0.1580340569444076,0.1580340569444076
2035.1999999999998,0.9293333333333395,399.9999999999774,0.15803405694439976,0.15803405694439976
2073.6,0.9280000000000065,399.99999999997266,0.15803405694439043,0.15803405694439043
2112.0,0.9266666666666739,399.999999999967,0.1580340569443792,0.1580340569443792
2150.4,0.9253333333333413,399.99999999996027,0.15803405694436595,0.15803405694436595
2188.7999999999997,0.9240000000000088,399.9999999999523,0.15803405694435024,0.15803405694435024
2227.2,0.9226666666666766,399.99999999994276,0.1580340569443314,0.1580340569443314
2265.6,0.9213333333333444,399.9999999999317,0.15803405694430947,0.15803405694430947
2304.0,0.9200000000000125,399.9999999999185,0.15803405694428344,0.15803405694428344
2342.4,0.9186666666666807,399.9999999999031,0.15803405694425302,0.15803405694425302
2380.7999999999997,0.9173333333333493,399.9999999998849,0.15803405694421707,0.15803405694421707
2419.2,0.9160000000000185,399.99999999986363,0.15803405694417508,0.15803405694417508
2457.6,0.914666666666688,399.99999999983874,0.1580340569441259,0.1580340569441259
2496.0,0.9133333333333579,399.99999999980963,0.1580340569440684,0.1580340569440684
2534.4,0.9120000000000282,399.9999999997758,0.15803405694400158,0.15803405694400158
2572.7999999999997,0.9106666666666993,399.99999999973636,0.15803405694392364,0.15803405694392364
2611.2,0.9093333333333713,399.99999999969066,0.15803405694383335,0.15803405694383335
2649.6,0.9080000000000441,399.9999999996376,0.15803405694372863,0.15803405694372863
2688.0,0.9066666666667179,399.9999999995762,0.15803405694360723,0.15803405694360723
2726.4,0.9053333333333929,399.9999999995051,0.15803405694346687,0.15803405694346687
2764.7999999999997,0.9040000000000693,399.9999999994232,0.15803405694330505,0.15803405694330505
2803.2,0.9026666666667472,399.9999999993288,0.15803405694311853,0.15803405694311853
2841.6,0.901333333333427,399.99999999921994,0.15803405694290348,0.15803405694290348
2880.0,0.9000000000001086,399.999999999095,0.15803405694265668,0.15803405694265668
2918.4,0.8986666666667931,399.9999999989516,0.15803405694237338,0.15803405694237338
2956.7999999999997,0.89733333333348,399.9999999987872,0.15803405694204864,0.15803405694204864
2995.2,0.8960000000001701,399.999999998599,0.15803405694167685,0.15803405694167685
3033.6,0.8946666666668639,399.99999999838377,0.1580340569412517,0.1580340569412517
3072.0,0.8933333333335614,399.99999999813815,0.15803405694076653,0.15803405694076653
3110.4,0.8920000000002639,399.99999999785814,0.15803405694021336,0.15803405694021336
3148.7999999999997,0.8906666666669718,399.9999999975392,0.1580340569395833,0.1580340569395833
3187.2,0.8893333333336855,399.99999999717653,0.1580340569388669,0.1580340569388669
3225.6,0.8880000000004064,399.9999999967645,0.1580340569380529,0.1580340569380529
3264.0,0.8866666666671346,399.9999999962968,0.1580340569371291,0.1580340569371291
3302.4,0.8853333333338721,399.99999999576687,0.15803405693608222,0.15803405693608222
3340.7999999999997,0.8840000000006193,399.99999999516683,0.1580340569348969,0.1580340569348969
3379.2,0.8826666666673779,399.99999999448835,0.1580340569335566,0.1580340569335566
3417.6,0.8813333333341493,399.99999999372176,0.15803405693204226,0.15803405693204226
3456.0,0.8800000000009353,399.9999999928568,0.15803405693033354,0.15803405693033354
3494.4,0.8786666666677371,399.99999999188174,0.15803405692840744,0.15803405692840744
3532.7999999999997,0.8773333333345575,399.99999999078375,0.15803405692623843,0.15803405692623843
3571.2,0.8760000000013984,399.99999998954866,0.1580340569237986,0.1580340569237986
3609.6,0.8746666666682624,399.9999999881607,0.15803405692105682,0.15803405692105682
3648.0,0.8733333333351526,399.9999999866025,0.1580340569179787,0.1580340569179787
3686.3999999999996,0.8720000000020718,399.99999998485487,0.15803405691452635,0.15803405691452635
3724.7999999999997,0.8706666666690236,399.9999999828966,0.158034056910658,0.158034056910658
3763.2,0.869333333336012,399.9999999807045,0.15803405690632763,0.15803405690632763
3801.6,0.8680000000030411,399.999999978253,0.1580340569014849,0.1580340569014849
3840.0,0.8666666666701162,399.9999999755136,0.15803405689607342,0.15803405689607342
3878.3999999999996,0.8653333333372418,399.9999999724556,0.15803405689003258,0.15803405689003258
3916.7999999999997,0.8640000000044246,399.9999999690448,0.15803405688329472,0.15803405688329472
3955.2,0.8626666666716707,399.9999999652439,0.15803405687578634,0.15803405687578634
3993.6,0.8613333333389872,399.9999999610117,0.158034056867426,0.158034056867426
4032.0,0.860000000006382,399.9999999563037,0.1580340568581257,0.1580340568581257
4070.3999999999996,0.8586666666738643,399.99999995107055,0.15803405684778796,0.15803405684778796
4108.8,0.8573333333414435,399.99999994525854,0.15803405683630675,0.15803405683630675
4147.2,0.85600000000913,399.99999993880886,0.1580340568235659,0.1580340568235659
4185.599999999999,0.8546666666769358,399.9999999316573,0.1580340568094386,0.1580340568094386
4224.0,0.8533333333448737,399.999999923734,0.15803405679378663,0.15803405679378663
4262.4,0.8520000000129578,399.99999991496213,0.15803405677645846,0.15803405677645846
4300.8,0.8506666666812034,399.9999999052587,0.15803405675729001,0.15803405675729001
4339.2,0.849333333349628,399.99999989453266,0.15803405673610157,0.15803405673610157
4377.599999999999,0.84800000001825,399.9999998826855,0.1580340567126983,0.1580340567126983
4416.0,0.8466666666870899,399.99999986960927,0.15803405668686726,0.15803405668686726
4454.4,0.8453333333561702,399.9999998551876,0.15803405665837827,0.15803405665837827
4492.8,0.8440000000255155,399.999999839293,0.15803405662697975,0.15803405662697975
4531.2,0.8426666666951523,399.99999982178787,0.15803405659239964,0.15803405659239964
4569.599999999999,0.8413333333651105,399.9999998025225,0.15803405655434233,0.15803405655434233
4608.0,0.8400000000354216,399.9999997813346,0.15803405651248723,0.15803405651248723
4646.4,0.8386666667061208,399.99999975804843,0.15803405646648713,0.15803405646648713
4684.8,0.8373333333772462,399.99999973247344,0.1580340564159656,0.1580340564159656
4723.2,0.8360000000488396,399.9999997044034,0.15803405636051537,0.15803405636051537
4761.599999999999,0.8346666667209461,399.9999996736155,0.1580340562996961,0.1580340562996961
4800.0,0.8333333333936151,399.9999996398686,0.1580340562330316,0.1580340562330316
4838.4,0.8320000000669002,399.9999996029019,0.15803405616000663,0.15803405616000663
4876.8,0.8306666667408595,399.9999995624343,0.15803405608006593,0.15803405608006593
4915.2,0.8293333334155568,399.99999951816227,0.15803405599260983,0.15803405599260983
4953.599999999999,0.828000000091061,399.99999946975805,0.15803405589699088,0.15803405589699088
4992.0,0.8266666667674464,399.99999941686883,0.15803405579251215,0.15803405579251215
5030.4,0.8253333334447949,399.99999935911376,0.15803405567842127,0.15803405567842127
5068.8,0.8240000001231933,399.99999929608356,0.15803405555390984,0.15803405555390984
5107.2,0.8226666668027378,399.9999992273372,0.15803405541810647,0.15803405541810647
5145.599999999999,0.8213333334835312,399.99999915240016,0.15803405527007394,0.15803405527007394
5184.0,0.8200000001656853,399.9999990707626,0.15803405510880505,0.15803405510880505
5222.4,0.8186666668493207,399.99999898187656,0.15803405493321723,0.15803405493321723
5260.8,0.8173333335345682,399.9999988851534,0.1580340547421478,0.1580340547421478
5299.2,0.8160000002215687,399.9999987799612,0.1580340545343484,0.1580340545343484
5337.599999999999,0.8146666669104753,399.999998665622,0.15803405430847986,0.15803405430847986
5376.0,0.8133333336014519,399.9999985414089,0.1580340540631061,0.1580340540631061
5414.4,0.812000000294676,399.99999840654266,0.15803405379668786,0.15803405379668786
5452.8,0.8106666669903397,399.9999982601881,0.15803405350757524,0.15803405350757524
5491.2,0.809333333688649,399.99999810145135,0.15803405319400265,0.15803405319400265
5529.599999999999,0.8080000003898261,399.9999979293755,0.15803405285407965,0.15803405285407965
5568.0,0.8066666670941106,399.9999977429369,0.15803405248578395,0.15803405248578395
5606.4,0.8053333338017599,399.99999754104084,0.1580340520869533,0.1580340520869533
5644.8,0.8040000005130514,399.99999732251723,0.15803405165527615,0.15803405165527615
5683.2,0.8026666672282827,399.9999970861163,0.15803405118828368,0.15803405118828368
5721.599999999999,0.8013333339477744,399.9999968305034,0.15803405068333937,0.15803405068333937
5760.0,0.80000000067187,399.9999965542538,0.15803405013762883,0.15803405013762883
5798.4,0.7986666674009396,399.99999625584775,0.15803404954814984,0.15803404954814984
5836.8,0.7973333341353787,399.99999593366465,0.15803404891170103,0.15803404891170103
5875.2,0.7960000008756125,399.99999558597665,0.15803404822486924,0.15803404822486924
5913.599999999999,0.7946666676220967,399.99999521094327,0.15803404748401867,0.15803404748401867
5952.0,0.7933333343753202,399.9999948066041,0.15803404668527665,0.15803404668527665
5990.4,0.7920000011358058,399.99999437087246,0.15803404582452116,0.15803404582452116
6028.8,0.7906666679041136,399.9999939015276,0.15803404489736528,0.15803404489736528
6067.2,0.7893333346808438,399.99999339620774,0.15803404389914344,0.15803404389914344
6105.599999999999,0.788000001466637,399.99999285240153,0.15803404282489467,0.15803404282489467
6144.0,0.7866666682621797,399.9999922674403,0.15803404166934718,0.15803404166934718
6182.4,0.7853333350682049,399.99999163848867,0.15803404042689997,0.15803404042689997
6220.8,0.7840000018854961,399.9999909625361,0.15803403909160593,0.15803403909160593
6259.2,0.7826666687148897,399.99999023638674,0.1580340376571518,0.1580340376571518
6297.599999999999,0.7813333355572789,399.99998945664987,0.15803403611683953,0.15803403611683953
6336.0,0.7800000024136168,399.99998861972864,0.15803403446356382,0.15803403446356382
6374.4,0.7786666692849201,399.99998772181004,0.1580340326897923,0.1580340326897923
6412.8,0.7773333361722727,399.99998675885314,0.1580340307875425,0.1580340307875425
6451.2,0.7760000030768298,399.99998572657637,0.15803402874835643,0.15803402874835643
6489.599999999999,0.7746666699998225,399.99998462044607,0.1580340265632782,0.1580340265632782
6528.0,0.7733333369425616,399.99998343566244,0.15803402422282614,0.15803402422282614
6566.4,0.7720000039064425,399.99998216714675,0.15803402171696762,0.15803402171696762
6604.8,0.7706666708929504,399.9999808095264,0.15803401903508946,0.15803401903508946
6643.2,0.7693333379036651,399.9999793571201,0.1580340161659687,0.1580340161659687
6681.599999999999,0.7680000049402664,399.9999778039228,0.15803401309774281,0.15803401309774281
6720.0,0.76666667200454,399.99997614358904,0.15803400981787685,0.15803400981787685
6758.4,0.7653333390983831,399.9999743694164,0.1580340063131306,0.1580340063131306
6796.8,0.7640000062238111,399.99997247432754,0.15803400256952332,0.15803400256952332
6835.2,0.7626666733829636,399.9999704508524,0.15803399857229852,0.15803399857229852
6873.599999999999,0.761333340578112,399.9999682911084,0.15803399430588472,0.15803399430588472
6912.0,0.7600000078116655,399.9999659867817,0.15803398975385852,0.15803398975385852
6950.4,0.7586666750861807,399.9999635291052,0.15803398489890108,0.15803398489890108
6988.8,0.7573333424043667,399.9999609088383,0.15803397972275854,0.15803397972275854
7027.2,0.756000009769096,399.9999581162439,0.15803397420619572,0.15803397420619572
7065.599999999999,0.7546666771834117,399.99995514106524,0.15803396832895134,0.15803396832895134
7104.0,0.7533333446505368,399.9999519725019,0.1580339620696898,0.1580339620696898
7142.4,0.7520000121738839,399.99994859918473,0.1580339554059524,0.1580339554059524
7180.8,0.7506666797570647,399.99994500915,0.15803394831410544,0.15803394831410544
7219.2,0.7493333474039013,399.999941189812,0.15803394076928692,0.15803394076928692
7257.599999999999,0.7480000151184357,399.99993712793525,0.15803393274535119,0.15803393274535119
7296.0,0.7466666829049425,399.99993280960547,0.1580339242148115,0.1580339242148115
7334.4,0.7453333507679392,399.9999282201994,0.1580339151487808,0.1580339151487808
7372.799999999999,0.7440000187122,399.9999233443536,0.15803390551690957,0.15803390551690957
7411.2,0.7426666867427678,399.9999181659316,0.15803389528732165,0.15803389528732165
7449.599999999999,0.741333354864968,399.99991266799077,0.15803388442654798,0.15803388442654798
7488.0,0.7400000230844224,399.99990683274774,0.15803387289945883,0.15803387289945883
7526.4,0.7386666914070633,399.99990064154156,0.15803386066919098,0.15803386066919098
7564.799999999999,0.7373333598391502,399.9998940747974,0.15803384769707568,0.15803384769707568
7603.2,0.7360000283872837,399.9998871119872,0.15803383394256146,0.15803383394256146
7641.599999999999,0.7346666970584239,399.9998797315901,0.15803381936313524,0.15803381936313524
7680.0,0.7333333658599064,399.9998719110511,0.15803380391424143,0.15803380391424143
7718.4,0.7320000347994611,399.9998636267383,0.15803378754919692,0.15803378754919692
7756.799999999999,0.7306667038852295,399.9998548538991,0.15803377021910475,0.15803377021910475
7795.2,0.7293333731257858,399.9998455666138,0.15803375187276267,0.15803375187276267
7833.599999999999,0.7280000425301569,399.99983573774955,0.15803373245657143,0.15803373245657143
7872.0,0.7266667121078418,399.99982533891074,0.15803371191443788,0.15803371191443788
7910.4,0.7253333818688354,399.99981434038955,0.15803369018767632,0.15803369018767632
7948.799999999999,0.7240000518236502,399.9998027111135,0.1580336672149054,0.1580336672149054
7987.2,0.7226667219833404,399.99979041859245,0.15803364293194327,0.15803364293194327
8025.599999999999,0.7213333923595261,399.99977742886296,0.15803361727169765,0.15803361727169765
8064.0,0.7200000629644191,399.99976370643174,0.1580335901640542,0.1580335901640542
8102.4,0.7186667338108487,399.99974921421676,0.1580335615357601,0.1580335615357601
8140.799999999999,0.7173334049122907,399.99973391348703,0.15803353131030518,0.15803353131030518
8179.2,0.7160000762828941,399.99971776380005,0.1580334994077983,0.1580334994077983
8217.6,0.714666747937512,399.9997007229376,0.1580334657448404,0.1580334657448404
8256.0,0.7133334198917314,399.99968274683977,0.1580334302343946,0.1580334302343946
8294.4,0.7120000921619057,399.99966378953724,0.15803339278565173,0.15803339278565173
8332.8,0.7106667647651878,399.9996438030806,0.15803335330389134,0.15803335330389134
8371.199999999999,0.7093334377195636,399.99962273746837,0.15803331169033938,0.15803331169033938
8409.6,0.7080001110438873,399.99960054057374,0.15803326784202298,0.15803326784202298
8448.0,0.7066667847579193,399.99957715806715,0.1580332216516183,0.1580332216516183
8486.4,0.705333458882364,399.9995525333387,0.15803317300729658,0.15803317300729658
8524.8,0.7040001334389071,399.99952660741724,0.15803312179256468,0.15803312179256468
8563.199999999999,0.702666808450259,399.9994993188879,0.1580330678861022,0.1580330678861022
8601.6,0.7013334839401958,399.99947060380657,0.15803301116159224,0.15803301116159224
8640.0,0.7000001599336024,399.9994403956132,0.1580329514875503,0.1580329514875503
8678.4,0.6986668364565184,399.99940862504144,0.158032888727146,0.158032888727146
8716.8,0.6973335135361846,399.9993752200272,0.158032822738022,0.158032822738022
8755.199999999999,0.696000191201091,399.99934010561395,0.1580327533721072,0.1580327533721072
8793.6,0.6946668694810268,399.9993032038559,0.15803268047542554,0.15803268047542554
8832.0,0.6933335484071317,399.9992644337182,0.1580326038878987,0.1580326038878987
8870.4,0.6920002280119487,399.9992237109759,0.1580325234431465,0.1580325234431465
8908.8,0.6906669083294805,399.99918094810886,0.1580324389682794,0.1580324389682794
8947.199999999999,0.6893335893952439,399.9991360541948,0.15803235028368728,0.15803235028368728
8985.6,0.6880002712463307,399.9990889347997,0.15803225720282268,0.15803225720282268
9024.0,0.6866669539214664,399.99903949186546,0.1580321595319791,0.1580321595319791
9062.4,0.6853336374610731,399.9989876235949,0.15803205707006387,0.15803205707006387
9100.8,0.6840003219073342,399.99893322433405,0.15803194960836522,0.15803194960836522
9139.199999999999,0.68266700730426,399.9988761844513,0.15803183693031425,0.15803183693031425
9177.6,0.6813336936977568,399.9988163902144,0.15803171881124126,0.15803171881124126
9216.0,0.6800003811356956,399.9987537236642,0.15803159501812672,0.15803159501812672
9254.4,0.6786670696679876,399.99868806248577,0.15803146530934656,0.15803146530934656
9292.8,0.6773337593466565,399.9986192798759,0.15803132943441056,0.15803132943441056
9331.199999999999,0.6760004502259165,399.99854724440917,0.15803118713369735,0.15803118713369735
9369.6,0.6746671423622516,399.9984718198993,0.15803103813818126,0.15803103813818126
9408.0,0.6733338358144974,399.9983928652587,0.1580308821691542,0.1580308821691542
9446.4,0.6720005306439248,399.998310234355,0.15803071893794243,0.15803071893794243
9484.8,0.6706672269143271,399.9982237758637,0.15803054814561573,0.15803054814561573
9523.199999999999,0.6693339246921087,399.99813333311846,0.15803036948269128,0.15803036948269128
9561.6,0.6680006240463762,399.998038743958,0.15803018262883162,0.15803018262883162
9600.0,0.6666673250490333,399.9979398405704,0.15802998725253678,0.15802998725253678
9638.4,0.6653340277748778,399.9978364493334,0.1580297830108289,0.1580297830108289
9676.8,0.6640007323017003,399.9977283906521,0.1580295695489315,0.1580295695489315
9715.199999999999,0.662667438710387,399.9976154787939,0.15802934649994352,0.15802934649994352
9753.6,0.6613341470850255,399.99749752171874,0.15802911348450444,0.15802911348450444
9792.0,0.6600008575130103,399.99737432090797,0.1580288701104551,0.1580288701104551
9830.4,0.6586675700851572,399.9972456711887,0.15802861597249182,0.15802861597249182
9868.8,0.6573342848958148,399.99711136055555,0.15802835065181375,0.15802835065181375
9907.199999999999,0.6560010020429817,399.99697116998897,0.158028073715764,0.158028073715764
9945.6,0.6546677216284272,399.99682487326965,0.15802778471746307,0.15802778471746307
9984.0,0.6533344437578142,399.9966722367908,0.1580274831954382,0.1580274831954382
10022.4,0.652001168540825,399.9965130193666,0.15802716867324468,0.15802716867324468
10060.8,0.650667896091291,399.996346972037,0.15802684065908038,0.15802684065908038
10099.199999999999,0.6493346265273265,399.9961738378693,0.15802649864539398,0.15802649864539398
10137.6,0.6480013599714641,399.99599335175736,0.15802614210848778,0.15802614210848778
10176.0,0.6466680965507938,399.99580524021593,0.15802577050811215,0.15802577050811215
10214.4,0.6453348363971078,399.99560922117286,0.15802538328705446,0.15802538328705446
10252.8,0.6440015796470451,399.99540500375775,0.15802497987072187,0.15802497987072187
10291.199999999999,0.6426683264422438,399.9951922880867,0.15802455966671594,0.15802455966671594
10329.6,0.6413350769294932,399.99497076504457,0.1580241220644028,0.1580241220644028
10368.0,0.6400018312608923,399.9947401160633,0.15802366643447485,0.15802366643447485
10406.4,0.6386685895940107,399.994500012897,0.15802319212850657,0.15802319212850657
10444.8,0.6373353520920543,399.99425011739436,0.1580226984785054,0.1580226984785054
10483.199999999999,0.636002118924033,399.9939900812667,0.15802218479645283,0.15802218479645283
10521.6,0.6346688902649358,399.9937195458539,0.1580216503738424,0.1580216503738424
10560.0,0.6333356662959045,399.99343814188614,0.15802109448120913,0.15802109448120913
10598.4,0.6320024472044172,399.9931454892429,0.15802051636765307,0.15802051636765307
10636.8,0.6306692331844721,399.99284119670875,0.15801991526035716,0.15801991526035716
10675.199999999999,0.6293360244367767,399.99252486172537,0.15801929036409745,0.15801929036409745
10713.6,0.6280028211689412,399.99219607014146,0.15801864086074877,0.15801864086074877
10752.0,0.6266696235956752,399.9918543959584,0.1580179659087825,0.1580179659087825
10790.4,0.6253364319389907,399.99149940107316,0.15801726464275861,0.15801726464275861
10828.8,0.6240032464284072,399.99113063501875,0.15801653617281308,0.15801653617281308
10867.199999999999,0.6226700673011623,399.99074763470054,0.15801577958413687,0.15801577958413687
10905.6,0.621336894802427,399.9903499241302,0.15801499393645038,0.15801499393645038
10944.0,0.6200037291855244,399.98993701415696,0.1580141782634726,0.1580141782634726
10982.4,0.6186705707121547,399.98950840219464,0.15801333157238184,0.15801333157238184
11020.8,0.6173374196526222,399.98906357194755,0.15801245284327434,0.15801245284327434
11059.199999999999,0.6160042762860701,399.9886019931318,0.15801154102861367,0.15801154102861367
11097.6,0.614671140900717,399.9881231211952,0.15801059505267748,0.15801059505267748
11136.0,0.6133380137940998,399.98762639703347,0.1580096138109967,0.1580096138109967
11174.4,0.6120048952733214,399.987111246704,0.1580085961697904,0.1580085961697904
11212.8,0.6106717856553026,399.9865770811373,0.15800754096539557,0.15800754096539557
11251.199999999999,0.6093386852670385,399.98602329584503,0.15800644700369043,0.15800644700369043
11289.6,0.6080055944458614,399.9854492706266,0.1580053130595147,0.1580053130595147
11328.0,0.606672513539707,399.9848543692722,0.15800413787608328,0.15800413787608328
11366.4,0.6053394429073862,399.9842379392643,0.15800292016439607,0.15800292016439607
11404.8,0.6040063829188616,399.9835993114757,0.15800165860264223,0.15800165860264223
11443.199999999999,0.6026733339555306,399.9829377998668,0.15800035183560138,0.15800035183560138
11481.6,0.6013402964105109,399.98225270117933,0.15799899847403903,0.15799899847403903
11520.0,0.6000072706889339,399.9815432946287,0.15799759709409875,0.15799759709409875
11558.4,0.5986742572082409,399.9808088415935,0.15799614623668892,0.15799614623668892
11596.8,0.5973412563984857,399.9800485853043,0.15799464440686767,0.15799464440686767
11635.199999999999,0.5960082687026437,399.97926175052953,0.15799309007322265,0.15799309007322265
11673.6,0.5946752945769228,399.9784475432594,0.1579914816672465,0.1579914816672465
11712.0,0.5933423344910831,399.9776051503889,0.15798981758271072,0.15798981758271072
11750.4,0.59200938892876,399.97673373939904,0.15798809617503576,0.15798809617503576
11788.8,0.5906764583877926,399.97583245803565,0.15798631576065697,0.15798631576065697
11827.199999999999,0.5893435433805595,399.97490043398767,0.15798447461638854,0.15798447461638854
11865.6,0.5880106444343167,399.9739367745639,0.15798257097878546,0.15798257097878546
11904.0,0.5866777620915441,399.97294056636815,0.1579806030435012,0.1579806030435012
11942.4,0.5853448969102947,399.9719108749734,0.15797856896464477,0.15797856896464477
11980.8,0.5840120494645513,399.97084674459524,0.15797646685413505,0.15797646685413505
12019.199999999999,0.5826792203445887,399.9697471977641,0.15797429478105346,0.15797429478105346
12057.6,0.5813464101573389,399.9686112349962,0.15797205077099416,0.15797205077099416
12096.0,0.5800136195267647,399.96743783446476,0.15796973280541407,0.15796973280541407
12134.4,0.5786808490942368,399.9662259516701,0.15796733882098177,0.15796733882098177
12172.8,0.5773480995189183,399.9649745191088,0.15796486670892362,0.15796486670892362
12211.199999999999,0.5760153714781527,399.9636824459431,0.15796231431437058,0.15796231431437058
12249.6,0.5746826656678582,399.96234861767067,0.15795967943570607,0.15795967943570607
12288.0,0.5733499828029286,399.9609718957921,0.15795695982390917,0.15795695982390917
12326.4,0.5720173236176374,399.9595511174813,0.15795415318190317,0.15795415318190317
12364.8,0.57068468886605,399.95808509525324,0.15795125716389982,0.15795125716389982
12403.199999999999,0.5693520793224393,399.9565726166342,0.15794826937474726,0.15794826937474726
12441.6,0.5680194957817088,399.9550124438312,0.15794518736927732,0.15794518736927732
12480.0,0.5666869390598189,399.9534033134023,0.15794200865165442,0.15794200865165442
12518.4,0.5653544099942202,399.9517439359273,0.15793873067472475,0.15793873067472475
12556.8,0.5640219094442921,399.95003299568003,0.15793535083936888,0.15793535083936888
12595.199999999999,0.5626894382917872,399.9482691503005,0.15793186649385454,0.15793186649385454
12633.6,0.5613569974412795,399.94645103046935,0.15792827493319292,0.15792827493319292
12672.0,0.5600245878206198,399.94457723958254,0.15792457339849658,0.15792457339849658
12710.4,0.5586922103813962,399.94264635342773,0.15792075907633982,0.15792075907633982
12748.8,0.5573598660993985,399.94065691986305,0.15791682909812418,0.15791682909812418
12787.199999999999,0.5560275559750902,399.9386074584959,0.15791278053944413,0.15791278053944413
12825.6,0.5546952810340842,399.93649646036533,0.15790861041945947,0.15790861041945947
12864.0,0.5533630423276238,399.93432238762523,0.15790431570026933,0.15790431570026933
12902.4,0.5520308409330702,399.9320836732305,0.15789989328629264,0.15789989328629264
12940.8,0.5506986779543931,399.9297787206246,0.1578953400236504,0.1578953400236504
12979.199999999999,0.5493665545226694,399.92740590343067,0.15789065269955613,0.15789065269955613
13017.6,0.5480344717965837,399.92496356514437,0.15788582804170842,0.15788582804170842
13056.0,0.5467024309629367,399.9224500188306,0.1578808627176924,0.1578808627176924
13094.4,0.5453704332371563,399.91986354682166,0.15787575333438308,0.15787575333438308
13132.8,0.5440384798638159,399.91720240042014,0.15787049643735862,0.15787049643735862
13171.199999999999,0.542706572117156,399.9144647996039,0.15786508851031752,0.15786508851031752
13209.6,0.5413747113016103,399.9116489327354,0.15785952597450445,0.15785952597450445
13248.0,0.5400428987523392,399.90875295627404,0.15785380518814196,0.15785380518814196
13286.4,0.5387111358357645,399.9057749944928,0.1578479224458705,0.1578479224458705
13324.8,0.5373794239501112,399.9027131391981,0.15784187397819557,0.15784187397819557
13363.199999999999,0.5360477645259536,399.8995654494554,0.157835655950945,0.157835655950945
13401.6,0.534716159026765,399.8963299513168,0.15782926446473147,0.15782926446473147
13440.0,0.5333846089494725,399.8930046375553,0.1578226955544272,0.1578226955544272
13478.4,0.5320531158250159,399.8895874674023,0.1578159451886454,0.1578159451886454
13516.8,0.5307216812189112,399.8860763662911,0.15780900926923355,0.15780900926923355
13555.199999999999,0.5293903067318179,399.8824692256041,0.15780188363077435,0.15780188363077435
13593.6,0.5280589940001108,399.8787639024264,0.15779456404009856,0.15779456404009856
13632.0,0.5267277446964558,399.874958219304,0.15778704619580763,0.15778704619580763
13670.4,0.5253965605303891,399.8710499640079,0.15777932572780742,0.15777932572780742
13708.8,0.5240654432489008,399.8670368893039,0.15777139819685373,0.15777139819685373
13747.199999999999,0.522734394637022,399.8629167127282,0.15776325909410888,0.15776325909410888
13785.6,0.521403416518416,399.8586871163689,0.1577549038407102,0.1577549038407102
13824.0,0.520072510755972,399.85434574665436,0.15774632778735165,0.15774632778735165
13862.4,0.5187416792524028,399.84989021414714,0.15773752621387707,0.15773752621387707
13900.8,0.5174109239508471,399.8453180933451,0.15772849432888725,0.15772849432888725
13939.199999999999,0.5160802468354725,399.8406269224893,0.15771922726936027,0.15771922726936027
13977.6,0.5147496499320829,399.83581420337856,0.1577097201002852,0.1577097201002852
14016.0,0.5134191353087297,399.8308774011909,0.15769996781430956,0.15769996781430956
14054.4,0.5120887050763246,399.8258139443132,0.15768996533140278,0.15768996533140278
14092.8,0.5107583613892551,399.82062122417756,0.1576797074985326,0.1576797074985326
14131.199999999999,0.5094281064460036,399.8152965951053,0.1576691890893574,0.1576691890893574
14169.6,0.5080979424897676,399.8098373741585,0.15765840480393273,0.15765840480393273
14208.0,0.5067678718090842,399.8042408410013,0.15764734926843693,0.15764734926843693
14246.4,0.5054378967384546,399.7985042377661,0.15763601703490776,0.15763601703490776
14284.8,0.5041080196589726,399.7926247689317,0.15762440258100055,0.15762440258100055
14323.199999999999,0.5027782429989525,399.786599601207,0.1576125003097592,0.1576125003097592
14361.6,0.5014485692345622,399.7804258634245,0.15760030454940574,0.15760030454940574
14400.0,0.5001190008904549,399.7741006464431,0.15758780955314794,0.15758780955314794
14438.4,0.498789540540404,399.76762100305916,0.15757500949900394,0.15757500949900394
14476.8,0.4974601908079386,399.7609839479264,0.15756189848964397,0.15756189848964397
14515.199999999999,0.49613095436698057,399.75418645748545,0.1575484705522512,0.1575484705522512
14553.6,0.4948018339424823,399.74722546990375,0.15753471963840274,0.15753471963840274
14592.0,0.49347283231106526,399.740097885023,0.15752063962396617,0.15752063962396617
14630.4,0.4921439523016599,399.7328005643179,0.15750622430901814,0.15750622430901814
14668.8,0.49081519679614566,399.72533033086444,0.15749146741778094,0.15749146741778094
14707.199999999999,0.4894865687299904,399.7176839693177,0.15747636259857975,0.15747636259857975
14745.599999999999,0.4881580710928921,399.70985822590075,0.15746090342381994,0.15746090342381994
14784.0,0.4868297069294189,399.7018498084024,0.15744508338998284,0.15744508338998284
14822.4,0.4855014793396491,399.6936553861873,0.1574288959176457,0.1574288959176457
14860.8,0.4841733914798122,399.6852715902145,0.1574123343515185,0.1574123343515185
14899.199999999999,0.48284544656292794,399.67669501306875,0.1573953919605055,0.1573953919605055
14937.599999999999,0.4815176478594447,399.6679222090012,0.1573780619377858,0.1573780619377858
14976.0,0.4801899986978785,399.65894969398136,0.15736033740091607,0.15736033740091607
15014.4,0.4788625024654492,399.6497739457609,0.15734221139195634,0.15734221139195634
15052.8,0.4775351626087167,399.6403914039476,0.15732367687761625,0.15732367687761625
15091.199999999999,0.4762079826342153,399.6307984700915,0.15730472674942528,0.15730472674942528
15129.599999999999,0.4748809661090857,399.62099150778187,0.15728535382392408,0.15728535382392408
15168.0,0.47355411666170644,399.6109668427559,0.15726555084287955,0.15726555084287955
15206.4,0.472227437982323,399.60072076301964,0.15724531047352333,0.15724531047352333
15244.8,0.4709009338236734,399.59024951897965,0.15722462530881215,0.15722462530881215
15283.199999999999,0.46957460800161366,399.5795493235875,0.1572034878677132,0.1572034878677132
15321.599999999999,0.4682484643957389,399.5686163524953,0.15718189059551127,0.15718189059551127
15360.0,0.4669225069500019,399.5574467442246,0.15715982586414246,0.15715982586414246
15398.4,0.4655967396733296,399.5460366003459,0.15713728597254903,0.15713728597254903
15436.8,0.46427116664023504,399.5343819856712,0.15711426314705948,0.15711426314705948
15475.199999999999,0.46294579199142755,399.5224789284598,0.15709074954179503,0.15709074954179503
15513.599999999999,0.46162061993441705,399.5103234206341,0.1570667372390961,0.1570667372390961
15552.0,0.46029565474411693,399.49791141801023,0.15704221824997788,0.15704221824997788
15590.4,0.4589709007634414,399.4852388405399,0.15701718451460817,0.15701718451460817
15628.8,0.4576463624038988,399.4723015725653,0.15699162790281057,0.15699162790281057
15667.199999999999,0.4563220441461807,399.4590954630868,0.1569655402145938,0.1569655402145938
15705.599999999999,0.4549979505407468,399.4456163260427,0.15693891318070394,0.15693891318070394
15744.0,0.45367408620840355,399.43185994060275,0.1569117384632044,0.1569117384632044
15782.4,0.452350455840879,399.4178220514736,0.15688400765607918,0.15688400765607918
15820.8,0.45102706420139216,399.4034983692177,0.15685571228586312,0.15685571228586312
15859.199999999999,0.4497039161252159,399.3888845705847,0.1568268438122964,0.1568268438122964
15897.599999999999,0.44838101652023493,399.37397629885635,0.1567973936290056,0.1567973936290056
15936.0,0.44705837036749835,399.3587691642035,0.15676735306420952,0.15676735306420952
15974.4,0.4457359827217641,399.3432587440572,0.1567367133814516,0.1567367133814516
16012.8,0.44441385871203926,399.3274405834916,0.1567054657803568,0.1567054657803568
16051.199999999999,0.4430920035421124,399.3113101956211,0.15667360139741607,0.15667360139741607
16089.599999999999,0.44177042249107895,399.2948630620095,0.15664111130679417,0.15664111130679417
16128.0,0.4404491209138608,399.27809463309296,0.15660798652116587,0.15660798652116587
16166.4,0.4391281042417172,399.26100032861575,0.15657421799257615,0.15657421799257615
16204.8,0.4378073779827493,399.2435755380786,0.15653979661332618,0.15653979661332618
16243.199999999999,0.43648694772239593,399.2258156212007,0.1565047132168861,0.1565047132168861
16281.599999999999,0.4351668191239228,399.2077159083951,0.15646895857883358,0.15646895857883358
16320.0,0.43384699792890197,399.18927170125545,0.15643252341781608,0.15643252341781608
16358.4,0.4325274899576844,399.17047827305765,0.15639539839654118,0.15639539839654118
16396.8,0.43120830110986336,399.1513308692735,0.1563575741227917,0.1563575741227917
16435.2,0.42988943736472834,399.1318247080969,0.15631904115046474,0.15631904115046474
16473.6,0.42857090478171195,399.111954980984,0.15627978998063943,0.15627978998063943
16512.0,0.4272527095008253,399.0917168532052,0.15623981106266632,0.15623981106266632
16550.399999999998,0.4259348577430852,399.0711054644107,0.15619909479528574,0.15619909479528574
16588.8,0.42461735581093185,399.05011592920795,0.15615763152776732,0.15615763152776732
16627.2,0.42330021008863594,399.0287433377527,0.1561154115610787,0.1561154115610787
16665.6,0.42198342704269687,399.0069827563519,0.15607242514907566,0.15607242514907566
16704.0,0.42066701322222894,398.9848292280796,0.15602866249971942,0.15602866249971942
16742.399999999998,0.4193509752593389,398.962277773405,0.15598411377631657,0.15598411377631657
16780.8,0.4180353198694917,398.93932339083335,0.15593876909878593,0.15593876909878593
16819.2,0.41672005385186583,398.9159610575584,0.15589261854494676,0.15589261854494676
16857.6,0.4154051840896972,398.8921857301276,0.15584565215183344,0.15584565215183344
16896.0,0.4140907175506119,398.8679923451197,0.15579785991703324,0.15579785991703324
16934.399999999998,0.4127766612869481,398.8433758198335,0.15574923180004757,0.15574923180004757
16972.8,0.41146302243606486,398.8183310529889,0.15569975772367659,0.15569975772367659
17011.2,0.410149808220641,398.79285292544057,0.1556494275754289,0.1556494275754289
17049.6,0.4088370259489596,398.7669363009015,0.15559823120895117,0.15559823120895117
17088.0,0.4075246830151816,398.7405760266797,0.15554615844548325,0.15554615844548325
17126.399999999998,0.4062127868996079,398.71376693442585,0.1554931990753348,0.1554931990753348
17164.8,0.40490134516892645,398.68650384089216,0.155439342859385,0.155439342859385
17203.2,0.4035903654764482,398.6587815487018,0.155384579530602,0.155384579530602
17241.6,0.4022798555623295,398.630594847131,0.15532889879558806,0.15532889879558806
17280.0,0.4009698232537813,398.60193851290006,0.15527229033614212,0.15527229033614212
17318.399999999998,0.3996602764652651,398.5728073109763,0.15521474381084616,0.15521474381084616
17356.8,0.39835122319867533,398.5431959953878,0.15515624885667223,0.15515624885667223
17395.2,0.3970426715435078,398.5130993100462,0.15509679509060828,0.15509679509060828
17433.6,0.39573462967701484,398.48251198958144,0.15503637211130697,0.15503637211130697
17472.0,0.3944271058643452,398.45142876018485,0.15497496950075101,0.15497496950075101
17510.399999999998,0.39312010845867085,398.41984434046395,0.1549125768259419,0.1549125768259419
17548.8,0.3918136459012992,398.38775344230544,0.1548491836406046,0.1548491836406046
17587.2,0.3905077267217701,398.3551507717483,0.1547847794869125,0.1547847794869125
17625.6,0.389202359537939,398.32203102986693,0.1547193538972317,0.1547193538972317
17664.0,0.3878975530560448,398.288388913662,0.15465289639588092,0.15465289639588092
17702.399999999998,0.3865933160707622,398.25421911696174,0.15458539650091205,0.15458539650091205
17740.8,0.38528965746523997,398.219516331331,0.15451684372590588,0.15451684372590588
17779.2,0.38398658621112347,398.1842752469893,0.15444722758178525,0.15444722758178525
17817.6,0.38268411136856123,398.1484905537371,0.1543765375786458,0.1543765375786458
17856.0,0.38138224208619637,398.1121569418902,0.15430476322760073,0.15430476322760073
17894.399999999998,0.38008098760114273,398.0752691032224,0.15423189404264342,0.15423189404264342
17932.8,0.37878035723894415,398.0378217319154,0.15415791954252406,0.15415791954252406
17971.2,0.37748036041351896,397.999809525516,0.15408282925264022,0.15408282925264022
18009.6,0.3761810066270873,397.96122718590163,0.15400661270694438,0.15400661270694438
18048.0,0.3748823054700832,397.9220694202519,0.15392925944986302,0.15392925944986302
18086.399999999998,0.37358426662104954,397.88233094202644,0.15385075903822842,0.15385075903822842
18124.8,0.3722868998465169,397.84200647195155,0.15377110104322755,0.15377110104322755
18163.2,0.3709902150008669,397.80109073901014,0.15369027505235772,0.15369027505235772
18201.6,0.36969422202617613,397.75957848144037,0.15360827067139932,0.15360827067139932
18240.0,0.36839893095204734,397.7174644477384,0.15352507752639658,0.15352507752639658
18278.399999999998,0.3671043518954195,397.6747433976672,0.15344068526565066,0.15344068526565066
18316.8,0.36581049506036506,397.6314101032711,0.15335508356172328,0.15335508356172328
18355.2,0.36451737073786683,397.5874593498948,0.15326826211345057,0.15326826211345057
18393.6,0.36322498930558017,397.5428859372072,0.15318021064796453,0.15318021064796453
18432.0,0.3619333612275764,397.49768468023007,0.15309091892272597,0.15309091892272597
18470.399999999998,0.36064249705407014,397.4518504103707,0.15300037672756395,0.15300037672756395
18508.8,0.3593524074211292,397.4053779764589,0.1529085738867244,0.1529085738867244
18547.2,0.35806310305036615,397.3582622457872,0.15281550026092505,0.15281550026092505
18585.6,0.35677459474861384,397.3104981051544,0.15272114574941673,0.15272114574941673
18624.0,0.3554868934075819,397.2620804619132,0.15262550029205296,0.15262550029205296
18662.399999999998,0.35420001000349827,397.2130042450199,0.15252855387136377,0.15252855387136377
18700.8,0.3529139555967303,397.1632644060865,0.15243029651463375,0.15243029651463375
18739.2,0.35162874133138966,397.1128559204361,0.15233071829598677,0.15233071829598677
18777.6,0.3503443784349204,397.0617737881594,0.15222980933847355,0.15222980933847355
18816.0,0.34906087821766757,397.0100130351732,0.15212755981616213,0.15212755981616213
18854.399999999998,0.3477782520724296,396.95756871428085,0.15202395995623322,0.15202395995623322
18892.8,0.3464965114739923,396.90443590623283,0.15191900004107473,0.15191900004107473
18931.2,0.3452156679786459,396.85060972078946,0.1518126704103815,0.1518126704103815
18969.6,0.34393573322368287,396.7960852977833,0.15170496146325374,0.15170496146325374
19008.0,0.3426567189268798,396.7408578081818,0.15159586366029643,0.15159586366029643
19046.399999999998,0.34137863688596076,396.6849224551508,0.1514853675257201,0.1514853675257201
19084.8,0.34010149897804226,396.62827447511677,0.15137346364943904,0.15137346364943904
19123.2,0.33882531715906183,396.57090913882877,0.15126014268916935,0.15126014268916935
19161.6,0.3375501034631883,396.51282175242017,0.15114539537252622,0.15114539537252622
19200.0,0.3362758700022138,396.4540076584679,0.15102921249911638,0.15102921249911638
19238.399999999998,0.3350026289649297,396.39446223705147,0.15091158494263004,0.15091158494263004
19276.8,0.33373039261648296,396.33418090680937,0.15079250365292796,0.15079250365292796
19315.2,0.33245917329771657,396.2731591259937,0.1506719596581245,0.1506719596581245
19353.6,0.3311889834244911,396.2113923935222,0.15054994406666614,0.15054994406666614
19392.0,0.3299198354869907,396.1488762500281,0.1504264480694049,0.1504264480694049
19430.399999999998,0.3286517420490091,396.0856062789064,0.150301462941666,0.150301462941666
19468.8,0.32738471574722,396.0215781073573,0.15017498004530797,0.15017498004530797
19507.2,0.32611876929042977,395.9567874074253,0.15004699083077636,0.15004699083077636
19545.6,0.3248539154588126,395.8912298970357,0.14991748683915085,0.14991748683915085
19584.0,0.3235901671031289,395.82490134102574,0.14978645970418178,0.14978645970418178
19622.399999999998,0.322327537143926,395.7577975521718,0.14965390115432015,0.14965390115432015
19660.8,0.3210660385707226,395.68991439221173,0.14951980301473644,0.14951980301473644
19699.2,0.3198056844411748,395.621247772862,0.14938415720933015,0.14938415720933015
19737.6,0.31854648788022766,395.5517936568297,0.1492469557627293,0.1492469557627293
19776.0,0.3172884620792474,395.48154805881865,0.1491081908022771,0.1491081908022771
19814.399999999998,0.3160316202951386,395.4105070465299,0.14896785456000924,0.14896785456000924
19852.8,0.31477597584944444,395.3386667416553,0.14882593937461594,0.14882593937461594
19891.2,0.31352154212743005,395.26602332086554,0.14868243769339437,0.14868243769339437
19929.6,0.31226833257715036,395.19257301679,0.1485373420741836,0.1485373420741836
19968.0,0.3110163607085005,395.1183121189913,0.1483906451872903,0.1483906451872903
20006.399999999998,0.30976564009225177,395.0432369749307,0.1482423398173955,0.1482423398173955
20044.8,0.30851618435906975,394.9673439909267,0.14809241886544827,0.14809241886544827
20083.2,0.307268007198518,394.8906296331058,0.14794087535054426,0.14794087535054426
20121.6,0.30602112235804574,394.81309042834425,0.14778770241178535,0.14778770241178535
20160.0,0.3047755436419592,394.73472296520254,0.14763289331012625,0.14763289331012625
20198.399999999998,0.3035312849103783,394.65552389484947,0.1474764414301997,0.1474764414301997
20236.8,0.3022883600781788,394.5754899319786,0.14731834028212687,0.14731834028212687
20275.2,0.30104678311391686,394.49461785571464,0.14715858350330796,0.14715858350330796
20313.6,0.2998065680387418,394.4129045105104,0.1469971648601938,0.1469971648601938
20352.0,0.2985677289252914,394.3303468070335,0.14683407825003794,0.14683407825003794
20390.399999999998,0.2973302798965739,394.24694172304385,0.1466693177026295,0.1466693177026295
20428.8,0.2960942351248364,394.1626863042596,0.1465028773820041,0.1465028773820041
20467.2,0.29485960883041623,394.07757766521354,0.14633475158813578,0.14633475158813578
20505.6,0.29362641528058125,393.9916129900978,0.14616493475860515,0.14616493475860515
20544.0,0.29239466878835463,393.9047895335974,0.14599342147024646,0.14599342147024646
20582.399999999998,0.291164383711326,393.81710462171316,0.1458202064407729,0.1458202064407729
20620.8,0.28993557445045,393.7285556525722,0.14564528453037795,0.14564528453037795
20659.2,0.28870825544882966,393.63914009722674,0.14546865074331317,0.14546865074331317
20697.6,0.28748244119048905,393.5488555004408,0.14529030022944228,0.14529030022944228
20736.0,0.2862581461991313,393.45769948146494,0.14511022828577147,0.14511022828577147
20774.399999999998,0.28503538503688475,393.3656697347978,0.14492843035795422,0.14492843035795422
20812.8,0.2838141723030358,393.272764030935,0.14474490204177026,0.14474490204177026
20851.2,0.2825945226327508,393.17898021710516,0.14455963908457967,0.14455963908457967
20889.6,0.28137645069578426,393.0843162179927,0.14437263738675055,0.14437263738675055
20928.0,0.2801599711951769,392.988770036447,0.14418389300306036,0.14418389300306036
20966.399999999998,0.27894509886594065,392.8923397541777,0.14399340214406894,0.14399340214406894
21004.8,0.2777318484737334,392.7950235324368,0.14380116117746616,0.14380116117746616
21043.2,0.2765202348135221,392.69681961268566,0.14360716662938966,0.14360716662938966
21081.6,0.27531027270823455,392.5977263172488,0.14341141518571618,0.14341141518571618
21120.0,0.2741019770074021,392.49774204995225,0.1432139036933225,0.1432139036933225
21158.399999999998,0.27289536258578984,392.39686529674776,0.14301462916131888,0.14301462916131888
21196.8,0.27169044434201783,392.29509462632245,0.14281358876225303,0.14281358876225303
21235.2,0.2704872371971731,392.1924286906923,0.14261077983328263,0.14261077983328263
21273.6,0.26928575609341027,392.08886622578166,0.1424061998773202,0.1424061998773202
21312.0,0.26808601599254384,391.98440605198675,0.14219984656414608,0.14219984656414608
21350.399999999998,0.2668880318746318,391.87904707472353,0.1419917177314908,0.1419917177314908
21388.8,0.2656918187365492,391.7727882849604,0.14178181138608742,0.14178181138608742
21427.2,0.2644973915905537,391.66562875973415,0.14157012570469052,0.14157012570469052
21465.6,0.263304765462843,391.5575676626509,0.14135665903506636,0.14135665903506636
21504.0,0.26211395539210347,391.44860424437,0.1411414098969481,0.1411414098969481
21542.399999999998,0.2609249764280524,391.3387378430722,0.1409243769829608,0.1409243769829608
21580.8,0.2597378436299707,391.2279678849108,0.14070555915951322,0.14070555915951322
21619.2,0.25855257206522997,391.1162938844472,0.1404849554676572,0.1404849554676572
21657.6,0.2573691768078123,391.0037154450685,0.14026256512391358,0.14026256512391358
21696.0,0.2561876729368226,390.8902322593888,0.14003838752106434,0.14003838752106434
21734.399999999998,0.25500807553499544,390.77584410963436,0.13981242222891352,0.13981242222891352
21772.8,0.2538303996871953,390.66055086801003,0.1395846689950114,0.1395846689950114
21811.2,0.2526546604789113,390.5443524970496,0.13935512774534625,0.13935512774534625
21849.6,0.25148087299474553,390.42724904994935,0.13912379858500337,0.13912379858500337
21888.0,0.25030905231689754,390.30924067088273,0.13889068179878666,0.13889068179878666
21926.399999999998,0.24913921352364268,390.19032759529864,0.13865577785180794,0.13865577785180794
21964.8,0.24797137168780603,390.0705101502023,0.13841908739004186,0.13841908739004186
22003.2,0.24680554187523254,389.9497887544175,0.13818061124084347,0.13818061124084347
22041.6,0.2456417391432521,389.828163918832,0.13794035041343372,0.13794035041343372
22080.0,0.24447997853914177,389.70563624662503,0.1376983060993484,0.1376983060993484
22118.399999999998,0.2433202750985839,389.58220643347676,0.13745447967285193,0.13745447967285193
22156.8,0.24216264384412137,389.4578752677595,0.13720887269131532,0.13720887269131532
22195.2,0.24100709978360962,389.33264363071197,0.13696148689556012,0.13696148689556012
22233.6,0.23985365790866645,389.2065124965943,0.13671232421016488,0.13671232421016488
22272.0,0.23870233319311943,389.0794829328261,0.13646138674373778,0.13646138674373778
22310.399999999998,0.23755314059145102,388.95155610010585,0.1362086767891523,0.1362086767891523
22348.8,0.2364060950372426,388.822733252512,0.13595419682374746,0.13595419682374746
22387.2,0.23526121144161619,388.6930157375864,0.13569794950949185,0.13569794950949185
22425.6,0.23411850469167625,388.56240499639927,0.13543993769311283,0.13543993769311283
22464.0,0.23297798964894975,388.43090256359613,0.13518016440618852,0.13518016440618852
22502.399999999998,0.23183968114782602,388.29851006742615,0.13491863286520422,0.13491863286520422
22540.8,0.2307035939939969,388.1652292297531,0.13465534647157387,0.13465534647157387
22579.2,0.2295697429628962,388.03106186604685,0.1343903088116234,0.1343903088116234
22617.6,0.2284381427981403,387.8960098853579,0.13412352365654018,0.13412352365654018
22656.0,0.2273088082099691,387.7600752902731,0.13385499496228578,0.13385499496228578
22694.399999999998,0.22618175387368825,387.623260176853,0.13358472686947215,0.13358472686947215
22732.8,0.22505699442811244,387.4855667345514,0.13331272370320255,0.13331272370320255
22771.2,0.22393454447401054,387.3469972461171,0.13303898997287766,0.13303898997287766
22809.6,0.2228144185725527,387.20755408747635,0.13276353037196337,0.13276353037196337
22848.0,0.2216966312437595,387.0672397275984,0.13248634977772492,0.13248634977772492
22886.399999999998,0.22058119696495387,386.92605672834253,0.13220745325092506,0.13220745325092506
22924.8,0.21946813016921582,386.78400774428724,0.13192684603548635,0.13192684603548635
22963.2,0.21835744524384018,386.64109552254115,0.1316445335581179,0.1316445335581179
23001.6,0.2172491565287981,386.49732290253644,0.13136052142790694,0.13136052142790694
23040.0,0.21614327831520136,386.35269281580446,0.1310748154358759,0.1310748154358759
23078.399999999998,0.21503982484377257,386.20720828573275,0.1307874215545023,0.1307874215545023
23116.8,0.21393881030331754,386.06087242730626,0.1304983459372075,0.1304983459372075
23155.2,0.21284024882920377,385.91368844682853,0.13020759491780587,0.13020759491780587
23193.6,0.2117441545018433,385.7656596416271,0.12991517500992314,0.12991517500992314
23232.0,0.21065054134518105,385.61678939974126,0.12962109290637913,0.12962109290637913
23270.399999999998,0.20955942332518787,385.4670811995914,0.12932535547853496,0.12932535547853496
23308.8,0.20847081434836076,385.31653860963235,0.12902796977560804,0.12902796977560804
23347.2,0.20738472826022758,385.1651652879889,0.12872894302395213,0.12872894302395213
23385.6,0.20630117884385976,385.01296498207427,0.12842828262630374,0.12842828262630374
23424.0,0.20522017981838997,384.859941528192,0.1281259961609954,0.1281259961609954
23462.399999999998,0.204141744837538,384.7060988511207,0.1278220913811358,0.1278220913811358
23500.8,0.20306588748814333,384.5514409636819,0.12751657621375562,0.12751657621375562
23539.2,0.20199262128870524,384.39597196629177,0.12720945875892253,0.12720945875892253
23577.6,0.20092195968793042,384.2396960464963,0.1269007472888225,0.1269007472888225
23616.0,0.19985391606328898,384.0826174784896,0.1265904502468085,0.1265904502468085
23654.399999999998,0.19878850371957882,383.9247406226168,0.12627857624641833,0.12627857624641833
23692.8,0.19772573588749792,383.7660699248603,0.12596513407035997,0.12596513407035997
23731.2,0.19666562572222623,383.6066099163101,0.1256501326694652,0.1256501326694652
23769.6,0.19560818630201593,383.44636521261896,0.12533358116161306,0.12533358116161306
23808.0,0.19455343062679203,383.2853405134409,0.1250154888306209,0.1250154888306209
23846.399999999998,0.19350137161676115,383.1235406018558,0.12469586512510786,0.12469586512510786
23884.8,0.19245202211103152,382.9609703437765,0.12437471965732322,0.12437471965732322
23923.2,0.19140539486624247,382.7976346873432,0.12405206220195017,0.12405206220195017
23961.6,0.1903615025552043,382.6335386623007,0.12372790269487612,0.12372790269487612
24000.0,0.18932035776554837,382.46868737936245,0.12340225123193581,0.12340225123193581
24038.399999999998,0.18828197299838909,382.303086029559,0.12307511806762432,0.12307511806762432
24076.8,0.18724636066699635,382.1367398835724,0.12274651361378262,0.12274651361378262
24115.2,0.1862135330954788,381.9696542910561,0.12241644843825368,0.12241644843825368
24153.6,0.18518350251747986,381.801834679941,0.12208493326351175,0.12208493326351175
24192.0,0.18415628107488435,381.63328655572775,0.12175197896526428,0.12175197896526428
24230.399999999998,0.1831318808165384,381.4640155007644,0.1214175965710252,0.1214175965710252
24268.8,0.18211031369697997,381.2940271735117,0.12108179725866347,0.12108179725866347
24307.2,0.18109159157518342,381.12332730779457,0.12074459235492405,0.12074459235492405
24345.6,0.18007572621331605,380.95192171203985,0.12040599333392281,0.12040599333392281
24384.0,0.17906272927550768,380.7798162685026,0.12006601181561764,0.12006601181561764
24422.399999999998,0.178052612326633,380.607016932478,0.11972465956425175,0.11972465956425175
24460.8,0.17704538683110804,380.43352973150206,0.11938194848677468,0.11938194848677468
24499.2,0.17604106415169912,380.259360764539,0.11903789063123722,0.11903789063123722
24537.6,0.17503965554834658,380.08451620115756,0.1186924981851641,0.1186924981851641
24576.0,0.17404117217700169,379.90900228069444,0.11834578347390147,0.11834578347390147
24614.399999999998,0.17304562508847832,379.7328253114071,0.11799775895894331,0.11799775895894331
24652.8,0.1720530252273181,379.55599166961395,0.11764843723623288,0.11764843723623288
24691.2,0.17106338343067107,379.3785077988244,0.1172978310344444,0.1172978310344444
24729.6,0.17007671042719014,379.2003802088573,0.11694595321324151,0.11694595321324151
24768.0,0.1690930168359411,379.0216154749492,0.11659281676151535,0.11659281676151535
24806.399999999998,0.16811231316532696,378.84222023685106,0.11623843479560078,0.11623843479560078
24844.8,0.16713460981202843,378.66220119791575,0.11588282055747344,0.11588282055747344
24883.2,0.16615991705995886,378.48156512417495,0.11552598741292626,0.11552598741292626
24921.6,0.16518824507923557,378.3003188434063,0.11516794884972668,0.11516794884972668
24960.0,0.1642196039251658,378.1184692441909,0.11480871847575515,0.11480871847575515
24998.399999999998,0.16325400353724986,377.9360232749614,0.11444831001712392,0.11444831001712392
25036.8,0.1622914537381993,377.7529879430416,0.11408673731628063,0.11408673731628063
25075.2,0.16133196423297141,377.56937031367596,0.11372401433009095,0.11372401433009095
25113.6,0.16037554460782066,377.3851775090518,0.11336015512790683,0.11336015512790683
25152.0,0.15942220432936557,377.2004167073121,0.11299517388961643,0.11299517388961643
25190.399999999998,0.15847195274367296,377.0150951415607,0.11262908490367907,0.11262908490367907
25228.8,0.15752479907535874,376.8292200988595,0.11226190256514408,0.11226190256514408
25267.2,0.15658075242670524,376.6427989192176,0.11189364137365443,0.11189364137365443
25305.6,0.15563982177679572,376.4558389945742,0.11152431593143661,0.11152431593143661
25344.0,0.1547020159806662,376.2683477677727,0.11115394094127493,0.11115394094127493
25382.399999999998,0.15376734376847406,376.08033273152904,0.11078253120447315,0.11078253120447315
25420.8,0.1528358137446842,375.8918014273933,0.11041010161880323,0.11041010161880323
25459.2,0.15190743438727247,375.7027614447045,0.11003666717644044,0.11003666717644044
25497.6,0.1509822140469469,375.5132204195392,0.10966224296188695,0.10966224296188695
25536.0,0.15006016094638605,375.32318603365496,0.10928684414988403,0.10928684414988403
25574.399999999998,0.14914128317949568,375.1326660134271,0.10891048600331225,0.10891048600331225
25612.8,0.1482255887106827,374.9416681287809,0.10853318387108166,0.10853318387108166
25651.2,0.1473130853741474,374.75020019211826,0.10815495318601187,0.10815495318601187
25689.6,0.14640378087319347,374.55827005723944,0.10777580946270196,0.10777580946270196
25728.0,0.14549768277955585,374.36588561826045,0.10739576829539156,0.10739576829539156
25766.399999999998,0.14459479853274723,374.1730548085259,0.10701484535581361,0.10701484535581361
25804.8,0.14369513543942203,373.9797855995172,0.10663305639103753,0.10663305639103753
25843.2,0.14279870067275943,373.7860859997583,0.1062504172213074,0.1062504172213074
25881.6,0.1419055012718643,373.5919640537162,0.10586694373787006,0.10586694373787006
25920.0,0.14101554414118597,373.39742784069864,0.1054826519007979,0.1054826519007979
25958.399999999998,0.1401288360499569,373.20248547374956,0.10509755773680647,0.10509755773680647
25996.8,0.13924538363164804,373.0071450985402,0.10471167733706416,0.10471167733706416
26035.2,0.1383651933834438,372.8114148922586,0.10432502685499846,0.10432502685499846
26073.6,0.13748827166573566,372.6153030624965,0.10393762250409715,0.10393762250409715
26112.0,0.13661462470163346,372.41881784613406,0.10354948055570515,0.10354948055570515
26150.399999999998,0.13574425857649652,372.22196750822246,0.10316061733681696,0.10316061733681696
26188.8,0.13487717923748213,372.0247603408655,0.10277104922786767,0.10277104922786767
26227.2,0.13401339249311384,371.82720466209906,0.10238079266051926,0.10238079266051926
26265.6,0.13315290401286772,371.62930881477024,0.10198986411544636,0.10198986411544636
26304.0,0.1322957193267775,371.431081165415,0.10159828012011919,0.10159828012011919
26342.399999999998,0.13144184382505864,371.2325301031351,0.10120605724658521,0.10120605724658521
26380.8,0.13059128275775073,371.0336640384753,0.10081321210925068,0.10081321210925068
26419.2,0.12974404123437913,370.83449140230005,0.10041976136266197,0.10041976136266197
26457.6,0.1289001242236347,370.63502064466957,0.10002572169928538,0.10002572169928538
26496.0,0.1280595365530729,370.4352602337177,0.09963110984729025,0.09963110984729025
26534.399999999998,0.12722228290883072,370.23521865452915,0.09923594256833097,0.09923594256833097
26572.8,0.12638836783536395,370.0349044080178,0.09884023665533147,0.09884023665533147
26611.2,0.1255577957352006,369.8343260098062,0.09844400893027154,0.09844400893027154
26649.6,0.12473057086871547,369.6334919891065,0.09804727624197608,0.09804727624197608
26688.0,0.12390669735392229,369.4324108876025,0.09765005546390684,0.09765005546390684
26726.399999999998,0.12308617916628349,369.23109125833327,0.09725236349195726,0.09725236349195726
26764.8,0.12226902013854046,369.0295416645798,0.09685421724225275,0.09685421724225275
26803.2,0.12145522396056127,368.8277706787522,0.09645563364895249,0.09645563364895249
26841.6,0.12064479417920673,368.62578688128065,0.09605662966205908,0.09605662966205908
26880.0,0.11983773419821504,368.42359885950833,0.09565722224523093,0.09565722224523093
26918.399999999998,0.11903404727810533,368.22121520658766,0.09525742837360231,0.09525742837360231
26956.8,0.11823373653609913,368.01864452037864,0.09485726503160694,0.09485726503160694
26995.2,0.11743680494605994,367.81589540235177,0.09445674921081074,0.09445674921081074
27033.6,0.11664325533845175,367.61297645649364,0.09405589790775011,0.09405589790775011
27072.0,0.11585309040031497,367.40989628821615,0.09365472812177694,0.09365472812177694
27110.399999999998,0.11506631267526048,367.2066635032703,0.0932532568529131,0.0932532568529131
27148.8,0.11428292456348274,367.00328670666346,0.09285150109971128,0.09285150109971128
27187.2,0.11350292832178983,366.7997745015812,0.0924494778571256,0.0924494778571256
27225.6,0.11272632606365131,366.5961354883138,0.0920472041143904,0.0920472041143904
27264.0,0.11195311975926492,366.39237826318737,0.09164469685290949,0.09164469685290949
27302.399999999998,0.11118331123563995,366.1885114174998,0.09124197304415356,0.09124197304415356
27340.8,0.110416902176699,365.9845435364618,0.0908390496475686,0.0908390496475686
27379.2,0.10965389412339668,365.7804831981439,0.09043594360849568,0.09043594360849568
27417.6,0.10889428847385638,365.57633897242766,0.0900326718560992,0.0900326718560992
27456.0,0.10813808648352373,365.3721194199643,0.08962925130130964,0.08962925130130964
27494.399999999998,0.10738528926533818,365.1678330911372,0.08922569883477423,0.08922569883477423
27532.8,0.106635897789921,364.9634885250325,0.0888220313248233,0.0888220313248233
27571.2,0.10588991288578083,364.75909424841444,0.08841826561544605,0.08841826561544605
27609.6,0.10514733523953579,364.554658774708,0.08801441852428121,0.08801441852428121
27648.0,0.10440816539615269,364.3501906029873,0.08761050684061829,0.08761050684061829
27686.399999999998,0.10367240375920328,364.14569821697177,0.08720654732341471,0.08720654732341471
27724.8,0.10294005059113621,363.9411900840286,0.08680255669932546,0.08680255669932546
27763.2,0.10221110601356659,363.73667465418237,0.08639855166074621,0.08639855166074621
27801.6,0.10148557000758114,363.53216035913186,0.08599454886387166,0.08599454886387166
27840.0,0.10076344241405986,363.327655611275,0.08559056492676893,0.08559056492676893
27878.399999999998,0.10004472293401426,363.1231688027403,0.08518661642746435,0.08518661642746435
27916.8,0.0993294111289406,362.9187083044269,0.08478271990204753,0.08478271990204753
27955.2,0.0986175064211898,362.7142824650519,0.08437889184278871,0.08437889184278871
27993.6,0.09790900809435309,362.50989961020633,0.08397514869627455,0.08397514869627455
28032.0,0.09720391529366273,362.3055680414186,0.08357150686155773,0.08357150686155773
28070.399999999998,0.09650222702640897,362.10129603522716,0.08316798268832504,0.08316798268832504
28108.8,0.09580394216237137,361.89709184226086,0.0827645924750809,0.0827645924750809
28147.2,0.095109059434266,361.69296368632786,0.08236135246734738,0.08236135246734738
28185.6,0.09441757743820757,361.4889197635142,0.08195827885588367,0.08195827885588367
28224.0,0.0937294946341861,361.2849682412902,0.08155538777492043,0.08155538777492043
28262.399999999998,0.09304480934655901,361.08111725762643,0.0811526953004142,0.0811526953004142
28300.8,0.09236351976455703,360.87737492011854,0.08075021744831774,0.08075021744831774
28339.2,0.09168562394280504,360.67374930512193,0.08034797017287121,0.08034797017287121
28377.6,0.0910111198018568,360.4702484568945,0.07994596936490855,0.07994596936490855
28416.0,0.09034000512874434,360.2668803867504,0.0795442308501856,0.0795442308501856
28454.399999999998,0.08967227757754068,360.06365307222205,0.07914277038772509,0.07914277038772509
28492.8,0.08900793466993685,359.860574456233,0.07874160366818242,0.07874160366818242
28531.2,0.08834697379583231,359.6576524462793,0.07834074631222866,0.07834074631222866
28569.6,0.08768939221393866,359.4548949136223,0.07794021386895573,0.07794021386895573
28608.0,0.08703518705239728,359.25230969249014,0.07754002181429946,0.07754002181429946
28646.399999999998,0.08638435530940926,359.04990457928994,0.07714018554948286,0.07714018554948286
28684.8,0.08573689385387884,358.8476873318301,0.07674072039948018,0.07674072039948018
28723.2,0.08509279942606966,358.645665668553,0.07634164161150088,0.07634164161150088
28761.6,0.08445206863827344,358.4438472677778,0.07594296435349406,0.07594296435349406
28800.0,0.08381469797549095,358.2422397669536,0.07554470371267308,0.07554470371267308
28838.399999999998,0.08318068379612557,358.04085076192405,0.07514687469406273,0.07514687469406273
28876.8,0.08255002233268896,357.8396878062009,0.07474949221906445,0.07474949221906445
28915.2,0.08192270969251815,357.6387584102503,0.07435257112404609,0.07435257112404609
28953.6,0.08129874185850505,357.4380700407878,0.0739561261589495,0.0739561261589495
28992.0,0.08067811468983704,357.2376301200858,0.07356017198592245,0.07356017198592245
29030.399999999998,0.08006082392274891,357.0374460252908,0.07316472317796996,0.07316472317796996
29068.8,0.07944686517128638,356.83752508775245,0.07276979421762841,0.07276979421762841
29107.2,0.07883623392808037,356.63787459236295,0.07237539949566126,0.07237539949566126
29145.6,0.07822892556513197,356.4385017769076,0.07198155330977564,0.07198155330977564
29184.0,0.07762493533460824,356.2394138314268,0.07158826986336242,0.07158826986336242
29222.399999999998,0.07702425836964835,356.04061789758947,0.07119556326425773,0.07119556326425773
29260.8,0.0764268896851805,355.8421210680763,0.07080344752352558,0.07080344752352558
29299.2,0.0758328241787477,355.6439303859764,0.07041193655426506,0.07041193655426506
29337.6,0.07524205663134453,355.4460528441928,0.07002104417043695,0.07002104417043695
29376.0,0.07465458170826361,355.24849538486177,0.06963078408571541,0.06963078408571541
29414.399999999998,0.07407039395995058,355.0512648987816,0.06924116991236072,0.06924116991236072
29452.8,0.07348948782286976,354.8543682248534,0.06885221516011392,0.06885221516011392
29491.199999999997,0.07291185762037755,354.65781214953415,0.06846393323511674,0.06846393323511674
29529.6,0.0723374975636059,354.46160340629973,0.0680763374388504,0.0680763374388504
29568.0,0.071766401752354,354.26574867512056,0.0676894409671003,0.0676894409671003
29606.399999999998,0.07119856417598823,354.07025458194835,0.06730325690894182,0.06730325690894182
29644.8,0.07063397871435141,353.8751276982144,0.06691779824574924,0.06691779824574924
29683.199999999997,0.07007263913867907,353.6803745403393,0.06653307785022748,0.06653307785022748
29721.6,0.06951453911252488,353.4860015692546,0.0661491084854667,0.0661491084854667
29760.0,0.0689596721926927,353.29201518993534,0.0657659028040194,0.0657659028040194
29798.399999999998,0.06840803183017696,353.098421750945,0.06538347334700105,0.06538347334700105
29836.8,0.06785961137111053,352.90522754399126,0.0650018325432127,0.0650018325432127
29875.199999999997,0.067314404057719,352.71243880349397,0.06462099270828775,0.06462099270828775
29913.6,0.06677240302928307,352.5200617061639,0.06424096604385944,0.06424096604385944
29952.0,0.06623360132310657,352.328102370594,0.06386176463675357,0.06386176463675357
29990.399999999998,0.0656979918754922,352.13656685686135,0.06348340045820215,0.06348340045820215
30028.8,0.06516556752272326,351.94546116614146,0.06310588536308172,0.06310588536308172
30067.199999999997,0.06463632100205109,351.7547912403331,0.06272923108917179,0.06272923108917179
30105.6,0.06411024495268962,351.5645629616958,0.06235344925643921,0.06235344925643921
30144.0,0.06358733191681469,351.37478215249814,0.061978551366342886,0.061978551366342886
30182.399999999998,0.06306757434057014,351.1854545746774,0.06160454880116194,0.06160454880116194
30220.8,0.06255096457507832,350.99658592951135,0.06123145282334704,0.06123145282334704
30259.199999999997,0.062037494877456696,350.80818185730067,0.06085927457489318,0.06085927457489318
30297.6,0.06152715741183903,350.6202479370635,0.06048802507673623,0.06048802507673623
30336.0,0.06101994425040178,350.4327896862409,0.060117715228171165,0.060117715228171165
30374.399999999998,0.060515847374395,350.24581256041387,0.05974835580629298,0.05974835580629298
30412.8,0.06001485867517781,350.05932195303143,0.059379957465459474,0.059379957465459474
30451.199999999997,0.059516969955258625,349.87332319515076,0.059012530736778104,0.059012530736778104
30489.6,0.05902217292933891,349.687821555187,0.05864608602761157,0.05864608602761157
30528.0,0.05853045922536108,349.5028222386762,0.058280633621109655,0.058280633621109655
30566.399999999998,0.058041820385560286,349.3183303880479,0.05791618367576001,0.05791618367576001
30604.8,0.057556247867520234,349.13435108240964,0.05755274622496202,0.05755274622496202
30643.199999999997,0.05707373304523113,348.95088933734223,0.05719033117662315,0.05719033117662315
30681.6,0.0565942672101528,348.76795010470585,0.05682894831277526,0.05682894831277526
30720.0,0.056117841572278615,348.5855382724578,0.056468607289214955,0.056468607289214955
30758.399999999998,0.05564444726120396,348.40365866448036,0.05610931763516316,0.05610931763516316
30796.8,0.05517407532719699,348.22231604041997,0.055751088752947965,0.055751088752947965
30835.199999999997,0.05470671674227138,348.041515095537,0.05539392991770746,0.05539392991770746
30873.6,0.054242362401261984,347.8612604605667,0.05503785027711498,0.05503785027711498
30912.0,0.053781003122902245,347.6815567015898,0.054682858851123846,0.054682858851123846
30950.399999999998,0.053322629650903675,347.50240831991516,0.05432896453173545,0.05432896453173545
30988.8,0.05286723265503768,347.32381975197177,0.05397617608278553,0.05397617608278553
31027.199999999997,0.052414802732217554,347.1457953692117,0.053624502139753026,0.053624502139753026
31065.6,0.05196533040758389,346.9683394780235,0.05327395120958843,0.05327395120958843
31104.0,0.051518806135589665,346.7914563196561,0.052924531670564115,0.052924531670564115
31142.399999999998,0.05107522030108726,346.6151500701524,0.05257625177214254,0.05257625177214254
31180.8,0.05063456322041586,346.4394248402936,0.0522291196348665,0.0522291196348665
31219.199999999997,0.050196825142489986,346.26428467555354,0.051883143250269104,0.051883143250269104
31257.6,0.04976199624988901,346.0897335560631,0.05153833048080323,0.05153833048080323
31296.0,0.049330066659946034,345.91577539658414,0.051194689059790126,0.051194689059790126
31334.399999999998,0.0489010264258378,345.7424140464944,0.05085222659138951,0.05085222659138951
31372.8,0.04847486553767483,345.5696532897807,0.05051095055058634,0.05051095055058634
31411.199999999997,0.0480515739235909,345.39749684504335,0.05017086828319911,0.05017086828319911
31449.6,0.047631141450832463,345.2259483655091,0.049831987005906034,0.049831987005906034
31488.0,0.04721355792684827,345.0550114390543,0.04949431380629015,0.04949431380629015
31526.399999999998,0.04679881310037768,344.8846895882374,0.04915785564290415,0.04915785564290415
31564.8,0.04638689666253872,344.71498627034066,0.04882261934535224,0.04882261934535224
31603.199999999997,0.04597779824791506,344.54590487742126,0.04848861161439136,0.04848861161439136
31641.6,0.045571507435642235,344.37744873637166,0.04815583902205044,0.04815583902205044
31680.0,0.04516801375049254,344.20962110898915,0.04782430801176771,0.04782430801176771
31718.399999999998,0.04476730666395839,344.04242519205405,0.047494024898545206,0.047494024898545206
31756.8,0.0443693755953349,343.8758641174175,0.047164995869122206,0.047164995869122206
31795.199999999997,0.04397420991280001,343.7099409520974,0.04683722698216467,0.04683722698216467
31833.6,0.043581798934493675,343.54465869838344,0.04651072416847298,0.04651072416847298
31872.0,0.04319213192959452,343.3800202939511,0.046185493231206645,0.046185493231206645
31910.399999999998,0.04280519811939487,343.2160286119833,0.04586153984612524,0.04586153984612524
31948.8,0.04242098667837323,343.05268646130133,0.04553886956184648,0.04553886956184648
31987.199999999997,0.04203948673526499,342.88999658650414,0.04521748780012168,0.04521748780012168
32025.6,0.041660687374129805,342.7279616681148,0.044897399856125064,0.044897399856125064
32064.0,0.041284577635417596,342.56658432273696,0.04457861089876275,0.04457861089876275
32102.399999999998,0.04091114651703069,342.40586710321725,0.04426112597099361,0.04426112597099361
32140.8,0.04054038297538387,342.2458124988175,0.04394494999016946,0.04394494999016946
32179.199999999997,0.0401722759264607,342.0864229353934,0.04363008774838803,0.04363008774838803
32217.6,0.03980681424686769,341.9277007755822,0.04331654391286369,0.04331654391286369
32256.0,0.03944398677488439,341.76964831899653,0.04300432302631034,0.04300432302631034
32294.399999999998,0.03908378231151076,341.6122678024272,0.04269342950734204,0.04269342950734204
32332.8,0.03872618962150998,341.4555614000525,0.04238386765088649,0.04238386765088649
32371.199999999997,0.03837119743444913,341.29953122365526,0.042075641628613866,0.042075641628613866
32409.6,0.0380187944457351,341.14417932284687,0.04176875548937909,0.04176875548937909
32448.0,0.03766896931764682,340.98950768529863,0.041463213159679234,0.041463213159679234
32486.399999999998,0.037321710680363905,340.83551823697996,0.041159018444123785,0.041159018444123785
32524.8,0.03697700713299061,340.68221284240366,0.04085617502591925,0.04085617502591925
32563.199999999997,0.03663484724457603,340.5295933048776,0.040554686467366416,0.040554686467366416
32601.6,0.03629521955513005,340.3776613667637,0.04025455621037171,0.04025455621037171
32640.0,0.03595811257663448,340.22641870974263,0.03995578757697055,0.03995578757697055
32678.399999999998,0.03562351479404979,340.075866955086,0.03965838376986437,0.03965838376986437
32716.8,0.035291414666317626,339.92600766393394,0.039362347872969675,0.039362347872969675
32755.199999999997,0.034961800627357965,339.77684233757947,0.03906768285197917,0.03906768285197917
32793.6,0.034634661087062035,339.6283724177591,0.03877439155493635,0.03877439155493635
32832.0,0.03430998443227962,339.48059928694875,0.03848247671281952,0.03848247671281952
32870.4,0.03398775902780189,339.3335242686667,0.03819194094014086,0.03819194094014086
32908.799999999996,0.033667973217338956,339.18714862778086,0.03790278673555299,0.03790278673555299
32947.2,0.033350615324491906,339.04147357082337,0.03761501648247043,0.03761501648247043
32985.6,0.03303567365372019,338.8965002463096,0.03732863244969997,0.03732863244969997
33024.0,0.032723136491302554,338.75222974506306,0.037043636792082515,0.037043636792082515
33062.4,0.032412992106293496,338.60866310054547,0.036760031551144816,0.036760031551144816
33100.799999999996,0.03210522875147373,338.4658012891926,0.03647781865576324,0.03647781865576324
33139.2,0.031799834664294584,338.3236452307545,0.03619699992283567,0.03619699992283567
33177.6,0.03149679806781729,338.1821957886414,0.03591757705796496,0.03591757705796496
33216.0,0.031196107171646163,338.04145377027413,0.035639551656150806,0.035639551656150806
33254.4,0.03089775017285565,337.90141992743963,0.035362925202492596,0.035362925202492596
33292.799999999996,0.030601715256911494,337.7620949566507,0.035087699072899554,0.035087699072899554
33331.2,0.03030799059858642,337.62347949951095,0.03481387453481204,0.03481387453481204
33369.6,0.03001656436286842,337.4855741430842,0.03454145274793091,0.03454145274793091
33408.0,0.029727424705863998,337.3483794202673,0.03427043476495437,0.03427043476495437
33446.4,0.02944055977569452,337.21189581016847,0.034000821532325115,0.034000821532325115
33484.799999999996,0.0291559577133864,337.07612373848923,0.03373261389098483,0.03373261389098483
33523.2,0.028873606653754734,336.94106357791003,0.03346581257713609,0.03346581257713609
33561.6,0.02859349472628012,336.80671564848035,0.03320041822301287,0.03320041822301287
33600.0,0.028315610055979958,336.67308021801284,0.03293643135765915,0.03293643135765915
33638.4,0.02803994076427194,336.54015750248016,0.03267385240771287,0.03267385240771287
33676.799999999996,0.02776647496983176,336.40794766641653,0.032412681698199185,0.032412681698199185
33715.2,0.02749520078944307,336.27645082332236,0.0321529194533297,0.0321529194533297
33753.6,0.027226106338842048,336.1456670360721,0.03189456579730822,0.03189456579730822
33792.0,0.02695917973355333,336.01559631732545,0.03163762075514306,0.03163762075514306
33830.4,0.026694409089721042,335.8862386299423,0.031382084253466655,0.031382084253466655
33868.799999999996,0.026431782524931127,335.7575938874,0.031127956121360004,0.031127956121360004
33907.2,0.026171288159027587,335.62966195421416,0.030875236091183714,0.030875236091183714
33945.6,0.025912914114921606,335.502442646362,0.030623923799414452,0.030623923799414452
33984.0,0.0256566485193932,335.3759357317088,0.03037401878748735,0.03037401878748735
34022.4,0.02540247950388591,335.2501409304367,0.030125520502642986,0.030125520502642986
34060.799999999996,0.025150395205294728,335.12505791547625,0.02987842829877992,0.02987842829877992
34099.2,0.024900383766745908,335.0006863129406,0.029632741437312572,0.029632741437312572
34137.6,0.024652433338369938,334.8770257025615,0.02938845908803215,0.02938845908803215
34176.0,0.024406532078067856,334.7540756181285,0.029145580329974535,0.029145580329974535
34214.4,0.024162668152269084,334.6318355479295,0.028904104152290434,0.028904104152290434
34252.799999999996,0.023920829736682612,334.51030493519335,0.028664029455119984,0.028664029455119984
34291.2,0.023681005017040443,334.38948317853533,0.028425355050472223,0.028425355050472223
34329.6,0.023443182189833812,334.2693696324037,0.028188079663107678,0.028188079663107678
34368.0,0.02320734946304181,334.14996360752826,0.02795220193142423,0.02795220193142423
34406.4,0.02297349505685236,334.03126437137047,0.02771772040834644,0.02771772040834644
34444.799999999996,0.022741607204376166,333.9132711485758,0.027484633562219057,0.027484633562219057
34483.2,0.022511674152352494,333.7959831214264,0.027252939777701154,0.027252939777701154
34521.6,0.022283684161847603,333.6793994302964,0.027022637356665834,0.027022637356665834
34560.0,0.02205762550894585,333.5635191741081,0.026793724519100757,0.026793724519100757
34598.4,0.021833486485432686,333.44834141078866,0.026566199404011313,0.026566199404011313
34636.799999999996,0.021611255399470633,333.3338651577293,0.026340060070326687,0.026340060070326687
34675.2,0.021390920576266632,333.2200893922442,0.026115304497807027,0.026115304497807027
34713.6,0.021172470358732858,333.10701305203145,0.025891930587953933,0.025891930587953933
34752.0,0.020955893108139008,332.9946350356341,0.02566993616492086,0.02566993616492086
34790.4,0.02074117720475741,332.88295420290206,0.02544931897642617,0.02544931897642617
34828.799999999996,0.02052831104849989,332.77196937545557,0.025230076694668077,0.025230076694668077
34867.2,0.02031728305954749,332.66167933714803,0.025012206917239342,0.025012206917239342
34905.6,0.02010808167897209,332.55208283453,0.02479570716804369,0.02479570716804369
34944.0,0.019900695369350307,332.4431785773138,0.024580574898213758,0.024580574898213758
34982.4,0.019695112615369728,332.3349652388382,0.02436680748702875,0.02436680748702875
35020.799999999996,0.019491321924427592,332.2274414565331,0.02415440224283263,0.02415440224283263
35059.2,0.019289311827221132,332.12060583238514,0.02394335640395398,0.02394335640395398
35097.6,0.019089070878331126,332.0144569334025,0.023733667139623882,0.023733667139623882
35136.0,0.01889058765679657,331.9089932920811,0.023525331550896908,0.023525331550896908
35174.4,0.018693850766682178,331.8042134068687,0.023318346671568308,0.023318346671568308
35212.799999999996,0.018498848837638387,331.70011574263117,0.023112709469094567,0.023112709469094567
35251.2,0.018305570525453167,331.5966987311166,0.022908416845510572,0.022908416845510572
35289.6,0.01811400451259625,331.4939607714205,0.022705465638348514,0.022705465638348514
35328.0,0.01792413950875555,331.39190023045006,0.022503852621554687,0.022503852621554687
35366.4,0.017735964251365748,331.290515443388,0.022303574506406392,0.022303574506406392
35404.799999999996,0.01754946750612986,331.1898047141556,0.02210462794242604,0.02210462794242604
35443.2,0.017364638067532006,331.08976631587615,0.021907009518296914,0.021907009518296914
35481.6,0.017181464759343134,330.99039849133686,0.021710715762775824,0.021710715762775824
35520.0,0.016999936435119,330.8916994534503,0.02151574314560427,0.02151574314560427
35558.4,0.01682004197869052,330.7936673857152,0.02132208807841885,0.02132208807841885
35596.799999999996,0.016641770304646045,330.69630044267643,0.02112974691566017,0.02112974691566017
35635.2,0.016465110358806438,330.5995967503833,0.020938715955477753,0.020938715955477753
35673.6,0.016290051118692358,330.50355440684865,0.020748991440637375,0.020748991440637375
35712.0,0.016116581593984037,330.4081714825046,0.020560569559420934,0.020560569559420934
35750.4,0.015944690826973088,330.31344602065917,0.020373446446528817,0.020373446446528817
35788.799999999996,0.015774367893007273,330.21937603795067,0.020187618183977334,0.020187618183977334
35827.2,0.015605601900927319,330.1259595248008,0.020003080801993877,0.020003080801993877
35865.6,0.015438381993496241,330.03319444586725,0.019819830279910865,0.019819830279910865
35904.0,0.015272697347821499,329.9410787404941,0.019637862547055646,0.019637862547055646
35942.4,0.015108537175768827,329.84961032316147,0.0194571734836386,0.0194571734836386
35980.799999999996,0.014945890724370022,329.75878708393304,0.019277758921637293,0.019277758921637293
36019.2,0.014784747276221763,329.66860688890245,0.019099614645678213,0.019099614645678213
36057.6,0.014625096149877895,329.5790675806384,0.01892273639391618,0.01892273639391618
36096.0,0.014466926700234126,329.49016697862754,0.01874711985890889,0.01874711985890889
36134.4,0.014310228318905499,329.40190287971564,0.01857276068848896,0.01857276068848896
36172.799999999996,0.014154990434596467,329.31427305854777,0.018399654486633037,0.018399654486633037
36211.2,0.014001202513463101,329.2272752680057,0.018227796814325986,0.018227796814325986
36249.6,0.013848854059469128,329.1409072396443,0.01805718319042294,0.01805718319042294
36288.0,0.013697934614733755,329.0551666841255,0.017887809092506535,0.017887809092506535
36326.4,0.01354843375987297,328.9700512916504,0.01771966995774085,0.01771966995774085
36364.799999999996,0.013400341114333216,328.88555873238965,0.017552761183720903,0.017552761183720903
36403.2,0.013253646336718126,328.8016866569116,0.017387078129319083,0.017387078129319083
36441.6,0.013108339125108072,328.71843269660826,0.017222616115526206,0.017222616115526206
36480.0,0.012964409217372823,328.635794464119,0.01705937042628873,0.01705937042628873
36518.4,0.012821846391477085,328.5537695537527,0.016897336309342648,0.016897336309342648
36556.799999999996,0.012680640465778674,328.47235554190746,0.01673650897704229,0.01673650897704229
36595.2,0.0125407812993206,328.39154998748694,0.016576883607183287,0.016576883607183287
36633.6,0.012402258792115357,328.3113504323164,0.016418455343823985,0.016418455343823985
36672.0,0.012265062885422773,328.23175440155467,0.016261219298099643,0.016261219298099643
36710.4,0.012129183562021176,328.1527594041046,0.01610517054903274,0.01610517054903274
36748.799999999996,0.011994610846470858,328.07436293302095,0.015950304144339306,0.015950304144339306
36787.2,0.011861334805372357,327.99656246591564,0.015796615101229004,0.015796615101229004
36825.6,0.011729345547616572,327.9193554653606,0.015644098407201146,0.015644098407201146
36864.0,0.011598633224628577,327.8427393792884,0.015492749020836229,0.015492749020836229
36902.4,0.011469188030605528,327.76671164138946,0.015342561872580276,0.015342561872580276
36940.799999999996,0.011341000202747198,327.69126967150794,0.015193531865527053,0.015193531865527053
36979.2,0.011214060021480121,327.61641087603385,0.015045653876192751,0.015045653876192751
37017.6,0.01108835781067531,327.54213264829315,0.014898922755286412,0.014898922755286412
37056.0,0.010963883937859832,327.4684323689346,0.014753333328474286,0.014753333328474286
37094.4,0.010840628814421242,327.39530740631494,0.01460888039714059,0.01460888039714059
37132.799999999996,0.010718582895806713,327.3227551168799,0.014465558739140202,0.014465558739140202
37171.2,0.010597736681714433,327.2507728455436,0.014323363109548405,0.014323363109548405
37209.6,0.01047808071628018,327.1793579260647,0.014182288241403239,0.014182288241403239
37248.0,0.010359605588256538,327.10850768141955,0.014042328846443481,0.014042328846443481
37286.4,0.010242301931187149,327.0382194241726,0.013903479615839865,0.013903479615839865
37324.799999999996,0.010126160423573099,326.96849045684456,0.013765735220922394,0.013765735220922394
37363.2,0.010011171789035272,326.8993180722763,0.01362909031389932,0.01362909031389932
37401.6,0.009897326796468913,326.8306995539912,0.013493539528573005,0.013493539528573005
37440.0,0.00978461626019322,326.7626321765539,0.013359077481048129,0.013359077481048129
37478.4,0.009673031040094612,326.69511320592574,0.013225698770434623,0.013225698770434623
37516.799999999996,0.009562562041764363,326.6281398998183,0.013093397979545328,0.013093397979545328
37555.2,0.009453200216630427,326.56170950804255,0.012962169675586246,0.012962169675586246
37593.6,0.00934493656208284,326.49581927285624,0.012832008410842281,0.012832008410842281
37632.0,0.009237762121594576,326.4304664293075,0.012702908723356499,0.012702908723356499
37670.4,0.009131667984835076,326.3656482055756,0.012574865137602958,0.012574865137602958
37708.799999999996,0.009026645287780013,326.3013618233083,0.012447872165153149,0.012447872165153149
37747.2,0.008922685212814124,326.2376044979571,0.0123219243053384,0.0123219243053384
37785.6,0.008819778988829177,326.1743734391081,0.012197016045903397,0.012197016045903397
37824.0,0.00871791789131577,326.11166585081037,0.012073141863654779,0.012073141863654779
37862.4,0.00861709324245085,326.04947893190166,0.01195029622510455,0.01195029622510455
37900.799999999996,0.008517296411178762,325.98780987632983,0.011828473587105199,0.011828473587105199
37939.2,0.008418518813287569,325.92665587347244,0.011707668397480876,0.011707668397480876
37977.6,0.008320751911480134,325.8660141084518,0.011587875095649815,0.011587875095649815
38016.0,0.008223987215439476,325.80588176244805,0.01146908811324284,0.01146908811324284
38054.4,0.00812821628188947,325.7462560130082,0.011351301874713636,0.011351301874713636
38092.799999999996,0.008033430714650376,325.68713403435277,0.011234510797944915,0.011234510797944915
38131.2,0.007939622164689266,325.6285129976783,0.011118709294845448,0.011118709294845448
38169.6,0.00784678233016511,325.57039007145744,0.011003891771943412,0.011003891771943412
38208.0,0.0077549029564696614,325.51276242173554,0.010890052630971857,0.010890052630971857
38246.4,0.007663975836262707,325.4556272124238,0.01077718626944803,0.01077718626944803
38284.799999999996,0.007573992809502976,325.3989816055895,0.010665287081246708,0.010665287081246708
38323.2,0.007484945763474059,325.3428227617428,0.010554349457166714,0.010554349457166714
38361.6,0.0073968266328055,325.2871478401209,0.010444367785492025,0.010444367785492025
38400.0,0.0073096273994895595,325.23195399896775,0.010335336452544797,0.010335336452544797
38438.4,0.007223340092892801,325.1772383958117,0.01022724984323335,0.01022724984323335
38476.799999999996,0.007137956789763911,325.12299818773937,0.010120102341593617,0.010120102341593617
38515.2,0.007053469614236261,325.06923053166656,0.010013888331323875,0.010013888331323875
38553.6,0.006969870737826343,325.01593258460514,0.009908602196312288,0.009908602196312288
38592.0,0.006887152379427662,324.96310150392816,0.009804238321160504,0.009804238321160504
38630.4,0.006805306805300594,324.9107344476299,0.009700791091697398,0.009700791091697398
38668.799999999996,0.0067243263290575625,324.8588285745845,0.009598254895489745,0.009598254895489745
38707.2,0.00664420331164435,324.80738104479997,0.009496624122344512,0.009496624122344512
38745.6,0.006564930161316715,324.75638901966965,0.009395893164805057,0.009395893164805057
38784.0,0.0064864993336130605,324.70584966222026,0.009296056418641391,0.009296056418641391
38822.4,0.006408903331323894,324.65576013735676,0.00919710828333392,0.00919710828333392
38860.799999999996,0.006332134704455595,324.6061176121041,0.009099043162550792,0.009099043162550792
38899.2,0.006256186050191541,324.55691925584495,0.009001855464617946,0.009001855464617946
38937.6,0.0061810500128489125,324.5081622405562,0.008905539602985665,0.008905539602985665
38976.0,0.006106719283831586,324.4598437410395,0.008810089996684492,0.008810089996684492
39014.4,0.006033186601579211,324.4119609351511,0.008715501070779196,0.008715501070779196
39052.799999999996,0.005960444751512203,324.36451100402695,0.008621767256813122,0.008621767256813122
39091.2,0.005888486565973895,324.3174911323053,0.008528882993248357,0.008528882993248357
39129.6,0.005817304924168193,324.2708985083456,0.00843684272589794,0.00843684272589794
39168.0,0.005746892752094212,324.2247303244451,0.008345640908353458,0.008345640908353458
39206.4,0.0056772430224768305,324.1789837770513,0.008255272002405464,0.008255272002405464
39244.799999999996,0.005608348754694095,324.1336560669721,0.008165730478457704,0.008165730478457704
39283.2,0.0055402030147012095,324.0887443995818,0.008077010815934855,0.008077010815934855
39321.6,0.005472798914950946,324.0442459850252,0.007989107503685193,0.007989107503685193
39360.0,0.005406129614310741,324.00015803841785,0.0079020150403763,0.0079020150403763
39398.4,0.005340188317976785,323.95647778004275,0.007815727934883807,0.007815727934883807
39436.799999999996,0.005274968277384449,323.9132024355453,0.007730240706676339,0.007730240706676339
39475.2,0.005210462790115811,323.8703292361237,0.0076455478861915584,0.0076455478861915584
39513.6,0.005146665199803919,323.82785541871743,0.00756164401520864,0.00756164401520864
39552.0,0.005083568896034158,323.78577822619184,0.0074785236472129845,0.0074785236472129845
39590.4,0.005021167314242315,323.74409490752,0.007396181347755213,0.007396181347755213
39628.799999999996,0.0049594539356097025,323.70280271796196,0.007314611694805548,0.007314611694805548
39667.2,0.004898422286955792,323.66189891923995,0.0072338092790995645,0.0072338092790995645
39705.6,0.004838065940627325,323.62138077971184,0.007153768704481224,0.007153768704481224
39744.0,0.00477837851438512,323.58124557454045,0.007074484588237057,0.007074484588237057
39782.4,0.004719353671287517,323.54149058586063,0.006995951561426407,0.006995951561426407
39820.799999999996,0.004660985119571865,323.50211310294304,0.006918164269204823,0.006918164269204823
39859.2,0.004603266612532683,323.4631104223551,0.006841117371142063,0.006841117371142063
39897.6,0.004546191948397503,323.42447984811906,0.00676480554153438,0.00676480554153438
39936.0,0.004489754970199749,323.3862186918669,0.006689223469710395,0.006689223469710395
39974.4,0.004433949565649987,323.34832427299256,0.006614365860332141,0.006614365860332141
40012.799999999996,0.004378769667003389,323.3107939188015,0.006540227433689946,0.006540227433689946
40051.2,0.004324209250925963,323.27362496465673,0.006466802925991464,0.006466802925991464
40089.6,0.004270262338357346,323.23681475412235,0.006394087089644867,0.006394087089644867
40128.0,0.0042169229943724434,323.2003606391049,0.006322074693538225,0.006322074693538225
40166.4,0.004164185328039474,323.16425997999045,0.006250760523310463,0.006250760523310463
40204.799999999996,0.004112043492276546,323.1285101457804,0.00618013938161917,0.00618013938161917
40243.2,0.004060491683706274,323.09310851422333,0.006110206088401449,0.006110206088401449
40281.6,0.0040095241425072555,323.0580524719451,0.006040955481130839,0.006040955481130839
40320.0,0.003959135152264519,323.023339414575,0.005972382415066594,0.005972382415066594
40358.4,0.003909319039816801,322.9889667468707,0.005904481763500165,0.005904481763500165
40396.799999999996,0.0038600701751029523,322.95493188283876,0.005837248417993697,0.005837248417993697
40435.2,0.003811382971005515,322.9212322458543,0.0057706772886160695,0.0057706772886160695
40473.6,0.0037632518831927034,322.88786526877635,0.0057047633041710675,0.0057047633041710675
40512.0,0.0037156714099585604,322.85482839406137,0.0056395014124213955,0.0056395014124213955
40550.4,0.0036686360920607205,322.8221190738744,0.005574886580308324,0.005574886580308324
40588.799999999996,0.0036221405125575912,322.789734770197,0.005510913794165146,0.005510913794165146
40627.2,0.0035761792966421285,322.75767295493273,0.005447578059924917,0.005447578059924917
40665.6,0.003530747111475395,322.7259311100104,0.00538487440332516,0.00538487440332516
40704.0,0.0034858386660173444,322.6945067274845,0.005322797870105944,0.005322797870105944
40742.4,0.00344144871085683,322.6633973096331,0.0052613435262030194,0.0052613435262030194
40780.799999999996,0.003397572038039324,322.6326003690532,0.005200506457936473,0.005200506457936473
40819.2,0.0033542034808935195,322.6021134287541,0.005140281772195324,0.005140281772195324
40857.6,0.0033113379138562144,322.57193402224743,0.005080664596615061,0.005080664596615061
40896.0,0.003268970252295743,322.5420596936356,0.005021650079752362,0.005021650079752362
40934.4,0.00322709545233421,322.5124879976972,0.004963233391253864,0.004963233391253864
40972.799999999996,0.003185708510668153,322.4832164999703,0.004905409722021125,0.004905409722021125
41011.2,0.0031448044643877697,322.45424277683355,0.004848174284370065,0.004848174284370065
41049.6,0.003104378390794796,322.42556441558435,0.004791522312185935,0.004791522312185935
41088.0,0.0030644254072197093,322.3971790145153,0.004735449061074232,0.004735449061074232
41126.4,0.0030249406708366716,322.3690841829879,0.0046799498085061085,0.0046799498085061085
41164.799999999996,0.0029859193784783724,322.34127754150427,0.004625019853960432,0.004625019853960432
41203.2,0.002947356766448875,322.31375672177643,0.00457065451906009,0.00457065451906009
41241.6,0.002909248110335692,322.2865193667933,0.004516849147704843,0.004516849147704843
41280.0,0.002871588724821045,322.2595631308858,0.004463599106199661,0.004463599106199661
41318.4,0.0028343739634913876,322.232885679789,0.004410899783377575,0.004410899783377575
41356.799999999996,0.0027975992186464933,322.2064846907032,0.004358746590720387,0.004358746590720387
41395.2,0.0027612599211073643,322.18035785235156,0.004307134962472418,0.004307134962472418
41433.6,0.0027253515400235636,322.1545028650371,0.004256060355753027,0.004256060355753027
41472.0,0.0026898695826787574,322.12891744069594,0.004205518250662046,0.004205518250662046
41510.4,0.002654809594296414,322.1035993029497,0.004155504150383089,0.004155504150383089
41548.799999999996,0.00262016715784396,322.07854618715555,0.004106013581282481,0.004106013581282481
41587.2,0.002585937893836549,322.0537558404536,0.004057042093002907,0.004057042093002907
41625.6,0.002552117460139769,322.02922602181326,0.0040085852585548115,0.0040085852585548115
41664.0,0.00251870155177189,322.00495450207654,0.00396063867440231,0.00396063867440231
41702.4,0.002485685900705365,321.9809390640004,0.003913197960546384,0.003913197960546384
41740.799999999996,0.0024530662756672072,321.95717750229613,0.003866258760603159,0.003866258760603159
41779.2,0.0024208384819396074,321.93366762366804,0.0038198167418798017,0.0038198167418798017
41817.6,0.0023889983611588687,321.91040724684876,0.0037738675954447094,0.0037738675954447094
41856.0,0.0023575417911151047,321.8873942026339,0.0037284070361957777,0.0037284070361957777
41894.4,0.002326464685549999,321.86462633391415,0.003683430802923735,0.003683430802923735
41932.799999999996,0.002295762993955116,321.8421014957057,0.00363893465837255,0.00363893465837255
41971.2,0.002265432701368883,321.8198175551791,0.003594914389295919,0.003594914389295919
42009.6,0.002235469828174278,321.7977723916859,0.0035513658065104876,0.0035513658065104876
42048.0,0.002205870429894639,321.77596389678365,0.003508284744944812,0.003508284744944812
42086.4,0.0021766305969904815,321.7543899742596,0.003465667063686292,0.003465667063686292
42124.799999999996,0.002147746454654774,321.73304854015163,0.00342350864602261,0.00342350864602261
42163.2,0.0021192141626087645,321.71193752276895,0.0033818053994824904,0.0033818053994824904
42201.6,0.0020910299148971436,321.6910548627094,0.0033405532558699494,0.0033405532558699494
42240.0,0.0020631899396825974,321.6703985128765,0.0032997481712979788,0.0032997481712979788
42278.4,0.0020356904990411462,321.6499664384943,0.0032593861262178586,0.0032593861262178586
42316.799999999996,0.002008527888755934,321.62975661712034,0.0032194631254447536,0.0032194631254447536
42355.2,0.00198169843811175,321.6097670386577,0.003179975198181524,0.003179975198181524
42393.6,0.001955198509689225,321.58999570536474,0.0031409183980379233,0.0031409183980379233
42432.0,0.0019290244991583083,321.5704406318637,0.003102288803047668,0.003102288803047668
42470.4,0.0019031728350726571,321.55109984514763,0.003064082515682249,0.003064082515682249
42508.799999999996,0.001877639978663026,321.53197138458614,0.003026295662861824,0.003026295662861824
42547.2,0.0018524224236310346,321.5130533019289,0.0029889243959626273,0.0029889243959626273
42585.6,0.0018275166959427146,321.4943436613085,0.002951964890822475,0.002951964890822475
42624.0,0.0018029193536221563,321.4758405392417,0.0029154133477430058,0.0029154133477430058
42662.4,0.0017786269865451446,321.45754202462825,0.002879265991487778,0.002879265991487778
42700.799999999996,0.0017546362162328202,321.43944621875005,0.0028435190712801316,0.0028435190712801316
42739.2,0.0017309436956451218,321.42155123526743,0.002808168860796229,0.002808168860796229
42777.6,0.0017075461089749817,321.4038552002147,0.0027732116581560685,0.0027732116581560685
42816.0,0.0016844401714418927,321.38635625199464,0.0027386437859125965,0.0027386437859125965
42854.4,0.0016616226290858149,321.3690525413707,0.002704461591036433,0.002704461591036433
42892.799999999996,0.0016390902585616894,321.351942231459,0.0026706614448999263,0.0026706614448999263
42931.2,0.0016168398669331482,321.3350234977185,0.0026372397432577297,0.0026372397432577297
42969.6,0.0015948682914675772,321.3182945279396,0.002604192906224452,0.002604192906224452
43008.0,0.0015731723994305022,321.30175352223233,0.0025715173782511935,0.0025715173782511935
43046.4,0.0015517490878803855,321.28539869301295,0.0025392096280990395,0.0025392096280990395
43084.799999999996,0.0015305952834639893,321.2692282649884,0.002507266148808411,0.002507266148808411
43123.2,0.0015097079422117584,321.25324047514147,0.002475683457669866,0.002475683457669866
43161.6,0.0014890840493332893,321.23743357271337,0.002444458096189403,0.002444458096189403
43200.0,0.0014687206190136378,321.22180581918525,0.002413586630052191,0.002413586630052191
43238.4,0.0014486146942093918,321.2063554882595,0.0023830656490855134,0.0023830656490855134
43276.799999999996,0.0014287633464454758,321.1910808658388,0.002352891767217559,0.002352891767217559
43315.2,0.0014091636756121129,321.1759802500051,0.0023230616224356494,0.0023230616224356494
43353.6,0.0013898128097622677,321.1610519509972,0.002293571876741883,0.002293571876741883
43392.0,0.0013707079049093385,321.14629429118634,0.0022644192161054137,0.0022644192161054137
43430.4,0.0013518461448252723,321.1317056050528,0.0022356003504157384,0.0022356003504157384
43468.799999999996,0.001333224740839397,321.1172842391591,0.002207112013430031,0.002207112013430031
43507.2,0.0013148409316374229,321.10302855212467,0.0021789509627227273,0.0021789509627227273
43545.6,0.001296691983060914,321.08893691459724,0.0021511139796296,0.0021511139796296
43584.0,0.0012787751879072859,321.075007709225,0.0021235978691922937,0.0021235978691922937
43622.4,0.0012610878657302537,321.06123933062685,0.0020963994600995913,0.0020963994600995913
43660.799999999996,0.0012436273626410376,321.0476301853624,0.0020695156046284646,0.0020695156046284646
43699.2,0.0012263910511094666,321.0341786919003,0.0020429431785813053,0.0020429431785813053
43737.6,0.0012093763297664484,321.02088328058676,0.0020166790812234884,0.0020166790812234884
43776.0,0.0011925806232064024,321.00774239361186,0.00199072023521735,0.00199072023521735
43814.4,0.0011760013817903184,320.9947544849763,0.0019650635865560437,0.0019650635865560437
43852.799999999996,0.0011596360814495382,320.9819180204566,0.0019397061044951606,0.0019397061044951606
43891.2,0.001143482223490217,320.9692314775699,0.0019146447814828822,0.0019146447814828822
43929.6,0.0011275373343980313,320.95669334553736,0.001889876633087778,0.001889876633087778
43968.0,0.0011117989656440057,320.9443021252476,0.001865398697926717,0.001865398697926717
44006.4,0.0010962646934904294,320.9320563292185,0.001841208037589295,0.001841208037589295
44044.799999999996,0.0010809321187979087,320.9199544815593,0.001817301736562938,0.001817301736562938
44083.2,0.001065798866832546,320.90799511793097,0.001793676902154748,0.001793676902154748
44121.6,0.0010508625870742343,320.8961767855068,0.0017703306644133495,0.0017703306644133495
44160.0,0.001036120953025577,320.8844980429311,0.001747260176047816,0.001747260176047816
44198.4,0.0010215716620210538,320.87295746027877,0.001724462612347158,0.001724462612347158
44236.799999999996,0.001007212435037734,320.8615536190129,0.0017019351710972287,0.0017019351710972287
44275.2,0.0009930410165055093,320.85028511194247,0.0016796750724966183,0.0016796750724966183
44313.6,0.0009790551741192975,320.8391505431788,0.0016576795590709783,0.0016576795590709783
44352.0,0.0009652526986513362,320.8281485280926,0.001635945895588015,0.001635945895588015
44390.4,0.0009516314037635665,320.8172776932687,0.0016144713689681103,0.0016144713689681103
44428.799999999996,0.0009381891258226604,320.8065366764619,0.0015932532881970697,0.0015932532881970697
44467.2,0.0009249237237136465,320.7959241265508,0.0015722889842348317,0.0015722889842348317
44505.6,0.0009118330786556156,320.78543870349245,0.0015515758099261972,0.0015515758099261972
44544.0,0.0008989150940177962,320.77507907827516,0.0015311111399072923,0.0015311111399072923
44582.4,0.0008861676951367696,320.7648439328718,0.001510892370513489,0.001510892370513489
44620.799999999996,0.0008735888291337724,320.7547319601922,0.0014909169196850845,0.0014909169196850845
44659.2,0.0008611764647334026,320.7447418640349,0.0014711822268725246,0.0014711822268725246
44697.6,0.0008489285920828764,320.7348723590389,0.0014516857529406242,0.0014516857529406242
44736.0,0.0008368432225724756,320.72512217063405,0.001432424980070761,0.001432424980070761
44774.4,0.0008249183886560293,320.7154900349927,0.0014133974116652035,0.0014133974116652035
44812.799999999996,0.0008131521436732995,320.7059746989785,0.0013946005722462764,0.0013946005722462764
44851.2,0.0008015425616718457,320.69657492009725,0.0013760320073590046,0.0013760320073590046
44889.6,0.0007900877372312052,320.68728946644546,0.00135768928346949,0.00135768928346949
44928.0,0.0007787857852870874,320.6781171166596,0.0013395699878648627,0.0013395699878648627
44966.4,0.0007676348409561192,320.66905665986457,0.0013216717285512076,0.0013216717285512076
45004.799999999996,0.0007566330593625455,320.66010689562177,0.0013039921341513828,0.0013039921341513828
45043.2,0.0007457786154647338,320.6512666338771,0.0012865288538019342,0.0012865288538019342
45081.6,0.0007350697038830455,320.64253469490825,0.0012692795570488945,0.0012692795570488945
45120.0,0.0007245045387286153,320.633909909272,0.001252241933744248,0.001252241933744248
45158.4,0.0007140813534329996,320.62539111775084,0.0012354136939398195,0.0012354136939398195
45196.799999999996,0.0007037984005780912,320.6169771713,0.0012187925677830673,0.0012187925677830673
45235.2,0.0006936539517283434,320.60866693099285,0.0012023763054090613,0.0012023763054090613
45273.6,0.0006836462972623388,320.6004592679677,0.0011861626768353793,0.0011861626768353793
45312.0,0.000673773746206237,320.59235306337314,0.0011701494718540843,0.0011701494718540843
45350.4,0.0006640346260678491,320.5843472083134,0.0011543344999240376,0.0011543344999240376
45388.799999999996,0.0006544272826713824,320.57644060379357,0.00113871559006254,0.00113871559006254
45427.2,0.0006449500799938574,320.5686321606648,0.0011232905907367474,0.0011232905907367474
45465.6,0.0006356014000011884,320.5609207995687,0.001108057369754524,0.001108057369754524
45504.0,0.0006263796424866232,320.5533054508824,0.001093013814155297,0.001093013814155297
45542.4,0.0006172832249090618,320.54578505466225,0.0010781578300990027,0.0010781578300990027
45580.799999999996,0.0006083105822327054,320.53835856058816,0.0010634873427564902,0.0010634873427564902
45619.2,0.000599460166767737,320.53102492790794,0.0010490002961990278,0.0010490002961990278
45657.6,0.0005907304480116396,320.52378312538065,0.0010346946532868017,0.0010346946532868017
45696.0,0.0005821199124914763,320.51663213122055,0.00102056839555797,0.00102056839555797
45734.4,0.000573627063607589,320.5095709330404,0.0010066195231167123,0.0010066195231167123
45772.799999999996,0.0005652504214778132,320.50259852779465,0.0009928460545211631,0.0009928460545211631
45811.2,0.0005569885227825995,320.4957139217232,0.0009792460266720203,0.0009792460266720203
45849.6,0.0005488399206111822,320.4889161302943,0.0009658174946998063,0.0009658174946998063
45888.0,0.0005408031843088676,320.4822041781471,0.0009525585318517919,0.0009525585318517919
45926.4,0.0005328768993251025,320.475577099035,0.0009394672293795943,0.0009394672293795943
45964.799999999996,0.0005250596670624511,320.46903393576855,0.0009265416964265496,0.0009265416964265496
46003.2,0.0005173501047266175,320.4625737401579,0.0009137800599139641,0.0009137800599139641
46041.6,0.0005097468451774295,320.45619557295544,0.0009011804644280375,0.0009011804644280375
46080.0,0.0005022485367808865,320.44989850379875,0.0008887410721068993,0.0008887410721068993
46118.4,0.0004948538432618117,320.4436816111529,0.0008764600625267473,0.0008764600625267473
46156.799999999996,0.00048756144355771396,320.4375439822526,0.0008643356325875358,0.0008643356325875358
46195.2,0.00048037003167376673,320.43148471304545,0.0008523659964010231,0.0008523659964010231
46233.6,0.0004732783165383554,320.42550290813375,0.0008405493851754493,0.0008405493851754493
46272.0,0.0004662850218598875,320.4195976807171,0.0008288840471025727,0.0008288840471025727
46310.4,0.00045938888598445494,320.4137681525349,0.0008173682472436955,0.0008173682472436955
46348.799999999996,0.00045258866175441794,320.4080134538083,0.0008060002674154653,0.0008060002674154653
46387.2,0.0004458831163682185,320.4023327231833,0.0007947784060770227,0.0007947784060770227
46425.6,0.000439271031240492,320.3967251076725,0.0007837009782151301,0.0007837009782151301
46464.0,0.0004327512018640465,320.391189762598,0.0007727663152312068,0.0007727663152312068
46502.4,0.0004263224376719657,320.38572585153344,0.000761972764827243,0.000761972764827243
46540.799999999996,0.0004199835619013628,320.3803325462468,0.0007513186908923865,0.0007513186908923865
46579.2,0.00041373341145761603,320.3750090266427,0.000740802473389194,0.000740802473389194
46617.6,0.0004075708367793665,320.36975448070507,0.0007304225082401045,0.0007304225082401045
46656.0,0.0004014947017054878,320.3645681044398,0.0007201772072145891,0.0007201772072145891
46694.4,0.0003955038833420038,320.35944910181723,0.000710064997815176,0.000710064997815176
46732.799999999996,0.00038959727193021195,320.354396684715,0.0007000843231647118,0.0007000843231647118
46771.2,0.00038377377071598134,320.349410072861,0.0006902336418935099,0.0006902336418935099
46809.6,0.00037803229581981346,320.34448849377605,0.0006805114280263869,0.0006805114280263869
46848.0,0.0003723717761080039,320.33963118271674,0.0006709161708695863,0.0006709161708695863
46886.4,0.00036679115306451575,320.3348373826191,0.0006614463748994997,0.0006614463748994997
46924.799999999996,0.0003612893806640595,320.3301063440411,0.0006521005596489167,0.0006521005596489167
46963.2,0.0003558654252457787,320.32543732510607,0.0006428772595957458,0.0006428772595957458
47001.6,0.00035051826538851457,320.3208295914465,0.0006337750240515099,0.0006337750240515099
47040.0,0.0003452468917863212,320.316282416147,0.0006247924170487205,0.0006247924170487205
47078.4,0.0003400503071250624,320.31179507968807,0.0006159280172302712,0.0006159280172302712
47116.799999999996,0.00033492752596043157,320.3073668698901,0.0006071804177380463,0.0006071804177380463
47155.2,0.0003298775745963253,320.30299708185663,0.0005985482261016419,0.0005985482261016419
47193.6,0.0003248994909645147,320.2986850179192,0.000590030064128658,0.000590030064128658
47232.0,0.00031999232450502654,320.29442998758066,0.0005816245677934191,0.0005816245677934191
47270.4,0.00031515513604746644,320.2902313074599,0.000573330387127268,0.000573330387127268
47308.799999999996,0.00031038699769374506,320.28608830123625,0.0005651461861088572,0.0005651461861088572
47347.2,0.00030568699270068023,320.2820002995939,0.0005570706425546667,0.0005570706425546667
47385.6,0.0003010542153646944,320.27796664016677,0.0005491024480096343,0.0005491024480096343
47424.0,0.0002964877709067796,320.2739866674835,0.0005412403076387941,0.0005412403076387941
47462.4,0.0002919867753583858,320.2700597329123,0.000533482940118245,0.000533482940118245
47500.799999999996,0.00028755035544846306,320.2661851946066,0.0005258290775277998,0.0005258290775277998
47539.2,0.0002831776484911265,320.26236241744976,0.0005182774652417283,0.0005182774652417283
47577.6,0.00027886780227463515,320.25859077300163,0.0005108268618230914,0.0005108268618230914
47616.0,0.00027461997495077954,320.2548696394435,0.0005034760389152701,0.0005034760389152701
47654.4,0.00027043333492547737,320.2511984015247,0.0004962237811362995,0.0004962237811362995
47692.799999999996,0.00026630706075054107,320.2475764505082,0.0004890688859714085,0.0004890688859714085
47731.2,0.00026224034101537497,320.24400318411773,0.00048201016366858915,0.00048201016366858915
47769.6,0.0002582323742407679,320.24047800648356,0.00047504643713136026,0.00047504643713136026
47808.0,0.0002542823687727574,320.23700032808966,0.00046817654181467467,0.00046817654181467467
47846.4,0.00025038954267755925,320.233569565721,0.00046139932562048926,0.00046139932562048926
47884.799999999996,0.00024655312363752805,320.23018514241005,0.0004547136487924372,0.0004547136487924372
47923.2,0.00024277234884793368,320.22684648738476,0.00044811838381263343,0.00044811838381263343
47961.6,0.0002390464649144672,320.22355303601586,0.0004416124152979188,0.0004416124152979188
48000.0,0.00023537472775191898,320.22030422976496,0.0004351946398972269,0.0004351946398972269
48038.4,0.00023175640248317554,320.21709951613235,0.0004288639661883899,0.0004288639661883899
48076.799999999996,0.0002281907633399231,320.21393834860544,0.00042261931457640345,0.00042261931457640345
48115.2,0.0002246770935633149,320.21082018660724,0.0004164596171915799,0.0004164596171915799
48153.6,0.00022121468530605926,320.20774449544524,0.00041038381778859986,0.00041038381778859986
48192.0,0.00021780283953523678,320.2047107462603,0.00040439087164545083,0.00040439087164545083
48230.4,0.0002144408659358451,320.20171841597573,0.0003984797454631525,0.0003984797454631525
48268.799999999996,0.0002111280828152145,320.1987669872471,0.0003926494172660432,0.0003926494172660432
48307.2,0.00020786381700848918,320.19585594841146,0.0003868988763020666,0.0003868988763020666
48345.6,0.00020464740378467694,320.1929847934377,0.0003812271229442931,0.0003812271229442931
48384.0,0.00020147818675358682,320.19015302187677,0.0003756331685928909,0.0003756331685928909
48422.4,0.0001983555177736379,320.1873601388116,0.0003701160355758619,0.0003701160355758619
48460.799999999996,0.0001952787568603776,320.18460565480854,0.00036467475705348246,0.00036467475705348246
48499.2,0.00019224727209604894,320.1818890858675,0.0003593083769194886,0.0003593083769194886
48537.6,0.0001892604395400273,320.1792099533738,0.0003540159497060786,0.0003540159497060786
48576.0,0.00018631764313940057,320.1765677840494,0.00034879654048768056,0.00034879654048768056
48614.4,0.00018341827464116425,320.17396210990444,0.0003436492247851689,0.0003436492247851689
48652.799999999996,0.00018056173350482625,320.1713924681895,0.0003385730884713164,0.0003385730884713164
48691.2,0.0001777474268158283,320.16885840134734,0.00033356722767590943,0.00033356722767590943
48729.6,0.00017497476919992684,320.1663594569663,0.00032863074869322016,0.00032863074869322016
48768.0,0.0001722431827378399,320.1638951877319,0.0003237627678867857,0.0003237627678867857
48806.4,0.00016955209688165334,320.1614651513809,0.0003189624115984527,0.0003189624115984527
48844.799999999996,0.0001669009483709243,320.15906891065396,0.0003142288160547276,0.0003142288160547276
48883.2,0.00016428918115027726,320.1567060332493,0.0003095611272757095,0.0003095611272757095
48921.6,0.00016171624628749727,320.1543760917766,0.00030495850098357383,0.00030495850098357383
48960.0,0.000159181601892476,320.1520786637113,0.0003004201025122915,0.0003004201025122915
48998.4,0.000156684713036886,320.1498133313485,0.00029594510671712254,0.00029594510671712254
49036.799999999996,0.00015422505167438775,320.147579681758,0.0002915326978847849,0.0002915326978847849
49075.2,0.00015180209656218686,320.1453773067391,0.00028718206964541864,0.00028718206964541864
49113.6,0.00014941533318276894,320.1432058027757,0.0002828924248828665,0.0002828924248828665
49152.0,0.00014706425366638035,320.1410647709918,0.0002786629756471998,0.0002786629756471998
49190.4,0.00014474835671473505,320.13895381710745,0.00027449294306758175,0.00027449294306758175
49228.799999999996,0.00014246714752498706,320.1368725513943,0.00027038155726468084,0.00027038155726468084
49267.2,0.00014022013771464544,320.13482058863235,0.0002663280572651065,0.0002663280572651065
49305.6,0.0001380068452470924,320.1327975480664,0.0002623316909150575,0.0002623316909150575
49344.0,0.0001358267943578835,320.1308030533627,0.0002583917147953189,0.0002583917147953189
49382.4,0.00013367951548191772,320.1288367325664,0.0002545073941367076,0.0002545073941367076
49420.799999999996,0.00013156454518105232,320.12689821805867,0.0002506780027354056,0.0002506780027354056
49459.2,0.00012948142607265877,320.1249871465146,0.00024690282287020244,0.00024690282287020244
49497.6,0.0001274297067584448,320.12310315886106,0.00024318114521861448,0.00024318114521861448
49536.0,0.00012540894175468043,320.12124590023495,0.00023951226877513802,0.00023951226877513802
49574.4,0.0001234186914224415,320.119415019942,0.00023589550076916508,0.00023589550076916508
49612.799999999996,0.00012145852189904295,320.117610171415,0.000232330156583012,0.000232330156583012
49651.2,0.00011952800502965039,320.1158310121736,0.00022881555967219335,0.00022881555967219335
49689.6,0.00011762671830001038,320.11407720378315,0.0002253510414841242,0.0002253510414841242
49728.0,0.00011575424476987337,320.1123484118146,0.0002219359413790678,0.0002219359413790678
49766.4,0.00011391017300663029,320.11064430580444,0.00021856960655097132,0.00021856960655097132
49804.799999999996,0.00011209409701989,320.1089645592151,0.0002152513919490874,0.0002152513919490874
49843.2,0.00011030561619685653,320.10730884939505,0.00021198066019925888,0.00021198066019925888
49881.6,0.00010854433523804377,320.1056768575397,0.0002087567815267757,0.0002087567815267757
49920.0,0.00010680986409403787,320.104068268653,0.00020557913368024212,0.00020557913368024212
49958.4,0.0001051018179023844,320.10248277150794,0.00020244710185387223,0.00020244710185387223
49996.799999999996,0.00010341981692578983,320.1009200586089,0.00019936007861292947,0.00019936007861292947
50035.2,0.00010176348649010963,320.0993798261533,0.00019631746381804305,0.00019631746381804305
50073.6,0.00010013245692374023,320.0978617739937,0.000193318664550086,0.000193318664550086
50112.0,9.852636349725894e-05,320.0963656056006,0.0001903630950371868,0.0001903630950371868
50150.4,9.694484636366864e-05,320.09489102802473,0.00018745017657971963,0.00018745017657971963
50188.799999999996,9.538755049954748e-05,320.09343775186056,0.00018457933747866338,0.00018457933747866338
50227.2,9.385412564634167e-05,320.0920054912094,0.00018175001296238857,0.00018175001296238857
50265.6,9.234422625247446e-05,320.090593963643,0.0001789616451147919,0.0001789616451147919
50304.0,9.085751141653948e-05,320.08920289016766,0.0001762136828045534,0.0001762136828045534
50342.4,8.939364483022699e-05,320.08783199518774,0.00017350558161304647,0.00017350558161304647
50380.799999999996,8.795229472254737e-05,320.0864810064711,0.00017083680376584086,0.00017083680376584086
50419.2,8.653313380417853e-05,320.08514965511307,0.0001682068180617355,0.0001682068180617355
50457.6,8.513583921268394e-05,320.08383767550157,0.00016561509980381246,0.00016561509980381246
50496.0,8.376009245819263e-05,320.0825448052825,0.00016306113073105236,0.00016306113073105236
50534.4,8.24055793696295e-05,320.0812707853255,0.0001605443989506235,0.0001605443989506235
50572.799999999996,8.10719900417809e-05,320.0800153596892,0.00015806439886938505,0.00015806439886938505
50611.2,7.975901878219998e-05,320.0787782755879,0.00015562063112808515,0.00015562063112808515
50649.6,7.846636405978213e-05,320.0775592833575,0.00015321260253364994,0.00015321260253364994
50688.0,7.71937284529671e-05,320.07635813642247,0.00015083982599450467,0.00015083982599450467
50726.4,7.594081859874064e-05,320.07517459126245,0.00014850182045432264,0.00014850182045432264
50764.799999999996,7.470734514257766e-05,320.07400840737995,0.0001461981108281321,0.0001461981108281321
50803.2,7.349302268829621e-05,320.07285934726707,0.00014392822793673904,0.00014392822793673904
50841.6,7.229756974888897e-05,320.07172717637394,0.00014169170844429395,0.00014169170844429395
50880.0,7.11207086977274e-05,320.07061166307614,0.00013948809479394955,0.00013948809479394955
50918.4,6.99621657204055e-05,320.06951257864347,0.00013731693514621387,0.00013731693514621387
50956.799999999996,6.882167076715186e-05,320.068429697208,0.0001351777833157307,0.0001351777833157307
50995.2,6.769895750509992e-05,320.0673627957333,0.00013307019871064326,0.00013307019871064326
51033.6,6.659376327228083e-05,320.0663116539831,0.00013099374627061007,0.00013099374627061007
51072.0,6.550582903095951e-05,320.0652760544909,0.00012894799640650515,0.00012894799640650515
51110.4,6.443489932237369e-05,320.0642557825294,0.00012693252494079215,0.00012693252494079215
51148.799999999996,6.33807222212245e-05,320.0632506260806,0.00012494691304744933,0.00012494691304744933
51187.2,6.234304929128584e-05,320.0622603758054,0.00012299074719268014,0.00012299074719268014
51225.6,6.132163554113848e-05,320.06128482501464,0.00012106361907742118,0.00012106361907742118
51264.0,6.031623938066773e-05,320.06032376963896,0.00011916512557782821,0.00011916512557782821
51302.4,5.9326622577472324e-05,320.05937700820044,0.00011729486868924356,0.00011729486868924356
51340.799999999996,5.83525502146056e-05,320.05844434178323,0.00011545245546814232,0.00011545245546814232
51379.2,5.739379064808566e-05,320.0575255740051,0.00011363749797609948,0.00011363749797609948
51417.6,5.6450115465080913e-05,320.05662051098926,0.00011184961322375742,0.00011184961322375742
51456.0,5.552129944303635e-05,320.05572896133583,0.0001100884231150177,0.0001100884231150177
51494.4,5.4607120508303166e-05,320.0548507360944,0.0001083535543923558,0.0001083535543923558
51532.799999999996,5.370735969618914e-05,320.0539856487364,0.00010664463858236069,0.00010664463858236069
51571.2,5.282180111093788e-05,320.0531335151275,0.00010496131194149857,0.00010496131194149857
51609.6,5.1950231886187886e-05,320.05229415350067,0.0001033032154023261,0.0001033032154023261
51648.0,5.109244214591101e-05,320.0514673844293,0.00010166999452105102,0.00010166999452105102
51686.4,5.024822496616806e-05,320.05065303080073,0.00010006129942464348,0.00010006129942464348
51724.799999999996,4.941737633652738e-05,320.0498509177896,9.847678475873354e-05,9.847678475873354e-05
51763.2,4.8599695122885766e-05,320.0490608728321,9.691610963618243e-05,9.691610963618243e-05
51801.6,4.779498302982851e-05,320.04828272559973,9.5378937585766e-05,9.5378937585766e-05
51840.0,4.700304456377047e-05,320.04751630797386,9.386493650164421e-05,9.386493650164421e-05
51878.4,4.622368699696765e-05,320.0467614540202,9.237377859294297e-05,9.237377859294297e-05
51916.799999999996,4.545672033110261e-05,320.046017999964,9.090514033479576e-05,9.090514033479576e-05
51955.2,4.4701957261793424e-05,320.0452857841647,8.945870241826226e-05,8.945870241826226e-05
51993.6,4.39592131437598e-05,320.0445646470913,8.803414970170682e-05,8.803414970170682e-05
52032.0,4.322830595568749e-05,320.0438544312981,8.663117116285063e-05,8.663117116285063e-05
52070.4,4.250905626587414e-05,320.0431549814005,8.524945985104854e-05,8.524945985104854e-05
52108.799999999996,4.18012871985677e-05,320.0424661440507,8.388871283900433e-05,8.388871283900433e-05
52147.2,4.110482440014548e-05,320.04178776791423,8.254863117673185e-05,8.254863117673185e-05
52185.6,4.041949600623405e-05,320.04111970364625,8.122891984461782e-05,8.122891984461782e-05
52224.0,3.974513260859879e-05,320.0404618038684,7.992928770771983e-05,7.992928770771983e-05
52262.4,3.9081567223098705e-05,320.0398139231457,7.864944746983976e-05,7.864944746983976e-05
52300.799999999996,3.8428635257304265e-05,320.0391759179632,7.738911562804627e-05,7.738911562804627e-05
52339.2,3.778617447909171e-05,320.0385476467043,7.614801242921871e-05,7.614801242921871e-05
52377.6,3.715402498543314e-05,320.03792896962756,7.49258618245696e-05,7.49258618245696e-05
52416.0,3.653202917154175e-05,320.03731974884465,7.372239142585157e-05,7.372239142585157e-05
52454.4,3.592003170008807e-05,320.0367198482988,7.253733246302408e-05,7.253733246302408e-05
52492.799999999996,3.531787947125114e-05,320.0361291337423,7.137041973978658e-05,7.137041973978658e-05
52531.2,3.472542159276947e-05,320.0355474727157,7.022139159225576e-05,7.022139159225576e-05
52569.6,3.414250935077413e-05,320.0349747345259,6.908998984607089e-05,6.908998984607089e-05
52608.0,3.356899618055009e-05,320.0344107902257,6.797595977540787e-05,6.797595977540787e-05
52646.4,3.300473763756457e-05,320.0338555125921,6.687905006075834e-05,6.687905006075834e-05
52684.799999999996,3.244959136931226e-05,320.03330877610614,6.579901274884202e-05,6.579901274884202e-05
52723.2,3.190341708730242e-05,320.03277045693227,6.4735603211621e-05,6.4735603211621e-05
52761.6,3.136607653924201e-05,320.03224043289816,6.368858010677362e-05,6.368858010677362e-05
52800.0,3.0837433481502365e-05,320.03171858347434,6.26577053372701e-05,6.26577053372701e-05
52838.4,3.0317353652421195e-05,320.0312047897548,6.164274401308167e-05,6.164274401308167e-05
52876.799999999996,2.980570474537328e-05,320.0306989344368,6.064346441154222e-05,6.064346441154222e-05
52915.2,2.9302356382250193e-05,320.030200901802,5.965963793939425e-05,5.965963793939425e-05
52953.6,2.8807180087543592e-05,320.0297105776965,5.86910390942735e-05,5.86910390942735e-05
52992.0,2.8320049262606303e-05,320.02922784951244,5.773744542765319e-05,5.773744542765319e-05
53030.4,2.7840839159966535e-05,320.0287526061686,5.679863750689007e-05,5.679863750689007e-05
53068.799999999996,2.7369426858654934e-05,320.0282847380921,5.5874398878842446e-05,5.5874398878842446e-05
53107.2,2.6905691238891834e-05,320.02782413719984,5.496451603337597e-05,5.496451603337597e-05
53145.6,2.644951295776936e-05,320.0273706968801,5.4068778366981625e-05,5.4068778366981625e-05
53184.0,2.6000774425075715e-05,320.02692431197437,5.318697814684307e-05,5.318697814684307e-05
53222.4,2.5559359779225957e-05,320.02648487875973,5.231891047602664e-05,5.231891047602664e-05
53260.799999999996,2.5125154863903237e-05,320.0260522949311,5.146437325844692e-05,5.146437325844692e-05
53299.2,2.4698047204362845e-05,320.02562645958324,5.0623167163270835e-05,5.0623167163270835e-05
53337.6,2.4277925984730518e-05,320.02520727319404,4.979509559201672e-05,4.979509559201672e-05
53376.0,2.3864682024875023e-05,320.02479463760704,4.897996464385664e-05,4.897996464385664e-05
53414.4,2.345820775813267e-05,320.02438845601444,4.81775830821541e-05,4.81775830821541e-05
53452.799999999996,2.305839720936998e-05,320.0239886329405,4.738776230167528e-05,4.738776230167528e-05
53491.2,2.2665145972548584e-05,320.02359507422443,4.661031629490212e-05,4.661031629490212e-05
53529.6,2.227835118935625e-05,320.0232076870048,4.584506162081566e-05,4.584506162081566e-05
53568.0,2.1897911527890583e-05,320.02282637970234,4.509181737143367e-05,4.509181737143367e-05
53606.4,2.1523727161290292e-05,320.0224510620045,4.435040514104319e-05,4.435040514104319e-05
53644.799999999996,2.1155699747378232e-05,320.0220816448495,4.362064899464706e-05,4.362064899464706e-05
53683.2,2.0793732407470056e-05,320.02171804041006,4.290237543607355e-05,4.290237543607355e-05
53721.6,2.0437729706354715e-05,320.0213601620784,4.2195413377994987e-05,4.2195413377994987e-05
53760.0,2.0087597632400137e-05,320.02100792445077,4.149959411172173e-05,4.149959411172173e-05
53798.4,1.9743243577444768e-05,320.0206612433118,4.0814751275985533e-05,4.0814751275985533e-05
53836.799999999996,1.9404576317347072e-05,320.02032003562,4.0140720828530286e-05,4.0140720828530286e-05
53875.2,1.9071505992676887e-05,320.01998421949236,3.947734101556902e-05,3.947734101556902e-05
53913.6,1.874394408972641e-05,320.0196537141901,3.882445234359923e-05,3.882445234359923e-05
53952.0,1.8421803421539257e-05,320.0193284401037,3.8181897549982856e-05,3.8181897549982856e-05
53990.4,1.8104998109418633e-05,320.01900831873866,3.754952157453695e-05,3.754952157453695e-05
54028.799999999996,1.779344356463151e-05,320.0186932727011,3.692717153157345e-05,3.692717153157345e-05
54067.2,1.7487056470076872e-05,320.0183832256841,3.63146966822759e-05,3.63146966822759e-05
54105.6,1.7185754762753228e-05,320.01807810245333,3.571194840696378e-05,3.571194840696378e-05
54144.0,1.6889457615835772e-05,320.0177778288333,3.51187801773569e-05,3.51187801773569e-05
54182.4,1.6598085421179515e-05,320.01748233169405,3.453504753074876e-05,3.453504753074876e-05
54220.799999999996,1.631155977246186e-05,320.01719153893725,3.3960608042158575e-05,3.3960608042158575e-05
54259.2,1.602980344795239e-05,320.0169053794835,3.339532129951523e-05,3.339532129951523e-05
54297.6,1.575274039386863e-05,320.01662378325835,3.2839048876033925e-05,3.2839048876033925e-05
54336.0,1.5480295707803178e-05,320.01634668118004,3.2291654305737046e-05,3.2291654305737046e-05
54374.4,1.5212395622256839e-05,320.0160740051461,3.17530030572905e-05,3.17530030572905e-05
54412.799999999996,1.4948967488794166e-05,320.015805688021,3.122296250941226e-05,3.122296250941226e-05
54451.2,1.4689939762002996e-05,320.0155416636231,3.0701401925270284e-05,3.0701401925270284e-05
54489.6,1.443524198363205e-05,320.01528186671294,3.0188192429126174e-05,3.0188192429126174e-05
54528.0,1.4184804767403413e-05,320.0150262329804,2.9683206981069935e-05,2.9683206981069935e-05
54566.4,1.3938559783735888e-05,320.0147746990325,2.9186320352989946e-05,2.9186320352989946e-05
54604.799999999996,1.3696439744255806e-05,320.0145272023816,2.8697409105216622e-05,2.8697409105216622e-05
54643.2,1.345837838724875e-05,320.0142836814338,2.8216351563615295e-05,2.8216351563615295e-05
54681.6,1.3224310462862823e-05,320.0140440754766,2.7743027794994694e-05,2.7743027794994694e-05
54720.0,1.2994171718667136e-05,320.01380832466765,2.7277319585434993e-05,2.7277319585434993e-05
54758.4,1.2767898885192652e-05,320.01357637002343,2.6819110417268358e-05,2.6819110417268358e-05
54796.799999999996,1.2545429661934467e-05,320.0133481534075,2.6368285446284115e-05,2.6368285446284115e-05
54835.2,1.232670270346148e-05,320.01312361751974,2.592473148039363e-05,2.592473148039363e-05
54873.6,1.2111657605613794e-05,320.01290270588504,2.5488336957172326e-05,2.5488336957172326e-05
54912.0,1.190023489187867e-05,320.01268536284215,2.505899192196316e-05,2.505899192196316e-05
54950.4,1.16923759998906e-05,320.0124715335337,2.4636588008113564e-05,2.4636588008113564e-05
54988.799999999996,1.148802326849923e-05,320.0122611638943,2.4221018413506872e-05,2.4221018413506872e-05
55027.2,1.1287119924642733e-05,320.0120542006412,2.3812177881922166e-05,2.3812177881922166e-05
55065.6,1.1089610070487124e-05,320.0118505912629,2.340996268080089e-05,2.340996268080089e-05
55104.0,1.0895438670547864e-05,320.0116502840095,2.3014270582157517e-05,2.3014270582157517e-05
55142.4,1.0704551539468803e-05,320.01145322788204,2.2625000841356808e-05,2.2625000841356808e-05
55180.799999999996,1.051689532937485e-05,320.01125937262293,2.2242054178136747e-05,2.2242054178136747e-05
55219.2,1.0332417517881664e-05,320.0110686687055,2.1865332756284114e-05,2.1865332756284114e-05
55257.6,1.0151066396034483e-05,320.0108810673245,2.1494740164657444e-05,2.1494740164657444e-05
55296.0,9.97279105651343e-06,320.01069652038626,2.113018139787317e-05,2.113018139787317e-05
55334.4,9.797541381803109e-06,320.0105149804994,2.0771562837665507e-05,2.0771562837665507e-05
55372.799999999996,9.625268032646578e-06,320.0103364009649,2.041879223357255e-05,2.041879223357255e-05
55411.2,9.455922436818874e-06,320.0101607357669,2.007177868474532e-05,2.007177868474532e-05
55449.6,9.28945677756342e-06,320.00998793956353,1.9730432621756797e-05,1.9730432621756797e-05
55488.0,9.125823983164648e-06,320.0098179676779,1.9394665788635508e-05,1.9394665788635508e-05
55526.4,8.964977715349026e-06,320.0096507760889,1.906439122489916e-05,1.906439122489916e-05
55564.799999999996,8.806872358609103e-06,320.00948632142223,1.8739523247925085e-05,1.8739523247925085e-05
55603.2,8.651463009776462e-06,320.00932456094176,1.8419977435657627e-05,1.8419977435657627e-05
55641.6,8.498705467683847e-06,320.0091654525407,1.810567060920317e-05,1.810567060920317e-05
55680.0,8.348556222400258e-06,320.0090089547331,1.7796520816211237e-05,1.7796520816211237e-05
55718.4,8.200972445212772e-06,320.0088550266453,1.7492447313806412e-05,1.7492447313806412e-05
55756.799999999996,8.055911978608044e-06,320.00870362800765,1.7193370552306304e-05,1.7193370552306304e-05
55795.2,7.913333326431413e-06,320.0085547191462,1.6899212158714908e-05,1.6899212158714908e-05
55833.6,7.773195643690889e-06,320.0084082609744,1.6609894920440592e-05,1.6609894920440592e-05
55872.0,7.63545872753335e-06,320.0082642149852,1.632534276968777e-05,1.632534276968777e-05
55910.4,7.500083007084194e-06,320.0081225432428,1.6045480767062567e-05,1.6045480767062567e-05
55948.799999999996,7.3670295344588874e-06,320.00798320837526,1.5770235087199727e-05,1.5770235087199727e-05
55987.2,7.23625997527764e-06,320.00784617356624,1.5499533002031385e-05,1.5499533002031385e-05
56025.6,7.107736599677066e-06,320.0077114025475,1.5233302866413972e-05,1.5233302866413972e-05
56064.0,6.981422273393112e-06,320.00757885959143,1.4971474103081351e-05,1.4971474103081351e-05
56102.4,6.857280448577549e-06,320.00744850950326,1.4713977187373387e-05,1.4713977187373387e-05
56140.799999999996,6.735275155253686e-06,320.0073203176143,1.4460743633873448e-05,1.4460743633873448e-05
56179.2,6.615370992630487e-06,320.0071942497737,1.4211705980126354e-05,1.4211705980126354e-05
56217.6,6.4975331205224905e-06,320.00707027234193,1.3966797773725032e-05,1.3966797773725032e-05
56256.0,6.381727251001521e-06,320.0069483521836,1.3725953558161991e-05,1.3725953558161991e-05
56294.4,6.267919640243155e-06,320.00682845666,1.3489108858119334e-05,1.3489108858119334e-05
56332.799999999996,6.1560770801426e-06,320.0067105536228,1.3256200166892277e-05,1.3256200166892277e-05
56371.2,6.0461668903033206e-06,320.00659461140646,1.3027164931679177e-05,1.3027164931679177e-05
56409.6,5.938156910168159e-06,320.0064805988221,1.2801941541117338e-05,1.2801941541117338e-05
56448.0,5.832015491167903e-06,320.0063684851506,1.2580469311695928e-05,1.2580469311695928e-05
56486.4,5.72771148911851e-06,320.0062582401358,1.2362688474954938e-05,1.2362688474954938e-05
56524.799999999996,5.625214256352277e-06,320.0061498339784,1.2148540164234945e-05,1.2148540164234945e-05
56563.2,5.524493634416885e-06,320.00604323732887,1.1937966401988362e-05,1.1937966401988362e-05
56601.6,5.4255199466329014e-06,320.0059384212821,1.1730910088213574e-05,1.1730910088213574e-05
56640.0,5.328263990704011e-06,320.00583535737,1.1527314986306401e-05,1.1527314986306401e-05
56678.4,5.2326970316830175e-06,320.00573401755634,1.1327125712729416e-05,1.1327125712729416e-05
56716.799999999996,5.138790794813013e-06,320.00563437422977,1.113028772342487e-05,1.113028772342487e-05
56755.2,5.046517458404702e-06,320.00553640019854,1.0936747303034858e-05,1.0936747303034858e-05
56793.6,4.955849647210425e-06,320.0054400686841,1.0746451552549414e-05,1.0746451552549414e-05
56832.0,4.866760425532125e-06,320.00534535331514,1.0559348377403783e-05,1.0559348377403783e-05
56870.4,4.779223290453629e-06,320.0052522281224,1.0375386477260037e-05,1.0375386477260037e-05
56908.799999999996,4.693212165179407e-06,320.0051606675321,1.0194515332981436e-05,1.0194515332981436e-05
56947.2,4.608701392657514e-06,320.0050706463612,1.0016685197424658e-05,1.0016685197424658e-05
56985.6,4.5256657294336735e-06,320.004982139811,9.841847082414156e-06,9.841847082414156e-06
57024.0,4.444080338670263e-06,320.0048951234621,9.669952749534387e-06,9.669952749534387e-06
57062.4,4.36392078447983e-06,320.0048095732691,9.500954698563954e-06,9.500954698563954e-06
57100.799999999996,4.285163025494762e-06,320.0047254655547,9.334806157032624e-06,9.334806157032624e-06
57139.2,4.207783409076727e-06,320.0046427770049,9.171461069666088e-06,9.171461069666088e-06
57177.6,4.131758664939444e-06,320.0045614846637,9.010874088729021e-06,9.010874088729021e-06
57216.0,4.057065899642171e-06,320.0044815659277,8.853000562683788e-06,8.853000562683788e-06
57254.4,3.983682590834462e-06,320.0044029985413,8.697796527544133e-06,8.697796527544133e-06
57292.799999999996,3.911586581252116e-06,320.00432576059166,8.545218695870748e-06,8.545218695870748e-06
57331.2,3.840756073175221e-06,320.00424983050334,8.395224447114352e-06,8.395224447114352e-06
57369.6,3.771169622797124e-06,320.0041751870342,8.247771818969351e-06,8.247771818969351e-06
57408.0,3.7028061351618683e-06,320.0041018092697,8.102819496257148e-06,8.102819496257148e-06
57446.4,3.63564485842673e-06,320.004029676619,7.960326803402699e-06,7.960326803402699e-06
57484.799999999996,3.569665378462395e-06,320.0039587688096,7.820253693542402e-06,7.820253693542402e-06
57523.2,3.5048476138966218e-06,320.00388906588284,7.682560739877764e-06,7.682560739877764e-06
57561.6,3.441171810981079e-06,320.00382054818976,7.547209127253655e-06,7.547209127253655e-06
57600.0,3.3786185380667596e-06,320.00375319638607,7.414160642501376e-06,7.414160642501376e-06
