time_s,state_of_charge,outlet_temperature_c,storage_heat_mw,deliverable_power_mw
0.0,1.0,400.0,0.21071207592592592,0.21071207592592592
28.8,0.9986666666666668,400.0,0.21071207592592592,0.21071207592592592
57.6,0.9973333333333333,400.0,0.21071207592592592,0.21071207592592592
86.4,0.9960000000000001,400.0,0.21071207592592592,0.21071207592592592
115.2,0.9946666666666667,400.0,0.21071207592592592,0.21071207592592592
144.0,0.9933333333333335,400.0,0.21071207592592592,0.21071207592592592
172.8,0.9920000000000001,400.0,0.21071207592592592,0.21071207592592592
201.6,0.990666666666667,400.0,0.21071207592592592,0.21071207592592592
230.4,0.9893333333333334,400.0,0.21071207592592592,0.21071207592592592
259.2,0.9880000000000002,400.0,0.21071207592592592,0.21071207592592592
288.0,0.9866666666666668,400.0,0.21071207592592592,0.21071207592592592
316.8,0.9853333333333335,400.0,0.21071207592592592,0.21071207592592592
345.6,0.9840000000000001,400.0,0.21071207592592592,0.21071207592592592
374.40000000000003,0.9826666666666669,400.0,0.21071207592592592,0.21071207592592592
403.2,0.9813333333333335,400.0,0.21071207592592592,0.21071207592592592
432.0,0.9800000000000002,400.0,0.21071207592592592,0.21071207592592592
460.8,0.9786666666666668,400.0,0.21071207592592592,0.21071207592592592
489.6,0.9773333333333334,400.0,0.21071207592592592,0.21071207592592592
518.4,0.976,400.0,0.21071207592592592,0.21071207592592592
547.2,0.9746666666666667,400.0,0.21071207592592592,0.21071207592592592
576.0,0.9733333333333333,399.99999999999994,0.21071207592592578,0.21071207592592578
604.8000000000001,0.9720000000000001,399.99999999999994,0.21071207592592578,0.21071207592592578
633.6,0.9706666666666667,399.99999999999994,0.21071207592592578,0.21071207592592578
662.4,0.9693333333333334,399.99999999999994,0.21071207592592578,0.21071207592592578
691.2,0.9680000000000002,399.9999999999999,0.21071207592592564,0.21071207592592564
720.0,0.9666666666666668,399.99999999999983,0.21071207592592547,0.21071207592592547
748.8000000000001,0.9653333333333334,399.99999999999983,0.21071207592592547,0.21071207592592547
777.6,0.9640000000000001,399.99999999999966,0.21071207592592503,0.21071207592592503
806.4,0.9626666666666667,399.99999999999955,0.21071207592592472,0.21071207592592472
835.2,0.9613333333333333,399.9999999999993,0.21071207592592414,0.21071207592592414
864.0,0.96,399.9999999999991,0.21071207592592353,0.21071207592592353
892.8000000000001,0.9586666666666666,399.99999999999886,0.21071207592592292,0.21071207592592292
921.6,0.9573333333333331,399.9999999999986,0.2107120759259222,0.2107120759259222
950.4,0.956,399.9999999999981,0.21071207592592098,0.21071207592592098
979.2,0.9546666666666667,399.9999999999975,0.21071207592591934,0.21071207592591934
1008.0,0.9533333333333335,399.9999999999969,0.21071207592591767,0.21071207592591767
1036.8,0.9520000000000001,399.999999999996,0.21071207592591545,0.21071207592591545
1065.6000000000001,0.9506666666666669,399.999999999995,0.21071207592591276,0.21071207592591276
1094.4,0.9493333333333337,399.99999999999375,0.21071207592590946,0.21071207592590946
1123.2,0.9480000000000004,399.99999999999216,0.21071207592590527,0.21071207592590527
1152.0,0.9466666666666672,399.99999999999017,0.21071207592590002,0.21071207592590002
1180.8,0.945333333333334,399.9999999999878,0.21071207592589372,0.21071207592589372
1209.6000000000001,0.9440000000000008,399.999999999985,0.2107120759258864,0.2107120759258864
1238.4,0.942666666666668,399.9999999999815,0.21071207592587726,0.21071207592587726
1267.2,0.941333333333335,399.9999999999774,0.21071207592586635,0.21071207592586635
1296.0,0.9400000000000022,399.99999999997243,0.2107120759258533,0.2107120759258533
1324.8,0.9386666666666694,399.99999999996635,0.2107120759258373,0.2107120759258373
1353.6000000000001,0.9373333333333368,399.9999999999592,0.21071207592581845,0.21071207592581845
1382.4,0.9360000000000044,399.9999999999505,0.21071207592579552,0.21071207592579552
1411.2,0.934666666666672,399.99999999994026,0.2107120759257686,0.2107120759257686
1440.0,0.93333333333334,399.99999999992804,0.2107120759257364,0.2107120759257364
1468.8,0.9320000000000078,399.9999999999136,0.21071207592569835,0.21071207592569835
1497.6000000000001,0.9306666666666765,399.9999999998965,0.21071207592565327,0.21071207592565327
1526.4,0.929333333333345,399.9999999998762,0.21071207592559985,0.21071207592559985
1555.2,0.9280000000000141,399.9999999998523,0.21071207592553695,0.21071207592553695
1584.0,0.926666666666684,399.9999999998244,0.21071207592546343,0.21071207592546343
1612.8,0.9253333333333541,399.9999999997915,0.21071207592537677,0.21071207592537677
1641.6000000000001,0.9240000000000249,399.999999999753,0.21071207592527538,0.21071207592527538
1670.4,0.9226666666666965,399.99999999970805,0.21071207592515698,0.21071207592515698
1699.2,0.9213333333333689,399.9999999996556,0.21071207592501878,0.21071207592501878
1728.0,0.9200000000000421,399.9999999995945,0.21071207592485783,0.21071207592485783
1756.8,0.9186666666667167,399.99999999952354,0.21071207592467098,0.21071207592467098
1785.6000000000001,0.9173333333333927,399.99999999944106,0.21071207592445373,0.21071207592445373
1814.4,0.9160000000000702,399.9999999993457,0.21071207592420252,0.21071207592420252
1843.2,0.9146666666667497,399.9999999992353,0.21071207592391172,0.21071207592391172
1872.0,0.9133333333334313,399.9999999991079,0.21071207592357621,0.21071207592357621
1900.8,0.9120000000001154,399.999999998961,0.21071207592318936,0.21071207592318936
1929.6000000000001,0.9106666666668022,399.999999998792,0.21071207592274424,0.21071207592274424
1958.4,0.9093333333334921,399.99999999859784,0.2107120759222328,0.2107120759222328
1987.2,0.9080000000001857,399.999999998375,0.21071207592164587,0.21071207592164587
2016.0,0.9066666666668838,399.9999999981196,0.2107120759209732,0.2107120759209732
2044.8,0.9053333333335867,399.9999999978274,0.2107120759202035,0.2107120759202035
2073.6,0.9040000000002951,399.99999999749355,0.21071207591932417,0.21071207591932417
2102.4,0.9026666666670098,399.99999999711264,0.21071207591832092,0.21071207591832092
2131.2000000000003,0.9013333333337319,399.9999999966785,0.21071207591717747,0.21071207591717747
2160.0,0.900000000000462,399.9999999961846,0.21071207591587657,0.21071207591587657
2188.8,0.8986666666672017,399.9999999956232,0.21071207591439794,0.21071207591439794
2217.6,0.897333333333952,399.9999999949859,0.21071207591271926,0.21071207591271926
2246.4,0.8960000000007143,399.99999999426336,0.2107120759108162,0.2107120759108162
2275.2000000000003,0.8946666666674903,399.99999999344516,0.21071207590866112,0.21071207590866112
2304.0,0.8933333333342816,399.9999999925198,0.21071207590622382,0.21071207590622382
2332.8,0.8920000000010904,399.9999999914744,0.21071207590347033,0.21071207590347033
2361.6,0.8906666666679187,399.9999999902948,0.21071207590036337,0.21071207590036337
2390.4,0.8893333333347692,399.99999998896516,0.21071207589686122,0.21071207589686122
2419.2000000000003,0.8880000000016449,399.9999999874681,0.21071207589291807,0.21071207589291807
2448.0,0.8866666666685484,399.99999998578437,0.21071207588848337,0.21071207588848337
2476.8,0.8853333333354834,399.99999998389274,0.21071207588350097,0.21071207588350097
2505.6,0.8840000000024539,399.99999998176963,0.21071207587790894,0.21071207587790894
2534.4,0.8826666666694643,399.9999999793894,0.21071207587163956,0.21071207587163956
2563.2000000000003,0.8813333333365186,399.9999999767234,0.2107120758646177,0.2107120758646177
2592.0,0.8800000000036232,399.99999997374044,0.21071207585676088,0.21071207585676088
2620.8,0.8786666666707833,399.9999999704059,0.21071207584797796,0.21071207584797796
2649.6,0.877333333338005,399.999999966682,0.2107120758381697,0.2107120758381697
2678.4,0.8760000000052962,399.99999996252734,0.21071207582722665,0.21071207582722665
2707.2000000000003,0.8746666666726647,399.99999995789625,0.21071207581502882,0.21071207581502882
2736.0,0.8733333333401191,399.9999999527389,0.21071207580144488,0.21071207580144488
2764.8,0.8720000000076691,399.99999994700056,0.21071207578633064,0.21071207578633064
2793.6,0.8706666666753253,399.99999994062165,0.21071207576952924,0.21071207576952924
2822.4,0.8693333333430998,399.9999999335366,0.21071207575086798,0.21071207575086798
2851.2000000000003,0.8680000000110052,399.9999999256743,0.21071207573015932,0.21071207573015932
2880.0,0.8666666666790562,399.99999991695654,0.2107120757071977,0.2107120757071977
2908.8,0.8653333333472676,399.99999990729856,0.2107120756817595,0.2107120756817595
2937.6,0.8640000000156578,399.9999998966076,0.21071207565360064,0.21071207565360064
2966.4,0.8626666666842445,399.99999988478294,0.21071207562245559,0.21071207562245559
2995.2000000000003,0.8613333333530493,399.9999998717147,0.21071207558803515,0.21071207558803515
3024.0,0.8600000000220948,399.99999985728346,0.2107120755500247,0.2107120755500247
3052.8,0.8586666666914053,399.99999984135945,0.21071207550808244,0.21071207550808244
3081.6,0.8573333333610088,399.99999982380166,0.21071207546183693,0.21071207546183693
3110.4,0.8560000000309343,399.9999998044571,0.2107120754108853,0.2107120754108853
3139.2000000000003,0.8546666667012149,399.99999978315986,0.2107120753547905,0.2107120753547905
3168.0,0.853333333371886,399.9999997597299,0.2107120752930783,0.2107120752930783
3196.8,0.8520000000429864,399.9999997339725,0.21071207522523588,0.21071207522523588
3225.6,0.8506666667145585,399.99999970567654,0.21071207515070708,0.21071207515070708
3254.4,0.8493333333866483,399.9999996746137,0.2107120750688907,0.2107120750688907
3283.2000000000003,0.848000000059306,399.9999996405373,0.21071207497913672,0.21071207497913672
3312.0,0.8466666667325863,399.99999960318047,0.2107120748807426,0.2107120748807426
3340.8,0.8453333334065485,399.99999956225514,0.21071207477294934,0.21071207477294934
3369.6,0.8440000000812578,399.99999951745053,0.2107120746549384,0.2107120746549384
3398.4,0.8426666667567838,399.9999994684312,0.2107120745258264,0.2107120745258264
3427.2000000000003,0.8413333334332034,399.9999994148356,0.21071207438466086,0.21071207438466086
3456.0,0.8400000001105988,399.9999993562743,0.21071207423041624,0.21071207423041624
3484.8,0.8386666667890601,399.99999929232786,0.2107120740619876,0.2107120740619876
3513.6,0.8373333334686842,399.9999992225448,0.21071207387818588,0.21071207387818588
3542.4,0.8360000001495771,399.99999914643956,0.2107120736777323,0.2107120736777323
3571.2000000000003,0.8346666668318522,399.9999990634903,0.21071207345925214,0.21071207345925214
3600.0,0.8333333335156332,399.9999989731363,0.2107120732212687,0.2107120732212687
3628.8,0.8320000002010536,399.99999887477514,0.21071207296219513,0.21071207296219513
3657.6,0.8306666668882576,399.99999876776064,0.21071207268032952,0.21071207268032952
3686.4,0.8293333335774009,399.9999986513993,0.21071207237384532,0.21071207237384532
3715.2000000000003,0.8280000002686518,399.9999985249478,0.2107120720407845,0.2107120720407845
3744.0,0.8266666669621915,399.9999983876094,0.21071207167904885,0.21071207167904885
3772.8,0.8253333336582159,399.9999982385309,0.2107120712863908,0.2107120712863908
3801.6,0.824000000356936,399.99999807679893,0.2107120708604048,0.2107120708604048
3830.4,0.8226666670585786,399.9999979014358,0.21071207039851567,0.21071207039851567
3859.2000000000003,0.8213333337633886,399.9999977113964,0.21071206989797076,0.21071206989797076
3888.0,0.8200000004716294,399.9999975055632,0.2107120693558265,0.2107120693558265
3916.8,0.8186666671835837,399.9999972827424,0.2107120687689386,0.2107120687689386
3945.6,0.8173333338995561,399.99999704165884,0.21071206813394835,0.21071206813394835
3974.4,0.8160000006198734,399.9999967809514,0.21071206744727072,0.21071206744727072
4003.2000000000003,0.8146666673448875,399.999996499168,0.21071206670508116,0.21071206670508116
4032.0,0.8133333340749747,399.99999619475983,0.21071206590330024,0.21071206590330024
4060.8,0.81200000081054,399.99999586607623,0.21071206503758022,0.21071206503758022
4089.6,0.8106666675520174,399.999995511358,0.21071206410328752,0.21071206410328752
4118.400000000001,0.8093333342998719,399.9999951287318,0.21071206309548807,0.21071206309548807
4147.2,0.8080000010546017,399.9999947162035,0.21071206200892934,0.21071206200892934
4176.0,0.8066666678167409,399.9999942716508,0.21071206083802152,0.21071206083802152
4204.8,0.8053333345868606,399.99999379281684,0.21071205957682032,0.21071205957682032
4233.6,0.8040000013655721,399.99999327730177,0.21071205821900468,0.21071205821900468
4262.400000000001,0.8026666681535295,399.9999927225556,0.2107120567578582,0.2107120567578582
4291.2,0.8013333349514317,399.99999212586937,0.2107120551862458,0.2107120551862458
4320.0,0.8000000017600256,399.99999148436655,0.2107120534965909,0.2107120534965909
4348.8,0.798666668580109,399.99999079499423,0.21071205168085252,0.21071205168085252
4377.6,0.7973333354125338,399.9999900545133,0.21071204973049912,0.21071204973049912
4406.400000000001,0.7960000022582088,399.9999892594888,0.21071204763648332,0.21071204763648332
4435.2,0.7946666691181042,399.99998840627904,0.21071204538921331,0.21071204538921331
4464.0,0.7933333359932537,399.9999874910251,0.21071204297852503,0.21071204297852503
4492.8,0.7920000028847598,399.99998650963954,0.2107120403936527,0.2107120403936527
4521.6,0.7906666697937965,399.9999854577944,0.21071203762319687,0.21071203762319687
4550.400000000001,0.7893333367216148,399.9999843309086,0.21071203465509122,0.21071203465509122
4579.2,0.7880000036695459,399.9999831241353,0.21071203147656994,0.21071203147656994
4608.0,0.7866666706390066,399.9999818323485,0.21071202807413145,0.21071202807413145
4636.8,0.7853333376315046,399.9999804501285,0.21071202443350076,0.21071202443350076
4665.6,0.7840000046486422,399.999978971748,0.2107120205395931,0.2107120205395931
4694.400000000001,0.7826666716921227,399.999977391156,0.21071201637647025,0.21071201637647025
4723.2,0.7813333387637567,399.99997570196257,0.21071201192730207,0.21071201192730207
4752.0,0.7800000058654664,399.9999738974219,0.21071200717432073,0.21071200717432073
4780.8,0.7786666729992926,399.9999719704152,0.21071200209877586,0.21071200209877586
4809.6,0.777333340167402,399.9999699134328,0.21071199668088797,0.21071199668088797
4838.400000000001,0.7760000073720927,399.9999677185552,0.21071199089979778,0.21071199089979778
4867.2,0.7746666746158023,399.9999653774341,0.2107119847335167,0.2107119847335167
4896.0,0.7733333419011142,399.99996288127187,0.2107119781588727,0.2107119781588727
4924.8,0.7720000092307676,399.9999602208008,0.2107119711514554,0.2107119711514554
4953.6,0.7706666766076635,399.999957386261,0.21071196368555825,0.21071196368555825
4982.400000000001,0.7693333440348737,399.99995436737834,0.2107119557341204,0.2107119557341204
5011.2,0.7680000115156513,399.9999511533402,0.2107119472686623,0.2107119472686623
5040.0,0.7666666790534383,399.99994773277183,0.21071193825922405,0.21071193825922405
5068.8,0.7653333466518764,399.9999440937105,0.21071192867429694,0.21071192867429694
5097.6,0.7640000143148169,399.9999402235796,0.21071191848075546,0.21071191848075546
5126.400000000001,0.7626666820463307,399.9999361091613,0.21071190764378522,0.21071190764378522
5155.2,0.7613333498507213,399.99993173656827,0.2107118961268083,0.2107118961268083
5184.0,0.7600000177325344,399.99992709121466,0.21071188389140702,0.21071188389140702
5212.8,0.7586666856965715,399.9999221577857,0.21071187089724383,0.21071187089724383
5241.6,0.7573333537479013,399.99991692020626,0.21071185710197834,0.21071185710197834
5270.400000000001,0.7560000218918744,399.99991136160867,0.21071184246118288,0.21071184246118288
5299.2,0.7546666901341361,399.999905464299,0.21071182692825333,0.21071182692825333
5328.0,0.7533333584806408,399.9998992097219,0.21071181045431675,0.21071181045431675
5356.8,0.752000026937667,399.99989257842554,0.21071179298813902,0.21071179298813902
5385.6,0.7506666955118332,399.9998855500237,0.2107117744760247,0.2107117744760247
5414.400000000001,0.749333364210114,399.99987810315736,0.21071175486171642,0.21071175486171642
5443.2,0.7480000330398563,399.99987021545564,0.21071173408629137,0.21071173408629137
5472.0,0.7466667020087978,399.9998618634942,0.21071171208805212,0.21071171208805212
5500.8,0.7453333711250856,399.99985302275275,0.2107116888024149,0.2107116888024149
5529.6,0.7440000403972926,399.99984366757207,0.21071166416179563,0.21071166416179563
5558.400000000001,0.7426667098344406,399.99983377110806,0.21071163809548968,0.21071163809548968
5587.2,0.7413333794460193,399.9998233052856,0.21071161052954995,0.21071161052954995
5616.0,0.7400000492420069,399.9998122407504,0.21071158138666013,0.21071158138666013
5644.8,0.7386667192328931,399.99980054681924,0.21071155058600383,0.21071155058600383
5673.6,0.7373333894297025,399.99978819142933,0.21071151804313062,0.21071151804313062
5702.400000000001,0.7360000598440178,399.99977514108514,0.21071148366981665,0.21071148366981665
5731.2,0.7346667304880043,399.99976136080437,0.21071144737392208,0.21071144737392208
5760.0,0.7333334013744367,399.9997468140622,0.21071140905924401,0.21071140905924401
5788.8,0.7320000725167245,399.99973146273317,0.21071136862536394,0.21071136862536394
5817.6,0.7306667439289407,399.99971526703257,0.21071132596749276,0.21071132596749276
5846.400000000001,0.7293334156258497,399.99969818545514,0.21071128097630978,0.21071128097630978
5875.2,0.7280000876229379,399.999680174712,0.21071123353779636,0.21071123353779636
5904.0,0.7266667599364434,399.9996611896667,0.21071118353306753,0.21071118353306753
5932.8,0.725333432583389,399.9996411832681,0.2107111308381953,0.2107111308381953
5961.6,0.7240001055816142,399.9996201064828,0.21071107532403038,0.21071107532403038
5990.400000000001,0.7226667789498106,399.9995979082242,0.210711016856016,0.210711016856016
6019.2,0.7213334527075559,399.99957453528106,0.21071095529399891,0.21071095529399891
6048.0,0.7200001268753518,399.9995499322429,0.21071089049203343,0.21071089049203343
6076.8,0.7186668014746614,399.99952404142437,0.21071082229818186,0.21071082229818186
6105.6,0.7173334765279482,399.99949680278655,0.21071075055430785,0.21071075055430785
6134.400000000001,0.7160001520587174,399.99946815385715,0.21071067509586552,0.21071067509586552
6163.2,0.7146668280915565,399.9994380296483,0.21071059575168316,0.21071059575168316
6192.0,0.7133335046521804,399.99940636257173,0.21071051234374022,0.21071051234374022
6220.8,0.7120001817674746,399.99937308235235,0.2107104246869388,0.2107104246869388
6249.6,0.7106668594655423,399.99933811593945,0.21071033258887065,0.21071033258887065
6278.400000000001,0.7093335377757519,399.99930138741564,0.21071023584957693,0.21071023584957693
6307.2,0.708000216728787,399.9992628179037,0.2107101342613028,0.2107101342613028
6336.0,0.7066668963566958,399.9992223254706,0.21071002760824492,0.21071002760824492
6364.8,0.7053335766929452,399.99917982502984,0.2107099156662936,0.2107099156662936
6393.6,0.7040002577724747,399.9991352282414,0.21070979820277028,0.21070979820277028
6422.400000000001,0.7026669396317511,399.9990884434085,0.2107096749761544,0.2107096749761544
6451.2,0.7013336223088282,399.9990393753729,0.21070954573580888,0.21070954573580888
6480.0,0.7000003058434049,399.9989879254072,0.21070941022169545,0.21070941022169545
6508.8,0.6986669902768863,399.99893399110516,0.2107092681640861,0.2107092681640861
6537.6,0.6973336756524485,399.99887746626854,0.21070911928326527,0.21070911928326527
6566.400000000001,0.6960003620151018,399.99881824079273,0.21070896328922833,0.21070896328922833
6595.2,0.6946670494117595,399.9987562005488,0.21070879988137103,0.21070879988137103
6624.0,0.693333737891305,399.99869122726324,0.21070862874817245,0.21070862874817245
6652.8,0.6920004275046652,399.9986231983953,0.21070844956687265,0.21070844956687265
6681.6,0.6906671183048817,399.9985519870115,0.2107082620031413,0.2107082620031413
6710.400000000001,0.6893338103471874,399.99847746165767,0.21070806571074108,0.21070806571074108
6739.2,0.6880005036890836,399.99839948622804,0.21070786033118294,0.21070786033118294
6768.0,0.6866671983904197,399.99831791983155,0.21070764549337384,0.21070764549337384
6796.8,0.6853338945134754,399.9982326166561,0.210707420813259,0.210707420813259
6825.6,0.684000592123045,399.9981434258289,0.21070718589345466,0.21070718589345466
6854.400000000001,0.6826672912865238,399.99805019127575,0.21070694032287662,0.21070694032287662
6883.2,0.6813339920739975,399.9979527515754,0.21070668367635736,0.21070668367635736
6912.0,0.6800006945583339,399.99785093981274,0.2107064155142591,0.2107064155142591
6940.8,0.6786673988152769,399.99774458342887,0.21070613538207866,0.21070613538207866
6969.6,0.6773341049235425,399.9976335040676,0.21070584281004362,0.21070584281004362
6998.400000000001,0.6760008129649189,399.9975175174201,0.2107055373127026,0.2107055373127026
7027.2,0.6746675230243677,399.9973964330655,0.21070521838850614,0.21070521838850614
7056.0,0.6733342351901292,399.99727005430987,0.21070488551938177,0.21070488551938177
7084.8,0.6720009495538288,399.99713817802154,0.2107045381703008,0.2107045381703008
7113.6,0.6706676662105879,399.99700059446377,0.2107041757888374,0.2107041757888374
7142.400000000001,0.6693343852591358,399.99685708712406,0.21070379780471912,0.21070379780471912
7171.2,0.6680011068019267,399.99670743254137,0.21070340362937176,0.21070340362937176
7200.0,0.666667830945258,399.99655140012965,0.21070299265545445,0.21070299265545445
7228.8,0.6653345577993914,399.9963887519989,0.21070256425638847,0.21070256425638847
7257.6,0.6640012874786786,399.99621924277284,0.21070211778587708,0.21070211778587708
7286.400000000001,0.6626680201016887,399.9960426194046,0.21070165257741982,0.21070165257741982
7315.2,0.6613347557913387,399.9958586209879,0.21070116794381552,0.21070116794381552
7344.0,0.6600014946750291,399.99566697856704,0.2107006631766613,0.2107006631766613
7372.8,0.6586682368847802,399.9954674149423,0.21070013754584072,0.21070013754584072
7401.6,0.6573349825573724,399.995259644474,0.21069959029900703,0.21069959029900703
7430.400000000001,0.656001731834491,399.9950433728823,0.21069902066105647,0.21069902066105647
7459.2,0.6546684848628737,399.9948182970448,0.21069842783359438,0.21069842783359438
7488.0,0.6533352417944605,399.9945841047913,0.21069781099439558,0.21069781099439558
7516.8,0.6520020027865489,399.9943404746948,0.21069716929685328,0.21069716929685328
7545.6,0.6506687680019511,399.994087075861,0.2106965018694244,0.2106965018694244
7574.400000000001,0.649335537609156,399.9938235677137,0.2106958078150652,0.2106958078150652
7603.2,0.6480023117824932,399.99354959977757,0.21069508621065816,0.21069508621065816
7632.0,0.6466690907023022,399.99326481145897,0.2106943361064355,0.2106943361064355
7660.8,0.6453358745551051,399.9929688318228,0.21069355652539087,0.21069355652539087
7689.6,0.6440026635337821,399.99266127936716,0.21069274646268607,0.21069274646268607
7718.400000000001,0.6426694578377523,399.99234176179505,0.21069190488504969,0.21069190488504969
7747.2,0.6413362576731559,399.99200987578376,0.21069103073016957,0.21069103073016957
7776.0,0.6400030632530435,399.99166520675027,0.2106901229060751,0.2106901229060751
7804.8,0.6386698747975664,399.9913073286159,0.21068918029051736,0.21068918029051736
7833.6,0.6373366925341738,399.9909358035664,0.21068820173033687,0.21068820173033687
7862.400000000001,0.6360035166978102,399.9905501818107,0.21068718604082856,0.21068718604082856
7891.2,0.6346703475311212,399.9901500013363,0.21068613200509723,0.21068613200509723
7920.0,0.6333371852846601,399.98973478766266,0.21068503837340813,0.21068503837340813
7948.8,0.6320040302171002,399.98930405359164,0.2106839038625297,0.2106839038625297
7977.6,0.6306708825954509,399.98885729895545,0.21068272715506944,0.21068272715506944
8006.400000000001,0.6293377426952783,399.9883940103629,0.21068150689880588,0.21068150689880588
8035.2,0.6280046108009292,399.9879136609419,0.21068024170600996,0.21068024170600996
8064.0,0.6266714872057612,399.9874157100811,0.21067893015276512,0.21067893015276512
8092.8,0.6253383722123751,399.986899603168,0.21067757077827692,0.21067757077827692
8121.6,0.6240052661328529,399.98636477132584,0.21067616208418022,0.21067616208418022
8150.400000000001,0.6226721692890006,399.9858106311473,0.21067470253383797,0.21067470253383797
8179.2,0.6213390820125934,399.9852365844268,0.21067319055163608,0.21067319055163608
8208.0,0.6200060046456284,399.9846420178908,0.21067162452227262,0.21067162452227262
8236.800000000001,0.6186729375405797,399.984026302925,0.21067000279003978,0.21067000279003978
8265.6,0.617339881060658,399.9833887953011,0.21066832365810423,0.21066832365810423
8294.4,0.6160068355800765,399.9827288349007,0.21066658538777921,0.21066658538777921
8323.2,0.614673801484319,399.98204574543723,0.21066478619779314,0.21066478619779314
8352.0,0.613340779170416,399.98133883417705,0.21066292426355404,0.21066292426355404
8380.800000000001,0.6120077690472219,399.98060739165794,0.21066099771640875,0.21066099771640875
8409.6,0.6106747715356984,399.9798506914064,0.21065900464289805,0.21065900464289805
8438.4,0.6093417870692042,399.9790679896535,0.21065694308400829,0.21065694308400829
8467.2,0.6080088160937867,399.9782585250489,0.2106548110344179,0.2106548110344179
8496.0,0.6066758590684804,399.97742151837406,0.21065260644174272,0.21065260644174272
8524.800000000001,0.6053429164656097,399.9765561722534,0.21065032720577428,0.21065032720577428
8553.6,0.6040099887710951,399.9756616708649,0.2106479711777181,0.2106479711777181
8582.4,0.6026770764847676,399.9747371796492,0.21064553615942766,0.21064553615942766
8611.2,0.601344180120684,399.9737818450181,0.21064301990263612,0.21064301990263612
8640.0,0.6000113002074496,399.9727947940614,0.21064042010818443,0.21064042010818443
8668.800000000001,0.5986784372885454,399.9717751342534,0.21063773442524847,0.21063773442524847
8697.6,0.5973455919226593,399.97072195315883,0.21063496045056393,0.21063496045056393
8726.4,0.5960127646840238,399.9696343181375,0.21063209572764896,0.21063209572764896
8755.2,0.5946799561627564,399.96851127604856,0.2106291377460251,0.2106291377460251
8784.0,0.593347166965207,399.9673518529548,0.210626083940438,0.210626083940438
8812.800000000001,0.59201439771431,399.9661550538259,0.2106229316900766,0.2106229316900766
8841.6,0.5906816490499391,399.9649198622422,0.21061967831779202,0.21061967831779202
8870.4,0.5893489216292709,399.9636452400973,0.2106163210893149,0.2106163210893149
8899.2,0.588016216127149,399.9623301273015,0.21061285721247394,0.21061285721247394
8928.0,0.5866835332364577,399.9609734414849,0.2106092838364139,0.2106092838364139
8956.800000000001,0.585350873668496,399.9595740777007,0.21060559805081466,0.21060559805081466
8985.6,0.5840182381533606,399.958130908129,0.21060179688511008,0.21060179688511008
9014.4,0.582685627440331,399.95664278178106,0.21059787730770982,0.21059787730770982
9043.2,0.5813530422982608,399.95510852420324,0.21059383622521952,0.21059383622521952
9072.0,0.5800204835159746,399.95352693718286,0.21058967048166546,0.21058967048166546
9100.800000000001,0.578687951902667,399.9518967984542,0.21058537685772089,0.21058537685772089
9129.6,0.5773554482883102,399.95021686140507,0.21058095206993285,0.21058095206993285
9158.4,0.5760229735240638,399.94848585478496,0.2105763927699533,0.2105763927699533
9187.2,0.5746905284826903,399.94670248241425,0.21057169554377353,0.21057169554377353
9216.0,0.5733581140589754,399.9448654228944,0.2105668569109607,0.2105668569109607
9244.800000000001,0.5720257311701532,399.94297332931944,0.2105618733238979,0.2105618733238979
9273.6,0.5706933807563367,399.94102482899007,0.21055674116703105,0.21055674116703105
9302.4,0.5693610637809512,399.9390185231276,0.21055145675611572,0.21055145675611572
9331.2,0.5680287812311746,399.93695298659173,0.2105460163374736,0.2105460163374736
9360.0,0.5666965341183815,399.9348267675984,0.21054041608724913,0.21054041608724913
9388.800000000001,0.5653643234785908,399.93263838744105,0.21053465211067574,0.21053465211067574
9417.6,0.5640321503729206,399.93038634021343,0.21052872044134557,0.21052872044134557
9446.4,0.562700015888045,399.92806909253505,0.21052261704048625,0.21052261704048625
9475.2,0.5613679211366568,399.92568508327867,0.21051633779624326,0.21051633779624326
9504.0,0.5600358672579351,399.9232327233013,0.21050987852297134,0.21050987852297134
9532.800000000001,0.5587038554180157,399.92071039517697,0.21050323496053083,0.21050323496053083
9561.6,0.5573718868104668,399.91811645293285,0.21049640277359222,0.21049640277359222
9590.4,0.5560399626567704,399.915449221789,0.21048937755095104,0.21048937755095104
9619.2,0.5547080842068053,399.9127069978999,0.2104821548048469,0.2104821548048469
9648.0,0.5533762527393371,399.90988804810087,0.21047472997029587,0.21047472997029587
9676.800000000001,0.5520444695625094,399.9069906096572,0.21046709840442926,0.21046709840442926
9705.6,0.5507127360143426,399.90401289001676,0.2104592553858422,0.2104592553858422
9734.4,0.549381053463233,399.9009530665669,0.2104511961139536,0.2104511961139536
9763.2,0.54804942330846,399.8978092863951,0.21044291570837542,0.21044291570837542
9792.0,0.5467178469806925,399.89457966605346,0.21043440920829243,0.21043440920829243
9820.800000000001,0.5453863259425036,399.8912622913277,0.21042567157185374,0.21042567157185374
9849.6,0.5440548616888867,399.88785521701067,0.2104166976755766,0.2104166976755766
9878.4,0.5427234557477754,399.88435646667995,0.21040748231375997,0.21040748231375997
9907.2,0.5413921096805674,399.8807640324808,0.21039802019791332,0.21039802019791332
9936.0,0.5400608250826521,399.8770758749126,0.21038830595619407,0.21038830595619407
9964.800000000001,0.5387296035839418,399.8732899226223,0.21037833413286353,0.21037833413286353
9993.6,0.5373984468494052,399.86940407220146,0.21036809918775215,0.21036809918775215
10022.4,0.5360673565796052,399.8654161879888,0.21035759549573957,0.21035759549573957
10051.2,0.5347363345112406,399.8613241018787,0.2103468173462506,0.2103468173462506
10080.0,0.5334053824176883,399.8571256131348,0.21033575894276338,0.21033575894276338
10108.800000000001,0.5320745021095515,399.85281848820983,0.21032441440233565,0.21032441440233565
10137.6,0.5307436954352087,399.84840046057053,0.21031277775514348,0.21031277775514348
10166.4,0.5294129642813666,399.8438692305295,0.2103008429440379,0.2103008429440379
10195.2,0.5280823105736152,399.83922246508257,0.21028860382411713,0.21028860382411713
10224.0,0.526751736276986,399.83445779775303,0.21027605416231582,0.21027605416231582
10252.800000000001,0.525421243396512,399.8295728284413,0.2102631876370095,0.2102631876370095
10281.6,0.5240908339777907,399.8245651232829,0.21024999783764012,0.21024999783764012
10310.4,0.5227605101075488,399.8194322145119,0.2102364782643566,0.2102364782643566
10339.2,0.5214302739142099,399.8141716003307,0.2102226223276721,0.2102226223276721
10368.0,0.5201001275684636,399.80878074478943,0.21020842334814557,0.21020842334814557
10396.800000000001,0.5187700732838357,399.80325707766934,0.2101938745560756,0.2101938745560756
10425.6,0.5174401133172628,399.797597994376,0.21017896909121844,0.21017896909121844
10454.4,0.5161102499696656,399.7918008558387,0.21016370000252302,0.21016370000252302
10483.2,0.5147804855865253,399.7858629884174,0.21014806024788668,0.21014806024788668
10512.0,0.5134508225584618,399.77978168381856,0.21013204269393213,0.21013204269393213
10540.800000000001,0.5121212633218114,399.7735541990173,0.21011564011580383,0.21011564011580383
10569.6,0.5107918103592082,399.76717775618926,0.21009884519698724,0.21009884519698724
10598.4,0.5094624662001641,399.76064954264893,0.21008165052914765,0.21008165052914765
10627.2,0.5081332334216507,399.75396671079704,0.21006404861199043,0.21006404861199043
10656.0,0.5068041146486828,399.747126378077,0.2100460318531471,0.2100460318531471
10684.800000000001,0.5054751125549005,399.74012562693855,0.21002759256807935,0.21002759256807935
10713.6,0.5041462298631537,399.73296150481127,0.21000872298000903,0.21000872298000903
10742.4,0.5028174693460856,399.72563102408617,0.20998941521987002,0.20998941521987002
10771.2,0.5014888338267172,399.7181311621058,0.20996966132628203,0.20996966132628203
10800.0,0.5001603261790311,399.71045886116485,0.20994945324555206,0.20994945324555206
10828.800000000001,0.4988319493285559,399.7026110285185,0.20992878283169664,0.20992878283169664
10857.6,0.4975037062529492,399.69458453640027,0.2099076418464887,0.2099076418464887
10886.4,0.4961755999825817,399.6863762220501,0.20988602195953152,0.20988602195953152
10915.2,0.4948476336011193,399.6779828877506,0.20986391474835414,0.20986391474835414
10944.0,0.49351981024610464,399.669401300874,0.20984131169853523,0.20984131169853523
10972.800000000001,0.4921921331095391,399.66062819393795,0.2098182042038501,0.2098182042038501
11001.6,0.4908646054384612,399.65166026467205,0.20979458356644543,0.20979458356644543
11030.4,0.4895372305355264,399.6424941760931,0.2097704409970381,0.2097704409970381
11059.2,0.48821001175958334,399.63312655659126,0.20974576761514158,0.20974576761514158
11088.0,0.4868829525262495,399.62355400002593,0.20972055444931909,0.20972055444931909
11116.800000000001,0.4855560563084857,399.6137730658318,0.2096947924374624,0.2096947924374624
11145.6,0.48422932663716667,399.60378027913544,0.2096684724270989,0.2096684724270989
11174.4,0.482902767101652,399.59357213088134,0.20964158517572415,0.20964158517572415
11203.2,0.4815763813503524,399.58314507796985,0.2096141213511645,0.2096141213511645
11232.0,0.48025017309129575,399.5724955434042,0.2095860715319649,0.2095860715319649
11260.800000000001,0.4789241460926883,399.5616199164489,0.20955742620780546,0.20955742620780546
11289.6,0.47759830418347504,399.55051455279863,0.20952817577994726,0.20952817577994726
11318.4,0.4762726512538957,399.53917577475767,0.20949831056170382,0.20949831056170382
11347.2,0.47494719125603857,399.52759987143037,0.20946782077894366,0.20946782077894366
11376.0,0.4736219282043898,399.5157830989223,0.20943669657061972,0.20943669657061972
11404.800000000001,0.47229686617638067,399.50372168055236,0.2094049279893279,0.2094049279893279
11433.6,0.47097200931292943,399.49141180707596,0.20937250500189544,0.20937250500189544
11462.4,0.4696473618189808,399.4788496369187,0.20933941748999582,0.20933941748999582
11491.2,0.4683229279640403,399.4660312964219,0.20930565525079564,0.20930565525079564
11520.0,0.4669987120827054,399.45295288009885,0.20927120799763005,0.20927120799763005
11548.800000000001,0.4656747185751903,399.43961045090197,0.20923606536070544,0.20923606536070544
11577.6,0.4643509519078486,399.4260000405014,0.20920021688783402,0.20920021688783402
11606.4,0.46302741661368896,399.4121176495751,0.20916365204519796,0.20916365204519796
11635.2,0.4617041172928872,399.3979592481097,0.20912636021814085,0.20912636021814085
11664.0,0.4603810586132919,399.3835207757125,0.20908833071199062,0.20908833071199062
11692.800000000001,0.45905824531092637,399.3687981419356,0.20904955275291276,0.20904955275291276
11721.6,0.45773568219048283,399.35378722661034,0.2090100154887911,0.2090100154887911
11750.4,0.45641337412581295,399.3384838801941,0.2089697079901413,0.2089697079901413
11779.2,0.4550913260604109,399.3228839241272,0.20892861925105127,0.20892861925105127
11808.0,0.4537695430078909,399.30698315120236,0.2088867381901535,0.2088867381901535
11836.800000000001,0.4524480300524585,399.29077732594465,0.2088440536516267,0.2088440536516267
11865.6,0.4511267923493752,399.2742621850031,0.2088005544062267,0.2088005544062267
11894.4,0.44980583512541583,399.2574334375539,0.2087562291523485,0.2087562291523485
11923.2,0.44848516367932073,399.24028676571413,0.20871106651711624,0.20871106651711624
11952.0,0.44716478338223803,399.2228178249677,0.2086650550575049,0.2086650550575049
11980.800000000001,0.4458446996781612,399.2050222446023,0.2086181832614911,0.2086181832614911
12009.6,0.44452491808435857,399.1868956281568,0.2085704395492318,0.2085704395492318
12038.4,0.44320544419179386,399.1684335538815,0.20852181227427632,0.20852181227427632
12067.2,0.4418862836655405,399.149631575208,0.2084722897248036,0.2084722897248036
12096.0,0.44056744224518657,399.1304852212312,0.20842186012489283,0.20842186012489283
12124.800000000001,0.43924892574523333,399.11098999720184,0.20837051163581952,0.20837051163581952
12153.6,0.43793074005548266,399.09114138503077,0.2083182323573843,0.2083182323573843
12182.4,0.43661289114141927,399.07093484380385,0.20826501032926925,0.20826501032926925
12211.2,0.43529538504458093,399.0503658103074,0.20821083353242148,0.20821083353242148
12240.0,0.43397822788292145,399.0294296995659,0.2081556898904695,0.2081556898904695
12268.800000000001,0.432661425851165,399.0081219053884,0.20809956727116266,0.20809956727116266
12297.6,0.43134498522114956,398.9864378009286,0.20804245348784625,0.20804245348784625
12326.4,0.4300289123421621,398.964372739253,0.20798433630095745,0.20798433630095745
12355.2,0.42871321364126347,398.94192205392085,0.2079252034195537,0.2079252034195537
12384.0,0.4273978956236038,398.91908105957503,0.2078650425028685,0.2078650425028685
12412.800000000001,0.42608296487272806,398.8958450525427,0.20780384116189332,0.20780384116189332
12441.6,0.42476842805087067,398.87220931144674,0.20774158696098857,0.20774158696098857
12470.4,0.42345429189924016,398.8481690978273,0.20767826741952036,0.20767826741952036
12499.2,0.42214056323829385,398.8237196567736,0.20761387001352477,0.20761387001352477
12528.0,0.42082724896800117,398.79885621756637,0.20754838217739957,0.20754838217739957
12556.800000000001,0.4195143560680956,398.7735739943291,0.20748179130562028,0.20748179130562028
12585.6,0.4182018915983175,398.7478681866909,0.2074140847544852,0.2074140847544852
12614.4,0.4168898626986431,398.72173398045675,0.2073452498438818,0.2073452498438818
12643.2,0.41557827658950486,398.69516654829033,0.20727527385908423,0.20727527385908423
12672.0,0.41426714057199804,398.66816105040436,0.20720414405257218,0.20720414405257218
12700.800000000001,0.41295646202807695,398.6407126352605,0.2071318476458742,0.2071318476458742
12729.6,0.41164624842073894,398.6128164402798,0.20705837183143894,0.20705837183143894
12758.4,0.41033650729419624,398.584467592561,0.20698370377452724,0.20698370377452724
12787.2,0.4090272462740362,398.5556612096082,0.20690783061512852,0.20690783061512852
12816.0,0.40771847306736836,398.5263924000684,0.20683073946990332,0.20683073946990332
12844.800000000001,0.4064101954629604,398.49665626447614,0.20675241743414507,0.20675241743414507
12873.6,0.4051024213313603,398.46644789600805,0.20667285158376697,0.20667285158376697
12902.4,0.40379515862500615,398.43576238124535,0.2065920289773107,0.2065920289773107
12931.2,0.40248841537832375,398.4045948009446,0.2065099366579762,0.2065099366579762
12960.0,0.40118219970781016,398.37294023081677,0.20642656165567397,0.20642656165567397
12988.800000000001,0.3998765198121049,398.340793742314,0.2063418909890972,0.2063418909890972
13017.6,0.39857138397204783,398.3081504034248,0.20625591166781593,0.20625591166781593
13046.4,0.39726680055072316,398.27500527947603,0.20616861069439008,0.20616861069439008
13075.2,0.3959627779934908,398.2413534339429,0.20607997506650225,0.20607997506650225
13104.0,0.3946593248280031,398.2071899292662,0.20598999177911057,0.20598999177911057
13132.800000000001,0.39335644966420846,398.17250982767666,0.20589864782661993,0.20589864782661993
13161.6,0.3920541611943413,398.1373081920258,0.20580593020507015,0.20580593020507015
13190.4,0.3907524681928975,398.1015800866244,0.20571182591434475,0.20571182591434475
13219.2,0.38945137951659603,398.06532057808647,0.2056163219603938,0.2056163219603938
13248.0,0.3881509041043264,398.0285247361804,0.20551940535747537,0.20551940535747537
13276.800000000001,0.38685105097708156,397.99118763468624,0.20542106313041428,0.20542106313041428
13305.6,0.3855518292378773,397.95330435225804,0.2053212823168726,0.2053212823168726
13334.4,0.38425324807165573,397.91486997329315,0.2052200499696399,0.2052200499696399
13363.2,0.38295531674517563,397.87587958880647,0.20511735315893567,0.20511735315893567
13392.0,0.3816580446068871,397.83632829730976,0.2050131789747254,0.2050131789747254
13420.800000000001,0.38036144108679215,397.796211205697,0.2049075145290524,0.2049075145290524
13449.6,0.37906551569629,397.7555234301337,0.2048003469583805,0.2048003469583805
13478.4,0.3777702780280075,397.7142600969516,0.20469166342595024,0.20469166342595024
13507.2,0.3764757377556149,397.67241634354764,0.20458145112414675,0.20458145112414675
13536.0,0.37518190463362683,397.6299873192872,0.20446969727687883,0.20446969727687883
13564.800000000001,0.3738887884971866,397.5869681864114,0.204356389141969,0.204356389141969
13593.6,0.37259639926183746,397.54335412094804,0.20424151401355206,0.20424151401355206
13622.4,0.371304746923277,397.49914031362687,0.20412505922448665,0.20412505922448665
13651.2,0.37001384155709705,397.4543219707972,0.20400701214877165,0.20400701214877165
13680.0,0.36872369331850785,397.4088943153496,0.20388736020397397,0.20388736020397397
13708.800000000001,0.3674343124420472,397.3628525876397,0.20376609085366185,0.20376609085366185
13737.6,0.36614570924127365,397.3161920464156,0.20364319160984745,0.20364319160984745
13766.4,0.36485789410844455,397.2689079697467,0.2035186500354331,0.2035186500354331
13795.2,0.3635708775141785,397.2209956559556,0.20339245374666645,0.20339245374666645
13824.0,0.3622846700071027,397.1724504245516,0.20326459041559836,0.20326459041559836
13852.800000000001,0.36099928221348326,397.12326761716565,0.20313504777254643,0.20313504777254643
13881.6,0.35971472483684175,397.0734425984874,0.2030038136085622,0.2030038136085622
13910.4,0.358431008657555,397.0229707572032,0.2028708757779022,0.2028708757779022
13939.2,0.35714814453243937,396.971847506935,0.20273622220050094,0.20273622220050094
13968.0,0.35586614339431977,396.9200682871798,0.20259984086444544,0.20259984086444544
13996.800000000001,0.35458501625158223,396.86762856425054,0.20246171982845287,0.20246171982845287
14025.6,0.35330477418771195,396.8145238322161,0.20232184722434704,0.20232184722434704
14054.4,0.35202542836081463,396.760749613842,0.2021802112595358,0.2021802112595358
14083.2,0.3507469900031225,396.70630146153076,0.2020368002194879,0.2020368002194879
14112.0,0.34946947042048476,396.6511749582615,0.20189160247020785,0.20189160247020785
14140.800000000001,0.3481928809918426,396.59536571852925,0.20174460646071,0.20174460646071
14169.6,0.34691723316868783,396.538869389283,0.20159580072548905,0.20159580072548905
14198.4,0.34564253847450677,396.4816816508621,0.2014451738869868,0.2014451738869868
14227.2,0.34436880850420787,396.42379821793224,0.20129271465805726,0.20129271465805726
14256.0,0.3430960549235343,396.3652148404186,0.2011384118444242,0.2011384118444242
14284.800000000001,0.3418242894684603,396.3059273044378,0.20098225434713596,0.20098225434713596
14313.6,0.34055352394457306,396.24593143322664,0.20082423116501244,0.20082423116501244
14342.4,0.3392837702264386,396.1852230880698,0.2006643313970871,0.2006643313970871
14371.2,0.3380150402569516,396.1237981692231,0.20050254424504002,0.20050254424504002
14400.0,0.336747346046671,396.06165261683543,0.20033885901562537,0.20033885901562537
14428.800000000001,0.3354806996731398,395.99878241186553,0.2001732651230867,0.2001732651230867
14457.6,0.3342151132801899,395.9351835769974,0.20000575209156757,0.20000575209156757
14486.4,0.3329505990772307,395.87085217755015,0.1998363095575081,0.1998363095575081
14515.2,0.3316871693385242,395.80578432238474,0.19966492727203372,0.19966492727203372
14544.0,0.3304248364024441,395.73997616480625,0.19949159510333095,0.19949159510333095
14572.800000000001,0.3291636126707198,395.6734239034619,0.1993163030390131,0.1993163030390131
14601.6,0.32790351060766587,395.60612378323367,0.1991390411884711,0.1991390411884711
14630.4,0.326644542739397,395.53807209612665,0.19895979978521383,0.19895979978521383
14659.2,0.32538672165302784,395.4692651821516,0.19877856918919212,0.19877856918919212
14688.0,0.3241300599958578,395.3996994302024,0.19859533988911007,0.19859533988911007
14716.800000000001,0.32287457047454227,395.32937127892757,0.19841010250472063,0.19841010250472063
14745.6,0.321620265854249,395.2582772175956,0.19822284778910482,0.19822284778910482
14774.4,0.32036715895779994,395.1864137869548,0.19803356663093633,0.19803356663093633
14803.2,0.31911526266479845,395.1137775800855,0.19784225005672618,0.19784225005672618
14832.0,0.3178645899107443,395.04036524324687,0.19764888923305307,0.19764888923305307
14860.800000000001,0.3166151536861323,394.96617347671577,0.19745347546877334,0.19745347546877334
14889.6,0.31536696703553874,394.8911990356192,0.19725600021721276,0.19725600021721276
14918.4,0.3141200430566928,394.8154387307584,0.19705645507833774,0.19705645507833774
14947.2,0.3128743948995356,394.7388894294266,0.19685483180090899,0.19685483180090899
14976.0,0.3116300357652653,394.6615480562178,0.1966511222846116,0.1966511222846116
15004.800000000001,0.3103869789053682,394.58341159382803,0.19644531858216596,0.19644531858216596
15033.6,0.3091452376206374,394.504477083848,0.1962374129014148,0.1962374129014148
15062.4,0.30790482526017826,394.4247416275474,0.19602739760738985,0.19602739760738985
15091.2,0.3066657552204008,394.34420238665075,0.19581526522435447,0.19581526522435447
15120.0,0.30542804094399895,394.26285658410336,0.1956010084378217,0.1956010084378217
15148.800000000001,0.3041916959189185,394.18070150482936,0.19538462009655064,0.19538462009655064
15177.6,0.30295673367731046,394.0977344964789,0.19516609321451453,0.19516609321451453
15206.4,0.3017231677944743,394.0139529701671,0.19494542097284703,0.19494542097284703
15235.2,0.30049101188778754,393.9293544012024,0.1947225967217605,0.1947225967217605
15264.0,0.2992602796156242,393.84393632980505,0.194497613982439,0.194497613982439
15292.800000000001,0.29803098467626055,393.7576963618153,0.1942704664489027,0.1942704664489027
15321.6,0.29680314080677067,393.67063216939135,0.19404114798984692,0.19404114798984692
15350.4,0.295576761781909,393.58274149169677,0.19380965265045236,0.19380965265045236
15379.2,0.29435186141298275,393.49402213557653,0.19357597465416604,0.19357597465416604
15408.0,0.29312845354671235,393.4044719762228,0.19334010840445448,0.19334010840445448
15436.800000000001,0.29190655206408184,393.3140889578292,0.19310204848652743,0.19310204848652743
15465.6,0.2906861708791779,393.2228710942332,0.19286178966902942,0.19286178966902942
15494.4,0.2894673239380188,393.1308164695481,0.19261932690570469,0.19261932690570469
15523.2,0.28825002521737236,393.0379232387822,0.19237465533702777,0.19237465533702777
15552.0,0.2870342887235649,392.9441896284463,0.1921277702918039,0.1921277702918039
15580.800000000001,0.285820128491279,392.8496139371499,0.19187866728873906,0.19187866728873906
15609.6,0.28460755858234266,392.7541945361843,0.1916273420379756,0.1916273420379756
15638.4,0.28339659308450776,392.657929870093,0.19137379044259556,0.19137379044259556
15667.2,0.2821872461102205,392.56081845723133,0.19111800860009323,0.19111800860009323
15696.0,0.28097953179538204,392.4628588903108,0.19085999280381039,0.19085999280381039
15724.800000000001,0.2797734642980998,392.36404983693285,0.190599739544341,0.190599739544341
15753.6,0.27856905779743135,392.26439004010797,0.19033724551089945,0.19033724551089945
15782.4,0.2773663264921185,392.16387831876295,0.19007250759265576,0.19007250759265576
15811.2,0.27616528459931466,392.0625135682338,0.1898055228800343,0.1898055228800343
15840.0,0.27496594635330246,391.9602947607454,0.1895362886659774,0.1895362886659774
15868.800000000001,0.2737683260042045,391.8572209458782,0.18926480244717409,0.18926480244717409
15897.6,0.27257243781668755,391.75329125102087,0.1889910619252523,0.1889910619252523
15926.4,0.2713782960686575,391.64850488180826,0.18871506500793322,0.18871506500793322
15955.2,0.2701859150499484,391.54286112254715,0.1884368098101516,0.1884368098101516
15984.0,0.26899530906100455,391.4363593366265,0.18815629465513709,0.18815629465513709
16012.800000000001,0.26780649241155596,391.32899896691356,0.18787351807545727,0.18787351807545727
16041.6,0.266619479419287,391.2207795361369,0.18758847881402635,0.18758847881402635
16070.4,0.2654342844084995,391.1117006472538,0.1873011758250733,0.1873011758250733
16099.2,0.26425092170876935,391.00176198380336,0.18701160827507118,0.18701160827507118
16128.0,0.26306940565359865,390.89096331024575,0.18671977554363167,0.18671977554363167
16156.800000000001,0.26188975057906044,390.7793044722857,0.1864256772243561,0.1864256772243561
16185.6,0.2607119708224407,390.66678539718185,0.1861293131256512,0.1861293131256512
16214.4,0.2595360807208733,390.5534060940417,0.18583068327150495,0.18583068327150495
16243.2,0.2583620946099716,390.4391666541002,0.18552978790222133,0.18552978790222133
16272.0,0.25719002682245523,390.32406725098457,0.18522662747511728,0.18522662747511728
16300.800000000001,0.2560198916867726,390.2081081409638,0.18492120266517983,0.18492120266517983
16329.6,0.2548517035257195,390.09128966318247,0.18461351436568216,0.18461351436568216
16358.4,0.2536854766550548,389.97361223987974,0.1843035636887605,0.1843035636887605
16387.2,0.2525212253821115,389.85507637659333,0.18399135196595112,0.18399135196595112
16416.0,0.25135896400440577,389.73568266234724,0.18367688074868488,0.18367688074868488
16444.8,0.250198706808242,389.6154317698253,0.18336015180874432,0.18336015180874432
16473.600000000002,0.24904046806731664,389.4943244555286,0.18304116713867846,0.18304116713867846
16502.4,0.24788426204131803,389.37236155991684,0.1827199289521748,0.1827199289521748
16531.2,0.24673010297452574,389.2495440075359,0.1823964396843957,0.1823964396843957
16560.0,0.24557800509440691,389.12587280712813,0.18207070199226852,0.18207070199226852
16588.8,0.24442798261021148,389.0013490517279,0.1817427187547376,0.1817427187547376
16617.600000000002,0.24328004971156575,388.8759739187418,0.18141249307297522,0.18141249307297522
16646.4,0.24213422056706554,388.7497486700122,0.1810800282705492,0.1810800282705492
16675.2,0.24099050932286772,388.62267465186665,0.18074532789355297,0.18074532789355297
16704.0,0.23984893010128186,388.49475329515036,0.18040839571069112,0.18040839571069112
16732.8,0.23870949699936125,388.36598611524363,0.18006923571332517,0.18006923571332517
16761.600000000002,0.23757222408749348,388.23637471206354,0.17972785211547831,0.17972785211547831
16790.4,0.23643712540799255,388.1059207700503,0.17938424935379924,0.17938424935379924
16819.2,0.23530421497369028,387.9746260581372,0.1790384320874828,0.1790384320874828
16848.0,0.23417350676652865,387.8424924297056,0.17869040519815227,0.17869040519815227
16876.8,0.2330450147361532,387.7095218225246,0.1783401737896993,0.1783401737896993
16905.600000000002,0.2319187527985086,387.575716258674,0.17798774318808178,0.17798774318808178
16934.4,0.23079473483443427,387.4410778444527,0.1776331189410825,0.1776331189410825
16963.2,0.2296729746882631,387.3056087702712,0.17727630681802561,0.17727630681802561
16992.0,0.228553486166421,387.1693113105287,0.17691731280945353,0.17691731280945353
17020.8,0.22743628303602978,387.0321878234744,0.17655614312676077,0.17655614312676077
17049.600000000002,0.2263213790235122,386.89424075105416,0.17619280420179115,0.17619280420179115
17078.4,0.22520878781319997,386.75547261874055,0.17582730268638913,0.17582730268638913
17107.2,0.2240985230459442,386.6158860353493,0.17545964545191695,0.17545964545191695
17136.0,0.2229905983177303,386.4754836928384,0.17508983958872518,0.17508983958872518
17164.8,0.22188502717829547,386.334268366094,0.17471789240558938,0.17471789240558938
17193.600000000002,0.2207818231297506,386.1922429126994,0.17434381142910058,0.17434381142910058
17222.4,0.21968099962520568,386.04941027269035,0.173967604403022,0.173967604403022
17251.2,0.21858257006740078,385.9057734682945,0.17358927928760184,0.17358927928760184
17280.0,0.2174865478073399,385.7613356036563,0.17320884425884894,0.17320884425884894
17308.8,0.21639294614293073,385.6160998645466,0.1728263077077685,0.1728263077077685
17337.600000000002,0.21530177831762976,385.4700695180581,0.17244167823955883,0.17244167823955883
17366.4,0.21421305751909162,385.3232479122854,0.17205496467276957,0.17205496467276957
17395.2,0.21312679687782504,385.175638475991,0.17166617603842138,0.17166617603842138
17424.0,0.21204300946585414,385.02724471825627,0.17127532157908726,0.17127532157908726
17452.8,0.2109617082953854,384.87807022811864,0.17088241074793614,0.17088241074793614
17481.600000000002,0.20988290631748222,384.7281186741936,0.17048745320773775,0.17048745320773775
17510.4,0.20880661642074413,384.57739380428336,0.17009045882983218,0.17009045882983218
17539.2,0.20773285142999465,384.4258994449708,0.16969143769305947,0.16969143769305947
17568.0,0.20666162410497468,384.27363950119945,0.16929040008265414,0.16929040008265414
17596.8,0.20559294713904394,384.12061795584015,0.1688873564891035,0.1688873564891035
17625.600000000002,0.20452683315788986,383.9668388692427,0.16848231760696666,0.16848231760696666
17654.4,0.20346329471824365,383.8123063787754,0.16807529433366217,0.16807529433366217
17683.2,0.20240234430660456,383.6570246983501,0.16766629776821607,0.16766629776821607
17712.0,0.20134399433797234,383.5009981179335,0.16725533920997596,0.16725533920997596
17740.8,0.2002882571545883,383.3442310030462,0.16684243015729083,0.16684243015729083
17769.600000000002,0.19923514502468417,383.18672779424816,0.16642758230615537,0.16642758230615537
17798.4,0.19818467014124058,383.0284930066106,0.16601080754882025,0.16601080754882025
17827.2,0.19713684462075434,382.8695312291758,0.16559211797236822,0.16559211797236822
17856.0,0.19609168050201428,382.70984712440384,0.16517152585725736,0.16517152585725736
17884.8,0.1950491897448875,382.5494454276066,0.16474904367583004,0.16474904367583004
17913.600000000002,0.19400938422911457,382.38833094636976,0.16432468409079073,0.16432468409079073
17942.4,0.19297227575311515,382.226508559962,0.16389845995364988,0.16389845995364988
17971.2,0.1919378760328029,382.0639832187323,0.16347038430313637,0.16347038430313637
18000.0,0.19090619670041126,381.9007599434954,0.163040470363579,0.163040470363579
18028.8,0.18987724930332953,381.73684382490535,0.16260873154325609,0.16260873154325609
18057.600000000002,0.18885104530294933,381.5722400228168,0.16217518143271387,0.16217518143271387
18086.4,0.18782759607352204,381.40695376563605,0.16173983380305657,0.16173983380305657
18115.2,0.18680691290102772,381.2409903496596,0.1613027026042047,0.1613027026042047
18144.0,0.18578900698205436,381.07435513840215,0.16086380196312447,0.16086380196312447
18172.8,0.18477388942268907,380.9070535619134,0.1604231461820292,0.1604231461820292
18201.600000000002,0.18376157123742115,380.7390911160838,0.15998074973654974,0.15998074973654974
18230.4,0.1827520633480554,380.57047336194034,0.1595366272738806,0.1595366272738806
18259.2,0.1817453765826399,380.40120592493116,0.15909079361089476,0.15909079361089476
18288.0,0.18074152167440327,380.23129449420037,0.1586432637322344,0.1586432637322344
18316.8,0.1797405092607056,380.0607448218522,0.1581940527883723,0.1581940527883723
18345.600000000002,0.1787423498820022,379.889562722206,0.15774317609364968,0.15774317609364968
18374.4,0.17774705398081822,379.7177540710404,0.1572906491242855,0.1572906491242855
18403.2,0.17675463190073773,379.54532480482953,0.15683648751636453,0.15683648751636453
18432.0,0.17576509388540495,379.37228091996815,0.15638070706379664,0.15638070706379664
18460.8,0.17477845007753842,379.1986284719885,0.15592332371625406,0.15592332371625406
18489.600000000002,0.173794710517959,379.02437357476856,0.15546435357708563,0.15546435357708563
18518.4,0.17281388514463017,378.84952239973006,0.15500381290120502,0.15500381290120502
18547.2,0.171835983791713,378.6740811750298,0.15454171809296027,0.15454171809296027
18576.0,0.17086101618863397,378.49805618474096,0.15407808570397774,0.15407808570397774
18604.8,0.16988899195916687,378.32145376802725,0.15361293243098673,0.15361293243098673
18633.600000000002,0.16891992062052844,378.14428031830823,0.15314627511362106,0.15314627511362106
18662.4,0.1679538115824881,377.96654228241766,0.15267813073220232,0.15267813073220232
18691.2,0.1669906741464923,377.7882461597538,0.1522085164055017,0.1522085164055017
18720.0,0.166030517504802,377.6093985014218,0.15173744938848147,0.15173744938848147
18748.8,0.1650733507396458,377.4300059093704,0.15126494707002033,0.15126494707002033
18777.600000000002,0.1641191828223872,377.2500750355196,0.15079102697061705,0.15079102697061705
18806.4,0.16316802261270572,377.06961258088387,0.15031570674007974,0.15031570674007974
18835.2,0.1622198788577942,376.888625294686,0.14983900415519283,0.14983900415519283
18864.0,0.16127476019156967,376.7071199734677,0.14936093711737392,0.14936093711737392
18892.8,0.16033267513389982,376.5251034601911,0.1488815236503075,0.1488815236503075
18921.600000000002,0.1593936320898442,376.3425826433365,0.14840078189756853,0.14840078189756853
18950.4,0.15845763934891105,376.15956445599323,0.14791873012022722,0.14791873012022722
18979.2,0.1575247050843287,375.9760558749451,0.14743538669444123,0.14743538669444123
19008.0,0.1565948373523329,375.7920639197507,0.14695077010903285,0.14695077010903285
19036.8,0.15566804409146937,375.6075956518188,0.14646489896305295,0.14646489896305295
19065.600000000002,0.15474433312191135,375.4226581734782,0.1459777919633323,0.1459777919633323
19094.4,0.15382371214479387,375.2372586270435,0.14548946792201997,0.14548946792201997
19123.2,0.15290618874156264,375.051404193876,0.1449999457541105,0.1449999457541105
19152.0,0.15199177037333858,374.86510209344044,0.14450924447495875,0.14450924447495875
19180.8,0.15108046438029926,374.6783595823577,0.14401738319778545,0.14401738319778545
19209.600000000002,0.15017227798107496,374.49118395345386,0.14352438113117205,0.14352438113117205
19238.4,0.1492672182721615,374.30358253480506,0.14303025757654536,0.14303025757654536
19267.2,0.14836529222734854,374.11556268877916,0.14253503192565298,0.14253503192565298
19296.0,0.14746650669716396,373.9271318110746,0.14203872365803213,0.14203872365803213
19324.8,0.14657086840833475,373.7382973297555,0.14154135233846776,0.14154135233846776
19353.600000000002,0.14567838396326338,373.5490667042848,0.14104293761444672,0.14104293761444672
19382.4,0.14478905983952084,373.359447424554,0.1405434992136009,0.1405434992136009
19411.2,0.14390290238935563,373.16944700991075,0.14004305694114763,0.14004305694114763
19440.0,0.1430199178392192,372.9790730081849,0.13954163067732292,0.13954163067732292
19468.8,0.14214011228930737,372.7883329947115,0.13903924037480883,0.13903924037480883
19497.600000000002,0.14126349171311814,372.59723457135283,0.13853590605615793,0.13853590605615793
19526.4,0.14039006195702608,372.4057853655187,0.13803164781121188,0.13803164781121188
19555.2,0.13951982873987304,372.213993029185,0.1375264857945175,0.1375264857945175
19584.0,0.13865279765257452,372.021865237912,0.13702044022273993,0.13702044022273993
19612.8,0.13778897415774352,371.82940968986054,0.1365135313720727,0.1365135313720727
19641.600000000002,0.13692836358933003,371.63663410480837,0.13600577957564547,0.13600577957564547
19670.4,0.13607097115227723,371.44354622316564,0.13549720522093198,0.13549720522093198
19699.2,0.13521680192219396,371.25015380499013,0.13498782874715579,0.13498782874715579
19728.0,0.1343658608450439,371.05646462900256,0.13447767064269675,0.13447767064269675
19756.8,0.13351815273685055,370.862486491601,0.1339667514424951,0.1339667514424951
19785.600000000002,0.13267368228341922,370.66822720587663,0.1334550917254593,0.1334550917254593
19814.4,0.13183245404007535,370.4736946006302,0.1329427121118749,0.1329427121118749
19843.2,0.13099447243141887,370.2788965193876,0.1324296332608122,0.1324296332608122
19872.0,0.13015974175109526,370.0838408194177,0.13191587586753906,0.13191587586753906
19900.8,0.12932826616158277,369.8885353707509,0.1314014606609363,0.1314014606609363
19929.600000000002,0.12850004969399617,369.6929880551986,0.13088640840091426,0.13088640840091426
19958.4,0.12767509624790654,369.49720676537424,0.1303707398758349,0.1303707398758349
19987.2,0.12685340959117786,369.3011994037162,0.12985447589993834,0.12985447589993834
20016.0,0.12603499335981927,369.1049738815124,0.1293376373107732,0.1293376373107732
20044.8,0.12521985105785388,368.9085381179266,0.12882024496663236,0.12882024496663236
20073.600000000002,0.12440798605720343,368.7119000390271,0.12830231974399495,0.12830231974399495
20102.4,0.1235994015975898,368.5150675768184,0.12778388253497486,0.12778388253497486
20131.2,0.12279410078645185,368.3180486682741,0.1272649542447745,0.1272649542447745
20160.0,0.12199208659887897,368.12085125437386,0.12674555578914767,0.12674555578914767
20188.8,0.12119336187755997,367.92348327914203,0.12622570809186773,0.12622570809186773
20217.600000000002,0.12039792933274851,367.7259526886907,0.12570543208220683,0.12570543208220683
20246.4,0.11960579154224414,367.52826743026503,0.12518474869242147,0.12518474869242147
20275.2,0.11881695095138921,367.3304354512923,0.12466367885524804,0.12466367885524804
20304.0,0.11803140987308193,367.1324646984344,0.1241422435014066,0.1241422435014066
20332.8,0.11724917048780453,366.93436311664453,0.12362046355711725,0.12362046355711725
20361.600000000002,0.1164702348436674,366.73613864822767,0.12309835994162437,0.12309835994162437
20390.4,0.11569460485646899,366.5377992319046,0.12257595356473228,0.12257595356473228
20419.2,0.11492228230977092,366.3393528018811,0.12205326532435297,0.12205326532435297
20448.0,0.1141532688549888,366.1408072869207,0.12153031610406431,0.12153031610406431
20476.8,0.11338756601149845,365.942170609423,0.12100712677068225,0.12100712677068225
20505.600000000002,0.11262517516675681,365.7434506845057,0.12048371817184271,0.12048371817184271
20534.4,0.11186609757643853,365.54465541909224,0.11996011113359872,0.11996011113359872
20563.2,0.11111033436458845,365.34579271100426,0.11943632645803036,0.11943632645803036
20592.0,0.11035788652378745,365.14687044805925,0.11891238492086752,0.11891238492086752
20620.8,0.10960875491533462,364.9478965071733,0.11838830726912705,0.11838830726912705
20649.600000000002,0.10886294026944338,364.7488787534704,0.11786411421876641,0.11786411421876641
20678.4,0.10812044318545341,364.5498250393959,0.1173398264523488,0.1173398264523488
20707.2,0.10738126413205609,364.35074320383666,0.11681546461672591,0.11681546461672591
20736.0,0.10664540344753529,364.151641071247,0.11629104932073538,0.11629104932073538
20764.8,0.10591286134002217,363.9525264507809,0.11576660113291518,0.11576660113291518
20793.600000000002,0.105183637887765,363.75340713542965,0.11524214057923254,0.11524214057923254
20822.4,0.10445773303941218,363.5542909011667,0.11471768814083134,0.11471768814083134
20851.2,0.10373514661431049,363.3551855060988,0.11419326425179616,0.11419326425179616
20880.0,0.10301587830281678,363.15609868962287,0.11366888929693207,0.11366888929693207
20908.8,0.10229992766662352,362.95703817159085,0.11314458360956438,0.11314458360956438
20937.600000000002,0.10158729413909888,362.75801165148084,0.1126203674693557,0.1126203674693557
20966.4,0.10087797702563928,362.5590268075748,0.11209626110014026,0.11209626110014026
20995.2,0.10017197550403686,362.3600912961436,0.11157228466777705,0.11157228466777705
21024.0,0.09946928862485946,362.16121275064006,0.11104845827802481,0.11104845827802481
21052.8,0.09876991531184447,361.96239878089796,0.1105248019744319,0.1105248019744319
21081.600000000002,0.09807385436230547,361.7636569723393,0.1100013357362485,0.1100013357362485
21110.4,0.09738110444755227,361.56499488518875,0.10947807947635768,0.10947807947635768
21139.2,0.09669166411332397,361.36642005369623,0.10895505303922733,0.10895505303922733
21168.0,0.09600553178023452,361.1679399853668,0.1084322761988821,0.1084322761988821
21196.8,0.09532270574423118,360.96956216019805,0.10790976865689493,0.10790976865689493
21225.600000000002,0.09464318417706576,360.77129402992637,0.10738755004040118,0.10738755004040118
21254.4,0.09396696512677774,360.5731430172802,0.10686563990013243,0.10686563990013243
21283.2,0.0932940465181903,360.37511651524255,0.10634405770847369,0.10634405770847369
21312.0,0.09262442615341836,360.17722188632075,0.10582282285753988,0.10582282285753988
21340.8,0.09195810171238789,359.97946646182487,0.10530195465727564,0.10530195465727564
21369.600000000002,0.0912950707533686,359.7818575411545,0.10478147233357651,0.10478147233357651
21398.4,0.09063533071351704,359.58440239109467,0.1042613950264343,0.1042613950264343
21427.2,0.08997887890943175,359.3871082451186,0.1037417417881012,0.1037417417881012
21456.0,0.08932571253771998,359.1899823027012,0.10322253158128085,0.10322253158128085
21484.8,0.08867582867557594,358.99303172863966,0.10270378327733949,0.10270378327733949
21513.600000000002,0.08802922428136956,358.79626365238386,0.10218551565454184,0.10218551565454184
21542.4,0.08738589619524667,358.59968516737484,0.10166774739630906,0.10166774739630906
21571.2,0.08674584113974011,358.403303330393,0.10115049708950165,0.10115049708950165
21600.0,0.08610905572039147,358.20712516091425,0.10063378322272397,0.10063378322272397
21628.8,0.0854755364263835,358.01115764047654,0.1001176241846554,0.1001176241846554
21657.600000000002,0.08484527963118259,357.8154077120543,0.0996020382624029,0.0996020382624029
21686.4,0.08421828159319189,357.61988227944266,0.09908704363987897,0.09908704363987897
21715.2,0.08359453845641439,357.42458820665087,0.09857265839620412,0.09857265839620412
21744.0,0.08297404625112592,357.22953231730463,0.09805890050413259,0.09805890050413259
21772.8,0.08235680089455832,357.03472139405864,0.09754578782850495,0.09754578782850495
21801.600000000002,0.08174279819159139,356.8401621780171,0.09703333812472212,0.09703333812472212
21830.4,0.08113203383545525,356.64586136816524,0.09652156903724737,0.09652156903724737
21859.2,0.0805245034084418,356.45182562080896,0.09601049809813138,0.09601049809813138
21888.0,0.07992020238262472,356.25806154902483,0.09550014272556269,0.09550014272556269
21916.8,0.07931912612058943,356.0645757221194,0.0949905202224441,0.0949905202224441
21945.600000000002,0.07872126987617116,355.87137466509796,0.09448164777499321,0.09448164777499321
21974.4,0.07812662879520209,355.67846485814295,0.0939735424513687,0.0939735424513687
22003.2,0.07753519791626703,355.4858527361024,0.09346622120032295,0.09346622120032295
22032.0,0.0769469721714672,355.29354468798743,0.09295970084987835,0.09295970084987835
22060.8,0.07636194638719249,355.10154705647983,0.0924539981060305,0.0924539981060305
22089.600000000002,0.07578011528490158,354.90986613744946,0.09194912955147701,0.09194912955147701
22118.4,0.07520147348191024,354.718508179481,0.09144511164437094,0.09144511164437094
22147.2,0.07462601549218671,354.5274793834111,0.09094196071710203,0.09094196071710203
22176.0,0.07405373572715547,354.3367859018746,0.09043969297510074,0.09043969297510074
22204.8,0.07348462849650778,354.14643383886084,0.08993832449567066,0.08993832449567066
22233.600000000002,0.07291868800901978,353.95642924928035,0.08943787122684616,0.08943787122684616
22262.4,0.07235590837337758,353.7667781385401,0.0889383489862744,0.0889383489862744
22291.2,0.07179628359900876,353.5774864621302,0.0884397734601266,0.0884397734601266
22320.0,0.07123980759692172,353.3885601252188,0.08794216020203063,0.08794216020203063
22348.8,0.07068647418055067,353.20000498225806,0.0874455246320335,0.0874455246320335
22377.600000000002,0.07013627706660737,353.01182683659925,0.08694988203558777,0.08694988203558777
22406.4,0.0695892098759387,352.82403144011846,0.08645524756256526,0.08645524756256526
22435.2,0.0690452661343912,352.636624492851,0.08596163622629446,0.08596163622629446
22464.0,0.06850443927368056,352.4496116426367,0.08546906290262589,0.08546906290262589
22492.8,0.06796672263226758,352.2629984847745,0.08497754232902303,0.08497754232902303
22521.600000000002,0.0674321094562395,352.07679056168723,0.0844870891036783,0.0844870891036783
22550.4,0.06690059290019626,351.8909933625955,0.0839977176846553,0.0839977176846553
22579.2,0.0663721660281429,351.70561232320233,0.08350944238905728,0.08350944238905728
22608.0,0.06584682181438636,351.5206528253868,0.08302227739222062,0.08302227739222062
22636.8,0.06532455314443798,351.3361201969076,0.08253623672693415,0.08253623672693415
22665.600000000002,0.0648053528159194,351.1520197111172,0.08205133428268582,0.08205133428268582
22694.4,0.06428921353947464,350.9683565866839,0.08156758380493109,0.08156758380493109
22723.2,0.06377612793968591,350.7851359873259,0.08108499889439205,0.08108499889439205
22752.0,0.06326608855599336,350.60236302155266,0.0806035930063769,0.0806035930063769
22780.8,0.06275908784361968,350.42004274241793,0.0801233794501285,0.0801233794501285
22809.600000000002,0.06225511817449824,350.2381801472815,0.07964437138819763,0.07964437138819763
22838.4,0.06175417183820527,350.0567801775802,0.07916658183583933,0.07916658183583933
22867.2,0.06125624104289518,349.87584771860884,0.07869002366043633,0.07869002366043633
22896.0,0.06076131791623997,349.6953875993113,0.07821470958094849,0.07821470958094849
22924.8,0.06026939450637199,349.51540459207985,0.07774065216738439,0.07774065216738439
22953.600000000002,0.0597804627828292,349.33590341256496,0.07726786384030021,0.07726786384030021
22982.4,0.059294514637504264,349.1568887194939,0.07679635687032217,0.07679635687032217
23011.2,0.05881154188559597,348.97836511449907,0.07632614337769414,0.07632614337769414
23040.0,0.058331536266563296,348.8003371419554,0.07585723533184971,0.07585723533184971
23068.8,0.057854489445082806,348.6228092888274,0.0753896445510087,0.0753896445510087
23097.600000000002,0.05738039301200749,348.445785984525,0.0749233827017984,0.0749233827017984
23126.4,0.05690923848532798,348.2692716007687,0.0744584612988975,0.0744584612988975
23155.2,0.05644101731113696,348.09327045146426,0.07399489170470637,0.07399489170470637
23184.0,0.05597572086459392,347.91778679258607,0.07353268512904011,0.07353268512904011
23212.8,0.055513340450892804,347.7428248220691,0.07307185262884361,0.07307185262884361
23241.600000000002,0.055053867306230915,347.5683886797116,0.07261240510793528,0.07261240510793528
23270.4,0.05459729259877957,347.39448244708416,0.07215435331676803,0.07215435331676803
23299.2,0.054143607429655384,347.22111014745,0.07169770785221852,0.07169770785221852
23328.0,0.05369280283389379,347.0482757456927,0.07124247915739727,0.07124247915739727
23356.8,0.05324486978142295,346.875983148253,0.07078867752148241,0.07078867752148241
23385.600000000002,0.05279979917803846,346.70423620307463,0.07033631307957652,0.07033631307957652
23414.4,0.052357581866379135,346.5330386995583,0.06988539581258572,0.06988539581258572
23443.2,0.05191820862690372,346.3623943685246,0.06943593554712191,0.06943593554712191
23472.0,0.051481670178867366,346.1923068821852,0.06898794195542705,0.06898794195542705
23500.8,0.051047957181298655,346.02277985412275,0.0685414245553196,0.0685414245553196
23529.600000000002,0.050617060233977294,345.853816839279,0.06809639271016417,0.06809639271016417
23558.4,0.05018896987841139,345.6854213339507,0.0676528556288603,0.0676528556288603
23587.2,0.04976367659881482,345.5175967757954,0.06721082236585711,0.06721082236585711
23616.0,0.049341170823084035,345.35034654384305,0.06677030182118487,0.06677030182118487
23644.8,0.04892144292377543,345.1836739585179,0.0663313027405123,0.0663313027405123
23673.600000000002,0.048504483219080984,345.0175822816668,0.06589383371522096,0.06589383371522096
23702.4,0.048090281973804334,344.85207471659686,0.06545790318250427,0.06545790318250427
23731.2,0.04767882940033571,344.68715440811945,0.06502351942548405,0.06502351942548405
23760.0,0.04727011565962567,344.5228244426036,0.06459069057335058,0.06459069057335058
23788.8,0.046864130862158355,344.35908784803587,0.06415942460152042,0.06415942460152042
23817.600000000002,0.04646086506892355,344.1959475940886,0.06372972933181646,0.06372972933181646
23846.4,0.04606030829238702,344.0334065921955,0.06330161243266681,0.06330161243266681
23875.2,0.04566245049745974,343.8714676956347,0.06287508141932331,0.06287508141932331
23904.0,0.04526728160246604,343.71013369961946,0.06245014365410089,0.06245014365410089
23932.8,0.04487479148010948,343.5494073413957,0.06202680634663408,0.06202680634663408
23961.600000000002,0.04448496995843699,343.3892913003477,0.06160507655415574,0.06160507655415574
23990.4,0.0440978068218018,343.22978819810993,0.06118496118179147,0.06118496118179147
24019.2,0.0437132918118237,343.07090059868665,0.060766466982874384,0.060766466982874384
24048.0,0.04333141462834737,342.91263100857844,0.06034960055927882,0.06034960055927882
24076.8,0.042952164930398766,342.7549818769156,0.05993436836177141,0.05993436836177141
24105.600000000002,0.042575532337138816,342.59795559559836,0.05952077669038031,0.05952077669038031
24134.4,0.04220150642881463,342.44155449944344,0.059108831694781636,0.059108831694781636
24163.2,0.04183007674770896,342.2857808663388,0.058698539374706676,0.058698539374706676
24192.0,0.041461232799085666,342.1306369174027,0.058289905580360665,0.058289905580360665
24220.8,0.04109496405213317,341.9761248171514,0.057882936012865385,0.057882936012865385
24249.600000000002,0.04073125994090527,341.8222466736718,0.05747763622471278,0.05747763622471278
24278.4,0.040370109865258574,341.66900453880135,0.057074011620239284,0.057074011620239284
24307.2,0.04001150319178676,341.5164004083138,0.05667206745611555,0.05667206745611555
24336.0,0.03965542925475159,341.3644362221109,0.05627180884185042,0.05627180884185042
24364.8,0.03930187735701122,341.21311386442085,0.05587324074031447,0.05587324074031447
24393.600000000002,0.03895083677094454,341.0624351640021,0.05547636796827635,0.05547636796827635
24422.4,0.03860229673937199,340.91240189435314,0.055081195196955195,0.055081195196955195
24451.2,0.03825624647647309,340.76301577392843,0.05468772695259006,0.05468772695259006
24480.0,0.03791267516870046,340.61427846635985,0.054295967617022454,0.054295967617022454
24508.8,0.037571571975689055,340.4661915806835,0.053905921428294166,0.053905921428294166
24537.600000000002,0.0372329260311628,340.31875667157294,0.05351759248126115,0.05351759248126115
24566.4,0.036896726443836556,340.17197523957634,0.05313098472821885,0.05313098472821885
24595.2,0.036562962298313934,340.02584873136055,0.05274610197954441,0.05274610197954441
24624.0,0.03623162265598129,339.8803785399598,0.052362947904351954,0.052362947904351954
24652.8,0.0359026965558975,339.7355660050291,0.05198152603116022,0.05198152603116022
24681.600000000002,0.03557617301567912,339.5914124131035,0.051601839748574935,0.051601839748574935
24710.4,0.03525204103238141,339.44791899786213,0.051223892305984786,0.051223892305984786
24739.2,0.034930289583374845,339.3050869403967,0.05084768681426832,0.05084768681426832
24768.0,0.034610907627216775,339.1629173694852,0.0504732262465152,0.0504732262465152
24796.8,0.034293884104518946,339.021411361871,0.05010051343876041,0.05010051343876041
24825.600000000002,0.033979207938809854,338.88056994254447,0.04972955109072731,0.04972955109072731
24854.4,0.03366686803739268,338.74039408503194,0.04936034176658779,0.04936034176658779
24883.2,0.03335685329219785,338.60088471168666,0.04899288789572893,0.04899288789572893
24912.0,0.03304915258063143,338.4620426939858,0.048627191773535215,0.048627191773535215
24940.8,0.03274375476641763,338.3238688528306,0.04826325556217946,0.04826325556217946
24969.600000000002,0.032440648700436774,338.18636395885164,0.04790108129142588,0.04790108129142588
24998.4,0.03213982322155825,338.04952873271714,0.04754067085944343,0.04754067085944343
25027.2,0.03184126715746748,337.9133638454462,0.04718202603362998,0.04718202603362998
25056.0,0.031544969325488725,337.7778699187258,0.046825148451447314,0.046825148451447314
25084.8,0.0312509185334016,337.64304752523077,0.046470039621264315,0.046470039621264315
25113.600000000002,0.03095910358025244,337.5088971889486,0.046116700923212094,0.046116700923212094
25142.4,0.03066951325716069,337.37541938550703,0.045765133610047026,0.045765133610047026
25171.2,0.03038213634811892,337.2426145425059,0.04541533880802477,0.04541533880802477
25200.0,0.030096961630788035,337.1104830398519,0.04506731751778173,0.04506731751778173
25228.8,0.029813977877286485,336.97902521009684,0.044721070615226684,0.044721070615226684
25257.600000000002,0.029533173854973466,336.84824133877936,0.044376598852440004,0.044376598852440004
25286.4,0.029254538327227374,336.7181316647695,0.044033902858581685,0.044033902858581685
25315.2,0.02897806005421713,336.588696380617,0.043692983140808835,0.043692983140808835
25344.0,0.02870372779366878,336.45993563290176,0.04335384008519812,0.04335384008519812
25372.8,0.028431530301625638,336.3318495225878,0.043016473957678936,0.043016473957678936
25401.600000000002,0.028161456333202658,336.20443810537984,0.042680884904972044,0.042680884904972044
25430.4,0.027893494643334654,336.077701392083,0.04234707295553694,0.04234707295553694
25459.2,0.027627633987518597,335.95163934896476,0.04201503802052563,0.04201503802052563
25488.0,0.027363863122549962,335.82625189811915,0.041684779894741404,0.041684779894741404
25516.8,0.027102170807252725,335.70153891783474,0.041356298257608434,0.041356298257608434
25545.600000000002,0.026842545803203263,335.5775002429635,0.041029592674143134,0.041029592674143134
25574.4,0.026584976875448377,335.4541356652928,0.04070466259593427,0.04070466259593427
25603.2,0.026329452793216353,335.3314449339201,0.04038150736212912,0.04038150736212912
25632.0,0.026075962330622548,335.20942775562844,0.04006012620042331,0.04006012620042331
25660.8,0.025824494267368065,335.08808379526516,0.03974051822805807,0.03974051822805807
25689.600000000002,0.025575037389432752,334.96741267612236,0.039422682452822023,0.039422682452822023
25718.4,0.025327580489760793,334.8474139803192,0.03910661777405835,0.03910661777405835
25747.2,0.02508211236894094,334.72808724918536,0.0387923229836751,0.0387923229836751
25776.0,0.02483862183588019,334.6094319836479,0.03847979676716329,0.03847979676716329
25804.8,0.024597097708469913,334.49144764461766,0.03816903770461572,0.03816903770461572
25833.600000000002,0.024357528814246972,334.37413365337926,0.03786004427175322,0.03786004427175322
25862.4,0.02411990399104733,334.2574893919811,0.037552814840952554,0.037552814840952554
25891.2,0.02388421208765358,334.1415142036278,0.037247347682279816,0.037247347682279816
25920.0,0.02365044196443571,334.0262073930732,0.036943640964525314,0.036943640964525314
25948.8,0.02341858249398544,333.9115682270152,0.03664169275624409,0.03664169275624409
25977.600000000002,0.023188622561743984,333.7975959344917,0.036341501026798305,0.036341501026798305
26006.4,0.022960551066622682,333.6842897072772,0.03604306364740193,0.03604306364740193
26035.2,0.02273435692161795,333.5716487002812,0.03574637839217051,0.03574637839217051
26064.0,0.022510029054418804,333.459672031947,0.03545144293917092,0.03545144293917092
26092.8,0.022287556408007964,333.34835878465157,0.03515825487147502,0.03515825487147502
26121.600000000002,0.022066927941256125,333.2377080051063,0.034866811678214954,0.034866811678214954
26150.4,0.021848132629510172,333.12771870475837,0.03457711075564053,0.03457711075564053
26179.2,0.0216311594651736,333.01838986019294,0.03428914940817848,0.03428914940817848
26208.0,0.02141599745828135,332.90972041353575,0.034002924849492765,0.034002924849492765
26236.8,0.02120263563706713,332.80170927285667,0.03371843420354756,0.03371843420354756
26265.600000000002,0.020991063048524286,332.6943553125729,0.03343567450566927,0.03343567450566927
26294.4,0.020781268758960143,332.5876573738538,0.03315464270361279,0.03315464270361279
26323.2,0.02057324185454304,332.4816142650245,0.03287533565862458,0.03287533565862458
26352.0,0.0203669714418435,332.37622476197146,0.03259775014651067,0.03259775014651067
26380.8,0.02016244664836772,332.27148760854675,0.03232188285870202,0.03232188285870202
26409.600000000002,0.019959656623084878,332.16740151697326,0.03204773040332119,0.03204773040332119
26438.4,0.019758590536947375,332.0639651682498,0.03177528930624974,0.03177528930624974
26467.2,0.01955923758340481,331.96117721255615,0.03150455601219484,0.03150455601219484
26496.0,0.01936158697891058,331.85903626965825,0.031235526885756724,0.031235526885756724
26524.8,0.019165627963422038,331.7575409293125,0.03096819821249342,0.03096819821249342
26553.600000000002,0.01897134980089422,331.656689751671,0.030702566199988346,0.030702566199988346
26582.4,0.0187787417797661,331.55648126768614,0.03043862697891528,0.03043862697891528
26611.2,0.018587793213440906,331.45691397951373,0.03017637660410124,0.03017637660410124
26640.0,0.018398493440759014,331.35798636091766,0.029915811055591424,0.029915811055591424
26668.8,0.018210831826464588,331.2596968576726,0.02965692623971029,0.02965692623971029
26697.600000000002,0.01802479776166527,331.16204388796723,0.029399717990123354,0.029399717990123354
26726.4,0.017840380664285217,331.0650258428061,0.029144182068896164,0.029144182068896164
26755.2,0.017657569979511796,330.9686410864114,0.028890314167551934,0.028890314167551934
26784.0,0.017476355180234677,330.8728879566238,0.028638109908127495,0.028638109908127495
26812.8,0.017296725767479655,330.77776476530283,0.02838756484422825,0.02838756484422825
26841.600000000002,0.017118671270834315,330.683269798726,0.028138674462078735,0.028138674462078735
26870.4,0.016942181248867847,330.5894013179875,0.027891434181573513,0.027891434181573513
26899.2,0.01676724528954452,330.49615755939647,0.027645839357325366,0.027645839357325366
26928.0,0.016593853010629985,330.4035367348727,0.02740188527970824,0.02740188527970824
26956.8,0.016421994060090924,330.31153703234344,0.02715956717590184,0.02715956717590184
26985.600000000002,0.016251658116488592,330.22015661613733,0.026918880210929794,0.026918880210929794
27014.4,0.016082834889365637,330.1293936273786,0.026679819488697347,0.026679819488697347
27043.2,0.015915514119625964,330.0392461843793,0.0264423800530249,0.0264423800530249
27072.0,0.01574968557990881,329.94971238303054,0.026206556888678217,0.026206556888678217
27100.8,0.015585339074955629,329.86079029719275,0.025972344922396404,0.025972344922396404
27129.600000000002,0.015422464441970844,329.7724779790844,0.025739739023915853,0.025739739023915853
27158.4,0.015261051550976453,329.6847734596693,0.025508734006990417,0.025508734006990417
27187.2,0.015101090305159059,329.597674749043,0.02527932463040862,0.02527932463040862
27216.0,0.014942570641212185,329.5111798368169,0.025051505599006214,0.025051505599006214
27244.8,0.01478548252967051,329.42528669250214,0.02482527156467663,0.02482527156467663
27273.600000000002,0.014629815975239116,329.3399932658908,0.024600617127375306,0.024600617127375306
27302.4,0.014475561017115316,329.25529748743605,0.024377536836120716,0.024377536836120716
27331.2,0.014322707729304917,329.1711972686308,0.02415602518999224,0.02415602518999224
27360.0,0.014171246220931898,329.0876905023847,0.02393607663912252,0.02393607663912252
27388.8,0.014021166636541888,329.00477506339934,0.023717685585686068,0.023717685585686068
27417.600000000002,0.01387245915639954,328.9224488085415,0.02350084638488231,0.02350084638488231
27446.4,0.013725113996779276,328.8407095772153,0.023285553345915654,0.023285553345915654
27475.2,0.01357912141025051,328.75955519173215,0.023071800732970035,0.023071800732970035
27504.0,0.013434471685955853,328.6789834576786,0.022859582766177885,0.022859582766177885
27532.8,0.013291155149884517,328.59899216428306,0.02264889362258568,0.02264889362258568
27561.600000000002,0.013149162165138277,328.5195790847801,0.02243972743711395,0.02243972743711395
27590.4,0.013008483132192071,328.44074197677276,0.02223207830351114,0.02223207830351114
27619.2,0.01286910848914885,328.3624785825935,0.022025940275304627,0.022025940275304627
27648.0,0.012731028711987889,328.28478662966234,0.021821307366743824,0.021821307366743824
27676.8,0.012594234314807145,328.20766383084367,0.021618173553740096,0.021618173553740096
27705.600000000002,0.012458715850060496,328.13110788480043,0.021416532774799536,0.021416532774799536
27734.4,0.012324463908788066,328.055116476347,0.021216378931952565,0.021216378931952565
27763.2,0.012191469120841507,327.979687276799,0.02101770589167516,0.02101770589167516
27792.0,0.012059722155102804,327.9048179443216,0.02082050748580649,0.02082050748580649
27820.8,0.011929213719698193,327.83050612427564,0.020624777512459967,0.020624777512459967
27849.600000000002,0.011799934562205558,327.75674944956114,0.020430509736928892,0.020430509736928892
27878.4,0.011671875469856203,327.6835455409589,0.020237697892585525,0.020237697892585525
27907.2,0.011545027269731714,327.61089200746994,0.020046335681775367,0.020046335681775367
27936.0,0.011419380828954178,327.5387864466525,0.019856416776704845,0.019856416776704845
27964.8,0.01129492705487163,327.4672264449567,0.019667934820322423,0.019667934820322423
27993.600000000002,0.011171656895237385,327.3962095780566,0.019480883427193996,0.019480883427193996
28022.4,0.011049561338384369,327.3257334111809,0.01929525618437308,0.01929525618437308
28051.2,0.010928631413393744,327.25579549944047,0.019111046652263642,0.019111046652263642
28080.0,0.01080885819025779,327.1863933881531,0.018928248365476043,0.018928248365476043
28108.8,0.010690232780038365,327.1175246131667,0.01874685483367791,0.01874685483367791
28137.600000000002,0.010572746335018727,327.04918670118025,0.018566859542438995,0.018566859542438995
28166.4,0.010456390048851051,326.9813771700611,0.018388255954067952,0.018388255954067952
28195.2,0.010341155156698395,326.91409352916077,0.018211037508443457,0.018211037508443457
28224.0,0.010227032935371203,326.84733327962806,0.01803519762383884,0.01803519762383884
28252.8,0.010114014703459212,326.78109391471935,0.017860729697739722,0.017860729697739722
28281.600000000002,0.010002091821457466,326.7153729201071,0.017687627107656388,0.017687627107656388
28310.4,0.009891255691887726,326.650167774185,0.017515883211927638,0.017515883211927638
28339.2,0.009781497759414838,326.5854759483708,0.017345491350518334,0.017345491350518334
28368.0,0.009672809510958153,326.52129490740697,0.01717644484581114,0.01717644484581114
28396.8,0.00956518247579723,326.4576221096583,0.017008737003390728,0.017008737003390728
28425.600000000002,0.009458608225673813,326.3944550074074,0.016842361112821745,0.016842361112821745
28454.4,0.009353078374888083,326.3317910471467,0.01667731044841837,0.01667731044841837
28483.2,0.009248584580390316,326.269627669869,0.01651357827000906,0.01651357827000906
28512.0,0.009145118541867732,326.20796231135466,0.01635115782369313,0.01635115782369313
28540.8,0.009042672001826828,326.14679240245636,0.016190042342591103,0.016190042342591103
28569.600000000002,0.008941236745670461,326.0861153693806,0.016030225047585854,0.016030225047585854
28598.4,0.008840804601771017,326.0259286339681,0.01587169914806116,0.01587169914806116
28627.2,0.008741367441538323,325.96622961396974,0.015714457842628756,0.015714457842628756
28656.0,0.008642917179482965,325.9070157233208,0.015558494319850125,0.015558494319850125
28684.8,0.008545445773276119,325.84828437241254,0.015403801758952455,0.015403801758952455
28713.600000000002,0.00844894522380343,325.7900329683606,0.015250373330535178,0.015250373330535178
28742.4,0.008353407575215605,325.7322589152712,0.015098202197271106,0.015098202197271106
28771.2,0.008258824914973924,325.67495961450436,0.014947281514600074,0.014947281514600074
28800.0,0.008165189373891686,325.6181324649342,0.014797604431414074,0.014797604431414074
28828.8,0.0080724931261716,325.5617748632073,0.014649164090738012,0.014649164090738012
28857.600000000002,0.007980728389438327,325.50588420399714,0.014501953630400024,0.014501953630400024
28886.4,0.007889887424767357,325.45045788025726,0.014355966183697867,0.014355966183697867
28915.2,0.007799962536709484,325.3954932834704,0.014211194880055443,0.014211194880055443
28944.0,0.007710946073311268,325.3409878038955,0.01406763284567334,0.01406763284567334
28972.8,0.0076228304261311405,325.2869388308122,0.013925273204172766,0.013925273204172766
29001.600000000002,0.007535608030251863,325.23334375276204,0.013784109077230811,0.013784109077230811
29030.4,0.007449271364288729,325.1801999577874,0.013644133585209734,0.013644133585209734
29059.2,0.007363812950394346,325.1275048336672,0.013505339847777987,0.013505339847777987
29088.0,0.007279225354258525,325.07525576815056,0.013367720984525416,0.013367720984525416
29116.8,0.007195501185105403,325.023450149187,0.013231270115569935,0.013231270115569935
29145.600000000002,0.007112633095686246,324.97208536515456,0.013095980362157898,0.013095980362157898
29174.4,0.00703061378226823,324.9211588050845,0.012961844847256232,0.012961844847256232
29203.2,0.006949435984620186,324.8706678588839,0.012828856696138907,0.012828856696138907
29232.0,0.0068690924859942494,324.82060991755515,0.012697009036964394,0.012697009036964394
29260.8,0.006789576113104114,324.770982373413,0.012566295001348194,0.012566295001348194
29289.600000000002,0.006710879736099127,324.72178262029814,0.012436707724924747,0.012436707724924747
29318.4,0.006632996268535942,324.6730080537895,0.012308240347906924,0.012308240347906924
29347.2,0.0065559186673458236,324.6246560714122,0.012180886015633708,0.012180886015633708
29376.0,0.006479639932798505,324.5767240728437,0.012054637879113228,0.012054637879113228
29404.8,0.006404153108463251,324.5292094601177,0.011929489095559357,0.011929489095559357
29433.600000000002,0.006329451281166272,324.4821096378237,0.011805432828917967,0.011805432828917967
29462.4,0.006255527580944502,324.4354220133057,0.011682462250389915,0.011682462250389915
29491.2,0.006182375180996927,324.38914399685683,0.01156057053894398,0.01156057053894398
29520.0,0.006109987297631781,324.34327300191234,0.011439750881824707,0.011439750881824707
29548.8,0.006038357190211196,324.2978064452391,0.011319996475051873,0.011319996475051873
29577.600000000002,0.005967478161092557,324.2527417471226,0.011201300523913223,0.011201300523913223
29606.4,0.0058973435555667655,324.20807633155187,0.011083656243450606,0.011083656243450606
29635.2,0.005827946761793527,324.163807626401,0.010967056858939525,0.010967056858939525
29664.0,0.0057592812107333255,324.1199330636084,0.01085149560635986,0.01085149560635986
29692.8,0.005691340376077503,324.07645007935326,0.01073696573286165,0.01073696573286165
29721.600000000002,0.005624117774173734,324.03335611422943,0.010623460497222625,0.010623460497222625
29750.4,0.0055576069639502275,323.99064861341697,0.010510973170300083,0.010510973170300083
29779.2,0.005491801546836069,323.9483250268501,0.010399497035473434,0.010399497035473434
29808.0,0.005426695166679748,323.9063828093843,0.01028902538908395,0.01028902538908395
29836.8,0.0053622815096638085,323.86481942095895,0.010179551540863696,0.010179551540863696
29865.600000000002,0.005298554304217902,323.82363232675823,0.01007106881435881,0.01007106881435881
29894.4,0.005235507320928404,323.7828189973699,0.009963570547347944,0.009963570547347944
29923.2,0.005173134372446059,323.74237690894074,0.009857050092251919,0.009857050092251919
29952.0,0.0051114293133905815,323.7023035433297,0.009751500816536456,0.009751500816536456
29980.8,0.005050386040253082,323.6625963882587,0.009646916103109845,0.009646916103109845
30009.600000000002,0.0049899984912954495,323.62325293746034,0.009543289350712206,0.009543289350712206
30038.4,0.004930260646448361,323.5842706908243,0.009440613974300578,0.009440613974300578
30067.2,0.004871166527206031,323.5456471545396,0.009338883405423664,0.009338883405423664
30096.0,0.004812710196518817,323.5073798412356,0.009238091092593733,0.009238091092593733
30124.8,0.0047548857586835495,323.4694662701201,0.00913823050164984,0.00913823050164984
30153.600000000002,0.004697687359231658,323.4319039671151,0.009039295116115516,0.009039295116115516
30182.4,0.004641109184815218,323.39469046498965,0.008941278437548952,0.008941278437548952
30211.2,0.0045851454630904285,323.35782330349116,0.008844173985888406,0.008844173985888406
30240.0,0.004529790462599257,323.32130002947315,0.00874797529978908,0.00874797529978908
30268.8,0.004475038492648976,323.28511819702163,0.008652675936955788,0.008652675936955788
30297.600000000002,0.004420883903189435,323.24927536757843,0.008558269474467849,0.008558269474467849
30326.4,0.004367321084688442,323.2137691100626,0.00846474950909875,0.00846474950909875
30355.2,0.0043143444680054125,323.17859700098865,0.008372109657628,0.008372109657628
30384.0,0.004261948524262451,323.14375662458383,0.008280343557149258,0.008280343557149258
30412.8,0.004210127764714091,323.10924557290133,0.008189444865369174,0.008189444865369174
30441.600000000002,0.004158876740615327,323.07506144593265,0.008099407260903094,0.008099407260903094
30470.4,0.004108190043086762,323.0412018517171,0.008010224443563552,0.008010224443563552
30499.2,0.004058062302979328,323.0076644064484,0.007921890134640711,0.007921890134640711
30528.0,0.004008488190736356,322.97444673458017,0.00783439807718099,0.00783439807718099
30556.8,0.003959462416254261,322.9415464689284,0.00774774203625595,0.00774774203625595
30585.600000000002,0.003910979728741404,322.9089612507719,0.007661915799227763,0.007661915799227763
30614.4,0.003863034916575572,322.87668872995016,0.00757691317600642,0.00757691317600642
30643.2,0.003815622807159595,322.8447265649596,0.00749272799930336,0.00749272799930336
30672.0,0.003768738266775488,322.81307242304734,0.007409354124878507,0.007409354124878507
30700.8,0.0037223762004371446,322.7817239803029,0.007326785431781918,0.007326785431781918
30729.600000000002,0.0036765315517413655,322.750678921747,0.0072450158225875,0.0072450158225875
30758.4,0.003631199302717722,322.7199349414197,0.0071640392236250695,0.0071640392236250695
30787.2,0.003586374473676721,322.6894897424649,0.0070838495852032874,0.0070838495852032874
30816.0,0.0035420521230565684,322.6593410372138,0.007004440881829003,0.007004440881829003
30844.8,0.0034982273472688396,322.62948654726546,0.0069258071124199995,0.0069258071124199995
30873.600000000002,0.003454895280542725,322.59992400356606,0.006847942300513109,0.006847942300513109
30902.4,0.003412051094767963,322.5706511464855,0.0067708404944664844,0.0067708404944664844
30931.2,0.0033696899993364065,322.541665725892,0.006694495767656029,0.006694495767656029
30960.0,0.0033278072409826764,322.5129655012253,0.006618902218667786,0.006618902218667786
30988.8,0.0032863981036232626,322.48454824156704,0.0065440539714837495,0.0065440539714837495
31017.600000000002,0.0032454579081948897,322.45641172570964,0.006469945175663312,0.006469945175663312
31046.4,0.003204982012491234,322.428553742223,0.006396570006518597,0.006396570006518597
31075.2,0.0031649658109992765,322.4009720895195,0.006323922665285734,0.006323922665285734
31104.0,0.0031254047347340753,322.3736645759165,0.006251997379289998,0.006251997379289998
31132.8,0.003086294251072471,322.34662901969796,0.006180788402107213,0.006180788402107213
31161.600000000002,0.0030476298635863245,322.3198632491728,0.00611029001371826,0.00611029001371826
31190.4,0.0030094071118741505,322.29336510273265,0.00604049652066089,0.00604049652066089
31219.2,0.0029716215713923807,322.2671324289069,0.005971402256174508,0.005971402256174508
31248.0,0.002934268853285545,322.2411630864163,0.0059030015803416555,0.0059030015803416555
31276.8,0.0028973446042151983,322.21545494422435,0.0058352888802233605,0.0058352888802233605
31305.600000000002,0.0028608445061888877,322.19000588158764,0.005768258569991484,0.005768258569991484
31334.4,0.0028247642763871194,322.1648137881035,0.005701905091054491,0.005701905091054491
31363.2,0.002789099666991186,322.13987656375645,0.00563622291217947,0.00563622291217947
31392.0,0.0027538464650085966,322.11519211896257,0.00557120652960951,0.00557120652960951
31420.8,0.0027190004920984814,322.0907583746126,0.005506850467176747,0.005506850467176747
31449.600000000002,0.00268455760439658,322.06657326211297,0.005443149276410451,0.005443149276410451
31478.4,0.0026505136923396155,322.0426347234249,0.005380097536640494,0.005380097536640494
31507.2,0.002616864680487867,322.0189407111022,0.005317689855096305,0.005317689855096305
31536.0,0.0025836065273490663,321.99548918832767,0.005255920867003297,0.005255920867003297
31564.8,0.0025507352252000454,321.9722781289468,0.005194785235671046,0.005194785235671046
31593.600000000002,0.002518246799908373,321.9493055175016,0.00513427765258283,0.00513427765258283
31622.4,0.002486137310754062,321.9265693492605,0.005074392837474224,0.005074392837474224
31651.2,0.0024544028502499616,321.9040676302489,0.00501512553841381,0.00501512553841381
31680.0,0.002423039543962076,321.88179837727677,0.004956470531875327,0.004956470531875327
31708.8,0.002392043550329387,321.8597596179652,0.004898422622808205,0.004898422622808205
31737.600000000002,0.0023614110604832034,321.8379493907713,0.0048409766447026804,0.0048409766447026804
31766.4,0.0023311382980663025,321.8163657450117,0.00478412745965194,0.00478412745965194
31795.2,0.002301221519051567,321.79500674088416,0.004727869958409155,0.004727869958409155
31824.0,0.0022716570115601047,321.7738704494885,0.004672199060442285,0.004672199060442285
31852.8,0.0022424410956793633,321.7529549528453,0.0046171097139833354,0.0046171097139833354
31881.600000000002,0.0022135701232808428,321.73225834391314,0.004562596896074317,0.004562596896074317
31910.4,0.0021850404778375,321.71177872660536,0.004508655612610667,0.004508655612610667
31939.2,0.002156848574240808,321.6915142158043,0.004455280898379282,0.004455280898379282
31968.0,0.0021289908586179063,321.67146293737466,0.0044024678170932465,0.0044024678170932465
31996.8,0.0021014638081483764,321.65162302817555,0.004350211461424176,0.004350211461424176
32025.600000000002,0.002074263930880581,321.6319926360713,0.004298506953030066,0.004298506953030066
32054.4,0.0020473877655482727,321.61256991994,0.0042473494425781955,0.0042473494425781955
32083.2,0.002020831881386902,321.59335304968243,0.004196734109768635,0.004196734109768635
32112.0,0.0019945928779498147,321.5743402062279,0.004146656163349069,0.004146656163349069
32140.8,0.0019686673849241727,321.55552958154004,0.004097110841131116,0.004097110841131116
32169.600000000002,0.0019430520619473084,321.53691937862106,0.0040480934100003575,0.0040480934100003575
32198.4,0.0019177435984221475,321.51850781151364,0.003999599165922181,0.003999599165922181
32227.2,0.001892738713333746,321.50029310530397,0.00395162343394941,0.00395162343394941
32256.0,0.0018680341550651152,321.4822734961212,0.0039041615682209613,0.0039041615682209613
32284.8,0.0018436267012128405,321.46444723113683,0.0038572089519601977,0.0038572089519601977
32313.600000000002,0.0018195131584034542,321.4468125685631,0.003810760997470583,0.003810760997470583
32342.4,0.001795690362109301,321.4293677776495,0.003764813146126851,0.003764813146126851
32371.2,0.0017721551764647047,321.4121111386787,0.0037193608683639273,0.0037193608683639273
32400.0,0.00174890449408213,321.39504094296154,0.0036743996636636003,0.0036743996636636003
32428.8,0.0017259352358683308,321.37815549282953,0.0036299250605353606,0.0036299250605353606
32457.600000000002,0.0017032443508412439,321.3614531016285,0.0035859326164991816,0.0035859326164991816
32486.4,0.0016808288159461022,321.34493209370913,0.0035424179180606665,0.0035424179180606665
32515.2,0.0016586856358725018,321.3285908044176,0.0034993765806866444,0.0034993765806866444
32544.0,0.0016368118428711222,321.312427580085,0.003456804248776872,0.003456804248776872
32572.8,0.0016152044965709544,321.2964407780149,0.0034146965956318442,0.0034146965956318442
32601.600000000002,0.0015938606837964614,321.28062876647164,0.003373049323421204,0.003373049323421204
32630.4,0.0015727775183853791,321.2649899246655,0.0033318581631455635,0.0033318581631455635
32659.2,0.0015519521410064959,321.24952264273884,0.0032911188745993725,0.0032911188745993725
32688.0,0.0015313817189773291,321.2342253217499,0.0032508272463282507,0.0032508272463282507
32716.8,0.0015110634460831502,321.2190963736562,0.003210979095585864,0.003210979095585864
32745.600000000002,0.0014909945423949439,321.2041342212974,0.003171570268287816,0.003171570268287816
32774.4,0.0014711722540887001,321.1893372983763,0.003132596638962536,0.003132596638962536
32803.200000000004,0.0014515938532647045,321.17470404944,0.0030940541107011246,0.0030940541107011246
32832.0,0.0014322566377671527,321.1602329298591,0.003055938615102855,0.003055938615102855
32860.8,0.0014131579310037775,321.1459224058073,0.003018246112221125,0.003018246112221125
32889.6,0.0013942950817665077,321.1317709542389,0.0029809725905043157,0.0029809725905043157
32918.4,0.0013756654640520948,321.1177770628661,0.002944114066736205,0.002944114066736205
32947.200000000004,0.0013572664768831976,321.1039392301357,0.0029076665859745824,0.0029076665859745824
32976.0,0.0013390955441298586,321.0902559652047,0.002871626221486267,0.002871626221486267
33004.8,0.001321150114331319,321.0767257879146,0.0028359890746807877,0.0028359890746807877
33033.6,0.0013034276605186318,321.06334722876613,0.0028007512750424053,0.0028007512750424053
33062.4,0.00128592568003717,321.05011882889227,0.0027659089800598953,0.0027659089800598953
33091.200000000004,0.0012686416943700218,321.03703914003063,0.002731458375153635,0.002731458375153635
33120.0,0.0012515732489617928,321.0241067244955,0.002697395673601791,0.002697395673601791
33148.8,0.0012347179130427495,321.01132015514895,0.002663717116464562,0.002663717116464562
33177.6,0.0012180732794532794,320.99867801537124,0.0026304189725057225,0.0026304189725057225
33206.4,0.0012016369644695084,320.98617889903056,0.0025974975381134247,0.0025974975381134247
33235.200000000004,0.0011854066076287546,320.9738214104523,0.002564949137218898,0.002564949137218898
33264.0,0.001169379871555731,320.96160416438664,0.0025327701212115596,0.0025327701212115596
33292.8,0.0011535544417894783,320.94952578597776,0.002500956868857116,0.002500956868857116
33321.6,0.0011379280266107718,320.93758491072947,0.0024695057862078817,0.0024695057862078817
33350.4,0.0011224983568696044,320.9257801844728,0.0024384133065168396,0.0024384133065168396
33379.200000000004,0.0011072631858141412,320.91411026333174,0.002407675890147811,0.002407675890147811
33408.0,0.0010922202889193915,320.9025738136879,0.002377290024482026,0.002377290024482026
33436.8,0.0010773674637170351,320.89116951214646,0.0023472522238284456,0.0023472522238284456
33465.6,0.0010627025296253885,320.8798960454992,0.0023175590293268897,0.0023175590293268897
33494.4,0.0010482233277806193,320.8687521106892,0.002288207008854316,0.002288207008854316
33523.200000000004,0.0010339277208678134,320.8577364147729,0.0022591927569257015,0.0022591927569257015
33552.0,0.0010198135929530938,320.8468476748838,0.002230512894597625,0.002230512894597625
33580.8,0.0010058788493166075,320.83608461819387,0.002202164069367057,0.002202164069367057
33609.6,0.000992121416285444,320.82544598187536,0.002174142955070896,0.002174142955070896
33638.4,0.0009785392410678645,320.814930513062,0.0021464462517834107,0.0021464462517834107
33667.200000000004,0.0009651302915878209,320.8045369688094,0.002119070685712186,0.002119070685712186
33696.0,0.000951892556320231,320.7942641160555,0.002092013009094065,0.002092013009094065
33724.8,0.0009388240441273102,320.78411073158026,0.002065270000088403,0.002065270000088403
33753.6,0.0009259227840947011,320.7740756019651,0.00203883846267091,0.00203883846267091
33782.4,0.000913186825368797,320.76415752355126,0.002012715226523763,0.002012715226523763
33811.200000000004,0.0009006142369955384,320.754355302399,0.001986897146927801,0.001986897146927801
33840.0,0.000888203107758197,320.74466775424514,0.00196138110465114,0.00196138110465114
33868.8,0.0008759515460171851,320.7350937044611,0.0019361640058385247,0.0019361640058385247
33897.6,0.0008638576795503096,320.7256319880101,0.0019112427818982916,0.0019112427818982916
33926.4,0.0008519196553936284,320.7162814494039,0.0018866143893890325,0.0018866143893890325
33955.200000000004,0.0008401356396826996,320.7070409426598,0.0018622758099058052,0.0018622758099058052
33984.0,0.0008285038174951612,320.6979093312564,0.0018382240499639527,0.0018382240499639527
34012.8,0.0008170223926937201,320.68888548809014,0.0018144561408839667,0.0018144561408839667
34041.6,0.0008056895877699236,320.6799682954303,0.0017909691386741088,0.0017909691386741088
34070.4,0.0007945036436886928,320.67115664487466,0.0017677601239127296,0.0017677601239127296
34099.200000000004,0.0007834628197336572,320.66244943730436,0.001744826201629541,0.001744826201629541
34128.0,0.0007725653933530392,320.65384558283864,0.0017221645011865898,0.0017221645011865898
34156.8,0.0007618096600066569,320.64534400078924,0.0016997721761580309,0.0016997721761580309
34185.6,0.0007511939330131602,320.63694361961444,0.0016776464042091547,0.0016776464042091547
34214.4,0.0007407165433986671,320.6286433768732,0.0016557843869754137,0.0016557843869754137
34243.200000000004,0.0007303758397457041,320.62044221917864,0.0016341833499402502,0.0016341833499402502
34272.0,0.0007201701880432842,320.61233910215145,0.0016128405423118763,0.0016128405423118763
34300.8,0.0007100979715371241,320.604332990373,0.001591753236900206,0.001591753236900206
34329.6,0.0007001575905816221,320.59642285733844,0.0015709187299931854,0.0015709187299931854
34358.4,0.0006903474624914989,320.58860768540933,0.0015503343412319255,0.0015503343412319255
34387.200000000004,0.0006806660213954969,320.5808864657662,0.0015299974134858375,0.0015299974134858375
34416.0,0.0006711117180896383,320.57325819836086,0.001509905312727166,0.001509905312727166
34444.8,0.0006616830198918652,320.5657218918687,0.0014900554279049254,0.0014900554279049254
34473.6,0.0006523784104979091,320.55827656364056,0.0014704451708186866,0.0014704451708186866
34502.4,0.0006431963898370684,320.5509212396545,0.0014510719759910143,0.0014510719759910143
34531.200000000004,0.0006341354739293209,320.5436549544675,0.0014319333005408052,0.0014319333005408052
34560.0,0.0006251941947432683,320.536476751167,0.0014130266240549771,0.0014130266240549771
34588.8,0.0006163711000546348,320.52938568132254,0.001394349448461657,0.001394349448461657
34617.6,0.0006076647533058639,320.5223808049363,0.0013758992978997733,0.0013758992978997733
34646.4,0.0005990737334660363,320.5154611903949,0.0013576737185919464,0.0013576737185919464
34675.200000000004,0.0005905966348925292,320.5086259144201,0.0013396702787148286,0.0013396702787148286
34704.0,0.000582232067192231,320.5018740620197,0.0013218865682692981,0.0013218865682692981
34732.8,0.0005739786550850814,320.4952047264384,0.0013043201989519995,0.0013043201989519995
34761.6,0.0005658350382666381,320.4886170091084,0.0012869688040243383,0.0012869688040243383
34790.4,0.0005577998712732871,320.4821100196003,0.0012698300381834221,0.0012698300381834221
34819.200000000004,0.0005498718233471342,320.47568287557317,0.001252901577430458,0.001252901577430458
34848.0,0.0005420495783018562,320.46933470272563,0.0012361811189424414,0.0012361811189424414
34876.8,0.0005343318343896179,320.4630646347454,0.0012196663809386056,0.0012196663809386056
34905.6,0.0005267173041686991,320.45687181326036,0.0012033551025516648,0.0012033551025516648
34934.4,0.0005192047143722937,320.4507553877891,0.0011872450436980037,0.0011872450436980037
34963.200000000004,0.0005117928057775948,320.44471451569,0.0011713339849429324,0.0011713339849429324
34992.0,0.0005044803330758722,320.4387483621128,0.001155619727373573,0.001155619727373573
35020.8,0.000497266064743493,320.43285609994786,0.0011401000924651586,0.0011401000924651586
35049.6,0.0004901487829140252,320.42703690977686,0.0011247729219509297,0.0011247729219509297
35078.4,0.00048312728325041273,320.42128997982263,0.0011096360776902273,0.0011096360776902273
35107.200000000004,0.0004762003748188368,320.41561450589967,0.0010946874415380893,0.0010946874415380893
35136.0,0.00046936687996281077,320.4100096913639,0.0010799249152128976,0.0010799249152128976
35164.8,0.00046262563417853226,320.4044747470632,0.0010653464201662707,0.0010653464201662707
35193.6,0.00045597548599043546,320.39900889128745,0.0010509498974510117,0.0010509498974510117
35222.4,0.00044941529682856855,320.39361134971864,0.0010367333075902525,0.0010367333075902525
35251.200000000004,0.0004429439409056547,320.3882813553811,0.0010226946304459996,0.0010226946304459996
35280.0,0.00043656030509587435,320.3830181485919,0.0010088318650887287,0.0010088318650887287
35308.8,0.00043026328881403845,320.3778209769108,0.0009951430296654806,0.0009951430296654806
35337.6,0.00042405180389604174,320.3726890950911,0.0009816261612700544,0.0009816261612700544
35366.4,0.00041792477447897755,320.3676217650295,0.000968279315811554,0.000968279315811554
35395.200000000004,0.0004118811368838104,320.3626182557169,0.0009551005678842801,0.0009551005678842801
35424.0,0.00040591983949741,320.3576778431883,0.0009420880106364274,0.0009420880106364274
35452.8,0.00040003984265630756,320.35279981047415,0.0009292397556410245,0.0009292397556410245
35481.6,0.00039424011853052336,320.3479834475504,0.0009165539327650797,0.0009165539327650797
35510.4,0.00038851965100917114,320.3432280512892,0.0009040286900394743,0.0009040286900394743
35539.200000000004,0.00038287743558579524,320.3385329254097,0.0008916621935294545,0.0008916621935294545
35568.0,0.00037731247924537785,320.33389738042933,0.0008794526272061715,0.0008794526272061715
35596.8,0.000371823800351915,320.3293207336138,0.0008673981928152283,0.0008673981928152283
35625.6,0.0003664104285364717,320.324802308929,0.0008554971097495664,0.0008554971097495664
35654.4,0.0003610714045867298,320.3203414369916,0.000843747614919959,0.000843747614919959
35683.200000000004,0.000355805780336446,320.3159374550204,0.0008321479626262509,0.0008321479626262509
35712.0,0.0003506126185567407,320.3115897067878,0.0008206964244300976,0.0008206964244300976
35740.8,0.00034549099284738607,320.3072975425708,0.000809391289025307,0.000809391289025307
35769.6,0.00034043998752910677,320.30306031910294,0.0007982308621119253,0.0007982308621119253
35798.4,0.00033545869753710686,320.2988773995259,0.0007872134662680767,0.0007872134662680767
35827.200000000004,0.0003305462283148446,320.2947481533409,0.0007763374408224021,0.0007763374408224021
35856.0,0.0003257016957088735,320.2906719563611,0.0007656011417287431,0.0007656011417287431
35884.8,0.00032092422586455405,320.2866481906634,0.000755002941438731,0.000755002941438731
35913.6,0.00031621295512235064,320.28267624454037,0.0007445412287755723,0.0007445412287755723
35942.4,0.00031156702991489414,320.278755512453,0.0007342144088096319,0.0007342144088096319
35971.200000000004,0.000306985606665303,320.2748853949829,0.000724020902732069,0.000724020902732069
36000.0,0.0003024678516855964,320.27106529878466,0.0007139591477299711,0.0007139591477299711
36028.8,0.000298012941076703,320.2672946365392,0.0007040275968629844,0.0007040275968629844
36057.6,0.0002936200606283653,320.2635728269057,0.0006942247189371004,0.0006942247189371004
36086.4,0.00028928840572048207,320.25989929447553,0.0006845489983827832,0.0006845489983827832
36115.200000000004,0.00028501718122514306,320.2562734697252,0.0006749989351317507,0.0006749989351317507
36144.0,0.0002808056014091976,320.2526947889693,0.0006655730444922574,0.0006655730444922574
36172.8,0.0002766528898374267,320.2491626943143,0.0006562698570282705,0.0006562698570282705
36201.6,0.00027255827927727774,320.24567663361245,0.0006470879184371488,0.0006470879184371488
36230.4,0.0002685210116038669,320.2422360604152,0.000638025789427621,0.000638025789427621
36259.200000000004,0.0002645403377051402,320.2388404339276,0.0006290820455991114,0.0006290820455991114
36288.0,0.0002606155173892734,320.235489218962,0.0006202552773207662,0.0006202552773207662
36316.8,0.00025674581929120184,320.23218188589317,0.0006115440896118269,0.0006115440896118269
36345.6,0.00025293052078097873,320.2289179106121,0.000602947102021256,0.000602947102021256
36374.4,0.0002491689078730935,320.22569677448104,0.00059446294850856,0.00059446294850856
36403.200000000004,0.0002454602751350091,320.22251796428856,0.0005860902773256597,0.0005860902773256597
36432.0,0.00024180392559839783,320.21938097220436,0.0005778277508978635,0.0005778277508978635
36460.8,0.00023819917066961478,320.21628529573474,0.0005696740457064865,0.0005696740457064865
36489.6,0.00023464533004180466,320.2132304376783,0.0005616278521723689,0.0005616278521723689
36518.4,0.00023114173160727517,320.2102159060809,0.0005536878745369978,0.0005536878745369978
36547.200000000004,0.00022768771137074163,320.20724121419266,0.0005458528307493196,0.0005458528307493196
36576.0,0.00022428261336381348,320.2043058804227,0.0005381214523467119,0.0005381214523467119
36604.8,0.00022092578955902034,320.2014094282964,0.0005304924843423947,0.0005304924843423947
36633.6,0.00021761659978561395,320.19855138641185,0.0005229646851101455,0.0005229646851101455
36662.4,0.00021435441164586734,320.1957312883961,0.0005155368262699142,0.0005155368262699142
36691.200000000004,0.00021113860043164007,320.1929486728618,0.0005082076925732862,0.0005082076925732862
36720.0,0.00020796854904236572,320.19020308336513,0.0005009760817922411,0.0005009760817922411
36748.8,0.00020484364790305626,320.1874940683627,0.0004938408046062644,0.0004938408046062644
36777.6,0.00020176329488365622,320.18482118116896,0.00048680068448990623,0.00048680068448990623
36806.4,0.00019872689521853974,320.1821839799139,0.0004798545576012419,0.0004798545576012419
36835.200000000004,0.0001957338614269842,320.1795820275011,0.00047300127267182644,0.00047300127267182644
36864.0,0.00019278361323430115,320.1770148915662,0.00046623969089650116,0.00046623969089650116
36892.8,0.00018987557749380171,320.1744821444347,0.00045956868582305003,0.00045956868582305003
36921.6,0.0001870091881092071,320.17198336308087,0.0004529871432436529,0.0004529871432436529
36950.4,0.00018418388595785738,320.1695181290865,0.00044649396108618845,0.00044649396108618845
36979.200000000004,0.00018139911881461348,320.1670860286001,0.00044008804930688534,0.00044008804930688534
37008.0,0.000178654341276541,320.1646866522959,0.0004337683297820746,0.0004337683297820746
37036.8,0.00017594901468782486,320.16231959533343,0.000427533736202038,0.000427533736202038
37065.6,0.0001732826070659266,320.15998445731725,0.0004213832139650066,0.0004213832139650066
37094.4,0.00017065459302841818,320.157680842257,0.0004153157200714584,0.0004153157200714584
37123.200000000004,0.00016806445371977878,320.1554083585273,0.0004093302230191645,0.0004093302230191645
37152.0,0.00016551167673934715,320.1531666188282,0.00040342570269808614,0.00040342570269808614
37180.8,0.0001629957560703393,320.150955240146,0.0003976011502882651,0.0003976011502882651
37209.6,0.00016051619200851147,320.1487738437139,0.0003918555681554693,0.0003918555681554693
37238.4,0.00015807249109238544,320.146622054973,0.0003861879697486347,0.0003861879697486347
37267.200000000004,0.00015566416603352787,320.14449950353395,0.00038059737949880406,0.00038059737949880406
37296.0,0.00015329073564810818,320.142405823138,0.0003750828327168684,0.0003750828327168684
37324.8,0.00015095172478795938,320.1403406516193,0.0003696433754937038,0.0003696433754937038
37353.6,0.00014864666427362805,320.13830363086635,0.00036427806459926,0.00036427806459926
37382.4,0.00014637509082733572,320.1362944067846,0.0003589859673834462,0.0003589859673834462
37411.200000000004,0.0001441365470064732,320.1343126292589,0.00035376616167761497,0.00035376616167761497
37440.0,0.00014193058113792957,320.132357952116,0.0003486177356958967,0.0003486177356958967
37468.8,0.00013975674725323845,320.1304300330877,0.000343539787937433,0.000343539787937433
37497.6,0.00013761460502381313,320.1285285337737,0.00033853142708965725,0.00033853142708965725
37526.4,0.00013550371969719402,320.1266531196055,0.00033359177193217443,0.00033359177193217443
37555.200000000004,0.00013342366203393573,320.12480345980964,0.0003287199512403416,0.0003287199512403416
37584.0,0.00013137400824458304,320.12297922737173,0.0003239151036907944,0.0003239151036907944
37612.8,0.0001293543399279966,320.1211800990004,0.00031917637776607586,0.00031917637776607586
37641.6,0.00012736424400998063,320.1194057550919,0.0003145029316615101,0.0003145029316615101
37670.4,0.00012540331268184033,320.11765587969455,0.00030989393319162775,0.00030989393319162775
37699.200000000004,0.00012347114334076777,320.1159301604737,0.0003053485596979384,0.0003053485596979384
37728.0,0.00012156733852958899,320.11422828867626,0.000300865997955505,0.000300865997955505
37756.8,0.0001196915058781095,320.11254995909695,0.0002964454440837115,0.0002964454440837115
37785.6,0.00011784325804415836,320.1108948700429,0.0002920861034534357,0.0002920861034534357
37814.4,0.00011602221265594588,320.1092627232999,0.0002877871905979665,0.0002877871905979665
37843.200000000004,0.00011422799225438654,320.1076532240984,0.0002835479291236207,0.0002835479291236207
37872.0,0.00011246022423652284,320.1060660810794,0.00027936755161961184,0.00027936755161961184
37900.8,0.00011071854079893152,320.1045010062615,0.0002752452995713622,0.0002752452995713622
37929.6,0.00010900257888221343,320.1029577150073,0.00027118042327216817,0.00027118042327216817
37958.4,0.00010731198011585595,320.1014359259901,0.00026717218173546433,0.00026717218173546433
37987.200000000004,0.00010564639076323852,320.0999353611615,0.0002632198426093333,0.0002632198426093333
38016.0,0.00010400546166796917,320.0984557457188,0.00025932268209056646,0.00025932268209056646
38044.8,0.00010238884820022204,320.09699680807245,0.0002554799848391741,0.0002554799848391741
38073.6,0.00010079621020342975,320.09555827981376,0.00025169104389334427,0.00025169104389334427
38102.4,9.922721194218359e-05,320.0941398956839,0.00024795516058754603,0.00024795516058754603
38131.200000000004,9.76815220499563e-05,320.09274139354113,0.0002442716444664406,0.0002442716444664406
38160.0,9.615881347797936e-05,320.09136251433017,0.00024063981320403244,0.00024063981320403244
38188.8,9.465876344396067e-05,320.0900030020507,0.00023705899252087414,0.00023705899252087414
38217.6,9.318105338197386e-05,320.0886626037268,0.00023352851610336755,0.00023352851610336755
38246.4,9.172536889243745e-05,320.0873410693756,0.00023004772552156735,0.00023004772552156735
38275.200000000004,9.029139969299904e-05,320.0860381519775,0.0002266159701501289,0.0002266159701501289
38304.0,8.887883956904711e-05,320.0847536074456,0.000223232607088358,0.000223232607088358
38332.8,8.748738632587445e-05,320.0834871945955,0.00021989700108055975,0.00021989700108055975
38361.6,8.611674174075278e-05,320.0822386751161,0.0002166085244389328,0.0002166085244389328
38390.4,8.476661151522077e-05,320.08100781353954,0.00021336655696421766,0.00021336655696421766
38419.200000000004,8.343670522838446e-05,320.079794377212,0.00021017048586948953,0.00021017048586948953
38448.0,8.212673629078581e-05,320.07859813626493,0.00020701970570365121,0.00020701970570365121
38476.8,8.083642189780995e-05,320.07741886358565,0.00020391361827447712,0.00020391361827447712
38505.6,7.956548298469075e-05,320.0762563347893,0.00020085163257450186,0.00020085163257450186
38534.4,7.831364418156965e-05,320.0751103281901,0.00019783316470511225,0.00019783316470511225
38563.200000000004,7.70806337687857e-05,320.0739806247731,0.00019485763780303494,0.00019485763780303494
38592.0,7.586618363280485e-05,320.0728670081667,0.00019192448196652436,0.00019192448196652436
38620.8,7.467002922261123e-05,320.0717692646144,0.00018903313418214965,0.00018903313418214965
38649.6,7.349190950700411e-05,320.0706871829476,0.0001861830382530789,0.0001861830382530789
38678.4,7.233156693118467e-05,320.06962055455824,0.00018337364472601581,0.00018337364472601581
38707.200000000004,7.118874737503004e-05,320.0685691733719,0.00018060441082143016,0.00018060441082143016
38736.0,7.00632001114562e-05,320.0675328358205,0.00017787480036124309,0.00017787480036124309
38764.8,6.895467776458566e-05,320.0665113408165,0.00017518428370070453,0.00017518428370070453
38793.6,6.786293626926487e-05,320.06550448972587,0.0001725323376575757,0.0001725323376575757
38822.4,6.678773483035089e-05,320.06451208634206,0.00016991844544310823,0.00016991844544310823
38851.200000000004,6.572883588283282e-05,320.06353393686015,0.00016734209659437064,0.00016734209659437064
38880.0,6.468600505209567e-05,320.06256984985134,0.0001648027869068745,0.0001648027869068745
38908.8,6.365901111491191e-05,320.0616196362366,0.00016230001836525405,0.00016230001836525405
38937.6,6.264762596071775e-05,320.0606831092627,0.00015983329907978496,0.00015983329907978496
38966.4,6.165162455288931e-05,320.05976008447595,0.00015740214321796218,0.00015740214321796218
38995.200000000004,6.0670784891351024e-05,320.0588503796979,0.00015500607093967155,0.00015500607093967155
39024.0,5.9704887974793016e-05,320.05795381500064,0.00015264460833266014,0.00015264460833266014
39052.8,5.875371776354602e-05,320.05707021268233,0.0001503172873478574,0.0001503172873478574
39081.6,5.781706114302472e-05,320.0561993972428,0.00014802364573514534,0.00014802364573514534
39110.4,5.689470788713526e-05,320.0553411953599,0.00014576322698137443,0.00014576322698137443
39139.200000000004,5.598645062280226e-05,320.05449543586536,0.00014353558024598402,0.00014353558024598402
39168.0,5.509208479422908e-05,320.0536619497214,0.00014134026030036576,0.00014134026030036576
39196.8,5.421140862769098e-05,320.0528405699973,0.00013917682746543048,0.00013917682746543048
39225.6,5.334422309707457e-05,320.0520311318459,0.00013704484755037253,0.00013704484755037253
39254.4,5.249033188920389e-05,320.05123347248144,0.00013494389179323127,0.00013494389179323127
39283.200000000004,5.1649541370179154e-05,320.0504474311559,0.000132873536799805,0.000132873536799805
39312.0,5.0821660551413345e-05,320.0496728491368,0.00013083336448466162,0.00013083336448466162
39340.8,5.000650105680579e-05,320.048909569685,0.0001288229620121487,0.0001288229620121487
39369.6,4.9203877089666896e-05,320.0481574380322,0.0001268419217380029,0.0001268419217380029
39398.4,4.841360540042487e-05,320.0474163013593,0.0001248898411518574,0.0001248898411518574
39427.200000000004,4.7635505254278534e-05,320.04668600877454,0.00012296632281974963,0.00012296632281974963
39456.0,4.686939839959672e-05,320.04596641129154,0.00012107097432632901,0.00012107097432632901
39484.8,4.611510903622873e-05,320.04525736180875,0.00011920340822065876,0.00011920340822065876
39513.6,4.537246378495128e-05,320.0445587150874,0.000117363241958274,0.000117363241958274
39542.4,4.464129165624109e-05,320.04387032773127,0.00011555009784758208,0.00011555009784758208
39571.200000000004,4.39214240202192e-05,320.0431920581654,0.00011376360299431656,0.00011376360299431656
39600.0,4.3212694576791074e-05,320.0425237666156,0.00011200338924703905,0.00011200338924703905
39628.8,4.2514939325395915e-05,320.0418653150883,0.00011026909314428818,0.00011026909314428818
39657.6,4.182799653631902e-05,320.0412165673499,0.00010856035586053057,0.00010856035586053057
39686.4,4.115170672125793e-05,320.0405773889074,0.00010687682315420812,0.00010687682315420812
39715.200000000004,4.04859126049192e-05,320.0399476469881,0.00010521814531518631,0.00010521814531518631
39744.0,3.983045909640182e-05,320.0393272105196,0.00010358397711205269,0.00010358397711205269
39772.8,3.9185193261379974e-05,320.0387159501114,0.00010197397774270941,0.00010197397774270941
39801.6,3.8549964294321245e-05,320.0381137380347,0.00010038781078242034,0.00010038781078242034
39830.4,3.7924623491078236e-05,320.0375204482038,9.882514413365493e-05,9.882514413365493e-05
39859.200000000004,3.730902422195916e-05,320.03693595615675,9.728564997623141e-05,9.728564997623141e-05
39888.0,3.670302190478137e-05,320.03636013903736,9.576900471895732e-05,9.576900471895732e-05
39916.8,3.610647397858143e-05,320.0357928755757,9.427488894887439e-05,9.427488894887439e-05
39945.6,3.551923987746804e-05,320.0352340460705,9.280298738484546e-05,9.280298738484546e-05
39974.4,3.494118100475848e-05,320.0346835323709,9.135298882889537e-05,9.135298882889537e-05
40003.200000000004,3.437216070720434e-05,320.0341412178579,8.992458611845037e-05,8.992458611845037e-05
40032.0,3.3812044250211596e-05,320.03360698742705,8.851747607962553e-05,8.851747607962553e-05
40060.8,3.326069879252842e-05,320.03308072747075,8.713135948126065e-05,8.713135948126065e-05
40089.6,3.271799336160723e-05,320.0325623258603,8.576594098745913e-05,8.576594098745913e-05
40118.4,3.218379882960671e-05,320.03205167192914,8.44209291135702e-05,8.44209291135702e-05
40147.200000000004,3.165798788878979e-05,320.0315486564555,8.309603618022496e-05,8.309603618022496e-05
40176.0,3.1140435028182656e-05,320.03105317164534,8.17909782684204e-05,8.17909782684204e-05
40204.8,3.0631016509718985e-05,320.0305651111156,8.050547517595093e-05,8.050547517595093e-05
40233.6,3.0129610345236194e-05,320.0300843698777,7.923925037324093e-05,7.923925037324093e-05
40262.4,2.963609627331268e-05,320.02961084432087,7.799203095962655e-05,7.799203095962655e-05
40291.200000000004,2.915035573685014e-05,320.02914443219595,7.676354762113471e-05,7.676354762113471e-05
40320.0,2.867227186031935e-05,320.0286850325991,7.555353458706435e-05,7.555353458706435e-05
40348.8,2.82017294277512e-05,320.0282325459562,7.436172958881333e-05,7.436172958881333e-05
40377.6,2.7738614861243413e-05,320.0277868740066,7.318787381780729e-05,7.318787381780729e-05
40406.4,2.72828161982768e-05,320.02734791978776,7.203171188417677e-05,7.203171188417677e-05
40435.200000000004,2.6834223071394257e-05,320.02691558761944,7.089299177573414e-05,7.089299177573414e-05
40464.0,2.6392726686724877e-05,320.0264897830889,6.977146481859708e-05,6.977146481859708e-05
40492.8,2.5958219802970236e-05,320.026070413035,6.866688563556656e-05,6.866688563556656e-05
40521.6,2.5530596710816793e-05,320.0256573855337,6.757901210794817e-05,6.757901210794817e-05
40550.4,2.5109753212898834e-05,320.0252506098833,6.650760533632561e-05,6.650760533632561e-05
40579.200000000004,2.4695586603211162e-05,320.0248499965889,6.545242959998645e-05,6.545242959998645e-05
40608.0,2.4287995647533816e-05,320.0244554573489,6.44132523212889e-05,6.44132523212889e-05
40636.8,2.3886880563732846e-05,320.02406690503994,6.338984402598593e-05,6.338984402598593e-05
40665.6,2.3492143002167377e-05,320.0236842537026,6.238197830534622e-05,6.238197830534622e-05
40694.4,2.3103686026860637e-05,320.0233074185275,6.138943178007161e-05,6.138943178007161e-05
40723.200000000004,2.2721414096333488e-05,320.0229363158415,6.0411984063166526e-05,6.0411984063166526e-05
40752.0,2.2345233044899822e-05,320.02257086309345,5.944941772325667e-05,5.944941772325667e-05
40780.8,2.197505006431699e-05,320.0222109788408,5.850151824865616e-05,5.850151824865616e-05
40809.6,2.1610773685489787e-05,320.02185658273595,5.7568074011734236e-05,5.7568074011734236e-05
40838.4,2.1252313760423204e-05,320.0215075955129,5.6648876233731064e-05,5.6648876233731064e-05
40867.200000000004,2.089958144437011e-05,320.02116393897404,5.5743718949872975e-05,5.5743718949872975e-05
40896.0,2.0552489178192652e-05,320.02082553597694,5.485239897463747e-05,5.485239897463747e-05
40924.8,2.0210950671380435e-05,320.0204923104216,5.397471586821589e-05,5.397471586821589e-05
40953.6,1.9874880884180973e-05,320.0201641872373,5.311047190162876e-05,5.311047190162876e-05
40982.4,1.9544196011470385e-05,320.0198410923699,5.225947202378737e-05,5.225947202378737e-05
41011.200000000004,1.9218813465363457e-05,320.01952295276993,5.142152382945366e-05,5.142152382945366e-05
41040.0,1.8898651859226727e-05,320.0192096963793,5.059643752480468e-05,5.059643752480468e-05
41068.8,1.8583630990661337e-05,320.01890125211935,4.9784025895841715e-05,4.9784025895841715e-05
41097.6,1.8273671826120054e-05,320.01859754987913,4.898410427709874e-05,4.898410427709874e-05
41126.4,1.796869648460055e-05,320.01829852050264,4.819649051855438e-05,4.819649051855438e-05
41155.200000000004,1.7668628221783236e-05,320.0180040957775,4.7421004955538176e-05,4.7421004955538176e-05
41184.0,1.737339141487888e-05,320.0177142084227,4.66574703766905e-05,4.66574703766905e-05
41212.8,1.7082911547068107e-05,320.0174287920775,4.590571199416836e-05,4.590571199416836e-05
41241.6,1.67971151924029e-05,320.0171477812896,4.516555741325214e-05,4.516555741325214e-05
41270.4,1.6515930000796432e-05,320.01687111150375,4.443683660165312e-05,4.443683660165312e-05
41299.200000000004,1.623928468345745e-05,320.0165987190506,4.37193818607672e-05,4.37193818607672e-05
41328.0,1.596710899805795e-05,320.0163305411354,4.301302779543145e-05,4.301302779543145e-05
41356.8,1.5699333734327063e-05,320.0160665158274,4.2317611286076284e-05,4.2317611286076284e-05
41385.6,1.5435890700320415e-05,320.01580658204836,4.1632971458781355e-05,4.1632971458781355e-05
41414.4,1.5176712707729759e-05,320.01555067956224,4.09589496577272e-05,4.09589496577272e-05
41443.200000000004,1.4921733558436062e-05,320.01529874896437,4.029538941689811e-05,4.029538941689811e-05
41472.0,1.4670888030743595e-05,320.0150507316712,3.9642136432982815e-05,3.9642136432982815e-05
41500.8,1.4424111865826037e-05,320.0148065699092,3.8999038536328876e-05,3.8999038536328876e-05
41529.6,1.4181341754226776e-05,320.0145662067053,3.836594566549021e-05,3.836594566549021e-05
41558.4,1.3942515323122585e-05,320.01432958587634,3.7742709839529e-05,3.7742709839529e-05
41587.200000000004,1.3707571122947969e-05,320.01409665201913,3.7129185131964334e-05,3.7129185131964334e-05
41616.0,1.3476448614747675e-05,320.01386735050045,3.652522764427184e-05,3.652522764427184e-05
41644.8,1.3249088157529651e-05,320.01364162744727,3.5930695480281557e-05,3.5930695480281557e-05
41673.6,1.3025430995421787e-05,320.01341942973664,3.534544871937804e-05,3.534544871937804e-05
41702.4,1.2805419245770856e-05,320.0132007049868,3.4769349393144095e-05,3.4769349393144095e-05
41731.200000000004,1.2588995886779259e-05,320.01298540154704,3.420226145886035e-05,3.420226145886035e-05
41760.0,1.2376104745532719e-05,320.0127734684886,3.364405077510083e-05,3.364405077510083e-05
41788.8,1.2166690485761438e-05,320.0125648555953,3.309458507747844e-05,3.309458507747844e-05
41817.6,1.1960698596720153e-05,320.0123595133543,3.25537339539411e-05,3.25537339539411e-05
41846.4,1.1758075381002823e-05,320.01215739294713,3.202136882171487e-05,3.202136882171487e-05
41875.200000000004,1.1558767943742478e-05,320.0119584462406,3.149736290260022e-05,3.149736290260022e-05
41904.0,1.1362724180940933e-05,320.01176262577803,3.098159120036428e-05,3.098159120036428e-05
41932.8,1.1169892768348863e-05,320.01156988477044,3.0473930477534236e-05,3.0473930477534236e-05
41961.6,1.0980223150363998e-05,320.0113801770878,2.9974259232190765e-05,2.9974259232190765e-05
41990.4,1.0793665529746064e-05,320.01119345725044,2.9482457675360328e-05,2.9482457675360328e-05
42019.200000000004,1.0610170856177424e-05,320.01100968042095,2.8998407709754933e-05,2.8998407709754933e-05
42048.0,1.0429690816475526e-05,320.0108288023953,2.852199290626609e-05,2.852199290626609e-05
42076.8,1.0252177823366496e-05,320.01065077959464,2.8053098482704594e-05,2.8053098482704594e-05
42105.6,1.0077585005822286e-05,320.0104755690577,2.7591611283139183e-05,2.7591611283139183e-05
42134.4,9.905866198792927e-06,320.01030312843204,2.7137419755588254e-05,2.7137419755588254e-05
42163.200000000004,9.736975932833578e-06,320.0101334159661,2.6690413930460183e-05,2.6690413930460183e-05
42192.0,9.570869424653988e-06,320.0099663905019,2.6250485401838367e-05,2.6250485401838367e-05
42220.8,9.4075025670292e-06,320.0098020114664,2.5817527304124878e-05,2.5817527304124878e-05
42249.6,9.246831919456084e-06,320.00964023886473,2.5391434295122127e-05,2.5391434295122127e-05
42278.4,9.088814698436968e-06,320.00948103327175,2.4972102532676557e-05,2.4972102532676557e-05
42307.200000000004,8.933408768153841e-06,320.00932435582473,2.4559429656263093e-05,2.4559429656263093e-05
42336.0,8.780572631338117e-06,320.0091701682164,2.415331476827012e-05,2.415331476827012e-05
42364.8,8.630265420033923e-06,320.0090184326869,2.3753658413188466e-05,2.3753658413188466e-05
42393.6,8.482446886538668e-06,320.0088691120171,2.3360362559345522e-05,2.3360362559345522e-05
42422.4,8.337077394645864e-06,320.008722169521,2.2973330579291946e-05,2.2973330579291946e-05
42451.200000000004,8.194117910888066e-06,320.00857756903895,2.2592467232434163e-05,2.2592467232434163e-05
42480.0,8.053529995583957e-06,320.0084352749302,2.2217678644373002e-05,2.2217678644373002e-05
42508.8,7.915275794596343e-06,320.00829525206666,2.1848872291183097e-05,2.1848872291183097e-05
42537.6,7.779318031001388e-06,320.0081574658254,2.148595697950015e-05,2.148595697950015e-05
42566.4,7.645619996490981e-06,320.00802188208235,2.112884283005173e-05,2.112884283005173e-05
42595.200000000004,7.514145543166278e-06,320.00788846720536,2.0777441258942283e-05,2.0777441258942283e-05
42624.0,7.384859075899469e-06,320.00775718804766,2.0431664960884497e-05,2.0431664960884497e-05
42652.8,7.257725543701139e-06,320.00762801194156,2.0091427892430677e-05,2.0091427892430677e-05
42681.6,7.132710432365948e-06,320.00750090669163,1.9756645254006336e-05,1.9756645254006336e-05
42710.4,7.009779756390559e-06,320.0073758405687,1.9427233474189626e-05,1.9427233474189626e-05
42739.200000000004,6.8889000515309004e-06,320.0072527823033,1.9103110192044366e-05,1.9103110192044366e-05
42768.0,6.770038367039691e-06,320.00713170107974,1.8784194242447486e-05,1.8784194242447486e-05
42796.8,6.6531622584189546e-06,320.0070125665297,1.8470405637972946e-05,1.8470405637972946e-05
42825.6,6.5382397797996244e-06,320.00689534872635,1.816166555451858e-05,1.816166555451858e-05
42854.4,6.425239477067286e-06,320.0067800181783,1.785789631453749e-05,1.785789631453749e-05
42883.200000000004,6.314130380188501e-06,320.0066665458239,1.755902137266492e-05,1.755902137266492e-05
42912.0,6.204881996656117e-06,320.00655490302495,1.7264965298500488e-05,1.7264965298500488e-05
42940.8,6.09746430417089e-06,320.00644506156146,1.6975653763582515e-05,1.6975653763582515e-05
42969.6,5.9918477439446645e-06,320.0063369936255,1.669101352446969e-05,1.669101352446969e-05
42998.4,5.8880032138085725e-06,320.0062306718161,1.6410972409865168e-05,1.6410972409865168e-05
43027.200000000004,5.785902061711286e-06,320.0061260691332,1.6135459303997627e-05,1.6135459303997627e-05
43056.0,5.685516078951569e-06,320.0060231589724,1.5864404133895117e-05,1.5864404133895117e-05
43084.8,5.586817493818986e-06,320.00592191511953,1.559773785366441e-05,1.559773785366441e-05
43113.6,5.4897789648439166e-06,320.00582231174525,1.533539243161515e-05,1.533539243161515e-05
43142.4,5.3943735749532945e-06,320.0057243234,1.5077300836036395e-05,1.5077300836036395e-05
43171.200000000004,5.300574825005159e-06,320.0056279250084,1.4823397020973276e-05,1.4823397020973276e-05
43200.0,5.208356627358128e-06,320.0055330918645,1.4573615913201333e-05,1.4573615913201333e-05
