time_s,state_of_charge,outlet_temperature_c,storage_heat_mw,deliverable_power_mw
0.0,1.0,400.0,0.10535603796296296,0.10535603796296296
57.6,0.9986666666666668,400.0,0.10535603796296296,0.10535603796296296
115.2,0.9973333333333333,400.0,0.10535603796296296,0.10535603796296296
172.8,0.9960000000000001,400.0,0.10535603796296296,0.10535603796296296
230.4,0.9946666666666667,400.0,0.10535603796296296,0.10535603796296296
288.0,0.9933333333333333,400.0,0.10535603796296296,0.10535603796296296
345.6,0.992,400.0,0.10535603796296296,0.10535603796296296
403.2,0.9906666666666668,400.0,0.10535603796296296,0.10535603796296296
460.8,0.9893333333333334,400.0,0.10535603796296296,0.10535603796296296
518.4,0.988,400.0,0.10535603796296296,0.10535603796296296
576.0,0.9866666666666667,400.0,0.10535603796296296,0.10535603796296296
633.6,0.9853333333333333,400.0,0.10535603796296296,0.10535603796296296
691.2,0.9840000000000001,400.0,0.10535603796296296,0.10535603796296296
748.8000000000001,0.9826666666666669,400.0,0.10535603796296296,0.10535603796296296
806.4,0.9813333333333334,400.0,0.10535603796296296,0.10535603796296296
864.0,0.9800000000000002,400.0,0.10535603796296296,0.10535603796296296
921.6,0.9786666666666668,400.0,0.10535603796296296,0.10535603796296296
979.2,0.9773333333333334,400.0,0.10535603796296296,0.10535603796296296
1036.8,0.976,400.0,0.10535603796296296,0.10535603796296296
1094.4,0.9746666666666667,400.0,0.10535603796296296,0.10535603796296296
1152.0,0.9733333333333333,400.0,0.10535603796296296,0.10535603796296296
1209.6000000000001,0.9719999999999999,400.0,0.10535603796296296,0.10535603796296296
1267.2,0.9706666666666667,400.0,0.10535603796296296,0.10535603796296296
1324.8,0.9693333333333334,400.0,0.10535603796296296,0.10535603796296296
1382.4,0.9680000000000002,400.0,0.10535603796296296,0.10535603796296296
1440.0,0.9666666666666666,400.0,0.10535603796296296,0.10535603796296296
1497.6000000000001,0.9653333333333334,400.0,0.10535603796296296,0.10535603796296296
1555.2,0.9640000000000001,400.0,0.10535603796296296,0.10535603796296296
1612.8,0.9626666666666669,400.0,0.10535603796296296,0.10535603796296296
1670.4,0.9613333333333335,400.0,0.10535603796296296,0.10535603796296296
1728.0,0.9600000000000001,400.0,0.10535603796296296,0.10535603796296296
1785.6000000000001,0.958666666666667,400.0,0.10535603796296296,0.10535603796296296
1843.2,0.9573333333333334,400.0,0.10535603796296296,0.10535603796296296
1900.8,0.9560000000000002,400.0,0.10535603796296296,0.10535603796296296
1958.4,0.9546666666666668,400.0,0.10535603796296296,0.10535603796296296
2016.0,0.9533333333333335,400.0,0.10535603796296296,0.10535603796296296
2073.6,0.9520000000000001,400.0,0.10535603796296296,0.10535603796296296
2131.2000000000003,0.9506666666666667,400.0,0.10535603796296296,0.10535603796296296
2188.8,0.9493333333333334,400.0,0.10535603796296296,0.10535603796296296
2246.4,0.9480000000000002,400.0,0.10535603796296296,0.10535603796296296
2304.0,0.9466666666666668,400.0,0.10535603796296296,0.10535603796296296
2361.6,0.9453333333333334,399.99999999999994,0.10535603796296289,0.10535603796296289
2419.2000000000003,0.9440000000000001,399.9999999999999,0.10535603796296282,0.10535603796296282
2476.8,0.9426666666666667,399.9999999999999,0.10535603796296282,0.10535603796296282
2534.4,0.9413333333333335,399.99999999999983,0.10535603796296274,0.10535603796296274
2592.0,0.9400000000000001,399.9999999999997,0.1053560379629626,0.1053560379629626
2649.6,0.9386666666666669,399.9999999999996,0.10535603796296243,0.10535603796296243
2707.2000000000003,0.9373333333333336,399.9999999999995,0.10535603796296229,0.10535603796296229
2764.8,0.9360000000000002,399.99999999999943,0.10535603796296222,0.10535603796296222
2822.4,0.9346666666666668,399.9999999999992,0.10535603796296192,0.10535603796296192
2880.0,0.9333333333333333,399.999999999999,0.10535603796296163,0.10535603796296163
2937.6,0.9320000000000003,399.99999999999875,0.10535603796296132,0.10535603796296132
2995.2000000000003,0.9306666666666671,399.9999999999984,0.10535603796296086,0.10535603796296086
3052.8,0.9293333333333335,399.9999999999981,0.10535603796296049,0.10535603796296049
3110.4,0.9280000000000003,399.9999999999977,0.10535603796295996,0.10535603796295996
3168.0,0.9266666666666672,399.9999999999971,0.10535603796295914,0.10535603796295914
3225.6,0.9253333333333338,399.9999999999964,0.10535603796295824,0.10535603796295824
3283.2000000000003,0.9240000000000006,399.9999999999956,0.1053560379629572,0.1053560379629572
3340.8,0.9226666666666674,399.99999999999466,0.10535603796295594,0.10535603796295594
3398.4,0.9213333333333342,399.9999999999935,0.10535603796295444,0.10535603796295444
3456.0,0.920000000000001,399.99999999999204,0.10535603796295248,0.10535603796295248
3513.6,0.9186666666666677,399.9999999999904,0.10535603796295032,0.10535603796295032
3571.2000000000003,0.9173333333333348,399.9999999999883,0.10535603796294755,0.10535603796294755
3628.8,0.9160000000000016,399.99999999998596,0.10535603796294447,0.10535603796294447
3686.4,0.9146666666666686,399.99999999998306,0.10535603796294066,0.10535603796294066
3744.0,0.9133333333333357,399.99999999997976,0.10535603796293631,0.10535603796293631
3801.6,0.9120000000000027,399.9999999999758,0.10535603796293108,0.10535603796293108
3859.2000000000003,0.9106666666666698,399.999999999971,0.1053560379629248,0.1053560379629248
3916.8,0.9093333333333369,399.9999999999653,0.1053560379629173,0.1053560379629173
3974.4,0.9080000000000044,399.9999999999588,0.1053560379629087,0.1053560379629087
4032.0,0.906666666666672,399.999999999951,0.10535603796289844,0.10535603796289844
4089.6,0.9053333333333395,399.99999999994185,0.1053560379628864,0.1053560379628864
4147.2,0.9040000000000072,399.9999999999312,0.10535603796287239,0.10535603796287239
4204.8,0.9026666666666754,399.99999999991877,0.10535603796285599,0.10535603796285599
4262.400000000001,0.9013333333333434,399.9999999999041,0.10535603796283668,0.10535603796283668
4320.0,0.9000000000000121,399.9999999998871,0.1053560379628143,0.1053560379628143
4377.6,0.8986666666666809,399.9999999998674,0.10535603796278832,0.10535603796278832
4435.2,0.8973333333333504,399.99999999984425,0.10535603796275785,0.10535603796275785
4492.8,0.89600000000002,399.9999999998176,0.10535603796272273,0.10535603796272273
4550.400000000001,0.8946666666666904,399.99999999978667,0.10535603796268202,0.10535603796268202
4608.0,0.8933333333333612,399.99999999975074,0.1053560379626347,0.1053560379626347
4665.6,0.8920000000000325,399.9999999997092,0.10535603796257999,0.10535603796257999
4723.2,0.8906666666667049,399.99999999966144,0.10535603796251711,0.10535603796251711
4780.8,0.8893333333333782,399.9999999996062,0.10535603796244433,0.10535603796244433
4838.400000000001,0.8880000000000524,399.99999999954264,0.10535603796236065,0.10535603796236065
4896.0,0.8866666666667279,399.99999999946954,0.10535603796226437,0.10535603796226437
4953.6,0.8853333333334048,399.9999999993856,0.1053560379621538,0.1053560379621538
5011.2,0.8840000000000834,399.99999999928957,0.10535603796202736,0.10535603796202736
5068.8,0.8826666666667637,399.99999999917935,0.1053560379618822,0.1053560379618822
5126.400000000001,0.8813333333334463,399.99999999905333,0.10535603796171623,0.10535603796171623
5184.0,0.8800000000001309,399.99999999890935,0.10535603796152662,0.10535603796152662
5241.6,0.8786666666668183,399.99999999874507,0.10535603796131028,0.10535603796131028
5299.2,0.877333333333509,399.99999999855777,0.10535603796106362,0.10535603796106362
5356.8,0.8760000000002033,399.9999999983445,0.10535603796078274,0.10535603796078274
5414.400000000001,0.8746666666669015,399.99999999810194,0.10535603796046332,0.10535603796046332
5472.0,0.8733333333336044,399.99999999782636,0.1053560379601004,0.1053560379601004
5529.6,0.8720000000003125,399.9999999975136,0.10535603795968852,0.10535603795968852
5587.2,0.8706666666670265,399.9999999971591,0.10535603795922162,0.10535603795922162
5644.8,0.8693333333337472,399.99999999675765,0.10535603795869294,0.10535603795869294
5702.400000000001,0.8680000000004755,399.99999999630353,0.1053560379580949,0.1053560379580949
5760.0,0.8666666666672123,399.99999999579023,0.10535603795741891,0.10535603795741891
5817.6,0.8653333333339589,399.99999999521077,0.10535603795665578,0.10535603795665578
5875.2,0.8640000000007161,399.9999999945572,0.10535603795579505,0.10535603795579505
5932.8,0.8626666666674858,399.99999999382084,0.10535603795482532,0.10535603795482532
5990.400000000001,0.8613333333342693,399.999999992992,0.10535603795373377,0.10535603795373377
6048.0,0.8600000000010682,399.99999999205994,0.10535603795250631,0.10535603795250631
6105.6,0.8586666666678848,399.99999999101266,0.10535603795112708,0.10535603795112708
6163.2,0.857333333334721,399.9999999898371,0.1053560379495789,0.1053560379495789
6220.8,0.8560000000015789,399.9999999885187,0.10535603794784268,0.10535603794784268
6278.400000000001,0.8546666666684615,399.99999998704146,0.10535603794589722,0.10535603794589722
6336.0,0.8533333333353719,399.9999999853877,0.10535603794371931,0.10535603794371931
6393.6,0.8520000000023129,399.99999998353803,0.10535603794128337,0.10535603794128337
6451.2,0.8506666666692884,399.99999998147086,0.10535603793856102,0.10535603793856102
6508.8,0.8493333333363022,399.99999997916257,0.10535603793552109,0.10535603793552109
6566.400000000001,0.848000000003359,399.9999999765874,0.10535603793212972,0.10535603793212972
6624.0,0.8466666666704638,399.99999997371674,0.1053560379283492,0.1053560379283492
6681.6,0.845333333337622,399.9999999705192,0.10535603792413818,0.10535603792413818
6739.2,0.8440000000048391,399.9999999669605,0.10535603791945158,0.10535603791945158
6796.8,0.8426666666721225,399.99999996300306,0.10535603791423984,0.10535603791423984
6854.400000000001,0.841333333339479,399.9999999586055,0.10535603790844844,0.10535603790844844
6912.0,0.8400000000069171,399.9999999537228,0.10535603790201818,0.10535603790201818
6969.6,0.8386666666744452,399.9999999483054,0.10535603789488374,0.10535603789488374
7027.2,0.8373333333420737,399.99999994229944,0.10535603788697419,0.10535603788697419
7084.8,0.8360000000098129,399.9999999356458,0.10535603787821167,0.10535603787821167
7142.400000000001,0.834666666677675,399.99999992828015,0.10535603786851147,0.10535603786851147
7200.0,0.8333333333456726,399.9999999201324,0.10535603785778126,0.10535603785778126
7257.6,0.8320000000138206,399.99999991112554,0.10535603784591971,0.10535603784591971
7315.2,0.8306666666821341,399.99999990117635,0.10535603783281712,0.10535603783281712
7372.8,0.829333333350631,399.9999998901938,0.10535603781835363,0.10535603781835363
7430.400000000001,0.8280000000193297,399.99999987807905,0.1053560378023991,0.1053560378023991
7488.0,0.8266666666882508,399.99999986472454,0.10535603778481188,0.10535603778481188
7545.6,0.8253333333574173,399.9999998500132,0.10535603776543775,0.10535603776543775
7603.2,0.8240000000268537,399.99999983381815,0.10535603774410969,0.10535603774410969
7660.8,0.822666666696587,399.9999998160013,0.10535603772064582,0.10535603772064582
7718.400000000001,0.8213333333666467,399.99999979641336,0.10535603769484946,0.10535603769484946
7776.0,0.8200000000370651,399.99999977489193,0.1053560376665068,0.1053560376665068
7833.6,0.8186666667078775,399.99999975126127,0.10535603763538638,0.10535603763538638
7891.2,0.8173333333791218,399.9999997253312,0.10535603760123773,0.10535603760123773
7948.8,0.8160000000508401,399.9999996968955,0.10535603756378933,0.10535603756378933
8006.400000000001,0.8146666667230782,399.99999966573154,0.10535603752274796,0.10535603752274796
8064.0,0.8133333333958848,399.9999996315981,0.1053560374777959,0.1053560374777959
8121.6,0.8120000000693142,399.999999594235,0.10535603742859058,0.10535603742859058
8179.2,0.8106666667434246,399.9999995533611,0.10535603737476162,0.10535603737476162
8236.800000000001,0.8093333334182803,399.9999995086728,0.10535603731590934,0.10535603731590934
8294.4,0.8080000000939496,399.99999945984274,0.10535603725160261,0.10535603725160261
8352.0,0.8066666667705075,399.99999940651793,0.10535603718137647,0.10535603718137647
8409.6,0.8053333334480357,399.9999993483179,0.10535603710472989,0.10535603710472989
8467.2,0.8040000001266218,399.9999992848329,0.1053560370211233,0.1053560370211233
8524.800000000001,0.8026666668063616,399.99999921562187,0.10535603692997582,0.10535603692997582
8582.4,0.8013333334873578,399.9999991402101,0.10535603683066223,0.10535603683066223
8640.0,0.8000000001697231,399.9999990580872,0.10535603672251047,0.10535603672251047
8697.6,0.798666666853578,399.99999896870463,0.10535603660479803,0.10535603660479803
8755.2,0.7973333335390536,399.99999887147266,0.10535603647674834,0.10535603647674834
8812.800000000001,0.7960000002262911,399.9999987657585,0.10535603633752805,0.10535603633752805
8870.4,0.794666666915443,399.9999986508827,0.10535603618624226,0.10535603618624226
8928.0,0.7933333336066745,399.9999985261163,0.10535603602193114,0.10535603602193114
8985.6,0.792000000300163,399.9999983906779,0.10535603584356545,0.10535603584356545
9043.2,0.7906666669961009,399.99999824372986,0.10535603565004217,0.10535603565004217
9100.800000000001,0.7893333336946946,399.9999980843746,0.10535603544017921,0.10535603544017921
9158.4,0.7880000003961671,399.9999979116515,0.10535603521271145,0.10535603521271145
9216.0,0.7866666671007582,399.9999977245321,0.10535603496628441,0.10535603496628441
9273.6,0.7853333338087262,399.9999975219162,0.10535603469944935,0.10535603469944935
9331.2,0.784000000520349,399.99999730262743,0.10535603441065688,0.10535603441065688
9388.800000000001,0.7826666672359256,399.9999970654083,0.10535603409825103,0.10535603409825103
9446.4,0.7813333339557768,399.9999968089155,0.10535603376046272,0.10535603376046272
9504.0,0.7800000006802483,399.9999965317143,0.10535603339540248,0.10535603339540248
9561.6,0.7786666674097104,399.99999623227353,0.1053560330010538,0.1053560330010538
9619.2,0.777333334144561,399.9999959089594,0.10535603257526513,0.10535603257526513
9676.800000000001,0.7760000008852272,399.99999556002933,0.10535603211574149,0.10535603211574149
9734.4,0.7746666676321668,399.9999951836256,0.10535603162003637,0.10535603162003637
9792.0,0.7733333343858706,399.9999947777687,0.10535603108554294,0.10535603108554294
9849.6,0.7720000011468646,399.9999943403504,0.10535603050948471,0.10535603050948471
9907.2,0.7706666679157125,399.99999386912543,0.1053560298889048,0.1053560298889048
9964.800000000001,0.7693333346930175,399.9999933617047,0.10535602922065682,0.10535602922065682
10022.4,0.7680000014794248,399.99999281554625,0.10535602850139318,0.10535602850139318
10080.0,0.7666666682756257,399.99999222794713,0.10535602772755424,0.10535602772755424
10137.6,0.7653333350823585,399.999991596034,0.10535602689535599,0.10535602689535599
10195.2,0.7640000019004127,399.9999909167536,0.10535602600077727,0.10535602600077727
10252.800000000001,0.7626666687306316,399.999990186863,0.10535602503954751,0.10535602503954751
10310.4,0.7613333355739164,399.99998940291897,0.10535602400713208,0.10535602400713208
10368.0,0.7600000024312284,399.99998856126706,0.10535602289871819,0.10535602289871819
10425.6,0.7586666693035947,399.9999876580305,0.10535602170920035,0.10535602170920035
10483.2,0.7573333361921095,399.9999866890972,0.10535602043316324,0.10535602043316324
10540.800000000001,0.7560000030979411,399.9999856501086,0.10535601906486669,0.10535601906486669
10598.4,0.7546666700223338,399.99998453644514,0.10535601759822706,0.10535601759822706
10656.0,0.7533333369666134,399.99998334321356,0.10535601602680014,0.10535601602680014
10713.6,0.752000003932193,399.9999820652321,0.10535601434376184,0.10535601434376184
10771.2,0.7506666709205759,399.99998069701525,0.10535601254188803,0.10535601254188803
10828.800000000001,0.7493333379333635,399.99997923275913,0.10535601061353524,0.10535601061353524
10886.4,0.7480000049722579,399.9999776663235,0.10535600855061711,0.10535600855061711
10944.0,0.7466666720390711,399.9999759912164,0.10535600634458399,0.10535600634458399
11001.6,0.7453333391357283,399.999974200575,0.10535600398639801,0.10535600398639801
11059.2,0.7440000062642759,399.9999722871478,0.10535600146650909,0.10535600146650909
11116.800000000001,0.7426666734268879,399.9999702432752,0.10535599877483011,0.10535599877483011
11174.4,0.7413333406258733,399.99996806086875,0.1053559959007089,0.1053559959007089
11232.0,0.7400000078636835,399.999965731391,0.10535599283290208,0.10535599283290208
11289.6,0.7386666751429197,399.9999632458328,0.10535598955954505,0.10535598955954505
11347.2,0.7373333424663415,399.99996059469095,0.1053559860681225,0.1053559860681225
11404.800000000001,0.7360000098368756,399.99995776794435,0.10535598234543724,0.10535598234543724
11462.4,0.7346666772576252,399.99995475502925,0.10535597837757726,0.10535597837757726
11520.0,0.7333333447318784,399.9999515448137,0.10535597414988239,0.10535597414988239
11577.6,0.7320000122631188,399.9999481255704,0.10535596964690833,0.10535596964690833
11635.2,0.7306666798550364,399.99994448495,0.10535596485239151,0.10535596485239151
11692.800000000001,0.729333347511537,399.9999406099508,0.10535595974920946,0.10535595974920946
11750.4,0.7280000152367556,399.99993648688957,0.10535595431934204,0.10535595431934204
11808.0,0.7266666830350661,399.9999321013708,0.10535594854383103,0.10535594854383103
11865.6,0.7253333509110953,399.9999274382534,0.10535594240273634,0.10535594240273634
11923.2,0.724000018869735,399.9999224816181,0.10535593587509316,0.10535593587509316
11980.800000000001,0.7226666869161563,399.99991721473197,0.10535592893886495,0.10535592893886495
12038.4,0.7213333550558227,399.9999116200123,0.10535592157089624,0.10535592157089624
12096.0,0.720000023294506,399.99990567899016,0.1053559137468643,0.1053559137468643
12153.6,0.7186666916383015,399.9998993722702,0.10535590544122644,0.10535590544122644
12211.2,0.7173333600936435,399.9998926794916,0.1053558966271685,0.1053558966271685
12268.800000000001,0.7160000286673218,399.99988557928566,0.10535588727654892,0.10535588727654892
12326.4,0.7146666973665013,399.9998780492332,0.10535587735984274,0.10535587735984274
12384.0,0.7133333661987376,399.9998700658194,0.10535586684608214,0.10535586684608214
12441.6,0.7120000351719977,399.9998616043881,0.10535585570279622,0.10535585570279622
12499.2,0.7106667042946796,399.9998526390939,0.10535584389594774,0.10535584389594774
12556.800000000001,0.7093333735756321,399.9998431428523,0.10535583138986784,0.10535583138986784
12614.4,0.7080000430241773,399.9998330872888,0.10535581814718871,0.10535581814718871
12672.0,0.7066667126501325,399.99982244268625,0.10535580412877436,0.10535580412877436
12729.6,0.7053333824638336,399.9998111779302,0.10535578929364856,0.10535578929364856
12787.2,0.7040000524761594,399.99979926045165,0.10535577359891951,0.10535577359891951
12844.800000000001,0.7026667226985566,399.9997866561701,0.10535575699970494,0.10535575699970494
12902.4,0.7013333931430662,399.9997733294324,0.1053557394490514,0.1053557394490514
12960.0,0.7000000638223502,399.99975924295074,0.10535572089785271,0.10535572089785271
13017.6,0.6986667347497213,399.99974435773896,0.10535570129476599,0.10535570129476599
13075.2,0.6973334059391705,399.99972863304583,0.10535568058612389,0.10535568058612389
13132.800000000001,0.6960000774053989,399.99971202628745,0.10535565871584558,0.10535565871584558
13190.4,0.6946667491638493,399.9996944929763,0.10535563562534311,0.10535563562534311
13248.0,0.6933334212307386,399.99967598664927,0.10535561125342696,0.10535561125342696
13305.6,0.692000093623092,399.9996564587928,0.10535558553620712,0.10535558553620712
13363.2,0.6906667663587792,399.9996358587656,0.10535555840699153,0.10535555840699153
13420.800000000001,0.6893334394565506,399.99961413371994,0.10535552979618233,0.10535552979618233
13478.4,0.6880001129360752,399.99959122851965,0.10535549963116794,0.10535549963116794
13536.0,0.686666786817981,399.9995670856561,0.10535546783621236,0.10535546783621236
13593.6,0.6853334611238949,399.9995416451624,0.10535543433234211,0.10535543433234211
13651.2,0.6840001358764861,399.9995148445236,0.10535539903722811,0.10535539903722811
13708.800000000001,0.6826668110995098,399.9994866185857,0.10535536186506579,0.10535536186506579
13766.4,0.6813334868178522,399.9994568994619,0.10535532272645161,0.10535532272645161
13824.0,0.6800001630575783,399.99942561643553,0.10535528152825517,0.10535528152825517
13881.6,0.6786668398459806,399.99939269586076,0.10535523817348862,0.10535523817348862
13939.2,0.6773335172116296,399.9993580610608,0.10535519256117233,0.10535519256117233
13996.800000000001,0.676000195184426,399.99932163222314,0.10535514458619732,0.10535514458619732
14054.4,0.6746668737956544,399.9992833262919,0.105355094139183,0.105355094139183
14112.0,0.6733335530780401,399.9992430568572,0.10535504110633187,0.10535504110633187
14169.6,0.6720002330658061,399.99920073404223,0.1053549853692806,0.1053549853692806
14227.2,0.6706669137947332,399.9991562643867,0.10535492680494668,0.10535492680494668
14284.800000000001,0.6693335953022209,399.99910955072767,0.10535486528537122,0.10535486528537122
14342.4,0.668000277627353,399.9990604920772,0.1053548006775582,0.1053548006775582
14400.0,0.6666669608109614,399.9990089834975,0.10535473284330973,0.10535473284330973
14457.6,0.6653336448956951,399.9989549159717,0.10535466163905595,0.10535466163905595
14515.2,0.6640003299260906,399.99889817627275,0.1053545869156825,0.1053545869156825
14572.800000000001,0.6626670159486434,399.9988386468287,0.1053545085183529,0.1053545085183529
14630.4,0.6613337030118835,399.9987762055842,0.10535442628632632,0.10535442628632632
14688.0,0.6600003911664526,399.9987107258597,0.10535434005277212,0.10535434005277212
14745.6,0.6586670804651825,399.99864207620664,0.10535424964457892,0.10535424964457892
14803.2,0.6573337709631784,399.99857012025893,0.10535415488215943,0.10535415488215943
14860.800000000001,0.6560004627179019,399.9984947165824,0.10535405557925184,0.10535405557925184
14918.4,0.6546671557892598,399.9984157185198,0.10535395154271585,0.10535395154271585
14976.0,0.6533338502396927,399.998332974032,0.10535384257232334,0.10535384257232334
15033.6,0.6520005461342673,399.99824632553657,0.10535372846054616,0.10535372846054616
15091.2,0.6506672435407714,399.9981556097426,0.10535360899233823,0.10535360899233823
15148.800000000001,0.6493339425298135,399.99806065748146,0.10535348394491288,0.10535348394491288
15206.4,0.6480006431749213,399.9979612935348,0.10535335308751616,0.10535335308751616
15264.0,0.6466673455526469,399.99785733645757,0.10535321618119399,0.10535321618119399
15321.6,0.6453340497426736,399.99774859839914,0.10535307297855634,0.10535307297855634
15379.2,0.6440007558279249,399.9976348849194,0.10535292322353525,0.10535292322353525
15436.800000000001,0.6426674638946781,399.99751599480146,0.10535276665113799,0.10535276665113799
15494.4,0.6413341740326804,399.997391719861,0.10535260298719619,0.10535260298719619
15552.0,0.6400008863352679,399.9972618447511,0.10535243194810859,0.10535243194810859
15609.6,0.6386676008994885,399.99712614676434,0.10535225324058052,0.10535225324058052
15667.2,0.6373343178262281,399.9969843956298,0.10535206656135661,0.10535206656135661
15724.800000000001,0.6360010372203395,399.99683635330746,0.10535187159694996,0.10535187159694996
15782.4,0.6346677591907764,399.99668177377816,0.10535166802336549,0.10535166802336549
15840.0,0.6333344838507293,399.9965204028293,0.10535145550581777,0.10535145550581777
15897.6,0.6320012113177655,399.9963519778375,0.10535123369844492,0.10535123369844492
15955.2,0.630667941713973,399.99617622754675,0.10535100224401614,0.10535100224401614
16012.800000000001,0.6293346751661089,399.995992871843,0.10535076077363505,0.10535076077363505
16070.4,0.62800141180575,399.9958016215247,0.10535050890643766,0.10535050890643766
16128.0,0.6266681517694489,399.9956021780695,0.10535024624928463,0.10535024624928463
16185.6,0.6253348951988923,399.9953942333963,0.10534997239644865,0.10534997239644865
16243.2,0.6240016422410654,399.9951774696253,0.1053496869292975,0.1053496869292975
16300.800000000001,0.6226683930484181,399.9949515588316,0.10534938941597055,0.10534938941597055
16358.4,0.621335147779038,399.99471616279686,0.10534907941105091,0.10534907941105091
16416.0,0.6200019065968253,399.9944709327558,0.10534875645523196,0.10534875645523196
16473.600000000002,0.6186686696716731,399.9942155091401,0.10534842007498003,0.10534842007498003
16531.2,0.617335437179651,399.9939495213164,0.1053480697821894,0.1053480697821894
16588.8,0.6160022093031956,399.99367258732286,0.10534770507383522,0.10534770507383522
16646.4,0.6146689862313025,399.99338431359956,0.10534732543161852,0.10534732543161852
16704.0,0.6133357681597239,399.9930842947164,0.105346930321608,0.105346930321608
16761.600000000002,0.6120025552911722,399.99277211309715,0.10534651919387635,0.10534651919387635
16819.2,0.6106693478355266,399.9924473387386,0.10534609148213075,0.10534609148213075
16876.8,0.6093361460100445,399.9921095289272,0.10534564660333931,0.10534564660333931
16934.4,0.6080029500395787,399.9917582279509,0.10534518395735191,0.10534518395735191
16992.0,0.6066697601567985,399.9913929668082,0.10534470292651664,0.10534470292651664
17049.600000000002,0.6053365766024166,399.99101326291236,0.10534420287529085,0.10534420287529085
17107.2,0.6040033996254199,399.99061861979305,0.10534368314984761,0.10534368314984761
17164.8,0.6026702294833065,399.9902085267934,0.10534314307767714,0.10534314307767714
17222.4,0.6013370664423271,399.98978245876447,0.10534258196718423,0.10534258196718423
17280.0,0.6000039107777312,399.9893398757546,0.10534199910727933,0.10534199910727933
17337.600000000002,0.5986707627740195,399.98888022269705,0.1053413937669671,0.1053413937669671
17395.2,0.5973376227252014,399.9884029290933,0.10534076519492915,0.10534076519492915
17452.8,0.5960044909350565,399.9879074086923,0.10534011261910191,0.10534011261910191
17510.4,0.5946713677174039,399.9873930591675,0.10533943524625115,0.10533943524625115
17568.0,0.5933382533963739,399.9868592617902,0.10533873226154178,0.10533873226154178
17625.600000000002,0.5920051483066889,399.986305381099,0.10533800282810267,0.10533800282810267
17683.2,0.5906720527939463,399.9857307645671,0.10533724608658833,0.10533724608658833
17740.8,0.5893389672149085,399.9851347422661,0.10533646115473619,0.10533646115473619
17798.4,0.5880058919377997,399.9845166265259,0.10533564712691877,0.10533564712691877
17856.0,0.5866728273426064,399.9838757115934,0.1053348030736943,0.1053348030736943
17913.600000000002,0.5853397738213849,399.9832112732862,0.10533392804135036,0.10533392804135036
17971.2,0.5840067317785742,399.98252256864566,0.10533302105144718,0.10533302105144718
18028.8,0.5826737016313144,399.98180883558547,0.10533208110035486,0.10533208110035486
18086.4,0.581340683809772,399.9810692925382,0.10533110715878785,0.10533110715878785
18144.0,0.5800076787574705,399.9803031380998,0.10533009817133665,0.10533009817133665
18201.600000000002,0.5786746869316259,399.97950955067097,0.10532905305599563,0.10532905305599563
18259.2,0.5773417088034909,399.978687688096,0.10532797070368749,0.10532797070368749
18316.8,0.5760087448587025,399.9778366873005,0.10532684997778606,0.10532684997778606
18374.4,0.5746757955976372,399.9769556639253,0.10532568971363401,0.10532568971363401
18432.0,0.5733428615357712,399.9760437119599,0.10532448871806041,0.10532448871806041
18489.600000000002,0.5720099432040482,399.9750999033729,0.10532324576889388,0.10532324576889388
18547.2,0.5706770411492527,399.9741232877409,0.10532195961447388,0.10532195961447388
18604.8,0.569344155934388,399.9731128918758,0.1053206289731599,0.1053206289731599
18662.4,0.5680112881390639,399.97206771945025,0.10531925253283807,0.10531925253283807
18720.0,0.5666784383598868,399.970986750622,0.10531782895042673,0.10531782895042673
18777.600000000002,0.5653456072108594,399.9698689416564,0.10531635685137904,0.10531635685137904
18835.2,0.5640127953237833,399.96871322454825,0.10531483482918505,0.10531483482918505
18892.8,0.5626800033486729,399.9675185066418,0.10531326144487121,0.10531326144487121
18950.4,0.5613472319541687,399.9662836702505,0.10531163522649972,0.10531163522649972
19008.0,0.5600144818279642,399.9650075722755,0.105309954668666,0.105309954668666
19065.600000000002,0.5586817536772336,399.96368904382376,0.10530821823199578,0.10530821823199578
19123.2,0.55734904822907,399.9623268898251,0.10530642434264081,0.10530642434264081
19180.8,0.5560163662309259,399.9609198886495,0.105304571391775,0.105304571391775
19238.4,0.5546837084510636,399.9594667917239,0.10530265773508926,0.10530265773508926
19296.0,0.5533510756790113,399.95796632314836,0.10530068169228665,0.10530068169228665
19353.600000000002,0.5520184687260228,399.95641717931346,0.10529864154657816,0.10529864154657816
19411.2,0.5506858884255474,399.95481802851657,0.10529653554417734,0.10529653554417734
19468.8,0.5493533356337045,399.9531675105799,0.10529436189379739,0.10529436189379739
19526.4,0.5480208112297633,399.9514642364674,0.1052921187661467,0.1052921187661467
19584.0,0.5466883161166315,399.94970678790423,0.10528980429342745,0.10528980429342745
19641.600000000002,0.5453558512213483,399.9478937169957,0.10528741656883406,0.10528741656883406
19699.2,0.5440234174955841,399.9460235458478,0.10528495364605343,0.10528495364605343
19756.8,0.5426910159161478,399.94409476618927,0.10528241353876683,0.10528241353876683
19814.4,0.5413586474854978,399.9421058389943,0.10527979422015356,0.10527979422015356
19872.0,0.5400263132322627,399.94005519410723,0.10527709362239646,0.10527709362239646
19929.600000000002,0.5386940142117649,399.9379412298698,0.10527430963619082,0.10527430963619082
19987.2,0.5373617515065524,399.9357623127484,0.10527144011025383,0.10527144011025383
20044.8,0.5360295262269363,399.9335167769655,0.10526848285083895,0.10526848285083895
20102.4,0.5346973395115341,399.93120292413255,0.10526543562125255,0.10526543562125255
20160.0,0.5333651925278193,399.9288190228846,0.10526229614137286,0.10526229614137286
20217.600000000002,0.5320330864726773,399.9263633085195,0.10525906208717441,0.10525906208717441
20275.2,0.5307010225729667,399.9238339826379,0.10525573109025436,0.10525573109025436
20332.8,0.5293690020860868,399.92122921278855,0.10525230073736518,0.10525230073736518
20390.4,0.5280370263005516,399.9185471321143,0.10524876856994853,0.10524876856994853
20448.0,0.526705096536568,399.9157858390046,0.10524513208367736,0.10524513208367736
20505.600000000002,0.5253732141466222,399.912943396749,0.10524138872799994,0.10524138872799994
20563.2,0.5240413805160691,399.91001783319587,0.10523753590569038,0.10523753590569038
20620.8,0.5227095970637289,399.9070071404158,0.10523357097240504,0.10523357097240504
20678.4,0.5213778652424894,399.9039092743679,0.10522949123624314,0.10522949123624314
20736.0,0.5200461865399133,399.90072215457144,0.10522529395731481,0.10522529395731481
20793.600000000002,0.5187145624788503,399.8974436637824,0.1052209763473144,0.1052209763473144
20851.2,0.5173829946180556,399.8940716476745,0.10521653556910095,0.10521653556910095
20908.8,0.5160514845528136,399.8906039145255,0.10521196873628486,0.10521196873628486
20966.4,0.5147200339155651,399.8870382349093,0.10520727291282224,0.10520727291282224
21024.0,0.5133886443765417,399.8833723413929,0.10520244511261619,0.10520244511261619
21081.600000000002,0.5120573176444044,399.87960392823976,0.10519748229912593,0.10519748229912593
21139.2,0.5107260554668858,399.875730651119,0.10519238138498371,0.10519238138498371
21196.8,0.5093948596314387,399.87175012682064,0.1051871392316201,0.1051871392316201
21254.4,0.5080637319658892,399.86765993297774,0.10518175264889774,0.10518175264889774
21312.0,0.5067326743390926,399.8634576077945,0.1051762183947535,0.1051762183947535
21369.600000000002,0.5054016886615962,399.85914064978215,0.10517053317485059,0.10517053317485059
21427.2,0.5040707768863046,399.85470651750086,0.10516469364223857,0.10516469364223857
21484.8,0.5027399410091495,399.85015262931023,0.10515869639702495,0.10515869639702495
21542.4,0.5014091830697641,399.84547636312607,0.10515253798605466,0.10515253798605466
21600.0,0.5000785051521611,399.84067505618566,0.10514621490260109,0.10514621490260109
21657.600000000002,0.498747909385414,399.83574600482075,0.10513972358606705,0.10513972358606705
21715.2,0.49741739794434336,399.8306864642389,0.10513306042169684,0.10513306042169684
21772.8,0.496086973050205,399.8254936483131,0.10512622174029919,0.10512622174029919
21830.4,0.49475663697138195,399.82016472937966,0.10511920381798101,0.10511920381798101
21888.0,0.4934263920240812,399.8146968380454,0.10511200287589362,0.10511200287589362
21945.600000000002,0.4920962405730311,399.80908706300386,0.10510461507999064,0.10510461507999064
22003.2,0.4907661850321834,399.8033324508601,0.10509703654079718,0.10509703654079718
22060.8,0.48943622786541724,399.79743000596613,0.10508926331319311,0.10508926331319311
22118.4,0.4881063715872462,399.79137669026466,0.1050812913962075,0.1050812913962075
22176.0,0.4867766187635271,399.78516942314354,0.1050731167328268,0.1050731167328268
22233.600000000002,0.4854469720121721,399.7788050812998,0.10506473520981559,0.10506473520981559
22291.2,0.4841174340038619,399.7722804986149,0.10505614265755255,0.10505614265755255
22348.8,0.4827880074627613,399.7655924660388,0.10504733484987772,0.10504733484987772
22406.4,0.4814586951672365,399.7587377314866,0.10503830750395633,0.10503830750395633
22464.0,0.4801294999505741,399.7517129997441,0.10502905628015456,0.10502905628015456
22521.600000000002,0.4788004247017011,399.7445149323864,0.10501957678193208,0.10501957678193208
22579.2,0.47747147236590587,399.7371401477059,0.10500986455574748,0.10500986455574748
22636.8,0.47614264594556166,399.7295852206533,0.10499991509098049,0.10499991509098049
22694.4,0.4748139485008486,399.7218466827888,0.10498972381986763,0.10498972381986763
22752.0,0.47348538315047767,399.7139210222467,0.10497928611745572,0.10497928611745572
22809.600000000002,0.47215695307241584,399.70580468371037,0.10496859730156877,0.10496859730156877
22867.2,0.4708286615046092,399.6974940684005,0.10495765263279272,0.10495765263279272
22924.8,0.46950051174570795,399.68898553407524,0.10494644731447547,0.10494644731447547
22982.4,0.4681725071557906,399.6802753950433,0.10493497649274404,0.10493497649274404
23040.0,0.4668446511570874,399.67135992218897,0.10492323525653784,0.10492323525653784
23097.600000000002,0.46551694723470394,399.6622353430106,0.10491121863765893,0.10491121863765893
23155.2,0.46418939893734273,399.65289784167214,0.10489892161084026,0.10489892161084026
23212.8,0.462862009878025,399.6433435590674,0.10488633909383006,0.10488633909383006
23270.4,0.46153478373480994,399.6335685928982,0.10487346594749497,0.10487346594749497
23328.0,0.4602077242515139,399.62356899776535,0.10486029697593958,0.10486029697593958
23385.600000000002,0.458880835238426,399.61334078527386,0.10484682692664525,0.10484682692664525
23443.2,0.45755412057302347,399.602879924152,0.10483305049062673,0.10483305049062673
23500.8,0.4562275842006836,399.59218234038315,0.10481896230260597,0.10481896230260597
23558.4,0.45490123013539446,399.5812439173532,0.10480455694120601,0.10480455694120601
23616.0,0.4535750624604608,399.57006049601137,0.10478982892916291,0.10478982892916291
23673.600000000002,0.45224908532921015,399.55862787504515,0.10477477273355625,0.10477477273355625
23731.2,0.45092330296569233,399.5469418110702,0.10475938276605899,0.10475938276605899
23788.8,0.4495977196653785,399.53499801883436,0.10474365338320621,0.10474365338320621
23846.4,0.4482723397958544,399.5227921714363,0.10472757888668324,0.10472757888668324
23904.0,0.4469471677975117,399.5103199005598,0.10471115352363386,0.10471115352363386
23961.600000000002,0.4456222081842329,399.4975767967213,0.10469437148698668,0.10469437148698668
24019.2,0.444297465544074,399.48455840953386,0.10467722691580246,0.10467722691580246
24076.8,0.4429729445399408,399.4712602479855,0.10465971389564091,0.10465971389564091
24134.4,0.441648649910262,399.4576777807329,0.1046418264589472,0.1046418264589472
24192.0,0.44032458646965505,399.4438064364097,0.10462355858545828,0.10462355858545828
24249.600000000002,0.4390007591095892,399.42964160395155,0.10460490420263077,0.10460490420263077
24307.2,0.4376771727990404,399.41517863293444,0.10458585718608658,0.10458585718608658
24364.8,0.43635383258514165,399.4004128339307,0.10456641136008171,0.10456641136008171
24422.4,0.435030743593827,399.3853394788783,0.10454656049799253,0.10454656049799253
24480.0,0.43370791103046924,399.3699538014674,0.10452629832282517,0.10452629832282517
24537.600000000002,0.4323853401805103,399.35425099754195,0.10450561850774402,0.10450561850774402
24595.2,0.43106303641008503,399.3382262255164,0.10448451467662062,0.10448451467662062
24652.8,0.4297410051666383,399.32187460680825,0.10446298040460347,0.10446298040460347
24710.4,0.42841925197953346,399.30519122628755,0.10444100921870984,0.10444100921870984
24768.0,0.42709778246065444,399.2881711327398,0.1044185945984355,0.1044185945984355
24825.600000000002,0.4257766023049987,399.27080933934656,0.10439572997638744,0.10439572997638744
24883.2,0.4244557172912623,399.253100824181,0.10437240873893679,0.10437240873893679
24940.8,0.4231351332824171,399.2350405307189,0.1043486242268916,0.1043486242268916
24998.4,0.4218148562262775,399.2166233683664,0.10432436973619189,0.10432436973619189
25056.0,0.420494892156061,399.1978442130022,0.1042996385186236,0.1042996385186236
25113.600000000002,0.41917524719093535,399.1786979075363,0.1042744237825546,0.1042744237825546
25171.2,0.4178559275365606,399.1591792624842,0.10424871869369096,0.10424871869369096
25228.8,0.41653693948561793,399.13928305655713,0.10422251637585381,0.10422251637585381
25286.4,0.4152182894183301,399.1190040372672,0.10419580991177677,0.10419580991177677
25344.0,0.41389998380297105,399.09833692154854,0.10416859234392378,0.10416859234392378
25401.600000000002,0.41258202919636433,399.0772763963941,0.10414085667532764,0.10414085667532764
25459.2,0.4112644322443725,399.0558171195077,0.10411259587044888,0.10411259587044888
25516.8,0.409947199682373,399.03395371997186,0.10408380285605517,0.10408380285605517
25574.4,0.40863033833572415,399.0116807989303,0.10405447052212015,0.10405447052212015
25632.0,0.4073138551202194,398.9889929302863,0.10402459172274323,0.10402459172274323
25689.600000000002,0.40599775704252916,398.96588466141685,0.10399415927708985,0.10399415927708985
25747.2,0.4046820512006308,398.94235051389984,0.1039631659703495,0.1039631659703495
25804.8,0.4033667447842265,398.918384984259,0.10393160455471644,0.10393160455471644
25862.4,0.4020518450751478,398.89398254472127,0.1038994677503874,0.1038994677503874
25920.0,0.40073735944774785,398.86913764399105,0.10386674824658092,0.10386674824658092
25977.600000000002,0.3994232953692805,398.8438447080378,0.10383343870257485,0.10383343870257485
26035.2,0.39810966040026563,398.8180981408987,0.10379953174876332,0.10379953174876332
26092.8,0.39679646219484066,398.7918923254958,0.1037650199877328,0.1037650199877328
26150.4,0.3954837085010996,398.7652216244671,0.10372989599535681,0.10372989599535681
26208.0,0.39417140716141613,398.738080381013,0.10369415232191043,0.10369415232191043
26265.600000000002,0.3928595661127535,398.7104629197548,0.1036577814932009,0.1036577814932009
26323.2,0.39154819338695995,398.68236354760927,0.10362077601171969,0.10362077601171969
26380.8,0.3902372971110487,398.6537765546754,0.10358312835780985,0.10358312835780985
26438.4,0.3889268855074631,398.6246962151352,0.10354483099085268,0.10354483099085268
26496.0,0.38761696689432706,398.59511678816807,0.10350587635047179,0.10350587635047179
26553.600000000002,0.38630754968567904,398.5650325188785,0.10346625685775482,0.10346625685775482
26611.2,0.38499864239169185,398.53443763923593,0.10342596491649111,0.10342596491649111
26668.8,0.38369025361887465,398.5033263690286,0.10338499291442815,0.10338499291442815
26726.4,0.38238239207026087,398.4716929168293,0.10334333322454298,0.10334333322454298
26784.0,0.381075066545578,398.43953148097387,0.10330097820633138,0.10330097820633138
26841.600000000002,0.37976828594140216,398.4068362505519,0.10325792020711211,0.10325792020711211
26899.2,0.3784620592512953,398.37360140640914,0.10321415156334711,0.10321415156334711
26956.8,0.37715639556592595,398.3398211221622,0.10316966460197813,0.10316966460197813
27014.4,0.37585130407317224,398.30548956522455,0.10312445164177747,0.10312445164177747
27072.0,0.3745467940582083,398.27060089784385,0.1030785049947145,0.1030785049947145
27129.600000000002,0.3732428749035722,398.2351492781505,0.10303181696733625,0.10303181696733625
27187.2,0.3719395560892186,398.1991288612168,0.1029843798621624,0.1029843798621624
27244.8,0.37063684719254975,398.1625338001273,0.10293618597909482,0.10293618597909482
27302.4,0.3693347578884322,398.1253582470586,0.10288722761683987,0.10288722761683987
27360.0,0.36803329794919276,398.08759635437025,0.1028374970743445,0.1028374970743445
27417.600000000002,0.3667324772445976,398.0492422757045,0.10278698665224523,0.10278698665224523
27475.2,0.3654323057418127,398.0102901670966,0.10273568865432986,0.10273568865432986
27532.8,0.36413279350534444,397.97073418809345,0.10268359538901084,0.10268359538901084
27590.4,0.36283395069696306,397.93056850288184,0.1026306991708113,0.1026306991708113
27648.0,0.361535787575606,397.8897872814255,0.10257699232186221,0.10257699232186221
27705.600000000002,0.3602383144972624,397.84838470061004,0.1025224671734102,0.1025224671734102
27763.2,0.35894154191483923,397.8063549453964,0.1024671160673369,0.1024671160673369
27820.8,0.35764548037800614,397.7636922099819,0.10241093135768778,0.10241093135768778
27878.4,0.35635014053302333,397.72039069896937,0.10235390541221163,0.10235390541221163
27936.0,0.3550555331225476,397.6764446285428,0.10229603061390935,0.10229603061390935
27993.600000000002,0.35376166898542005,397.6318482276504,0.1022372993625914,0.1022372993625914
28051.2,0.3524685590564336,397.5865957391938,0.10217770407644453,0.10217770407644453
28108.8,0.3511762143660798,397.5406814212241,0.10211723719360631,0.10211723719360631
28166.4,0.34988464604027747,397.49409954814365,0.10205589117374816,0.10205589117374816
28224.0,0.348593865300079,397.4468444119127,0.1019936584996645,0.1019936584996645
28281.600000000002,0.34730388346135804,397.398910323263,0.1019305316788708,0.1019305316788708
28339.2,0.3460147119344761,397.3502916129145,0.10186650324520591,0.10186650324520591
28396.8,0.34472636222392944,397.30098263279814,0.10180156576044277,0.10180156576044277
28454.4,0.3434388459279748,397.2509777572819,0.10173571181590245,0.10173571181590245
28512.0,0.3421521747382347,397.2002713844015,0.1016689340340756,0.1016689340340756
28569.600000000002,0.34086636043928303,397.14885793709425,0.10160122507024673,0.10160122507024673
28627.2,0.33958141490820926,397.09673186443626,0.10153257761412406,0.10153257761412406
28684.8,0.33829735011416107,397.0438876428826,0.10146298439147243,0.10146298439147243
28742.4,0.33701417811786927,396.9903197775098,0.10139243816574976,0.10139243816574976
28800.0,0.33573191107114825,396.9360228032609,0.10132093173974678,0.10132093173974678
28857.600000000002,0.33445056121637834,396.88099128619183,0.10124845795722813,0.10124845795722813
28915.2,0.33317014088596636,396.82521982471945,0.10117500970457648,0.10117500970457648
28972.8,0.33189066250178506,396.76870305087095,0.10110057991243739,0.10110057991243739
29030.4,0.3306121385745929,396.7114356315333,0.10102516155736513,0.10102516155736513
29088.0,0.32933458170343133,396.65341226970384,0.1009487476634696,0.1009487476634696
29145.600000000002,0.3280580045750021,396.5946277057402,0.10087133130406226,0.10087133130406226
29203.2,0.3267824199630254,396.5350767186101,0.10079290560330215,0.10079290560330215
29260.8,0.32550784072757294,396.4747541271408,0.10071346373784129,0.10071346373784129
29318.4,0.324234279814385,396.41365479126597,0.10063299893846704,0.10063299893846704
29376.0,0.32296175025416385,396.35177361327345,0.1005515044917449,0.1005515044917449
29433.600000000002,0.3216902651618463,396.28910553904853,0.10046897374165607,0.10046897374165607
29491.2,0.3204198377358578,396.225645559317,0.10038540009123452,0.10038540009123452
29548.8,0.3191504812573431,396.1613887108841,0.10030077700419858,0.10030077700419858
29606.4,0.3178822090893786,396.0963300778719,0.10021509800658043,0.10021509800658043
29664.0,0.3166150346761626,396.03046479295176,0.10012835668834931,0.10012835668834931
29721.600000000002,0.3153489715421864,395.96378803857425,0.10004054670503126,0.10004054670503126
29779.2,0.31408403329138307,395.8962950481942,0.09995166177932231,0.09995166177932231
29836.8,0.3128202336062582,395.8279811074918,0.09986169570269679,0.09986169570269679
29894.4,0.3115575862469984,395.7588415555881,0.09977064233700796,0.09977064233700796
29952.0,0.3102961050505607,395.6888717862561,0.09967849561608289,0.09967849561608289
30009.600000000002,0.30903580392974184,395.61806724912555,0.09958524954730946,0.09958524954730946
30067.2,0.30777669687222714,395.54642345088195,0.09949089821321493,0.09949089821321493
30124.8,0.3065187979396195,395.47393595645923,0.09939543577303692,0.09939543577303692
30182.4,0.3052621212664491,395.40060039022563,0.09929885646428516,0.09929885646428516
30240.0,0.304006681059163,395.32641243716273,0.09920115460429403,0.09920115460429403
30297.600000000002,0.30275249159509565,395.2513678440363,0.09910232459176471,0.09910232459176471
30355.2,0.30149956722141963,395.1754624205599,0.09900236090829753,0.09900236090829753
30412.8,0.30024792235407716,395.09869204055036,0.0989012581199136,0.0989012581199136
30470.4,0.29899757147669265,395.0210526430741,0.09879901087856445,0.09879901087856445
30528.0,0.29774852913946614,394.9425402335851,0.09869561392363087,0.09869561392363087
30585.600000000002,0.2965008099580487,394.8631508850531,0.09859106208340845,0.09859106208340845
30643.2,0.29525442861239726,394.7828807390825,0.09848535027658133,0.09848535027658133
30700.8,0.2940093998456136,394.7017260070212,0.09837847351368229,0.09837847351368229
30758.4,0.29276573846276255,394.61968297105915,0.0982704268985396,0.0982704268985396
30816.0,0.29152345932967383,394.53674798531546,0.09816120562970873,0.09816120562970873
30873.600000000002,0.29028257737172525,394.45291747691607,0.09805080500189148,0.09805080500189148
30931.2,0.28904310757260765,394.36818794705823,0.09793922040733789,0.09793922040733789
30988.8,0.2878050649730733,394.28255597206436,0.09782644733723417,0.09782644733723417
31046.4,0.2865684646696662,394.19601820442386,0.09771248138307465,0.09771248138307465
31104.0,0.28533332181343574,394.10857137382203,0.0975973182380168,0.0975973182380168
31161.600000000002,0.28409965160863315,394.02021228815636,0.09748095369821973,0.09748095369821973
31219.2,0.28286746931139084,393.9309378345402,0.0973633836641659,0.0973633836641659
31276.8,0.28163679022838595,393.84074498029287,0.09724460414196502,0.09724460414196502
31334.4,0.2804076297154873,393.7496307739158,0.09712461124463966,0.09712461124463966
31392.0,0.2791800031763864,393.65759234605525,0.09700340119339308,0.09700340119339308
31449.600000000002,0.2779539260612121,393.56462691045016,0.09688097031885742,0.09688097031885742
31507.2,0.27672941386513106,393.4707317648657,0.09675731506232327,0.09675731506232327
31564.8,0.2755064821269307,393.3759042920122,0.09663243197694968,0.09663243197694968
31622.4,0.2742851464275899,393.2801419604483,0.09650631772895382,0.09650631772895382
31680.0,0.2730654223888322,393.18344232546923,0.09637896909878058,0.09637896909878058
31737.600000000002,0.2718473256716659,393.0858030299787,0.09625038298225087,0.09625038298225087
31795.2,0.2706308719749101,392.9872218053455,0.0961205563916897,0.0961205563916897
31852.8,0.269416077033706,392.88769647224314,0.09598948645703212,0.09598948645703212
31910.4,0.2682029566180147,392.7872249414732,0.0958571704269072,0.0958571704269072
31968.0,0.2669915265311019,392.68580521477196,0.09572360566970058,0.09572360566970058
32025.600000000002,0.26578180260800854,392.58343538559984,0.09558878967459408,0.09558878967459408
32083.2,0.26457380071401,392.4801136399128,0.09545272005258156,0.09545272005258156
32140.8,0.26336753674306135,392.3758382569179,0.09531539453746389,0.09531539453746389
32198.4,0.2621630266162311,392.27060760980874,0.09517681098681761,0.09517681098681761
32256.0,0.260960286280123,392.1644201664849,0.0950369673829424,0.0950369673829424
32313.600000000002,0.2597593317052855,392.0572744902514,0.09489586183378214,0.09489586183378214
32371.2,0.25856017888461047,391.9491692405012,0.09475349257382364,0.09475349257382364
32428.8,0.25736284383172087,391.84010317337726,0.09460985796496887,0.09460985796496887
32486.4,0.2561673425793472,391.73007514241726,0.09446495649738373,0.09446495649738373
32544.0,0.25497369117769425,391.6190840991779,0.09431878679032027,0.09431878679032027
32601.600000000002,0.253781905692797,391.5071290938405,0.0941713475929144,0.0941713475929144
32659.2,0.25259200220486694,391.3942092757971,0.09402263778495752,0.09402263778495752
32716.8,0.25140399680663006,391.28032389421617,0.0938726563776417,0.0938726563776417
32774.4,0.25021790560165363,391.1654722985891,0.09372140251427931,0.09372140251427931
32832.0,0.24903374470266607,391.04965393925636,0.09356887547099593,0.09356887547099593
32889.6,0.2478515302298675,390.9328683679128,0.09341507465739597,0.09341507465739597
32947.200000000004,0.2466712783092327,390.8151152380938,0.09325999961720263,0.09325999961720263
33004.8,0.24549300507080532,390.6963943056395,0.09310365002886942,0.09310365002886942
33062.4,0.2443167266469863,390.5767054291388,0.09294602570616506,0.09294602570616506
33120.0,0.24314245917081376,390.45604857035323,0.09278712659873121,0.09278712659873121
33177.6,0.2419702187742366,390.3344237946182,0.09262695279261152,0.09262695279261152
33235.200000000004,0.24080002158638286,390.2118312712244,0.09246550451075336,0.09246550451075336
33292.8,0.2396318837318199,390.088271273778,0.0923027821134825,0.0923027821134825
33350.4,0.23846582132881092,389.96374418053796,0.09213878609894732,0.09213878609894732
33408.0,0.23730185048756522,389.8382504747341,0.09197351710353749,0.09197351710353749
33465.6,0.23613998730848423,389.71179074486133,0.09180697590227176,0.09180697590227176
33523.200000000004,0.2349802478804017,389.5843656849542,0.09163916340915916,0.09163916340915916
33580.8,0.23382264827882107,389.4559760948378,0.09147008067752975,0.09147008067752975
33638.4,0.2326672045641484,389.3266228803584,0.0912997289003382,0.0912997289003382
33696.0,0.2315139327799219,389.1963070535914,0.09112810941043771,0.09112810941043771
33753.6,0.2303628489510381,389.06502973302696,0.09095522368082444,0.09095522368082444
33811.200000000004,0.2292139690819758,388.93279214373473,0.0907810733248544,0.0907810733248544
33868.8,0.22806730915501736,388.799595617505,0.0906056600964295,0.0906056600964295
33926.4,0.22692288512846795,388.665441592969,0.09042898589015572,0.09042898589015572
33984.0,0.22578071293487303,388.5303316156962,0.0902510527414716,0.0902510527414716
34041.6,0.22464080847923518,388.39426733826974,0.09007186282674731,0.09007186282674731
34099.200000000004,0.22350318763722946,388.2572505203397,0.0898914184633548,0.0898914184633548
34156.8,0.22236786625341864,388.1192830286536,0.08970972210970814,0.08970972210970814
34214.4,0.22123486013946755,387.98036683706545,0.08952677636527519,0.08952677636527519
34272.0,0.22010418507235888,387.8405040265215,0.08934258397055926,0.08934258397055926
34329.6,0.21897585679260845,387.69969678502457,0.08915714780705163,0.08915714780705163
34387.200000000004,0.21784989100248214,387.55794740757625,0.08897047089715573,0.08897047089715573
34444.8,0.21672630336421386,387.4152582960953,0.08878255640407964,0.08878255640407964
34502.4,0.21560510949822523,387.27163195931627,0.08859340763170245,0.08859340763170245
34560.0,0.2144863249813476,387.12707101266386,0.08840302802440905,0.08840302802440905
34617.6,0.2133699653450458,386.9815781781059,0.08821142116689622,0.08821142116689622
34675.200000000004,0.21225604607364595,386.83515628398436,0.08801859078395023,0.08801859078395023
34732.8,0.21114458260256555,386.68780826482435,0.08782454074019537,0.08782454074019537
34790.4,0.2100355903165469,386.53953716112073,0.08762927503981277,0.08762927503981277
34848.0,0.2089290845478953,386.39034611910296,0.08743279782623077,0.08743279782623077
34905.6,0.2078250805747206,386.24023839047817,0.08723511338178667,0.08723511338178667
34963.200000000004,0.20672359361918477,386.0892173321523,0.08703622612735937,0.08703622612735937
35020.8,0.20562463884575263,385.9372864059301,0.08683614062197414,0.08683614062197414
35078.4,0.20452823135944953,385.78444917819223,0.08663486156237786,0.08663486156237786
35136.0,0.20343438620412366,385.6307093195525,0.08643239378258703,0.08643239378258703
35193.6,0.20234311836071553,385.47607060449224,0.0862287422534066,0.0862287422534066
35251.200000000004,0.2012544427455326,385.3205369109745,0.08602391208192192,0.08602391208192192
35308.8,0.20016837420853212,385.16411222003626,0.08581790851096148,0.08581790851096148
35366.4,0.19908492753160947,385.00680061535996,0.08561073691853285,0.08561073691853285
35424.0,0.19800411742689575,384.84860628282394,0.08540240281723047,0.08540240281723047
35481.6,0.19692595853506195,384.6895335100325,0.08519291185361687,0.08519291185361687
35539.200000000004,0.19585046542363146,384.5295866858246,0.08498226980757558,0.08498226980757558
35596.8,0.19477765258530214,384.3687702997626,0.08477048259163791,0.08477048259163791
35654.4,0.19370753443627545,384.20708894160043,0.08455755625028243,0.08455755625028243
35712.0,0.1926401253145966,384.04454730073127,0.08434349695920776,0.08434349695920776
35769.6,0.19157543947850297,383.88115016561613,0.08412831102457989,0.08412831102457989
35827.200000000004,0.1905134911047832,383.7169024231914,0.08391200488225202,0.08391200488225202
35884.8,0.1894542942871455,383.5518090582576,0.08369458509695954,0.08369458509695954
35942.4,0.18839786303459796,383.38587515284786,0.08347605836148839,0.08347605836148839
36000.0,0.18734421126983836,383.21910588557773,0.0832564314958188,0.0832564314958188
36057.6,0.18629335282765544,383.0515065309754,0.08303571144624317,0.08303571144624317
36115.200000000004,0.18524530145334217,382.8830824587933,0.08281390528445946,0.08281390528445946
36172.8,0.18420007080112044,382.7138391333007,0.08259102020663979,0.08259102020663979
36230.4,0.18315767443257783,382.5437821125582,0.08236706353247454,0.08236706353247454
36288.0,0.1821181258151166,382.3729170476726,0.0821420427041917,0.0821420427041917
36345.6,0.18108143832041607,382.2012496820359,0.0819159652855539,0.0819159652855539
36403.200000000004,0.18004762522290693,382.0287858505442,0.08168883896083041,0.08168883896083041
36460.8,0.17901669969826023,381.85553147880006,0.08146067153374636,0.08146067153374636
36518.4,0.17798867482188863,381.6814925822976,0.08123147092640957,0.08123147092640957
36576.0,0.17696356356746204,381.5066752655895,0.0810012451782135,0.0810012451782135
36633.6,0.1759413788054381,381.3310857214377,0.0807700024447191,0.0807700024447191
36691.200000000004,0.17492213330160564,381.15473022994746,0.0805377509965138,0.0805377509965138
36748.8,0.17390583971564416,380.9776151576843,0.08030449921804914,0.08030449921804914
36806.4,0.17289251059969787,380.7997469567755,0.08007025560645725,0.08007025560645725
36864.0,0.17188215839696455,380.62113216399473,0.0798350287703453,0.0798350287703453
36921.6,0.17087479544030074,380.4417773998319,0.07959882742857056,0.07959882742857056
36979.200000000004,0.1698704339508417,380.26168936754715,0.07936166040899474,0.07936166040899474
37036.8,0.16886908603663822,380.08087485220915,0.07912353664721718,0.07912353664721718
37094.4,0.16787076369130952,379.89934071971925,0.07888446518528992,0.07888446518528992
37152.0,0.16687547879271256,379.71709391582084,0.07864445517041306,0.07864445517041306
37209.6,0.16588324310162778,379.5341414650936,0.07840351585361015,0.07840351585361015
37267.200000000004,0.16489406826046216,379.35049046993527,0.07816165658838714,0.07816165658838714
37324.8,0.16390796579197,379.16614810952694,0.07791888682937012,0.07791888682937012
37382.4,0.16292494709799013,378.9811216387881,0.07767521613092872,0.07767521613092872
37440.0,0.16194502345820153,378.7954183873158,0.0774306541457792,0.0774306541457792
37497.6,0.16096820602889636,378.60904575831216,0.07718521062357213,0.07718521062357213
37555.200000000004,0.15999450584177127,378.42201122749856,0.07693889540946233,0.07693889540946233
37612.8,0.1590239338027377,378.2343223420183,0.07669171844266377,0.07669171844266377
37670.4,0.15805650069074886,378.0459867193265,0.07644368975498757,0.07644368975498757
37728.0,0.15709221715664765,377.8570120460681,0.07619481946936447,0.07619481946936447
37785.6,0.15613109372203185,377.6674060769453,0.07594511779835317,0.07594511779835317
37843.200000000004,0.15517314077813885,377.47717663357275,0.07569459504263273,0.07569459504263273
37900.8,0.1542183685847502,377.2863316033226,0.07544326158948175,0.07544326158948175
37958.4,0.15326678726911416,377.09487893815896,0.07519112791124312,0.07519112791124312
38016.0,0.1523184068248898,376.90282665346183,0.07493820456377531,0.07493820456377531
38073.6,0.15137323711110917,376.710182826841,0.07468450218489037,0.07468450218489037
38131.200000000004,0.1504312878511602,376.51695559694093,0.07443003149278,0.07443003149278
38188.8,0.14949256863178967,376.3231531622358,0.0741748032844287,0.0741748032844287
38246.4,0.14855708890212602,376.12878377981593,0.07391882843401534,0.07391882843401534
38304.0,0.14762485797272318,375.93385576416483,0.07366211789130306,0.07366211789130306
38361.6,0.1466958850146243,375.73837748592905,0.07340468268001878,0.07340468268001878
38419.200000000004,0.1457701790584463,375.5423573706792,0.0731465338962217,0.0731465338962217
38476.8,0.14484774899348526,375.3458038976632,0.07288768270666134,0.07288768270666134
38534.4,0.14392860356684276,375.14872559855223,0.0726281403471262,0.0726281403471262
38592.0,0.14301275138257305,374.9511310561803,0.07236791812078358,0.07236791812078358
38649.6,0.14210020090085176,374.75302890327623,0.07210702739650975,0.07210702739650975
38707.200000000004,0.1411909604371653,374.55442782118917,0.0718454796072116,0.0718454796072116
38764.8,0.14028503816152185,374.3553365386087,0.07158328624814107,0.07158328624814107
38822.4,0.13938244209768383,374.15576383027854,0.07132045887520103,0.07132045887520103
38880.0,0.13848318012242214,373.95571851570526,0.07105700910324483,0.07105700910324483
38937.6,0.1375872599647911,373.7552094578613,0.0707929486043683,0.0707929486043683
38995.200000000004,0.1366946892054264,373.55424556188365,0.07052828910619567,0.07052828910619567
39052.8,0.13580547527586354,373.35283577376737,0.07026304239015954,0.07026304239015954
39110.4,0.13491962545787928,373.1509890790565,0.06999722028977634,0.06999722028977634
39168.0,0.13403714688285373,372.94871450152885,0.06973083468891451,0.06973083468891451
39225.6,0.13315804653115573,372.74602110187874,0.06946389752005978,0.06946389752005978
39283.200000000004,0.13228233123154914,372.5429179763967,0.06919642076257627,0.06919642076257627
39340.8,0.13141000766062158,372.33941425564524,0.06892841644096255,0.06892841644096255
39398.4,0.13054108234223602,372.1355191031324,0.068659896623105,0.068659896623105
39456.0,0.12967556164700297,371.93124171398387,0.06839087341852863,0.06839087341852863
39513.6,0.12881345179177608,371.7265913136117,0.06812135897664433,0.06812135897664433
39571.200000000004,0.12795475883916968,371.5215771563827,0.06785136548499478,0.06785136548499478
39628.8,0.12709948869709828,371.31620852428483,0.06758090516749846,0.06758090516749846
39686.4,0.12624764711833844,371.1104947255925,0.06730999028269179,0.06730999028269179
39744.0,0.12539923970011282,370.9044450935315,0.06703863312197082,0.06703863312197082
39801.6,0.12455427188369714,370.6980689849435,0.06676684600783281,0.06676684600783281
39859.200000000004,0.12371274895404799,370.4913757789506,0.06649464129211687,0.06649464129211687
39916.8,0.1228746760394544,370.284374875619,0.06622203135424469,0.06622203135424469
39974.4,0.12204005811121069,370.0770756946251,0.06594902859946362,0.06594902859946362
40032.0,0.12120889998331191,369.86948767392073,0.06567564545708883,0.06567564545708883
40089.6,0.12038120631217189,369.6616202684008,0.06540189437874855,0.06540189437874855
40147.200000000004,0.1195569815963624,369.45348294857104,0.0651277878366299,0.0651277878366299
40204.8,0.1187362301763754,369.2450851992186,0.06485333832172772,0.06485333832172772
40262.4,0.11791895623440736,369.03643651808414,0.0645785583420962,0.0645785583420962
40320.0,0.11710516379416505,368.82754641453647,0.064303460421103,0.064303460421103
40377.6,0.11629485672069417,368.6184244082494,0.06402805709568708,0.06402805709568708
40435.200000000004,0.1154880387202295,368.40908002788177,0.0637523609146203,0.0637523609146203
40492.8,0.11468471334006686,368.1995228097609,0.06347638443677334,0.06347638443677334
40550.4,0.11388488396845739,367.98976229656876,0.06320014022938583,0.06320014022938583
40608.0,0.11308855383452351,367.7798080360324,0.06292364086634143,0.06292364086634143
40665.6,0.11229572600819655,367.56966957961885,0.06264689892644909,0.06264689892644909
40723.200000000004,0.11150640340017608,367.3593564812325,0.06236992699172786,0.06236992699172786
40780.8,0.11072058876191077,367.14887829591964,0.062092737645700384,0.062092737645700384
40838.4,0.10993828468560116,366.93824457857534,0.0618153434716903,0.0618153434716903
40896.0,0.10915949360422347,366.72746488265733,0.0615377570511283,0.0615377570511283
40953.6,0.10838421779157502,366.5165487589038,0.061259990961863596,0.061259990961863596
41011.200000000004,0.10761245936234069,366.30550575405766,0.06098205777648374,0.06098205777648374
41068.8,0.10684422027218077,366.09434540959654,0.060703970060642265,0.060703970060642265
41126.4,0.1060795023178397,365.8830772604683,0.0604257403713933,0.0604257403713933
41184.0,0.10531830713727586,365.671710833834,0.06014738125553606,0.06014738125553606
41241.6,0.1045606362098123,365.46025564781655,0.05986890524796703,0.05986890524796703
41299.200000000004,0.10380649085630803,365.2487212102561,0.059590324870040894,0.059590324870040894
41356.8,0.10305587223935019,365.0371170174739,0.05931165262794234,0.05931165262794234
41414.4,0.10230878136346623,364.8254525530413,0.0590329010110652,0.0590329010110652
41472.0,0.10156521907535687,364.61373728655883,0.058754082490404355,0.058754082490404355
41529.6,0.1008251860641495,364.4019806724407,0.05847520951695511,0.05847520951695511
41587.200000000004,0.10008868286167091,364.1901921487086,0.05819629452012465,0.05819629452012465
41644.8,0.09935570984274099,363.9783811357941,0.057917349906154734,0.057917349906154734
41702.4,0.09862626722548519,363.76655703534834,0.057638388056554295,0.057638388056554295
41760.0,0.09790035507166744,363.55472922906097,0.057359421326544,0.057359421326544
41817.6,0.09717797328704264,363.34290707748823,0.05708046204351283,0.05708046204351283
41875.200000000004,0.0964591216217278,363.1310999188897,0.05680152250548611,0.05680152250548611
41932.8,0.0957437996705932,362.91931706807435,0.05652261497960607,0.05652261497960607
41990.4,0.09503200687367215,362.7075678152565,0.05624375170062471,0.05624375170062471
42048.0,0.09432374251659013,362.4958614249208,0.05596494486940962,0.05596494486940962
42105.6,0.09361900573101181,362.28420713469785,0.0556862066514627,0.0556862066514627
42163.200000000004,0.09291779549510773,362.0726141542491,0.05540754917545201,0.05540754917545201
42220.8,0.09222011063403843,361.8610916641625,0.05512898453175717,0.05512898453175717
42278.4,0.0915259498204575,361.6496488148585,0.054850524771028836,0.054850524771028836
42336.0,0.09083531157503236,361.43829472550675,0.05457218190276172,0.05457218190276172
42393.6,0.09014819426698312,361.227038482953,0.05429396789388163,0.05429396789388163
42451.200000000004,0.08946459611463888,361.01588914065763,0.054015894667347575,0.054015894667347575
42508.8,0.0887845151860115,360.80485571764507,0.053737974100768006,0.053737974100768006
42566.4,0.08810794939938704,360.5939471974639,0.05346021802503148,0.05346021802503148
42624.0,0.08743489652393441,360.3831725271599,0.053182638222954264,0.053182638222954264
42681.6,0.08676535418033007,360.17254061625846,0.05290524642793997,0.05290524642793997
42739.200000000004,0.08609931984140069,359.96206033576067,0.05262805432265772,0.05262805432265772
42796.8,0.08543679083278158,359.7517405171503,0.05235107353773428,0.05235107353773428
42854.4,0.08477776433359135,359.5415899514129,0.05207431565046216,0.05207431565046216
42912.0,0.08412223737712354,359.3316173880669,0.051797792183523865,0.051797792183523865
42969.6,0.0834702068515534,359.12183153420773,0.05152151460373289,0.05152151460373289
43027.200000000004,0.08282166950066067,358.9122410535632,0.05124549432078964,0.05124549432078964
43084.8,0.08217662192456794,358.7028545655623,0.05096974268605519,0.05096974268605519
43142.4,0.08153506058049431,358.4936806444162,0.05069427099134107,0.05069427099134107
43200.0,0.08089698178352411,358.28472781821165,0.05041909046771514,0.05041909046771514
43257.6,0.0802623817073904,358.07600456801873,0.05014421228432666,0.05014421228432666
43315.200000000004,0.07963125638527367,357.8675193270092,0.049869647547245155,0.049869647547245155
43372.8,0.07900360171061381,357.6592804795901,0.04959540729831957,0.04959540729831957
43430.4,0.078379413437938,357.4512963605494,0.04932150251405275,0.04932150251405275
43488.0,0.07775868718370109,357.24357525421465,0.049047944104493826,0.049047944104493826
43545.6,0.07714141842714053,357.03612539362626,0.04877474291214932,0.04877474291214932
43603.200000000004,0.07652760251114524,356.8289549597226,0.04850190971090981,0.04850190971090981
43660.8,0.07591723464313621,356.62207208053985,0.04822945520499654,0.04822945520499654
43718.4,0.07531030989596249,356.4154848304248,0.047957390027924235,0.047957390027924235
43776.0,0.07470682320880809,356.20920122926157,0.04768572474148308,0.04768572474148308
43833.6,0.07410676938811286,356.00322924171155,0.04741446983473776,0.04741446983473776
43891.200000000004,0.07351014310850507,355.79757677646836,0.04714363572304603,0.04714363572304603
43948.8,0.07291693891374627,355.59225168552507,0.0468732327470939,0.0468732327470939
44006.4,0.07232715121768866,355.38726176345637,0.046603271171950206,0.046603271171950206
44064.0,0.07174077430524346,355.1826147467147,0.04633376118613969,0.04633376118613969
44121.6,0.07115780233336114,354.9783183129395,0.04606471290073322,0.04606471290073322
44179.200000000004,0.07057822933202318,354.77438008028184,0.045796136348458465,0.045796136348458465
44236.8,0.07000204920524415,354.5708076067421,0.04552804148282762,0.04552804148282762
44294.4,0.0694292557320854,354.36760838952193,0.04526043817728397,0.04526043817728397
44352.0,0.06885984256767894,354.16478986439114,0.04499333622436807,0.04499333622436807
44409.6,0.0682938032442611,353.9623594050676,0.0447267453349012,0.0447267453349012
44467.200000000004,0.06773113117221759,353.7603243226127,0.04446067513718906,0.04446067513718906
44524.8,0.06717181964113685,353.5586918648395,0.04419513517624257,0.04419513517624257
44582.4,0.06661586182087459,353.35746921573667,0.04393013491301902,0.04393013491301902
44640.0,0.06606325076262624,353.1566634949059,0.043665683723681174,0.043665683723681174
44697.6,0.06551397940000944,352.9562817570134,0.043401790898875116,0.043401790898875116
44755.200000000004,0.06496804055015513,352.7563309912567,0.04313846564302773,0.04313846564302773
44812.8,0.06442542691480775,352.5568181208441,0.04287571707366168,0.04287571707366168
44870.4,0.06388613108143294,352.35775000249043,0.04261355422073059,0.04261355422073059
44928.0,0.06335014552433421,352.1591334259254,0.04235198602597235,0.04235198602597235
44985.6,0.06281746260577722,351.9609751134171,0.04209102134228106,0.04209102134228106
45043.200000000004,0.06228807457712208,351.76328171930965,0.04183066893309843,0.04183066893309843
45100.8,0.06176197357996247,351.56605982957535,0.04157093747182376,0.04157093747182376
45158.4,0.061239151647272734,351.3693159613801,0.041311835541241765,0.041311835541241765
45216.0,0.06071960070456165,351.17305656266416,0.04105337163297046,0.04105337163297046
45273.6,0.06020331257103268,350.9772880117372,0.04079555414692776,0.04079555414692776
45331.200000000004,0.05969027896075123,350.7820166168858,0.04053839139081473,0.04053839139081473
45388.8,0.05918049148381796,350.58724861599757,0.040281891579620324,0.040281891579620324
45446.4,0.058673941647547995,350.3929901761975,0.04002606283514279,0.04002606283514279
45504.0,0.058170620857656376,350.1992473934988,0.03977091318552964,0.03977091318552964
45561.6,0.057670520419448576,350.00602629246885,0.03951645056483766,0.03951645056483766
45619.200000000004,0.05717363153901682,349.81333282590737,0.039262682812609334,0.039262682812609334
45676.8,0.056679945324441094,349.62117287454004,0.03900961767346911,0.03900961767346911
45734.4,0.056189452786995726,349.4295522467253,0.038757262796737385,0.038757262796737385
45792.0,0.055702144842359434,349.23847667817495,0.03850562573606259,0.03850562573606259
45849.6,0.0552180123118313,349.04795183168915,0.03825471394907202,0.03825471394907202
45907.200000000004,0.054737045923549575,348.85798329690425,0.03800453479703995,0.03800453479703995
45964.8,0.0542592363137153,348.66857659005484,0.03775509554457411,0.03775509554457411
46022.4,0.05378457402781948,348.47973715374997,0.0375064033593211,0.0375064033593211
46080.0,0.0533130495218734,348.29147035676135,0.03725846531168738,0.03725846531168738
46137.6,0.052844653163642924,348.10378149382666,0.03701128837458022,0.03701128837458022
46195.200000000004,0.05237937523388522,347.91667578546526,0.03676487942316508,0.03676487942316508
46252.8,0.051917205927588465,347.7301583778075,0.03651924523464082,0.03651924523464082
46310.4,0.051458135355214527,347.5442343424378,0.0362743924880328,0.0362743924880328
46368.0,0.051002153543943725,347.3589086762495,0.036030327764002223,0.036030327764002223
46425.6,0.050549250438921896,347.17418630131465,0.03578705754467418,0.03578705754467418
46483.200000000004,0.05009941590450915,346.99007206476534,0.03554458821348155,0.03554458821348155
46540.8,0.049652639725531106,346.8065707386887,0.035302926055026766,0.035302926055026766
46598.4,0.04920891160853053,346.6236870200346,0.03506207725496012,0.03506207725496012
46656.0,0.048768221183021654,346.44142553053587,0.03482204789987494,0.03482204789987494
46713.6,0.04833055800274429,346.25979081664104,0.034582843977218745,0.034582843977218745
46771.200000000004,0.04789591154691989,346.0787873494608,0.034344471375222896,0.034344471375222896
46828.8,0.047464271221507745,345.89841952472517,0.03410693588284607,0.03410693588284607
46886.4,0.04703562636046193,345.7186916627543,0.03387024318973599,0.03387024318973599
46944.0,0.0466099662269879,345.53960800844095,0.03363439888620622,0.03363439888620622
47001.6,0.046187280014800505,345.3611727312458,0.03339940846322992,0.03339940846322992
47059.200000000004,0.0457675568493805,345.1833899252034,0.03316527731244788,0.03316527731244788
47116.8,0.04535078578923143,345.006263608942,0.0329320107261944,0.0329320107261944
47174.4,0.044936955827136194,344.8297977257134,0.032699613897536874,0.032699613897536874
47232.0,0.044526055891412175,344.6539961434357,0.0324680919203319,0.0324680919203319
47289.6,0.04411807484716648,344.4788626547473,0.03223744978929638,0.03223744978929638
47347.200000000004,0.043713001497548705,344.30440097707213,0.032007692400093574,0.032007692400093574
47404.8,0.04331082458500382,344.13061475269706,0.031778824549434814,0.031778824549434814
47462.4,0.042911532792522904,343.9575075488592,0.03155085093519479,0.03155085093519479
47520.0,0.042515114744892134,343.785082857846,0.03132377615654306,0.03132377615654306
47577.6,0.04212155900994043,343.613344097105,0.031097604714088806,0.031097604714088806
47635.200000000004,0.04173085409978436,343.4422946093655,0.03087234101004091,0.03087234101004091
47692.8,0.041342988472071594,343.27193766277003,0.030647989348381335,0.030647989348381335
47750.4,0.040957950531221254,343.10227645101764,0.030424553935053503,0.030424553935053503
47808.0,0.040575728629662654,342.9333140935164,0.030202038878163345,0.030202038878163345
47865.6,0.040196311069070206,342.7650536355478,0.029980448188195796,0.029980448188195796
47923.200000000004,0.03981968610159626,342.59749804844006,0.029759785778242905,0.029759785778242905
47980.8,0.03944584193110035,342.43065022975236,0.02954005546424667,0.02954005546424667
48038.4,0.03907476671437594,342.264513003469,0.02932126096525454,0.02932126096525454
48096.0,0.03870644856237254,342.0990891202033,0.029103405903688012,0.029103405903688012
48153.6,0.038340875541415693,341.9343812574112,0.02888649380562396,0.02888649380562396
48211.200000000004,0.03797803567442217,341.7703920196149,0.02867052810108919,0.02867052810108919
48268.8,0.03761791694211155,341.6071239386355,0.02845551212436657,0.02845551212436657
48326.4,0.03726050728421431,341.44457947383535,0.028241449114314667,0.028241449114314667
48384.0,0.036905794600674814,341.28276101236946,0.028028342214698312,0.028028342214698312
48441.6,0.03655376675285075,341.12167086944595,0.027816194474531954,0.027816194474531954
48499.200000000004,0.03620441156470746,340.96131128859565,0.027605008848434597,0.027605008848434597
48556.8,0.03585771682400826,340.80168444195033,0.027394788196996187,0.027394788196996187
48614.4,0.0355136702834995,340.6427924305298,0.027185535287155806,0.027185535287155806
48672.0,0.0351722596620905,340.4846372845375,0.026977252792590722,0.026977252792590722
48729.6,0.034833472646029505,340.327220963664,0.0267699432941165,0.0267699432941165
48787.200000000004,0.03449729689007289,340.17054535739976,0.026563609280098443,0.026563609280098443
48844.8,0.03416372001865035,340.0146122853552,0.02635825314687336,0.02635825314687336
48902.4,0.03383272962702385,339.8594234975889,0.026153877199181712,0.026153877199181712
48960.0,0.03350431328244145,339.70498067494407,0.025950483650610735,0.025950483650610735
49017.6,0.033178458525284886,339.55128542939195,0.025748074624046793,0.025748074624046793
49075.200000000004,0.03285515287021179,339.3983393043836,0.025546652152138475,0.025546652152138475
49132.8,0.0325343838072916,339.2461437752085,0.02534621817776889,0.02534621817776889
49190.4,0.03221613880313572,339.094700249361,0.02514677455453843,0.02514677455453843
49248.0,0.03190040530202057,338.9440100669131,0.024948323047255624,0.024948323047255624
49305.6,0.031587170727005634,338.79407450089496,0.02475086533243805,0.02475086533243805
49363.200000000004,0.0312764224810443,338.6448947576821,0.024554402998822552,0.024554402998822552
49420.8,0.03096814794808787,338.496471977389,0.024358937547883423,0.024358937547883423
49478.4,0.0306623344941834,338.34880723426954,0.024164470394359896,0.024164470394359896
49536.0,0.030358969468564607,338.2019015371238,0.02397100286679158,0.02397100286679158
49593.6,0.03005804020473614,338.0557558297113,0.02377853620806317,0.02377853620806317
49651.200000000004,0.029759534021549936,337.91037099117,0.02358707157595571,0.02358707157595571
49708.8,0.029463438224275915,337.76574783644173,0.02339661004370728,0.02339661004370728
49766.4,0.029169740105664213,337.62188711670336,0.023207152600580594,0.023207152600580594
49824.0,0.02887842694700076,337.4787895198032,0.023018700152437777,0.023018700152437777
49881.6,0.02858948601915565,337.336455670704,0.022831253522323975,0.022831253522323975
49939.200000000004,0.028302904583623473,337.19488613193056,0.02264481345105627,0.02264481345105627
49996.8,0.028018669893556565,337.05408140402255,0.02245938059782076,0.02245938059782076
50054.4,0.02773676919479,336.91404192599344,0.022274955540776405,0.022274955540776405
50112.0,0.02745718972686007,336.7747680757935,0.022091538777664954,0.022091538777664954
50169.6,0.027179918724013815,336.63626017077775,0.02190913072642736,0.02190913072642736
50227.200000000004,0.026904943416210882,336.4985184681796,0.021727731725827207,0.021727731725827207
50284.8,0.026632251030117706,336.3615431655879,0.021547342036079168,0.021547342036079168
50342.4,0.026361828790093973,336.22533440142894,0.021367961839483952,0.021367961839483952
50400.0,0.026093663919169743,336.08989225545355,0.02118959124106935,0.02118959124106935
50457.6,0.025827743640016027,335.95521674922657,0.021012230269235207,0.021012230269235207
50515.200000000004,0.025564055175905594,335.8213078466225,0.02083587887640607,0.02083587887640607
50572.8,0.025302585751666808,335.6881654543234,0.020660536939686728,0.020660536939686728
50630.4,0.025043322594628124,335.5557894223215,0.020486204261524497,0.020486204261524497
50688.0,0.024786252935554327,335.42417954442533,0.020312880570375398,0.020312880570375398
50745.6,0.02453136400957488,335.293335558769,0.020140565521374977,0.020140565521374977
50803.200000000004,0.024278643057102856,335.16325714832516,0.019969258697013936,0.019969258697013936
50860.8,0.024028077324745815,335.0339439414216,0.019798959607818422,0.019798959607818422
50918.4,0.02377965406620812,334.90539551226004,0.019629667693033086,0.019629667693033086
50976.0,0.02353336054318417,334.7776113814387,0.019461382321309617,0.019461382321309617
51033.6,0.023289184026242932,334.6505910164775,0.019294102791398104,0.019294102791398104
51091.200000000004,0.02304711179570382,334.5243338323461,0.01912782833284252,0.01912782833284252
51148.8,0.022807131142504034,334.3988391919941,0.018962558106679135,0.018962558106679135
51206.4,0.022569229369056025,334.2741064068847,0.018798291206138965,0.018798291206138965
51264.0,0.022333393790097154,334.15013473752947,0.018635026657352446,0.018635026657352446
51321.6,0.022099611733529978,334.0269233940266,0.01847276342005799,0.01847276342005799
51379.200000000004,0.02186787054125333,333.90447153660017,0.018311500388312318,0.018311500388312318
51436.8,0.021638157569984426,333.7827782761422,0.01815123639120425,0.01815123639120425
51494.4,0.021410460192071785,333.66184267475643,0.017991970193570822,0.017991970193570822
51552.0,0.02118476579630009,333.54166374630324,0.017833700496715045,0.017833700496715045
51609.6,0.020961061788684354,333.4222404569474,0.017676425939127105,0.017676425939127105
51667.200000000004,0.020739335593255945,333.30357172570586,0.01752014509720585,0.01752014509720585
51724.8,0.020519574652839337,333.18565642499834,0.0173648564859839,0.0173648564859839
51782.4,0.02030176642981947,333.0684933811982,0.01721055855985311,0.01721055855985311
51840.0,0.02008589840689979,332.952081375185,0.017057249713292207,0.017057249713292207
51897.6,0.019871958087851496,332.83641914289774,0.016904928281595483,0.016904928281595483
51955.200000000004,0.01965993299825336,332.7215053758897,0.016753592541603416,0.016753592541603416
52012.8,0.01944981068622197,332.6073387218832,0.016603240712433236,0.016603240712433236
52070.4,0.019241578723133278,332.49391778532583,0.016453870956211585,0.016453870956211585
52128.0,0.019035224704334136,332.3812411279471,0.016305481378807385,0.016305481378807385
52185.6,0.01883073624984546,332.269307269315,0.0161580700305651,0.0161580700305651
52243.200000000004,0.01862810100505562,332.158114687394,0.016011634907039253,0.016011634907039253
52300.8,0.018427306641403962,332.04766181910264,0.01586617394972897,0.01586617394972897
52358.4,0.01822834085705609,331.9379470608712,0.015721685046812327,0.015721685046812327
52416.0,0.01803119137756948,331.82896876920023,0.015578166033882035,0.015578166033882035
52473.6,0.017835845956549155,331.7207252612179,0.015435614694679179,0.015435614694679179
52531.200000000004,0.017642292376295183,331.61321481523845,0.015294028761828825,0.015294028761828825
52588.8,0.017450518448439888,331.50643567131954,0.015153405917574156,0.015153405917574156
52646.4,0.01726051201457624,331.40038603181944,0.015013743794510016,0.015013743794510016
52704.0,0.017072260946877058,331.2950640619545,0.014875039976317237,0.014875039976317237
52761.6,0.016885753148704507,331.19046789035497,0.01473729199849445,0.01473729199849445
52819.200000000004,0.016700976555210863,331.086595609621,0.014600497349090589,0.014600497349090589
52876.8,0.01651791913392959,330.9834452768779,0.014464653469435913,0.014464653469435913
52934.4,0.01633656888535748,330.8810149143302,0.014329757754871728,0.014329757754871728
52992.0,0.016156913843527302,330.7793025098153,0.014195807555479526,0.014195807555479526
53049.6,0.015978942076571377,330.6783060173557,0.014062800176808261,0.014062800176808261
53107.200000000004,0.015802641687276228,330.5780233577106,0.013930732880600845,0.013930732880600845
53164.8,0.015628000813627408,330.4784524189262,0.013799602885518654,0.013799602885518654
53222.4,0.015455007629345981,330.37959105688446,0.013669407367864381,0.013669407367864381
53280.0,0.015283650344415155,330.28143709585095,0.013540143462303601,0.013540143462303601
53337.6,0.015113917205598086,330.1839883290214,0.013411808262584403,0.013411808262584403
53395.200000000004,0.014945796496947,330.0872425190662,0.013284398822254401,0.013284398822254401
53452.8,0.014779276540302458,329.9911973986738,0.013157912155376697,0.013157912155376697
53510.4,0.014614345695784379,329.89585067109255,0.013032345237242986,0.013032345237242986
53568.0,0.014450992362273207,329.80120001067036,0.012907695005084738,0.012907695005084738
53625.6,0.014289204977883337,329.707243063393,0.012783958358781747,0.012783958358781747
53683.200000000004,0.01412897202042631,329.61397744742044,0.012661132161568719,0.012661132161568719
53740.8,0.013970282007866007,329.52140075362104,0.012539213240738527,0.012539213240738527
53798.4,0.0138131234987643,329.42951054610427,0.012418198388344012,0.012418198388344012
53856.0,0.013657485092718517,329.3383043627505,0.012298084361895525,0.012298084361895525
53913.6,0.013503355430789501,329.2477797157395,0.012178867885057136,0.012178867885057136
53971.200000000004,0.01335072319592158,329.1579340920762,0.012060545648338628,0.012060545648338628
54028.8,0.013199577113353006,329.06876495411416,0.011943114309785492,0.011943114309785492
54086.4,0.013049905951018457,328.9802697400775,0.01182657049566568,0.01182657049566568
54144.0,0.01290169851994223,328.892445864579,0.011710910801152193,0.011710910801152193
54201.6,0.012754943674623374,328.80529071913685,0.011596131791003841,0.011596131791003841
54259.200000000004,0.012609630313411942,328.7188016726888,0.011482230000241843,0.011482230000241843
54316.8,0.012465747378876903,328.6329760721032,0.011369201934823183,0.011369201934823183
54374.4,0.012323283858165451,328.5478112426874,0.011257044072310157,0.011257044072310157
54432.0,0.01218222878335389,328.463304488694,0.011145752862537009,0.011145752862537009
54489.6,0.012042571231790174,328.37945309382417,0.01103532472827258,0.01103532472827258
54547.200000000004,0.011904300326428086,328.29625432172764,0.010925756065879167,0.010925756065879167
54604.8,0.011767405236153125,328.21370541650043,0.010817043245967673,0.010817043245967673
54662.4,0.01163187517610025,328.1318036031794,0.01070918261404907,0.01070918261404907
54720.0,0.011497699407963073,328.0505460882335,0.01060217049118138,0.01060217049118138
54777.6,0.011364867240295515,327.969930060053,0.010496003174613798,0.010496003174613798
54835.200000000004,0.011233368028804985,327.88995268943444,0.010390676938425455,0.010390676938425455
54892.8,0.011103191176637398,327.8106111300633,0.010286188034161136,0.010286188034161136
54950.4,0.010974326134654185,327.73190251899314,0.010182532691462125,0.010182532691462125
55008.0,0.01084676240170229,327.65382397712153,0.010079707118693155,0.010079707118693155
55065.6,0.010720489524874597,327.576372609663,0.009977707503565093,0.009977707503565093
55123.200000000004,0.010595497099764333,327.49954550661846,0.009876530013753285,0.009876530013753285
55180.8,0.010471774770710245,327.4233397432415,0.009776170797511557,0.009776170797511557
55238.4,0.010349312231035262,327.3477523805008,0.009676625984281201,0.009676625984281201
55296.0,0.010228099223276279,327.2727804655398,0.009577891685296365,0.009577891685296365
55353.6,0.010108125539407447,327.1984210321325,0.009479963994184284,0.009479963994184284
55411.200000000004,0.009989381021055167,327.12467110113636,0.009382838987561839,0.009382838987561839
55468.8,0.009871855559706225,327.0515276809404,0.009286512725625525,0.009286512725625525
55526.4,0.009755539096907788,326.9789877679115,0.009190981252739254,0.009190981252739254
55584.0,0.009640421624460584,326.9070483468355,0.00909624059801526,0.00909624059801526
55641.6,0.009526493184604764,326.83570639135576,0.00900228677589182,0.00900228677589182
55699.200000000004,0.009413743870198006,326.76495886440784,0.008909115786705446,0.008909115786705446
55756.8,0.009302163824887221,326.6948027186501,0.008816723617258125,0.008816723617258125
55814.4,0.009191743243272451,326.62523489689113,0.00872510624138011,0.00872510624138011
55872.0,0.009082472371063898,326.5562523325128,0.008634259620487323,0.008634259620487323
55929.6,0.008974341505232497,326.48785194989114,0.008544179704135174,0.008544179704135174
55987.200000000004,0.008867340994152378,326.42003066481067,0.008454862430564737,0.008454862430564737
56044.8,0.00876146123773778,326.3527853848779,0.00836630372724691,0.00836630372724691
56102.4,0.008656692687572295,326.2861130099292,0.008278499511419677,0.008278499511419677
56160.0,0.008553025847031775,326.22001043243523,0.0081914456906209,0.0081914456906209
56217.6,0.008450451271400157,326.15447453790176,0.008105138163215838,0.008105138163215838
56275.200000000004,0.008348959567979127,326.0895022052664,0.008019572818919919,0.008019572818919919
56332.8,0.008248541396190993,326.0250903072917,0.007934745539316295,0.007934745539316295
56390.4,0.008149187467675156,325.9612357109538,0.00785065219836776,0.00785065219836776
56448.0,0.008050888546378072,325.8979352778279,0.007767288662924201,0.007767288662924201
56505.6,0.007953635448636934,325.8351858644691,0.007684650793224406,0.007684650793224406
56563.200000000004,0.007857419043257038,325.7729843227897,0.007602734443392748,0.007602734443392748
56620.8,0.0077622302515832665,325.7113275004324,0.007521535461930865,0.007521535461930865
56678.4,0.0076680600475643335,325.6502122411395,0.007441049692203658,0.007441049692203658
56736.0,0.00757489945781242,325.58963538511847,0.007361272972920783,0.007361272972920783
56793.6,0.007482739561655769,325.5295937694027,0.007282201138611941,0.007282201138611941
56851.200000000004,0.007391571491185702,325.47008422820926,0.007203830020097747,0.007203830020097747
56908.8,0.007301386431297552,325.41110359329184,0.0071261554449547565,0.0071261554449547565
56966.4,0.0072121756197261536,325.3526486942901,0.0070491732379754125,0.0070491732379754125
57024.0,0.0071239303470749665,325.29471635907487,0.006972879221622661,0.006972879221622661
57081.6,0.0070366419568401945,325.2373034140893,0.006897269216479343,0.006897269216479343
57139.200000000004,0.006950301845428785,325.18040668468615,0.00682233904169226,0.00682233904169226
57196.8,0.006864901462171143,325.1240229954606,0.006748084515410554,0.006748084515410554
57254.4,0.006780432309328201,325.0681491705799,0.006674501455219672,0.006674501455219672
57312.0,0.006696885942093086,325.01278203410766,0.006601585678568815,0.006601585678568815
57369.6,0.006614253968587721,324.95791841032536,0.006529333003193898,0.006529333003193898
57427.200000000004,0.006532528049853616,324.9035551240492,0.0064577392475351205,0.0064577392475351205
57484.8,0.006451699899837966,324.84968900094293,0.006386800231148842,0.006386800231148842
57542.4,0.006371761285374328,324.7963168678269,0.006316511775114597,0.006316511775114597
57600.0,0.006292704026158,324.7434355529826,0.006246869702436274,0.006246869702436274
57657.6,0.006214519994717186,324.6910418864538,0.006177869838438416,0.006177869838438416
57715.200000000004,0.0061372011163782015,324.6391327003431,0.006109508011157147,0.006109508011157147
57772.8,0.006060739369226492,324.5877048291049,0.006041780051725547,0.006041780051725547
57830.4,0.005985126784062595,324.5367551098339,0.005974681794754089,0.005974681794754089
57888.0,0.0059103554443534516,324.48628038255,0.005908209078705394,0.005908209078705394
57945.6,0.005836417486178846,324.436277490479,0.005842357746264258,0.005842357746264258
58003.200000000004,0.005763305098173477,324.3867432803294,0.005777123644701996,0.005777123644701996
58060.8,0.0056910105214641555,324.3376746025649,0.005712502626235102,0.005712502626235102
58118.4,0.005619526049602977,324.2890683116733,0.0056484905483799265,0.0056484905483799265
58176.0,0.005548844028495732,324.24092126643154,0.005585083274301231,0.005585083274301231
58233.6,0.005478956856326362,324.1932303301661,0.005522276673155344,0.005522276673155344
58291.200000000004,0.005409856983476257,324.1459923710102,0.00546006662042883,0.00546006662042883
58348.8,0.005341536912440434,324.09920426215655,0.00539844899827131,0.00539844899827131
58406.4,0.005273989197738733,324.05286288210664,0.00533741969582388,0.00533741969582388
58464.0,0.005207206445823555,324.0069651149155,0.005276974609541305,0.005276974609541305
58521.6,0.005141181314983168,323.9615078504333,0.0052171096435103224,0.0052171096435103224
58579.200000000004,0.005075906515240792,323.91648798454236,0.0051578207097616605,0.0051578207097616605
58636.8,0.005011374808251002,323.87190241939066,0.005099103728577638,0.005099103728577638
58694.4,0.004947579007190691,323.82774806362175,0.005040954628794894,0.005040954628794894
58752.0,0.004884511976647441,323.7840218326001,0.004983369348101215,0.004983369348101215
58809.6,0.0048221666325035896,323.7407206486333,0.0049263438333281544,0.0049263438333281544
58867.200000000004,0.0047605359418171215,323.6978414411902,0.004869874040738126,0.004869874040738126
58924.8,0.0046996129226984755,323.65538114711507,0.0048139559363069235,0.0048139559363069235
58982.4,0.004639390644184597,323.61333671083855,0.004758585496000928,0.004758585496000928
59040.0,0.004579862226108246,323.57170508458387,0.004703758706049073,0.004703758706049073
59097.6,0.004521020838965439,323.5304832285707,0.004649471563211219,0.004649471563211219
59155.200000000004,0.004462859703778653,323.4896681112137,0.0045957200750396335,0.0045957200750396335
59212.8,0.0044053720919566995,323.44925670931906,0.004542500260137793,0.004542500260137793
59270.4,0.004348551325152112,323.40924600827583,0.004489808148412353,0.004489808148412353
59328.0,0.004292390775114686,323.36963300224454,0.004437639781321609,0.004437639781321609
59385.6,0.0042368838635423525,323.33041469434187,0.004385991212118645,0.004385991212118645
59443.200000000004,0.004182024061928771,323.2915880968218,0.00433485850608991,0.00433485850608991
59500.8,0.004127804891407886,323.253150231253,0.004284237740788932,0.004284237740788932
59558.4,0.004074219922596444,323.215098128693,0.0042341250062653876,0.0042341250062653876
59616.0,0.004021262775432205,323.1774288298582,0.004184516405289382,0.004184516405289382
59673.6,0.003968927119010701,323.14013938529115,0.0041354080535716195,0.0041354080535716195
59731.200000000004,0.00391720667141871,323.10322685552353,0.004086796079977791,0.004086796079977791
59788.8,0.0038660951995649058,323.0666883112363,0.004038676626739837,0.004038676626739837
59846.4,0.003815586519008081,323.03052083341595,0.003991045849661511,0.003991045849661511
59904.0,0.003765674493782938,322.99472151350767,0.0039438999183202,0.0039438999183202
59961.6,0.003716353036223592,322.9592874535648,0.0038972350162636608,0.0038972350162636608
60019.200000000004,0.0036676161067837544,322.9242157663949,0.003851047341202479,0.003851047341202479
60076.8,0.003619457713855428,322.8895035757031,0.0038053331051986473,0.0038053331051986473
60134.4,0.0035718719135850257,322.85514801623094,0.003760088534848819,0.003760088534848819
60192.0,0.0035248528096869444,322.82114623389305,0.0037153098714638217,0.0037153098714638217
60249.6,0.003478394553255142,322.7874953859098,0.0036709933712436842,0.0036709933712436842
60307.200000000004,0.003432491342572903,322.7541926409373,0.0036271353054487614,0.0036271353054487614
60364.8,0.003387137422919767,322.72123517919334,0.003583731960565552,0.003583731960565552
60422.4,0.003342327086376747,322.68862019258114,0.003540779638469593,0.003540779638469593
60480.0,0.003298054671629934,322.65634488480896,0.0034982746565831897,0.0034982746565831897
60537.6,0.003254314563771521,322.62440647150737,0.0034562133480297024,0.0034562133480297024
60595.200000000004,0.0032111011940992038,322.59280218034286,0.0034145920617831907,0.0034145920617831907
60652.8,0.0031684090399137737,322.5615292511284,0.003373407162814017,0.003373407162814017
60710.4,0.0031262326243149804,322.53058493593124,0.0033326550322309305,0.0033326550322309305
60768.0,0.0030845665159954364,322.49996649917733,0.003292332067418284,0.003292332067418284
60825.6,0.0030434053290329566,322.46967121775333,0.00325243468217071,0.00325243468217071
60883.200000000004,0.0030027437226813245,322.4396963811043,0.0032129593068215786,0.0032129593068215786
60940.8,0.0029625764011592336,322.4100392913303,0.0031739023883703334,0.0031739023883703334
60998.4,0.002922898113437912,322.3806972632783,0.0031352603906033925,0.0031352603906033925
61056.0,0.002883703653027437,322.3516676246324,0.0030970297942130237,0.0030970297942130237
61113.6,0.0028449878577608556,322.32294771600067,0.003059207096911808,0.003059207096911808
61171.200000000004,0.002806745609577573,322.294534890999,0.003021788813542907,0.003021788813542907
61228.8,0.0027689718343054284,322.26642651633273,0.0029847714761877106,0.0029847714761877106
61286.4,0.0027316615014409385,322.2386199718746,0.0029481516342683223,0.0029481516342683223
61344.0,0.0026948096239287453,322.211112650741,0.002911925854648169,0.002911925854648169
61401.6,0.0026584112579394266,322.1839019593644,0.0028760907217273,0.0028760907217273
61459.200000000004,0.002622461502646704,322.15698531756397,0.002840642837535285,0.002840642837535285
61516.8,0.002586955500003196,322.1303601586133,0.0028055788218206016,0.0028055788218206016
61574.4,0.002551888434514871,322.1040239293049,0.002770895312135371,0.002770895312135371
61632.0,0.0025172555330147733,322.0779740900126,0.002736588963917784,0.002736588963917784
61689.6,0.0024830520644356143,322.0522081147519,0.0027026564505712993,0.0027026564505712993
61747.200000000004,0.0024492733395817573,322.0267234912363,0.0026690944635389823,0.0026690944635389823
61804.8,0.0024159147108996216,322.00151772093244,0.0026358997123762666,0.0026358997123762666
61862.4,0.002382971572247823,321.9765883191125,0.002603068924819601,0.002603068924819601
61920.0,0.00235043935866619,321.9519328149032,0.002570598846851205,0.002570598846851205
61977.6,0.002318313546144004,321.92754875133386,0.0025384862427623987,0.0025384862427623987
62035.200000000004,0.0022865896513878125,321.90343368538026,0.0025067278952113203,0.0025067278952113203
62092.8,0.0022552632315877056,321.8795851880082,0.0024753206052801936,0.0024753206052801936
62150.4,0.0022243298841841596,321.8560008442126,0.002444261192526909,0.002444261192526909
62208.0,0.0021937852466333563,321.83267825305614,0.0024135464950359974,0.0024135464950359974
62265.6,0.002163624996171728,321.80961502770396,0.0023831733694640775,0.0023831733694640775
62323.200000000004,0.002133844849580748,321.78680879545755,0.0023531386910847665,0.0023531386910847665
62380.8,0.0021044405629510854,321.7642571977853,0.002323439353828732,0.002323439353828732
62438.4,0.0020754079314452816,321.74195789035144,0.0022940722703218694,0.0022940722703218694
62496.0,0.0020467427890613343,321.7199085430426,0.0022650343719202645,0.0022650343719202645
62553.6,0.002018441008394896,321.6981068399923,0.002236322608742456,0.002236322608742456
62611.200000000004,0.0019904985004015286,321.676550479603,0.0022079339496984796,0.0022079339496984796
62668.8,0.0019629112141588082,321.6552371745668,0.0021798653825171196,0.0021798653825171196
62726.4,0.0019356751366273585,321.63416465188334,0.002152113913769415,0.002152113913769415
62784.0,0.0019087862924128108,321.6133306528758,0.002124676568889917,0.002124676568889917
62841.6,0.0018822407435260717,321.59273293320524,0.002097550392195409,0.002097550392195409
62899.200000000004,0.0018560345891447585,321.5723692628827,0.002070732446900845,0.002070732446900845
62956.8,0.0018301639653735282,321.55223742627913,0.0020442198151324554,0.0020442198151324554
63014.4,0.001804625045004755,321.5323352221342,0.0020180095979394235,0.0020180095979394235
63072.0,0.0017794140372788762,321.51266046356204,0.001992098915301446,0.001992098915301446
63129.6,0.0017545271876446586,321.49321097805637,0.001966484906135247,0.001966484906135247
63187.200000000004,0.0017299607775198343,321.47398460749264,0.0019411647282977192,0.0019411647282977192
63244.8,0.001705711124051076,321.4549792081291,0.001916135558587126,0.001916135558587126
63302.4,0.001681774579874495,321.43619265060596,0.0018913945927421245,0.0018913945927421245
63360.0,0.0016581475328755293,321.4176228199426,0.00186693904543795,0.00186693904543795
63417.6,0.001634826405950111,321.3992676155333,0.0018427661502808748,0.0018427661502808748
63475.200000000004,0.001611807656764541,321.3811249511408,0.0018188731597998252,0.0018188731597998252
63532.8,0.0015890877775164255,321.36319275488887,0.0017952573454363496,0.0017952573454363496
63590.4,0.0015666632946955803,321.3454689692528,0.0017719159975323414,0.0017719159975323414
63648.0,0.0015445307688448948,321.32795155104833,0.0017488464253152917,0.0017488464253152917
63705.6,0.0015226867943213267,321.3106384714188,0.0017260459568815207,0.0017260459568815207
63763.200000000004,0.0015011279990576908,321.29352771582137,0.001703511939177762,0.001703511939177762
63820.8,0.0014798510443242731,321.27661728401097,0.0016812417379804272,0.0016812417379804272
63878.4,0.0014588526244906396,321.259905190023,0.0016592327378724724,0.0016592327378724724
63936.0,0.001438129466788136,321.2433894621548,0.001637482342219146,0.001637482342219146
63993.6,0.0014176783310724274,321.2270681429456,0.0016159879731414855,0.0016159879731414855
64051.200000000004,0.001397496009586673,321.2109392891542,0.0015947470714871997,0.0015947470714871997
64108.8,0.0013775793267245266,321.19500097173653,0.001573757096800648,0.001573757096800648
64166.4,0.001357925138794287,321.17925127582106,0.0015530155272909503,0.0015530155272909503
64224.0,0.0013385303337830382,321.16368830068313,0.0015325198597978514,0.0015325198597978514
64281.6,0.0013193918311212264,321.14831015971737,0.0015122676097554895,0.0015122676097554895
64339.200000000004,0.0013005065814478262,321.13311498040997,0.0014922563111559367,0.0014922563111559367
64396.8,0.0012818715663760955,321.1181009043083,0.0014724835165090772,0.0014724835165090772
64454.4,0.00126348379825968,321.1032660869902,0.0014529467968023304,0.0014529467968023304
64512.0,0.0012453403199592387,321.0886086980321,0.0014336437414585066,0.0014336437414585066
64569.6,0.0012274382046097226,321.074126920975,0.0014145719582910384,0.0014145719582910384
64627.200000000004,0.0012097745553883478,321.05981895329046,0.001395729073459217,0.001395729073459217
64684.8,0.0011923465052827288,321.04568300634423,0.0013771127314203546,0.0013771127314203546
64742.4,0.0011751512168601307,321.03171730535985,0.001358720594881725,0.001358720594881725
64800.0,0.001158185882037236,321.0179200893805,0.0013405503447504088,0.0013405503447504088
64857.6,0.0011414477218501592,321.0042896112297,0.0013225996800815625,0.0013225996800815625
64915.200000000004,0.0011249339862256559,320.99082413747135,0.0013048663180256445,0.0013048663180256445
64972.8,0.0011086419537529298,320.97752194836846,0.0012873479937742154,0.0012873479937742154
65030.4,0.001092568931455746,320.96438133784096,0.0012700424605043173,0.0012700424605043173
65088.0,0.001076712254565397,320.9514006134224,0.0012529474893214303,0.0012529474893214303
65145.6,0.0010610692862952455,320.93857809621545,0.0012360608692010074,0.0012360608692010074
65203.200000000004,0.001045637417614579,320.92591212084756,0.0012193804069297836,0.0012193804069297836
65260.8,0.0010304140670242578,320.9134010354238,0.0012029039270440168,0.0012029039270440168
65318.4,0.0010153966803329998,320.90104320148055,0.0011866292717681779,0.0011866292717681779
65376.0,0.001000582730434058,320.8888369939374,0.0011705543009519175,0.0011705543009519175
65433.6,0.0009859697170832853,320.8767808010484,0.001154676892005688,0.001154676892005688
65491.200000000004,0.000971555166677515,320.8648730243526,0.0011389949398354637,0.0011389949398354637
65548.8,0.0009573366320339042,320.8531120786232,0.0011235063567761174,0.0011235063567761174
65606.40000000001,0.0009433116921703766,320.84149639181663,0.0011082090725241201,0.0011082090725241201
65664.0,0.0009294779520868118,320.83002440502037,0.0010931010340688948,0.0010931010340688948
65721.6,0.0009158330425468743,320.81869457240043,0.0010781802056236453,0.0010781802056236453
65779.2,0.0009023746198611041,320.80750536114743,0.0010634445685543154,0.0010634445685543154
65836.8,0.0008891003656708236,320.7964552514224,0.0010488921213082463,0.0010488921213082463
65894.40000000001,0.0008760079867325772,320.7855427363023,0.0010345208793424605,0.0010345208793424605
65952.0,0.0008630952147039585,320.7747663217237,0.001020328875049327,0.001020328875049327
66009.6,0.000850359805930359,320.7641245264267,0.001006314157683048,0.001006314157683048
66067.2,0.0008377995412320897,320.75361588189844,0.0009924747932847989,0.0009924747932847989
66124.8,0.0008254122256936548,320.7432389323147,0.0009788088646062215,0.0009788088646062215
66182.40000000001,0.0008131956884523298,320.7329922344823,0.0009653144710334417,0.0009653144710334417
66240.0,0.0008011477824893705,320.72287435778003,0.0009519897285090648,0.0009519897285090648
66297.6,0.0007892663844211488,320.71288388409954,0.0009388327694546953,0.0009388327694546953
66355.2,0.0007775493942914992,320.7030194077851,0.0009258417426913614,0.0009258417426913614
66412.8,0.0007659947353653067,320.6932795355736,0.0009130148133604623,0.0009130148133604623
66470.40000000001,0.0007546003539231255,320.68366288653294,0.0009003501628429199,0.0009003501628429199
66528.0,0.0007433642190565087,320.67416809200137,0.0008878459886789284,0.0008878459886789284
66585.6,0.0007322843224645282,320.6647937955248,0.0008755005044856836,0.0008755005044856836
66643.2,0.0007213586782514126,320.655538652795,0.0008633119398757104,0.0008633119398757104
66700.8,0.00071058532272511,320.64640133158605,0.0008512785403736191,0.0008512785403736191
66758.40000000001,0.00069996231419697,320.63738051169196,0.0008393985673333841,0.0008393985673333841
66816.0,0.0006894877327826677,320.6284748848619,0.0008276702978534538,0.0008276702978534538
66873.6,0.0006791596802038216,320.61968315473695,0.0008160920246934305,0.0008160920246934305
66931.2,0.0006689762795908742,320.6110040367854,0.0008046620561885813,0.0008046620561885813
66988.8,0.0006589356752870876,320.60243625823756,0.0007933787161642718,0.0007933787161642718
67046.40000000001,0.000649036032653467,320.5939785580206,0.0007822403438500288,0.0007822403438500288
67104.0,0.0006392755378752809,320.5856296866936,0.000771245293794123,0.000771245293794123
67161.6,0.0006296523977690255,320.57738840638086,0.0007603919357754602,0.0007603919357754602
67219.2,0.0006201648395906859,320.56925349070616,0.0007496786547173421,0.0007496786547173421
67276.8,0.0006108111108453661,320.56122372472646,0.0007391038505999552,0.0007391038505999552
67334.40000000001,0.000601589479097752,320.5532979048644,0.0007286659383715118,0.0007286659383715118
67392.0,0.0005924982317837843,320.5454748388422,0.0007183633478612628,0.0007183633478612628
67449.6,0.0005835356760236267,320.53775334561385,0.0007081945236900401,0.0007081945236900401
67507.2,0.0005747001384354519,320.53013225529753,0.0006981579251814727,0.0006981579251814727
67564.8,0.0005659899649503644,320.5226104091084,0.0006882520262732777,0.0006882520262732777
67622.40000000001,0.0005574035206289223,320.51518665928995,0.0006784753154270536,0.0006784753154270536
67680.0,0.0005489391894782619,320.50785986904657,0.0006688262955391975,0.0006688262955391975
67737.6,0.000540595374270414,320.5006289124748,0.0006593034838506235,0.0006593034838506235
67795.2,0.0005323704963622357,320.4934926744951,0.0006499054118568567,0.0006499054118568567
67852.8,0.0005242629955159649,320.48645005078293,0.0006406306252171518,0.0006406306252171518
67910.40000000001,0.0005162713297211048,320.47949994770005,0.0006314776836640637,0.0006314776836640637
67968.0,0.0005083939750174663,320.472641282226,0.0006224451609133152,0.0006224451609133152
68025.6,0.0005006294253193802,320.4658729818885,0.0006135316445720192,0.0006135316445720192
68083.2,0.0004929761922412965,320.45919398469454,0.0006047357360480228,0.0006047357360480228
68140.8,0.0004854328049237015,320.45260323906143,0.0005960560504589526,0.0005960560504589526
68198.40000000001,0.00047799780986132944,320.446099703747,0.0005874912165404368,0.0005874912165404368
68256.0,0.0004706697707318158,320.4396823477803,0.0005790398765548503,0.0005790398765548503
68313.6,0.0004634472682253633,320.4333501503928,0.00057070068620051,0.00057070068620051
68371.2,0.00045632889987634557,320.4271021009477,0.0005624723145188479,0.0005624723145188479
68428.8,0.0004493132798952288,320.4209371988715,0.0005543534438041306,0.0005543534438041306
68486.40000000001,0.00044239903900228936,320.4148544535838,0.0005463427695110072,0.0005463427695110072
68544.0,0.000435584824261898,320.408852884428,0.0005384390001632543,0.0005384390001632543
68601.6,0.000428869298918706,320.4029315206013,0.0005306408572618488,0.0005306408572618488
68659.2,0.00042225114223402643,320.39708940108585,0.0005229470751936382,0.0005229470751936382
68716.8,0.0004157290493245067,320.39132557457833,0.0005153564011394127,0.0005153564011394127
68774.40000000001,0.00040930173100090796,320.385639099421,0.0005078675949825013,0.0005078675949825013
68832.0,0.00040296791360880206,320.38002904353164,0.0005004794292168438,0.0005004794292168438
68889.6,0.00039672633887005243,320.3744944843348,0.0004931906888561853,0.0004931906888561853
68947.2,0.0003905757637253397,320.36903450869124,0.00048600017134147475,0.00048600017134147475
69004.8,0.0003845149601783246,320.36364821282996,0.00047890668645095817,0.00047890668645095817
69062.40000000001,0.00037854271514050193,320.35833470227755,0.00047190905620750155,0.00047190905620750155
69120.0,0.0003726578302774399,320.3530930917899,0.00046500611478846016,0.00046500611478846016
69177.6,0.0003668591218561937,320.3479225052825,0.0004581967084338995,0.0004581967084338995
69235.2,0.0003611454205936048,320.34282207576166,0.00045147969535609027,0.00045147969535609027
69292.8,0.00035551557150604115,320.33779094525534,0.00044485394564832824,0.00044485394564832824
69350.40000000001,0.00034996843376043304,320.3328282647445,0.0004383183411945789,0.0004383183411945789
69408.0,0.000344502880525682,320.3279331940942,0.0004318717755788218,0.0004318717755788218
69465.6,0.0003391177988259175,320.32310490198523,0.00042551315399469425,0.00042551315399469425
69523.2,0.00033381208939519286,320.31834256584534,0.0004192413931553606,0.0004192413931553606
69580.8,0.000328584666532286,320.3136453717811,0.0004130554212034549,0.0004130554212034549
69638.40000000001,0.0003234344579572433,320.3090125145095,0.0004069541776211749,0.0004069541776211749
69696.0,0.00031836040466914813,320.3044431972904,0.0004009366131411979,0.0004009366131411979
69753.6,0.0003133614608049186,320.299936631858,0.0003950016896564002,0.0003950016896564002
69811.2,0.0003084365934991377,320.2954920383536,0.00038914838013167193,0.00038914838013167193
69868.8,0.00030358478274498295,320.29110864525796,0.0003833756685143095,0.0003833756685143095
69926.40000000001,0.00029880502125632946,320.2867856893239,0.0003776825496455312,0.0003776825496455312
69984.0,0.0002940963143312919,320.2825224155092,0.00037206802917221735,0.00037206802917221735
70041.6,0.00028945767971619177,320.27831807690956,0.0003665311234582761,0.0003665311234582761
70099.2,0.00028488814747135513,320.27417193469194,0.0003610708594972818,0.0003610708594972818
70156.8,0.000280386759837639,320.27008325802774,0.00035568627482414025,0.00035568627482414025
70214.40000000001,0.00027595257110395177,320.26605132402693,0.0003503764174284757,0.0003503764174284757
70272.0,0.0002715846474762653,320.2620754176715,0.0003451403456669699,0.0003451403456669699
70329.6,0.000267282066947233,320.2581548317497,0.00033997712817682385,0.00033997712817682385
70387.2,0.00026304391916747485,320.2542888667902,0.0003348858437888456,0.0003348858437888456
70444.8,0.0002588693053176111,320.25047683099706,0.0003298655814421096,0.0003298655814421096
70502.40000000001,0.000254757337981378,320.24671804018396,0.00032491544009711934,0.00032491544009711934
70560.0,0.0002507071410196142,320.2430118177099,0.0003200345286511407,0.0003200345286511407
70617.6,0.0002467178494462016,320.2393574944136,0.00031522196585196316,0.00031522196585196316
70675.2,0.00024278860930381028,320.23575440854995,0.00031047688021405677,0.00031047688021405677
70732.8,0.00023891857754177538,320.23220190572516,0.00030579840993315684,0.00030579840993315684
70790.40000000001,0.00023510692189470202,320.22869933883305,0.0003011857028024957,0.0003011857028024957
70848.0,0.00023135282076169227,320.2252460679915,0.0002966379161290343,0.0002966379161290343
70905.6,0.00022765546308720603,320.2218414604788,0.00029215421664954437,0.00029215421664954437
70963.2,0.0002240140482428103,320.21848489067065,0.0002877337804478878,0.0002877337804478878
71020.8,0.00022042778590999418,320.21517573997704,0.0002833757928716232,0.0002833757928716232
71078.40000000001,0.00021689589596380092,320.21191339678035,0.0002790794484506326,0.0002790794484506326
71136.0,0.00021341760835770366,320.20869725637215,0.0002748439508138772,0.0002748439508138772
71193.6,0.00020999216300965305,320.2055267208918,0.0002706685126084743,0.0002706685126084743
71251.2,0.00020661880968871193,320.2024011992647,0.0002665523554185482,0.0002665523554185482
71308.8,0.00020329680790305676,320.19932010714075,0.00026249470968378347,0.00026249470968378347
71366.40000000001,0.00020002542678929433,320.19628286683303,0.00025849481461924934,0.00025849481461924934
71424.0,0.00019680394500167157,320.19328890725745,0.00025455191813544934,0.00025455191813544934
71481.6,0.00019363165060393207,320.190337663872,0.0002506652767585208,0.0002506652767585208
71539.2,0.000190507840960409,320.1874285786165,0.00024683415555080816,0.00024683415555080816
71596.8,0.00018743182262967572,320.18456109985266,0.0002430578280320356,0.0002430578280320356
71654.40000000001,0.00018440291125800117,320.18173468230486,0.00023933557610122803,0.00023933557610122803
71712.0,0.00018142043147481235,320.1789487870005,0.00023566668995810816,0.00023566668995810816
71769.6,0.00017848371678801504,320.17620288121117,0.00023205046802584088,0.00023205046802584088
71827.2,0.00017559210948153437,320.1734964383944,0.00022848621687400256,0.00022848621687400256
71884.8,0.00017274496051274945,320.1708289381347,0.00022497325114117576,0.00022497325114117576
71942.40000000001,0.00016994162941147317,320.1681998660863,0.00022151089345941538,0.00022151089345941538
72000.0,0.0001671814841796419,320.16560871391476,0.0002180984743775174,0.0002180984743775174
72057.6,0.00016446390119233902,320.16305497924054,0.00021473533228645825,0.00021473533228645825
72115.2,0.00016178826509943825,320.1605381655812,0.00021142081334348686,0.00021142081334348686
72172.8,0.00015915396872797673,320.1580577822953,0.00020815427139808806,0.00020815427139808806
72230.40000000001,0.00015656041298601976,320.15561334452605,0.00020493506791787133,0.00020493506791787133
72288.0,0.00015400700676709362,320.1532043731448,0.00020176257191415983,0.00020176257191415983
72345.6,0.00015149316685556042,320.15083039469636,0.0001986361598699753,0.0001986361598699753
72403.2,0.00014901831783332474,320.1484909413428,0.0001955552156658517,0.0001955552156658517
72460.8,0.0001465818919866296,320.14618555080915,0.00019251913050856862,0.00019251913050856862
72518.40000000001,0.00014418332921464587,320.1439137663284,0.00018952730285861185,0.00018952730285861185
72576.0,0.0001418220769383466,320.1416751365875,0.00018657913835898158,0.00018657913835898158
72633.6,0.00013949759001049983,320.1394692156731,0.00018367404976400077,0.00018367404976400077
72691.2,0.00013720933062699413,320.1372955630186,0.00018081145686917104,0.00018081145686917104
72748.8,0.00013495676823802166,320.1351537433504,0.00017799078644072962,0.00017799078644072962
72806.40000000001,0.0001327393794609137,320.13304332663506,0.00017521147214602962,0.00017521147214602962
72864.0,0.00013055664799389917,320.1309638880272,0.0001724729544846688,0.0001724729544846688
72921.6,0.00012840806453037897,320.12891500781694,0.00016977468071946862,0.00016977468071946862
72979.2,0.00012629312667412375,320.1268962713782,0.00016711610480850145,0.00016711610480850145
73036.8,0.000124211338855715,320.1249072691173,0.0001644966873371178,0.0001644966873371178
73094.40000000001,0.00012216221224875559,320.1229475964217,0.00016191589545072187,0.00016191589545072187
73152.0,0.00012014526468872627,320.12101685360943,0.00015937320278792182,0.00015937320278792182
73209.6,0.00011816002059095514,320.11911464587877,0.00015686808941435342,0.00015686808941435342
73267.2,0.00011620601087006063,320.1172405832578,0.0001544000417563541,0.0001544000417563541
73324.8,0.0001142827728609044,320.11539428055505,0.00015196855253583492,0.00015196855253583492
73382.40000000001,0.00011238985023922505,320.11357535731,0.00014957312070515227,0.00014957312070515227
73440.0,0.00011052679294365691,320.1117834377443,0.0001472132513827283,0.0001472132513827283
73497.6,0.00010869315709860162,320.1100181507128,0.00014488845578889602,0.00014488845578889602
73555.2,0.00010688850493784563,320.10827912965556,0.00014259825118234312,0.00014259825118234312
73612.8,0.00010511240472872878,320.1065660125501,0.0001403421607973793,0.0001403421607973793
73670.40000000001,0.00010336443069780437,320.10487844186315,0.00013811971378038026,0.00013811971378038026
73728.0,0.0001016441629561979,320.10321606450407,0.0001359304451284773,0.0001359304451284773
73785.6,9.99511874267062e-05,320.1015785317779,0.00013377389562764798,0.00013377389562764798
73843.2,9.828509577114523e-05,320.09996549933857,0.00013164961179125653,0.00013164961179125653
73900.8,9.664548531888861e-05,320.09837662714307,0.0001295571457994168,0.0001295571457994168
73958.40000000001,9.50319589956361e-05,320.0968115794055,0.00012749605543873016,0.00012749605543873016
74016.0,9.344412525331988e-05,320.0952700245516,0.00012546590404239772,0.00012546590404239772
74073.6,9.188159800048978e-05,320.0937516351738,0.00012346626043078122,0.00012346626043078122
74131.2,9.034399653419104e-05,320.09225608798647,0.0001214966988527129,0.0001214966988527129
74188.8,8.883094547127336e-05,320.09078306378126,0.00011955679892665573,0.00011955679892665573
74246.40000000001,8.734207468165437e-05,320.08933224738365,0.00011764614558336045,0.00011764614558336045
74304.0,8.58770192216356e-05,320.0879033276085,0.0001157643290074001,0.0001157643290074001
74361.6,8.443541926821406e-05,320.08649599721736,0.00011391094458095008,0.00011391094458095008
74419.2,8.30169200537663e-05,320.08510995287537,0.00011208559282704433,0.00011208559282704433
74476.8,8.162117180206495e-05,320.08374489510834,0.0001102878793529812,0.0001102878793529812
74534.40000000001,8.024782966449054e-05,320.0824005282608,0.00010851741479515172,0.00010851741479515172
74592.0,7.889655365709602e-05,320.0810765604538,0.00010677381476349333,0.00010677381476349333
74649.6,7.756700859823988e-05,320.07977270354354,0.00010505669978676744,0.00010505669978676744
74707.2,7.625886404698271e-05,320.07848867308013,0.00010336569525866012,0.00010336569525866012
74764.8,7.497179424260316e-05,320.0772241882663,0.0001017004313830595,0.0001017004313830595
74822.40000000001,7.37054780442026e-05,320.0759789719174,0.00010006054312142923,0.00010006054312142923
74880.0,7.245959887066522e-05,320.074752750421,9.844567013988251e-05,9.844567013988251e-05
74937.6,7.123384464255387e-05,320.0735452536967,9.685545675580685e-05,9.685545675580685e-05
74995.2,7.002790772338491e-05,320.07235621515713,9.528955188688453e-05,9.528955188688453e-05
75052.8,6.884148486242996e-05,320.07118537166826,9.374760899861562e-05,9.374760899861562e-05
75110.40000000001,6.767427713737617e-05,320.070032463511,9.22292860537877e-05,9.22292860537877e-05
75168.0,6.652598989854907e-05,320.06889723434233,9.07342454614212e-05,9.07342454614212e-05
75225.6,6.53963327127098e-05,320.06777943115725,8.926215402638869e-05,8.926215402638869e-05
75283.2,6.42850193086989e-05,320.06667880425107,8.781268290000734e-05,8.781268290000734e-05
75340.8,6.319176752245934e-05,320.06559510718176,8.638550753033188e-05,8.638550753033188e-05
75398.40000000001,6.211629924371051e-05,320.06452809673254,8.498030761289668e-05,8.498030761289668e-05
75456.0,6.105834036258764e-05,320.06347753287577,8.359676704317976e-05,8.359676704317976e-05
75513.6,6.0017620717204244e-05,320.0624431787355,8.223457386734492e-05,8.223457386734492e-05
75571.2,5.89938740414813e-05,320.061424800552,8.089342023530445e-05,8.089342023530445e-05
75628.8,5.798683791421982e-05,320.06042216764564,7.957300235348261e-05,7.957300235348261e-05
75686.40000000001,5.699625370803127e-05,320.059435052381,7.827302043727947e-05,7.827302043727947e-05
75744.0,5.60218665393162e-05,320.05846323013253,7.699317866600524e-05,7.699317866600524e-05
75801.6,5.506342521854463e-05,320.05750647924873,7.573318513556878e-05,7.573318513556878e-05
75859.2,5.412068220169112e-05,320.05656458101816,7.449275181386104e-05,7.449275181386104e-05
75916.8,5.319339354120801e-05,320.0556373196351,7.327159449538991e-05,7.327159449538991e-05
75974.40000000001,5.22813188385975e-05,320.0547244821652,7.206943275628941e-05,7.206943275628941e-05
76032.0,5.138422119685918e-05,320.0538258585127,7.088598991067633e-05,7.088598991067633e-05
76089.6,5.050186717387896e-05,320.0529412413861,6.972099296603362e-05,6.972099296603362e-05
76147.2,4.963402673624473e-05,320.0520704262661,6.857417258046547e-05,6.857417258046547e-05
76204.8,4.878047321361214e-05,320.0512132113722,6.744526301920356e-05,6.744526301920356e-05
76262.40000000001,4.794098325317754e-05,320.05036939763113,6.633400211246096e-05,6.633400211246096e-05
76320.0,4.7115336775944275e-05,320.04953878864376,6.524013121238759e-05,6.524013121238759e-05
76377.6,4.630331693181749e-05,320.0487211906543,6.416339515219676e-05,6.416339515219676e-05
76435.2,4.5504710056669986e-05,320.0479164125184,6.310354220424351e-05,6.310354220424351e-05
76492.8,4.471930562894634e-05,320.047124265672,6.206032403892658e-05,6.206032403892658e-05
76550.40000000001,4.394689622743986e-05,320.0463445641004,6.103349568426388e-05,6.103349568426388e-05
76608.0,4.318727748908658e-05,320.0455771243084,6.00228154859923e-05,6.00228154859923e-05
76665.6,4.244024806771922e-05,320.044821765289,5.9028045066918626e-05,5.9028045066918626e-05
76723.2,4.170560959298034e-05,320.04407830849425,5.8048949288291844e-05,5.8048949288291844e-05
76780.8,4.0983166629715645e-05,320.04334657780527,5.708529621020219e-05,5.708529621020219e-05
76838.40000000001,4.0272726638095265e-05,320.04262639950304,5.6136857053327755e-05,5.6136857053327755e-05
76896.0,3.957409993423253e-05,320.04191760223915,5.5203406160306695e-05,5.5203406160306695e-05
76953.6,3.8887099650873804e-05,320.04122001700716,5.4284720958007816e-05,5.4284720958007816e-05
77011.2,3.821154169910069e-05,320.0405334771142,5.338058192017549e-05,5.338058192017549e-05
77068.8,3.754724473001478e-05,320.0398578181524,5.249077252984989e-05,5.249077252984989e-05
77126.40000000001,3.689403009731017e-05,320.0391928779715,5.1615079243059956e-05,5.1615079243059956e-05
77184.0,3.6251721819970713e-05,320.0385384966507,5.075329145206711e-05,5.075329145206711e-05
77241.6,3.562014654565968e-05,320.03789451647145,4.990520144943252e-05,4.990520144943252e-05
77299.2,3.4999133514269635e-05,320.0372607818908,4.9070604392683134e-05,4.9070604392683134e-05
77356.8,3.438851452257328e-05,320.03663713951374,4.82492982683041e-05,4.82492982683041e-05
77414.40000000001,3.378812388832396e-05,320.0360234380676,4.7441083857602586e-05,4.7441083857602586e-05
77472.0,3.319779841551071e-05,320.0354195283753,4.6645764701748163e-05,4.6645764701748163e-05
77529.6,3.261737736014594e-05,320.03482526332925,4.586314706733724e-05,4.586314706733724e-05
77587.2,3.20467023959292e-05,320.0342404978659,4.509303991285582e-05,4.509303991285582e-05
77644.8,3.1485617580461096e-05,320.0336650889401,4.4335254854992465e-05,4.4335254854992465e-05
77702.40000000001,3.093396932229277e-05,320.0330988955003,4.3589606135774784e-05,4.3589606135774784e-05
77760.0,3.039160634811672e-05,320.032541778463,4.285591058910709e-05,4.285591058910709e-05
77817.6,2.985837967013584e-05,320.03199360068885,4.2133987609329107e-05,4.2133987609329107e-05
77875.2,2.933414255433821e-05,320.0314542269574,4.1423659117753635e-05,4.1423659117753635e-05
77932.8,2.8818750488753805e-05,320.0309235239437,4.072474953204884e-05,4.072474953204884e-05
77990.40000000001,2.831206115231578e-05,320.03040136019405,4.0037085734123254e-05,4.0037085734123254e-05
78048.0,2.7813934384094254e-05,320.0298876061025,3.9360497039433255e-05,3.9360497039433255e-05
78105.6,2.732423215272573e-05,320.0293821338873,3.869481516576643e-05,3.869481516576643e-05
78163.2,2.6842818526854967e-05,320.02888481756787,3.803987420292329e-05,3.803987420292329e-05
78220.8,2.6369559644617643e-05,320.0283955329423,3.7395510583072726e-05,3.7395510583072726e-05
78278.40000000001,2.5904323685361247e-05,320.0279141575639,3.676156305005945e-05,3.676156305005945e-05
78336.0,2.5446980840211168e-05,320.02744057071936,3.613787263043312e-05,3.613787263043312e-05
78393.6,2.499740328361413e-05,320.0269746534068,3.552428260455246e-05,3.552428260455246e-05
78451.2,2.4555465145183148e-05,320.0265162883133,3.492063847716527e-05,3.492063847716527e-05
78508.8,2.4121042482146766e-05,320.0260653597936,3.432678794918619e-05,3.432678794918619e-05
78566.40000000001,2.369401325153174e-05,320.0256217538486,3.374258088939968e-05,3.374258088939968e-05
78624.0,2.327425728335834e-05,320.0251853581043,3.316786930683667e-05,3.316786930683667e-05
78681.6,2.2861656253657726e-05,320.0247560617904,3.2602507322552326e-05,3.2602507322552326e-05
78739.2,2.2456093658484342e-05,320.02433375572025,3.2046351143050825e-05,3.2046351143050825e-05
78796.8,2.2057454787484208e-05,320.02391833226966,3.1499259032661956e-05,3.1499259032661956e-05
78854.40000000001,2.1665626698280158e-05,320.02350968535706,3.096109128719045e-05,3.096109128719045e-05
78912.0,2.1280498191390115e-05,320.0231077104234,3.0431710207565288e-05,3.0431710207565288e-05
78969.6,2.090195978470139e-05,320.02271230441227,2.991098007356381e-05,2.991098007356381e-05
79027.2,2.052990368899263e-05,320.02232336575014,2.9398767117910185e-05,2.9398767117910185e-05
79084.8,2.0164223783669298e-05,320.0219407943274,2.8894939501197344e-05,2.8894939501197344e-05
79142.40000000001,1.9804815592463543e-05,320.02156449147884,2.8399367286209967e-05,2.8399367286209967e-05
79200.0,1.945157625989778e-05,320.02119435996474,2.7911922413071012e-05,2.7911922413071012e-05
79257.6,1.9104404527535213e-05,320.0208303039524,2.7432478674837344e-05,2.7432478674837344e-05
79315.2,1.8763200711118495e-05,320.02047222899716,2.696091169264624e-05,2.696091169264624e-05
79372.8,1.842786667758402e-05,320.02012004202476,2.6497098892209343e-05,2.6497098892209343e-05
79430.40000000001,1.809830582255586e-05,320.0197736513125,2.604091947933347e-05,2.604091947933347e-05
79488.0,1.777442304815939e-05,320.01943296647215,2.559225441716317e-05,2.559225441716317e-05
79545.6,1.7456124741119263e-05,320.0190978984313,2.5150986401776386e-05,2.5150986401776386e-05
79603.2,1.7143318751017048e-05,320.01876835941687,2.471699984032532e-05,2.471699984032532e-05
79660.8,1.6835914368868717e-05,320.0184442629372,2.429018082760529e-05,2.429018082760529e-05
79718.40000000001,1.6533822306324056e-05,320.01812552376515,2.3870417123746456e-05,2.3870417123746456e-05
79776.0,1.6236954674439242e-05,320.0178120579214,2.3457598132055254e-05,2.3457598132055254e-05
79833.6,1.5945224963693247e-05,320.01750378265734,2.3051614876780998e-05,2.3051614876780998e-05
79891.2,1.5658548023293806e-05,320.0172006164392,2.2652359981930504e-05,2.2652359981930504e-05
79948.8,1.5376840041282364e-05,320.01690247893094,2.2259727648959832e-05,2.2259727648959832e-05
80006.40000000001,1.5100018525101081e-05,320.016609290979,2.187361363648721e-05,2.187361363648721e-05
80064.0,1.4828002281999918e-05,320.0163209745959,2.1493915238957964e-05,2.1493915238957964e-05
80121.6,1.4560711399710341e-05,320.01603745294443,2.1120531265534008e-05,2.1120531265534008e-05
80179.2,1.4298067227829173e-05,320.01575865032265,2.0753362020480518e-05,2.0753362020480518e-05
80236.8,1.4039992358829888e-05,320.01548449214783,2.0392309282055428e-05,2.0392309282055428e-05
80294.40000000001,1.3786410609997245e-05,320.015214904942,2.0037276283420144e-05,2.0037276283420144e-05
80352.0,1.3537247004846882e-05,320.0149498163161,1.9688167691753612e-05,1.9688167691753612e-05
80409.6,1.329242775580619e-05,320.0146891549562,1.934488959013619e-05,1.934488959013619e-05
80467.2,1.3051880245846973e-05,320.014432850608,1.9007349457112898e-05,1.9007349457112898e-05
80524.8,1.2815533011646171e-05,320.01418083406264,1.8675456148128137e-05,1.8675456148128137e-05
80582.40000000001,1.2583315726106312e-05,320.01393303714264,1.8349119876735834e-05,1.8349119876735834e-05
80640.0,1.235515918142758e-05,320.0136893926877,1.8028252196183893e-05,1.8028252196183893e-05
80697.6,1.2130995272587694e-05,320.0134498345404,1.771276598039977e-05,1.771276598039977e-05
80755.2,1.191075698052025e-05,320.0132142975329,1.7402575406622947e-05,1.7402575406622947e-05
80812.8,1.169437835614544e-05,320.01298271747305,1.709759593691453e-05,1.709759593691453e-05
80870.40000000001,1.148179450406338e-05,320.012755031131,1.6797744300714874e-05,1.6797744300714874e-05
80928.0,1.1272941567117881e-05,320.0125311762262,1.650293847762579e-05,1.650293847762579e-05
80985.6,1.106775671044502e-05,320.0123110914139,1.6213097679593877e-05,1.6213097679593877e-05
81043.2,1.0866178106107901e-05,320.0120947162722,1.5928142334067012e-05,1.5928142334067012e-05
81100.8,1.0668144918122223e-05,320.01188199128944,1.564799406707603e-05,1.564799406707603e-05
81158.40000000001,1.0473597287464083e-05,320.01167285785175,1.5372575687064935e-05,1.5372575687064935e-05
81216.0,1.0282476317148786e-05,320.0114672582301,1.5101811167747996e-05,1.5101811167747996e-05
81273.6,1.0094724057878275e-05,320.01126513556835,1.4835625632463997e-05,1.4835625632463997e-05
81331.2,9.910283493528403e-06,320.01106643387095,1.4573945337781905e-05,1.4573945337781905e-05
81388.8,9.729098527222483e-06,320.01087109799073,1.4316697657630568e-05,1.4316697657630568e-05
81446.40000000001,9.551113967067663e-06,320.01067907361755,1.4063811068251854e-05,1.4063811068251854e-05
81504.0,9.376275512814372e-06,320.0104903072658,1.3815215131731454e-05,1.3815215131731454e-05
81561.6,9.20452974189467e-06,320.0103047462636,1.3570840481850357e-05,1.3570840481850357e-05
81619.2,9.035824096383779e-06,320.0101223387409,1.3330618808289391e-05,1.3330618808289391e-05
81676.8,8.870106869589092e-06,320.0099430336184,1.309448284210639e-05,1.309448284210639e-05
81734.40000000001,8.707327193153808e-06,320.0097667805962,1.2862366340839068e-05,1.2862366340839068e-05
81792.0,8.547435024267448e-06,320.0095935301429,1.2634204074206748e-05,1.2634204074206748e-05
81849.6,8.390381133053999e-06,320.009423233485,1.240993180973727e-05,1.240993180973727e-05
81907.2,8.236117089942204e-06,320.00925584259556,1.2189486298468718e-05,1.2189486298468718e-05
81964.8,8.084595253693119e-06,320.0090913101842,1.1972805261250057e-05,1.1972805261250057e-05
82022.40000000001,7.935768759179017e-06,320.00892958968643,1.1759827374966899e-05,1.1759827374966899e-05
82080.0,7.789591505126693e-06,320.0087706352532,1.1550492258692404e-05,1.1550492258692404e-05
82137.6,7.646018142944408e-06,320.0086144017408,1.1344740460362208e-05,1.1344740460362208e-05
82195.2,7.505004064749387e-06,320.0084608447009,1.1142513443823647e-05,1.1142513443823647e-05
82252.8,7.366505392070531e-06,320.0083099203705,1.0943753575286107e-05,1.0943753575286107e-05
82310.40000000001,7.2304789645686174e-06,320.00816158566215,1.0748404110744546e-05,1.0748404110744546e-05
82368.0,7.096882328934368e-06,320.00801579815425,1.0556409183028721e-05,1.0556409183028721e-05
82425.6,6.965673727715197e-06,320.0078725160816,1.0367713789451293e-05,1.0367713789451293e-05
82483.2,6.836812089190368e-06,320.00773169832576,1.0182263779081636e-05,1.0182263779081636e-05
82540.8,6.7102570158957335e-06,320.0075933044058,1.000000584054365e-05,1.000000584054365e-05
82598.40000000001,6.585968774871904e-06,320.00745729446953,9.82088749041248e-06,9.82088749041248e-06
82656.0,6.463908287023848e-06,320.0073236292839,9.64485706078776e-06,9.64485706078776e-06
82713.6,6.344037116729659e-06,320.00719227022614,9.47186368731601e-06,9.47186368731601e-06
82771.2,6.226317462301275e-06,320.0070631792751,9.301857298111366e-06,9.301857298111366e-06
82828.8,6.11071214580663e-06,320.0069363190025,9.134788601852847e-06,9.134788601852847e-06
82886.40000000001,5.997184603246152e-06,320.0068116525641,8.970609076705074e-06,8.970609076705074e-06
82944.0,5.885698875262919e-06,320.00668914369174,8.809270959089279e-06,8.809270959089279e-06
83001.6,5.776219597408154e-06,320.0065687566844,8.65072723260403e-06,8.65072723260403e-06
83059.2,5.668711990922152e-06,320.0064504564001,8.494931617095674e-06,8.494931617095674e-06
83116.8,5.563141853657375e-06,320.0063342082478,8.341838557728786e-06,8.341838557728786e-06
83174.40000000001,5.459475550823669e-06,320.0062199781795,8.191403215104641e-06,8.191403215104641e-06
83232.0,5.357680006302098e-06,320.00610773268204,8.04358145395738e-06,8.04358145395738e-06
83289.6,5.257722693692163e-06,320.00599743876927,7.898329833197612e-06,7.898329833197612e-06
83347.2,5.159571627661377e-06,320.00588906397473,7.755605596105772e-06,7.755605596105772e-06
83404.8,5.063195355489617e-06,320.00578257634317,7.615366659177984e-06,7.615366659177984e-06
83462.40000000001,4.968562948578491e-06,320.00567794442406,7.4775716036668815e-06,7.4775716036668815e-06
83520.0,4.87564399440451e-06,320.0055751372634,7.342179664652051e-06,7.342179664652051e-06
83577.6,4.784408587957294e-06,320.00547412439664,7.209150721832262e-06,7.209150721832262e-06
83635.2,4.694827324065725e-06,320.0053748758414,7.078445289943389e-06,7.078445289943389e-06
83692.8,4.606871289422332e-06,320.0052773620907,6.950024509625489e-06,6.950024509625489e-06
83750.40000000001,4.52051205453658e-06,320.00518155410526,6.823850137765876e-06,6.823850137765876e-06
83808.0,4.4357216662741975e-06,320.00508742330703,6.6998845383661965e-06,6.6998845383661965e-06
83865.6,4.352472640307819e-06,320.0049949415723,6.5780906739335405e-06,6.5780906739335405e-06
83923.2,4.270737953443358e-06,320.0049040812249,6.458432096272658e-06,6.458432096272658e-06
83980.8,4.190491036461297e-06,320.00481481502936,6.340872937727347e-06,6.340872937727347e-06
84038.40000000001,4.111705766958233e-06,320.0047271161846,6.225377902496701e-06,6.225377902496701e-06
84096.0,4.034356461832884e-06,320.0046409583172,6.111912258175923e-06,6.111912258175923e-06
84153.6,3.9584178707138115e-06,320.00455631547544,6.000441827521736e-06,6.000441827521736e-06
84211.2,3.883865168889479e-06,320.00447316212234,5.890932979693768e-06,5.890932979693768e-06
84268.8,3.8106739502210696e-06,320.00439147312994,5.7833526223942505e-06,5.7833526223942505e-06
84326.40000000001,3.738820220818315e-06,320.0043112237732,5.677668193932865e-06,5.677668193932865e-06
84384.0,3.668280392254178e-06,320.0042323897235,5.5738476547675645e-06,5.5738476547675645e-06
84441.6,3.5990312750992e-06,320.00415494704305,5.471859480018581e-06,5.471859480018581e-06
84499.2,3.531050072366466e-06,320.0040788721791,5.371672651832703e-06,5.371672651832703e-06
84556.8,3.4643143732771093e-06,320.00400414195747,5.273256650998963e-06,5.273256650998963e-06
84614.40000000001,3.39880214722049e-06,320.0039307335777,5.176581450435822e-06,5.176581450435822e-06
84672.0,3.3344917373239965e-06,320.00385862460695,5.081617507181147e-06,5.081617507181147e-06
84729.6,3.2713618546979954e-06,320.00378779297426,4.988335754906219e-06,4.988335754906219e-06
84787.2,3.2093915722183944e-06,320.0037182169656,4.896707597253195e-06,4.896707597253195e-06
84844.8,3.1485603187713307e-06,320.0036498752178,4.8067049000496705e-06,4.8067049000496705e-06
84902.40000000001,3.088847873746943e-06,320.00358274671385,4.718299984945583e-06,4.718299984945583e-06
84960.0,3.030234360963895e-06,320.0035168107772,4.631465621927215e-06,4.631465621927215e-06
85017.6,2.972700243376211e-06,320.0034520470669,4.546175022879237e-06,4.546175022879237e-06
85075.2,2.916226317406738e-06,320.00338843557205,4.4624018345478706e-06,4.4624018345478706e-06
85132.8,2.860793707440487e-06,320.0033259566071,4.380120132028069e-06,4.380120132028069e-06
85190.40000000001,2.8063838607977367e-06,320.0032645908069,4.299304412325565e-06,4.299304412325565e-06
85248.0,2.7529785423161504e-06,320.0032043191216,4.219929587769189e-06,4.219929587769189e-06
85305.6,2.700559828950826e-06,320.00314512281193,4.141970979647773e-06,4.141970979647773e-06
85363.2,2.6491101051024722e-06,320.0030869834444,4.065404311996777e-06,4.065404311996777e-06
85420.8,2.5986120572352935e-06,320.0030298828866,3.990205705310044e-06,3.990205705310044e-06
85478.40000000001,2.5490486690629997e-06,320.0029738033026,3.916351670551011e-06,3.916351670551011e-06
85536.0,2.5004032167884005e-06,320.0029187271484,3.843819103163904e-06,3.843819103163904e-06
85593.6,2.452659264200592e-06,320.0028646371674,3.77258527701009e-06,3.77258527701009e-06
85651.2,2.405800657932337e-06,320.0028115163859,3.7026278386038484e-06,3.7026278386038484e-06
85708.8,2.359811522983681e-06,320.00275934810884,3.633924801348162e-06,3.633924801348162e-06
85766.40000000001,2.3146762579435344e-06,320.0027081159155,3.5664545399950757e-06,3.5664545399950757e-06
85824.0,2.2703795305490056e-06,320.0026578036549,3.500195784582039e-06,3.500195784582039e-06
85881.6,2.226906273457665e-06,320.0026083954424,3.4351276156408713e-06,3.4351276156408713e-06
85939.2,2.184241679362799e-06,320.00255987565475,3.37122945828382e-06,3.37122945828382e-06
85996.8,2.142371197422737e-06,320.0025122289263,3.3084810766639257e-06,3.3084810766639257e-06
86054.40000000001,2.101280528500552e-06,320.0024654401453,3.2468625692588442e-06,3.2468625692588442e-06
86112.0,2.060955621184999e-06,320.0024194944494,3.1863543632563467e-06,3.1863543632563467e-06
86169.6,2.0213826677227086e-06,320.00237437722234,3.126937209688426e-06,3.126937209688426e-06
86227.2,1.982548099755119e-06,320.0023300740897,3.068592178116234e-06,3.068592178116234e-06
86284.8,1.9444385847301735e-06,320.00228657091503,3.011300651614468e-06,3.011300651614468e-06
86342.40000000001,1.9070410216391841e-06,320.0022438537966,2.9550443222049097e-06,2.9550443222049097e-06
86400.0,1.8703425374642968e-06,320.00220190906344,2.8998051859905295e-06,2.8998051859905295e-06
