time_s,state_of_charge,outlet_temperature_c,storage_heat_mw,deliverable_power_mw
0.0,1.0,500.0,0.3160681138888889,0.3160681138888889
19.2,0.9986666666666663,499.99999999999983,0.3160681138888882,0.3160681138888882
38.4,0.9973333333333324,499.99999999999983,0.3160681138888882,0.3160681138888882
57.599999999999994,0.9959999999999992,499.9999999999998,0.31606811388888806,0.31606811388888806
76.8,0.9946666666666658,499.9999999999998,0.31606811388888806,0.31606811388888806
96.0,0.9933333333333323,499.9999999999998,0.31606811388888806,0.31606811388888806
115.19999999999999,0.9919999999999989,499.9999999999998,0.31606811388888806,0.31606811388888806
134.4,0.9906666666666655,499.9999999999998,0.31606811388888806,0.31606811388888806
153.6,0.9893333333333322,499.9999999999998,0.31606811388888806,0.31606811388888806
172.79999999999998,0.9879999999999988,499.9999999999998,0.31606811388888806,0.31606811388888806
192.0,0.9866666666666654,499.9999999999998,0.31606811388888806,0.31606811388888806
211.2,0.9853333333333318,499.9999999999998,0.31606811388888806,0.31606811388888806
230.39999999999998,0.9839999999999982,499.99999999999966,0.31606811388888756,0.31606811388888756
249.6,0.9826666666666648,499.99999999999966,0.31606811388888756,0.31606811388888756
268.8,0.9813333333333315,499.99999999999966,0.31606811388888756,0.31606811388888756
288.0,0.9799999999999981,499.99999999999955,0.3160681138888871,0.3160681138888871
307.2,0.9786666666666647,499.99999999999955,0.3160681138888871,0.3160681138888871
326.4,0.9773333333333313,499.9999999999993,0.3160681138888862,0.3160681138888862
345.59999999999997,0.975999999999998,499.99999999999926,0.316068113888886,0.316068113888886
364.8,0.9746666666666646,499.99999999999915,0.31606811388888556,0.31606811388888556
384.0,0.9733333333333312,499.9999999999987,0.31606811388888373,0.31606811388888373
403.2,0.9719999999999976,499.9999999999984,0.3160681138888826,0.3160681138888826
422.4,0.9706666666666642,499.9999999999979,0.31606811388888056,0.31606811388888056
441.59999999999997,0.969333333333331,499.99999999999727,0.3160681138888781,0.3160681138888781
460.79999999999995,0.9679999999999976,499.9999999999964,0.3160681138888748,0.3160681138888748
480.0,0.9666666666666643,499.9999999999954,0.3160681138888707,0.3160681138888707
499.2,0.9653333333333309,499.9999999999941,0.3160681138888656,0.3160681138888656
518.4,0.9639999999999977,499.9999999999924,0.3160681138888588,0.3160681138888588
537.6,0.9626666666666643,499.9999999999902,0.31606811388885026,0.31606811388885026
556.8,0.9613333333333314,499.9999999999877,0.31606811388884043,0.31606811388884043
576.0,0.9599999999999982,499.9999999999844,0.3160681138888274,0.3160681138888274
595.1999999999999,0.9586666666666649,499.9999999999805,0.3160681138888119,0.3160681138888119
614.4,0.9573333333333319,499.9999999999756,0.3160681138887926,0.3160681138887926
633.6,0.955999999999999,499.99999999996976,0.31606811388876943,0.31606811388876943
652.8,0.9546666666666664,499.9999999999625,0.31606811388874073,0.31606811388874073
672.0,0.9533333333333337,499.9999999999536,0.31606811388870565,0.31606811388870565
691.1999999999999,0.9520000000000011,499.99999999994293,0.3160681138886634,0.3160681138886634
710.4,0.9506666666666688,499.99999999993,0.31606811388861245,0.31606811388861245
729.6,0.9493333333333369,499.99999999991456,0.3160681138885514,0.3160681138885514
748.8,0.948000000000005,499.99999999989586,0.3160681138884775,0.3160681138884775
768.0,0.9466666666666737,499.99999999987364,0.3160681138883897,0.3160681138883897
787.1999999999999,0.9453333333333428,499.99999999984703,0.31606811388828454,0.31606811388828454
806.4,0.9440000000000124,499.9999999998154,0.3160681138881595,0.3160681138881595
825.6,0.9426666666666828,499.9999999997779,0.3160681138880115,0.3160681138880115
844.8,0.9413333333333538,499.9999999997334,0.3160681138878356,0.3160681138878356
864.0,0.9400000000000257,499.99999999968094,0.31606811388762834,0.31606811388762834
883.1999999999999,0.9386666666666985,499.99999999961915,0.31606811388738426,0.31606811388738426
902.4,0.9373333333333729,499.9999999995466,0.3160681138870977,0.3160681138870977
921.5999999999999,0.9360000000000482,499.99999999946147,0.31606811388676126,0.31606811388676126
940.8,0.9346666666667255,499.99999999936193,0.316068113886368,0.316068113886368
960.0,0.9333333333334046,499.99999999924574,0.316068113885909,0.316068113885909
979.1999999999999,0.9320000000000861,499.9999999991104,0.3160681138853742,0.3160681138853742
998.4,0.9306666666667699,499.9999999989529,0.3160681138847519,0.3160681138847519
1017.5999999999999,0.929333333333457,499.9999999987703,0.31606811388403055,0.31606811388403055
1036.8,0.9280000000001475,499.9999999985589,0.3160681138831954,0.3160681138831954
1056.0,0.9266666666668423,499.99999999831425,0.3160681138822288,0.3160681138822288
1075.2,0.9253333333335416,499.9999999980323,0.3160681138811149,0.3160681138811149
1094.3999999999999,0.9240000000002464,499.9999999977073,0.3160681138798307,0.3160681138798307
1113.6,0.9226666666669574,499.99999999733365,0.31606811387835454,0.31606811387835454
1132.8,0.9213333333336756,499.99999999690476,0.31606811387666006,0.31606811387666006
1152.0,0.9200000000004018,499.9999999964132,0.3160681138747179,0.3160681138747179
1171.2,0.9186666666671377,499.9999999958505,0.3160681138724948,0.3160681138724948
1190.3999999999999,0.917333333333884,499.9999999952077,0.31606811386995526,0.31606811386995526
1209.6,0.9160000000006425,499.99999999447436,0.31606811386705796,0.31606811386705796
1228.8,0.9146666666674153,499.99999999363905,0.31606811386375777,0.31606811386375777
1248.0,0.9133333333342036,499.99999999268886,0.31606811386000366,0.31606811386000366
1267.2,0.91200000000101,499.9999999916094,0.3160681138557389,0.3160681138557389
1286.3999999999999,0.9106666666678369,499.99999999038505,0.31606811385090167,0.31606811385090167
1305.6,0.9093333333346867,499.99999998899796,0.3160681138454215,0.3160681138454215
1324.8,0.9080000000015628,499.9999999874288,0.31606811383922195,0.31606811383922195
1344.0,0.9066666666684683,499.9999999856557,0.3160681138322166,0.3160681138322166
1363.2,0.9053333333354073,499.9999999836549,0.3160681138243119,0.3160681138243119
1382.3999999999999,0.904000000002384,499.9999999813998,0.31606811381540234,0.31606811381540234
1401.6,0.9026666666694029,499.99999997886124,0.3160681138053728,0.3160681138053728
1420.8,0.9013333333364694,499.999999976007,0.3160681137940962,0.3160681137940962
1440.0,0.9000000000035892,499.9999999728015,0.3160681137814317,0.3160681137814317
1459.2,0.898666666670769,499.99999996920553,0.31606811376722455,0.31606811376722455
1478.3999999999999,0.8973333333380159,499.9999999651762,0.3160681137513052,0.3160681137513052
1497.6,0.896000000005338,499.99999996066606,0.3160681137334863,0.3160681137334863
1516.8,0.8946666666727443,499.9999999556232,0.31606811371356275,0.31606811371356275
1536.0,0.8933333333402445,499.99999994999075,0.3160681136913098,0.3160681136913098
1555.2,0.8920000000078492,499.9999999437062,0.31606811366648047,0.31606811366648047
1574.3999999999999,0.8906666666755706,499.9999999367013,0.31606811363880505,0.31606811363880505
1593.6,0.8893333333434221,499.99999992890116,0.3160681136079879,0.3160681136079879
1612.8,0.8880000000114181,499.999999920224,0.31606811357370584,0.31606811357370584
1632.0,0.886666666679575,499.99999991058064,0.3160681135356063,0.3160681135356063
1651.2,0.8853333333479104,499.99999989987344,0.31606811349330377,0.31606811349330377
1670.3999999999999,0.8840000000164439,499.99999988799624,0.3160681134463787,0.3160681134463787
1689.6,0.8826666666851964,499.99999987483324,0.31606811339437363,0.31606811339437363
1708.8,0.8813333333541922,499.9999998602583,0.31606811333679025,0.31606811333679025
1728.0,0.8800000000234564,499.99999984413415,0.3160681132730861,0.3160681132730861
1747.2,0.8786666666930177,499.99999982631186,0.3160681132026729,0.3160681132026729
1766.3999999999999,0.8773333333629071,499.9999998066295,0.31606811312491073,0.31606811312491073
1785.6,0.8760000000331584,499.9999997849108,0.31606811303910354,0.31606811303910354
1804.8,0.874666666703809,499.99999976096535,0.31606811294449855,0.31606811294449855
1824.0,0.8733333333748989,499.9999997345863,0.3160681128402788,0.3160681128402788
1843.1999999999998,0.8720000000464732,499.99999970554956,0.31606811272555896,0.31606811272555896
1862.3999999999999,0.8706666667185796,499.99999967361265,0.31606811259938095,0.31606811259938095
1881.6,0.8693333333912708,499.9999996385133,0.3160681124607087,0.3160681124607087
1900.8,0.8680000000646045,499.9999995999679,0.3160681123084215,0.3160681123084215
1920.0,0.8666666667386432,499.99999955767026,0.3160681121413098,0.3160681121413098
1939.1999999999998,0.865333333413455,499.99999951128933,0.31606811195806567,0.31606811195806567
1958.3999999999999,0.8640000000891139,499.9999994604685,0.31606811175728,0.31606811175728
1977.6,0.8626666667657001,499.9999994048227,0.31606811153743175,0.31606811153743175
1996.8,0.8613333334433009,499.9999993439374,0.31606811129688317,0.31606811129688317
2016.0,0.8600000001220114,499.9999992773662,0.3160681110338702,0.3160681110338702
2035.1999999999998,0.8586666668019343,499.9999992046282,0.31606811074649305,0.31606811074649305
2054.4,0.8573333334831805,499.9999991252063,0.3160681104327089,0.3160681104327089
2073.6,0.8560000001658714,499.999999038545,0.3160681100903231,0.3160681100903231
2092.7999999999997,0.8546666668501373,499.99999894404715,0.3160681097169761,0.3160681097169761
2112.0,0.8533333335361193,499.99999884107126,0.3160681093101337,0.3160681093101337
2131.2,0.8520000002239703,499.9999987289295,0.31606810886707815,0.31606810886707815
2150.4,0.8506666669138554,499.99999860688354,0.31606810838489274,0.31606810838489274
2169.6,0.8493333336059528,499.99999847414256,0.31606810786045286,0.31606810786045286
2188.7999999999997,0.8480000003004551,499.9999983298585,0.316068107290408,0.316068107290408
2208.0,0.8466666669975698,499.9999981731241,0.3160681066711736,0.3160681066711736
2227.2,0.8453333336975201,499.9999980029674,0.3160681059989098,0.3160681059989098
2246.4,0.8440000004005475,499.99999781834964,0.3160681052695125,0.3160681052695125
2265.6,0.8426666671069115,499.99999761815945,0.31606810447859085,0.31606810447859085
2284.7999999999997,0.8413333338168912,499.99999740120995,0.31606810362145554,0.31606810362145554
2304.0,0.8400000005307873,499.99999716623296,0.3160681026930964,0.3160681026930964
2323.2,0.8386666672489224,499.9999969118748,0.3160681016881651,0.3160681016881651
2342.4,0.8373333339716442,499.9999966366913,0.316068100600956,0.316068100600956
2361.6,0.8360000006993251,499.9999963391423,0.316068099425384,0.316068099425384
2380.7999999999997,0.8346666674323652,499.9999960175858,0.316068098154962,0.316068098154962
2400.0,0.8333333341711939,499.9999956702724,0.3160680967827786,0.3160680967827786
2419.2,0.8320000009162716,499.9999952953397,0.3160680953014751,0.3160680953014751
2438.4,0.8306666676680914,499.9999948908044,0.3160680937032161,0.3160680937032161
2457.6,0.8293333344271823,499.99999445455694,0.3160680919796673,0.3160680919796673
2476.7999999999997,0.8280000011941095,499.99999398435386,0.3160680901219648,0.3160680901219648
2496.0,0.8266666679694793,499.99999347781005,0.3160680881206855,0.3160680881206855
2515.2,0.8253333347539392,499.99999293239176,0.31606808596581887,0.31606808596581887
2534.4,0.8240000015481823,499.9999923454081,0.31606808364673356,0.31606808364673356
2553.6,0.822666668352949,499.99999171400185,0.3160680811521413,0.3160680811521413
2572.7999999999997,0.8213333351690298,499.999991035142,0.3160680784700669,0.3160680784700669
2592.0,0.8200000019972695,499.9999903056131,0.3160680755878066,0.3160680755878066
2611.2,0.8186666688385694,499.99998952200644,0.3160680724918931,0.3160680724918931
2630.4,0.8173333356938907,499.9999886807097,0.3160680691680547,0.3160680691680547
2649.6,0.8160000025642591,499.99998777789597,0.3160680656011718,0.3160680656011718
2668.7999999999997,0.8146666694507672,499.9999868095131,0.3160680617752349,0.3160680617752349
2688.0,0.8133333363545789,499.9999857712722,0.3160680576732993,0.3160680576732993
2707.2,0.812000003276935,499.9999846586353,0.31606805327743637,0.31606805327743637
2726.4,0.8106666702191548,499.9999834668033,0.31606804856868526,0.31606804856868526
2745.6,0.8093333371826431,499.99998219070244,0.3160680435270003,0.3160680435270003
2764.7999999999997,0.8080000041688934,499.99998082497086,0.3160680381311977,0.3160680381311977
2784.0,0.8066666711794942,499.9999793639447,0.31606803235890046,0.31606803235890046
2803.2,0.8053333382161333,499.99997780164307,0.31606802618647883,0.31606802618647883
2822.4,0.804000005280604,499.9999761317526,0.31606801958898967,0.31606801958898967
2841.6,0.8026666723748103,499.99997434761207,0.3160680125401155,0.3160680125401155
2860.7999999999997,0.8013333395007737,499.99997244219475,0.3160680050120948,0.3160680050120948
2880.0,0.8000000066606388,499.99997040809245,0.31606799697565885,0.31606799697565885
2899.2,0.7986666738566804,499.9999682374968,0.3160679883999578,0.3160679883999578
2918.4,0.7973333410913107,499.9999659221804,0.3160679792524869,0.3160679792524869
2937.6,0.796000008367086,499.9999634534786,0.3160679694990127,0.3160679694990127
2956.7999999999997,0.7946666756867146,499.99996082226795,0.31606795910349045,0.31606795910349045
2976.0,0.7933333430530654,499.9999580189466,0.3160679480279842,0.3160679480279842
2995.2,0.7920000104691749,499.99995503341216,0.31606793623258134,0.31606793623258134
3014.4,0.7906666779382577,499.99995185503906,0.31606792367530145,0.31606792367530145
3033.6,0.7893333454637131,499.99994847265594,0.31606791031200826,0.31606791031200826
3052.7999999999997,0.7880000130491377,499.99994487452113,0.31606789609631225,0.31606789609631225
3072.0,0.7866666806983327,499.99994104829756,0.31606788097947136,0.31606788097947136
3091.2,0.7853333484153154,499.99993698102753,0.3160678649102918,0.3160678649102918
3110.4,0.7840000162043304,499.9999326591053,0.31606784783501923,0.31606784783501923
3129.6,0.7826666840698593,499.9999280682498,0.31606782969723124,0.31606782969723124
3148.7999999999997,0.7813333520166347,499.9999231934757,0.31606781043772303,0.31606781043772303
3168.0,0.7800000200496503,499.9999180190642,0.3160677899943919,0.3160677899943919
3187.2,0.7786666881741746,499.99991252853187,0.3160677683021145,0.3160677683021145
3206.4,0.7773333563957644,499.9999067045991,0.3160677452926214,0.3160677452926214
3225.6,0.7760000247202784,499.9999005291577,0.31606772089436996,0.31606772089436996
3244.7999999999997,0.774666693153891,499.9998939832364,0.3160676950324075,0.3160676950324075
3264.0,0.7733333617031082,499.9998870469666,0.31606766762823607,0.31606766762823607
3283.2,0.7720000303747823,499.9998796995456,0.3160676385996674,0.3160676385996674
3302.4,0.7706666991761288,499.99987191920013,0.3160676078606784,0.3160676078606784
3321.6,0.769333368114743,499.999863683147,0.3160675753212562,0.3160675753212562
3340.7999999999997,0.7680000371986169,499.9998549675542,0.3160675408872439,0.3160675408872439
3360.0,0.7666667064361588,499.9998457474994,0.3160675044601774,0.3160675044601774
3379.2,0.7653333758362096,499.9998359969282,0.3160674659371192,0.3160674659371192
3398.4,0.7640000454080662,499.9998256886105,0.31606742521048753,0.31606742521048753
3417.6,0.7626667151614976,499.9998147940956,0.31606738216787783,0.31606738216787783
3436.7999999999997,0.7613333851067698,499.9998032836662,0.31606733669188153,0.31606733669188153
3456.0,0.7600000552546649,499.9997911262906,0.31606728865989664,0.31606728865989664
3475.2,0.7586667256165053,499.9997782895741,0.3160672379439372,0.3160672379439372
3494.4,0.7573333962041766,499.99976473970867,0.316067184410432,0.316067184410432
3513.6,0.7560000670301528,499.9997504414202,0.31606712792001856,0.31606712792001856
3532.7999999999997,0.7546667381075207,499.99973535791673,0.3160670683273375,0.3160670683273375
3552.0,0.7533334094500068,499.99971945083206,0.31606700548080935,0.31606700548080935
3571.2,0.7520000810720039,499.99970268017057,0.3160669392224175,0.3160669392224175
3590.4,0.7506667529885996,499.99968500424825,0.3160668693874747,0.3160668693874747
3609.6,0.7493334252156058,499.99966637963394,0.3160667958043907,0.3160667958043907
3628.7999999999997,0.7480000977695873,499.9996467610876,0.316066718294429,0.316066718294429
3648.0,0.7466667706678956,499.99962610149777,0.31606663667145907,0.31606663667145907
3667.2,0.7453334439286986,499.9996043518168,0.31606655074170104,0.31606655074170104
3686.3999999999996,0.7440001175710154,499.9995814609948,0.3160664603034644,0.3160664603034644
3705.6,0.7426667916147501,499.99955737591176,0.3160663651468798,0.3160663651468798
3724.7999999999997,0.7413334660807283,499.99953204130736,0.3160662650536219,0.3160662650536219
3744.0,0.740000140990733,499.9995053997097,0.3160661597966278,0.3160661597966278
3763.2,0.7386668163675434,499.99947739136223,0.3160660491398084,0.3160660491398084
3782.3999999999996,0.7373334922349742,499.99944795414814,0.3160659328377492,0.3160659328377492
3801.6,0.7360001686179154,499.999417023513,0.3160658106354053,0.3160658106354053
3820.7999999999997,0.7346668455423757,499.9993845323869,0.3160656822677935,0.3160656822677935
3840.0,0.733333523035524,499.9993504111021,0.3160655474596669,0.3160655474596669
3859.2,0.7320002011257353,499.9993145873117,0.3160654059251935,0.3160654059251935
3878.3999999999996,0.7306668798426369,499.9992769859033,0.31606525736761565,0.31606525736761565
3897.6,0.7293335592171549,499.99923752891345,0.3160651014789112,0.3160651014789112
3916.7999999999997,0.7280002392815642,499.99919613543796,0.31606493793943957,0.31606493793943957
3936.0,0.7266669200695383,499.99915272154163,0.31606476641758546,0.31606476641758546
3955.2,0.7253336016162021,499.99910720016464,0.3160645865693884,0.3160645865693884
3974.3999999999996,0.7240002839581848,499.999059481028,0.3160643980381694,0.3160643980381694
3993.6,0.7226669671336758,499.99900947053624,0.3160642004541469,0.3160642004541469
4012.7999999999997,0.721333651182481,499.99895707167815,0.3160639934340438,0.3160639934340438
4032.0,0.7200003361460822,499.9989021839249,0.3160637765806857,0.3160637765806857
4051.2,0.7186670220676968,499.99884470312696,0.31606354948259335,0.31606354948259335
4070.3999999999996,0.71733370899234,499.99878452140786,0.3160633117135628,0.3160633117135628
4089.6,0.7160003969668889,499.9987215270563,0.31606306283223934,0.31606306283223934
4108.8,0.7146670860401484,499.99865560441566,0.31606280238168066,0.31606280238168066
4128.0,0.7133337762629188,499.9985866337713,0.3160625298889122,0.3160625298889122
4147.2,0.7120004676880648,499.9985144912363,0.316062244864475,0.316062244864475
4166.4,0.7106671603705874,499.99843904863326,0.3160619468019594,0.3160619468019594
4185.599999999999,0.7093338543676978,499.9983601733757,0.3160616351775359,0.3160616351775359
4204.8,0.7080005497388919,499.9982777283465,0.3160613094494749,0.3160613094494749
4224.0,0.7066672465460289,499.9981915717723,0.31606096905765096,0.31606096905765096
4243.2,0.7053339448534105,499.99810155709804,0.3160606134230471,0.3160606134230471
4262.4,0.7040006447278628,499.99800753285854,0.3160602419472465,0.3160602419472465
4281.599999999999,0.7026673462388203,499.9979093425459,0.31605985401191006,0.31605985401191006
4300.8,0.7013340494584123,499.9978068244769,0.31605944897825133,0.31605944897825133
4320.0,0.7000007544615512,499.9976998116565,0.3160590261864974,0.3160590261864974
4339.2,0.6986674613260238,499.9975881316393,0.3160585849553425,0.3160585849553425
4358.4,0.6973341701325839,499.9974716063888,0.3160581245813906,0.3160581245813906
4377.599999999999,0.6960008809650481,499.99735005213387,0.3160576443385895,0.3160576443385895
4396.8,0.6946675939103943,499.9972232792231,0.31605714347765446,0.31605714347765446
4416.0,0.6933343090588615,499.99709109197653,0.3160566212254832,0.3160566212254832
4435.2,0.6920010265040524,499.99695328853505,0.31605607678456027,0.31605607678456027
4454.4,0.6906677463430406,499.9968096607071,0.3160555093323516,0.3160555093323516
4473.599999999999,0.689334468676477,499.99665999381295,0.31605491802068997,0.31605491802068997
4492.8,0.6880011936087013,499.9965040665269,0.3160543019751498,0.3160543019751498
4512.0,0.686667921247856,499.99634165071694,0.3160536602944159,0.3160536602944159
4531.2,0.6853346517060012,499.99617251128103,0.31605299204963466,0.31605299204963466
4550.4,0.6840013850992347,499.99599640598274,0.31605229628376624,0.31605229628376624
4569.599999999999,0.6826681215478131,499.9958130852825,0.3160515720109168,0.3160515720109168
4588.8,0.6813348611762771,499.99562229216764,0.3160508182156673,0.3160508182156673
4608.0,0.6800016041135772,499.9954237619796,0.3160500338523913,0.3160500338523913
4627.2,0.6786683504932066,499.9952172222388,0.3160492178445623,0.3160492178445623
4646.4,0.6773351004533322,499.9950023924667,0.31604836908405126,0.31604836908405126
4665.599999999999,0.6760018541369318,499.99477898400653,0.3160474864304184,0.3160474864304184
4684.8,0.6746686116919345,499.99454669984,0.3160465687101883,0.3160465687101883
4704.0,0.673335373271361,499.9943052344032,0.31604561471612375,0.31604561471612375
4723.2,0.672002139033471,499.99405427339866,0.31604462320648163,0.31604462320648163
4742.4,0.6706689091419109,499.99379349360674,0.3160435929042695,0.3160435929042695
4761.599999999999,0.6693356837658659,499.9935225626931,0.31604252249648357,0.31604252249648357
4780.8,0.6680024630802154,499.99324113901463,0.31604141063334285,0.31604141063334285
4800.0,0.6666692472656919,499.9929488714231,0.3160402559275128,0.3160402559275128
4819.2,0.6653360365090406,499.9926453990663,0.3160390569533199,0.3160390569533199
4838.4,0.6640028310031874,499.99233035118715,0.31603781224595806,0.31603781224595806
4857.599999999999,0.6626696309474054,499.99200334692,0.3160365203006837,0.3160365203006837
4876.8,0.6613364365474871,499.99166399508596,0.31603517957200705,0.31603517957200705
4896.0,0.6600032480159207,499.99131189398463,0.3160337884728696,0.3160337884728696
4915.2,0.6586700655720673,499.99094663118456,0.3160323453738159,0.3160323453738159
4934.4,0.6573368894423455,499.99056778331146,0.3160308486021572,0.3160308486021572
4953.599999999999,0.6560037198604147,499.990174915834,0.31602929644112465,0.31602929644112465
4972.8,0.6546705570673673,499.98976758284806,0.3160276871290172,0.3160276871290172
4992.0,0.6533374013119195,499.9893453268586,0.3160260188583401,0.3160260188583401
5011.2,0.65200425285061,499.98890767855966,0.3160242897749352,0.3160242897749352
5030.4,0.6506711119479999,499.98845415661276,0.3160224979771057,0.3160224979771057
5049.599999999999,0.649337978876876,499.9879842674227,0.31602064151473014,0.31602064151473014
5068.8,0.6480048539184609,499.98749750491186,0.3160187183883712,0.3160187183883712
5088.0,0.6466717373626225,499.9869933502935,0.31601672654837965,0.31601672654837965
5107.2,0.6453386295080918,499.98647127184165,0.31601466389398486,0.31601466389398486
5126.4,0.6440055306626807,499.985930724661,0.3160125282723866,0.3160125282723866
5145.599999999999,0.6426724411435063,499.9853711504537,0.3160103174778332,0.3160103174778332
5164.8,0.6413393612772181,499.9847919772856,0.31600802925069754,0.31600802925069754
5184.0,0.6400062914002288,499.9841926193507,0.3160056612765471,0.3160056612765471
5203.2,0.6386732318589499,499.9835724767333,0.3160032111852042,0.3160032111852042
5222.4,0.6373401830100304,499.9829309351702,0.3160006765498064,0.3160006765498064
5241.599999999999,0.6360071452206,499.98226736580995,0.31599805488585475,0.31599805488585475
5260.8,0.6346741188685171,499.9815811249722,0.315995343650264,0.315995343650264
5280.0,0.6333411043426187,499.98087155390436,0.3159925402404005,0.3159925402404005
5299.2,0.6320081020429762,499.9801379785387,0.3159896419931228,0.3159896419931228
5318.4,0.6306751123811554,499.97937970924653,0.31598664618381034,0.31598664618381034
5337.599999999999,0.6293421357804785,499.9785960405929,0.3159835500253944,0.3159835500253944
5356.8,0.6280091726762936,499.97778625108936,0.31598035066738156,0.31598035066738156
5376.0,0.6266762235162444,499.9769496029463,0.3159770451948746,0.3159770451948746
5395.2,0.6253432887605471,499.97608534182353,0.31597363062758727,0.31597363062758727
5414.4,0.6240103688822706,499.9751926965817,0.31597010391886277,0.31597010391886277
5433.599999999999,0.6226774643676201,499.97427087903156,0.3159664619546825,0.3159664619546825
5452.8,0.621344575716225,499.97331908368307,0.3159627015526749,0.3159627015526749
5472.0,0.6200117034414335,499.97233648749426,0.31595881946112353,0.31595881946112353
5491.2,0.6186788480706065,499.97132224961933,0.3159548123579715,0.3159548123579715
5510.4,0.6173460101454205,499.97027551115605,0.3159506768498237,0.3159506768498237
5529.599999999999,0.6160131902221722,499.96919539489386,0.31594640947095154,0.31594640947095154
5548.8,0.6146803888720876,499.96808100506024,0.31594200668229094,0.31594200668229094
5568.0,0.6133476066816367,499.96693142706886,0.3159374648704471,0.3159374648704471
5587.2,0.6120148442528489,499.9657457272658,0.3159327803466923,0.3159327803466923
5606.4,0.6106821022036373,499.96452295267693,0.315927949345967,0.315927949345967
5625.599999999999,0.6093493811681246,499.9632621307553,0.3159229680258831,0.3159229680258831
5644.8,0.6080166817969725,499.96196226912843,0.315917832465724,0.315917832465724
5664.0,0.6066840047577166,499.9606223553462,0.3159125386654499,0.3159125386654499
5683.2,0.6053513507351058,499.95924135662915,0.31590708254470273,0.31590708254470273
5702.4,0.6040187204314456,499.9578182196165,0.31590145994181035,0.31590145994181035
5721.599999999999,0.6026861145669434,499.95635187011686,0.3158956666128021,0.3158956666128021
5740.8,0.6013535338800624,499.9548412128567,0.3158896982304153,0.3158896982304153
5760.0,0.6000209791278751,499.9532851312325,0.3158835503831151,0.3158835503831151
5779.2,0.5986884510864241,499.9516824870618,0.3158772185741118,0.3158772185741118
5798.4,0.597355950551085,499.95003212033583,0.3158706982203829,0.3158706982203829
5817.599999999999,0.5960234783369354,499.9483328489741,0.3158639846517042,0.3158639846517042
5836.8,0.5946910352791255,499.94658346857875,0.3158570731096789,0.3158570731096789
5856.0,0.5933586222332555,499.94478275219154,0.31584995874677696,0.31584995874677696
5875.2,0.5920262400757548,499.94292945005134,0.315842636625378,0.315842636625378
5894.4,0.5906938897042654,499.9410222893538,0.31583510171682094,0.31583510171682094
5913.599999999999,0.5893615720380317,499.9390599740123,0.31582734890046055,0.31582734890046055
5932.8,0.5880292880182912,499.9370411844204,0.31581937296272744,0.31581937296272744
5952.0,0.5866970386086708,499.9349645772175,0.3158111685962035,0.3158111685962035
5971.2,0.5853648247955866,499.9328287850542,0.31580273039869455,0.31580273039869455
5990.4,0.584032647588647,499.9306324163621,0.31579405287232054,0.31579405287232054
6009.599999999999,0.5827005080210614,499.9283740551244,0.3157851304226096,0.3157851304226096
6028.8,0.5813684071500506,499.92605226064876,0.3157759573576002,0.3157759573576002
6048.0,0.5800363460572615,499.92366556734413,0.3157665278869599,0.3157665278869599
6067.2,0.5787043258491864,499.92121248449786,0.3157568361211045,0.3157568361211045
6086.4,0.5773723476575854,499.91869149605697,0.31574687607033386,0.31574687607033386
6105.599999999999,0.5760404126399117,499.91610106041253,0.3157366416439803,0.3157366416439803
6124.8,0.5747085219797418,499.91343961018515,0.31572612664956057,0.31572612664956057
6144.0,0.5733766768872081,499.9107055520157,0.31571532479194964,0.31571532479194964
6163.2,0.5720448785994354,499.9078972663573,0.31570422967255807,0.31570422967255807
6182.4,0.5707131283809808,499.9050131072718,0.31569283478852944,0.31569283478852944
6201.599999999999,0.569381427524277,499.902051402229,0.31568113353194466,0.31568113353194466
6220.8,0.5680497773500784,499.8990104519095,0.3156691191890456,0.3156691191890456
6240.0,0.5667181792079115,499.8958885300115,0.3156567849394707,0.3156567849394707
6259.2,0.5653866344765269,499.89268388306033,0.3156441238555014,0.3156441238555014
6278.4,0.5640551445643565,499.88939473022344,0.3156311289013333,0.3156311289013333
6297.599999999999,0.5627237109099709,499.88601926312765,0.31561779293235254,0.31561779293235254
6316.8,0.5613923349825428,499.8825556456819,0.3156041086944362,0.3156041086944362
6336.0,0.5600610182823108,499.8790020139029,0.31559006882326307,0.31559006882326307
6355.2,0.5587297623410483,499.87535647574623,0.315575665843647,0.315575665843647
6374.4,0.5573985687225326,499.87161711094177,0.3155608921688859,0.3155608921688859
6393.599999999999,0.5560674390230186,499.8677819708323,0.31554574010012465,0.31554574010012465
6412.8,0.5547363748717148,499.86384907821895,0.3155302018257443,0.3155302018257443
6432.0,0.5534053779312612,499.85981642720947,0.31551426942076255,0.31551426942076255
6451.2,0.55207444989821,499.8556819830728,0.3154979348462595,0.3154979348462595
6470.4,0.5507435925035081,499.85144368209825,0.31548118994882035,0.31548118994882035
6489.599999999999,0.5494128075129837,499.84709943145884,0.3154640264599971,0.3154640264599971
6508.8,0.5480820967278321,499.8426471090819,0.31544643599579575,0.31544643599579575
6528.0,0.5467514619851067,499.8380845635232,0.31542841005617983,0.31542841005617983
6547.2,0.5454209051582092,499.8334096138477,0.31540994002459927,0.31540994002459927
6566.4,0.5440904281573838,499.8286200495152,0.3153910171675377,0.3153910171675377
6585.599999999999,0.5427600329302127,499.82371363027227,0.3153716326340869,0.3153716326340869
6604.8,0.5414297214621118,499.8186880860497,0.31535177745554066,0.31535177745554066
6624.0,0.5400994957768307,499.81354111686585,0.3153314425450134,0.3153314425450134
6643.2,0.5387693579369515,499.8082703927364,0.31531061869708316,0.31531061869708316
6662.4,0.5374393100443917,499.80287355359,0.31528929658745863,0.31528929658745863
6681.599999999999,0.536109354240905,499.79734820918986,0.31526746677266937,0.31526746677266937
6700.8,0.5347794927085873,499.79169193906296,0.31524511968978614,0.31524511968978614
6720.0,0.5334497276703799,499.78590229243343,0.3152222456561577,0.3152222456561577
6739.2,0.5321200613905771,499.77997678816587,0.3151988348691866,0.3151988348691866
6758.4,0.5307904961753317,499.773912914712,0.31517487740611877,0.31517487740611877
6777.599999999999,0.5294610343731638,499.7677081300658,0.315150363223866,0.315150363223866
6796.8,0.5281316783754683,499.76135986172613,0.3151252821588588,0.3151252821588588
6816.0,0.5268024306170238,499.7548655066647,0.31509962392691904,0.31509962392691904
6835.2,0.525473293576502,499.74822243130245,0.3150733781231669,0.3150733781231669
6854.4,0.5241442697769769,499.74142797149216,0.31504653422195267,0.31504653422195267
6873.599999999999,0.5228153617864351,499.7344794325099,0.31501908157682257,0.31501908157682257
6892.8,0.5214865722182841,499.72737408905147,0.3149910094205046,0.3149910094205046
6912.0,0.5201579037318634,499.7201091852385,0.3149623068649329,0.3149623068649329
6931.2,0.5188293590329528,499.7126819346312,0.3149329629012973,0.3149329629012973
6950.4,0.5175009408742819,499.7050895202485,0.31490296640012494,0.31490296640012494
6969.599999999999,0.5161726520560387,499.6973290945965,0.3148723061113899,0.3148723061113899
6988.8,0.5148444954263769,499.6893977797044,0.31484097066465727,0.31484097066465727
7008.0,0.5135164738819241,499.6812926671683,0.31480894856925545,0.31480894856925545
7027.2,0.5121885903682872,499.6730108182037,0.31477622821448353,0.31477622821448353
7046.4,0.5108608478805587,499.6645492637043,0.3147427978698437,0.3147427978698437
7065.599999999999,0.5095332494638203,499.6559050043112,0.3147086456853143,0.3147086456853143
7084.8,0.5082057982136452,499.6470750104887,0.31467375969165035,0.31467375969165035
7104.0,0.5068784972766017,499.6380562226089,0.3146381278007161,0.3146381278007161
7123.2,0.5055513498507508,499.62884555104444,0.31460173780585327,0.31460173780585327
7142.4,0.5042243591861463,499.61943987627046,0.3145645773822825,0.3145645773822825
7161.599999999999,0.50289752858533,499.6098360489737,0.3145266340875349,0.3145266340875349
7180.8,0.501570861403827,499.60003089017107,0.31448789536192084,0.31448789536192084
7200.0,0.5002443610506377,499.5900211913369,0.314448348529032,0.314448348529032
7219.2,0.49891803098872883,499.5798037145382,0.31440798079627597,0.31440798079627597
7238.4,0.49759187473551886,499.5693751925791,0.31436677925544787,0.31436677925544787
7257.599999999999,0.4962658958633663,499.55873232915354,0.3143247308833316,0.3143247308833316
7276.8,0.49494009800004934,499.547871799008,0.31428182254234505,0.31428182254234505
7296.0,0.49361448482924747,499.53679024811146,0.3142380409812095,0.3142380409812095
7315.2,0.49228906009101686,499.5254842938355,0.3141933728356631,0.3141933728356631
7334.4,0.49096382758226426,499.51395052514255,0.31414780462920294,0.31414780462920294
7353.599999999999,0.48963879115721787,499.5021855027834,0.31410132277386643,0.31410132277386643
7372.799999999999,0.48831395472789274,499.4901857595043,0.3140539135710493,0.3140539135710493
7392.0,0.486989322264555,499.477947800262,0.3140055632123546,0.3140055632123546
7411.2,0.4856648977961807,499.46546810244865,0.31395625778048264,0.31395625778048264
7430.4,0.4843406854109118,499.45274311612593,0.31390598325015406,0.31390598325015406
7449.599999999999,0.4830166892565074,499.43976926426706,0.31385472548906773,0.31385472548906773
7468.799999999999,0.4816929135407904,499.42654294301,0.3138024702589002,0.3138024702589002
7488.0,0.48036936253209156,499.4130605219179,0.31374920321633465,0.31374920321633465
7507.2,0.47904604055968747,499.39931834424976,0.31369490991413096,0.31369490991413096
7526.4,0.47772295201423337,499.3853127272401,0.3136395758022298,0.3136395758022298
7545.599999999999,0.47640010134819344,499.3710399623876,0.31358318622889353,0.31358318622889353
7564.799999999999,0.4750774930762641,499.3564963157535,0.31352572644188453,0.31352572644188453
7584.0,0.47375513177579287,499.3416780282681,0.3134671815896775,0.3134671815896775
7603.2,0.4724330220871919,499.326581316048,0.31340753672271093,0.31340753672271093
7622.4,0.47111116871434655,499.3112023707214,0.31334677679467354,0.31334677679467354
7641.599999999999,0.46978957642501706,499.2955373597626,0.31328488666382615,0.31328488666382615
7660.799999999999,0.46846825005123643,499.2795824268365,0.31322185109436146,0.31322185109436146
7680.0,0.4671471944897005,499.26333369215195,0.3131576547578011,0.3131576547578011
7699.2,0.46582641470215336,499.24678725282325,0.31309228223442365,0.31309228223442365
7718.4,0.4645059157157659,499.2299391832429,0.31302571801473694,0.31302571801473694
7737.599999999999,0.46318570262350817,499.21278553546114,0.31295794650097825,0.31295794650097825
7756.799999999999,0.4618657805845152,499.1953223395759,0.31288895200865435,0.31288895200865435
7776.0,0.46054615482444616,499.1775456041324,0.3128187187681201,0.3128187187681201
7795.2,0.45922683063583725,499.1594513165295,0.312747230926185,0.312747230926185
7814.4,0.4579078133784467,499.1410354434381,0.31267447254776487,0.31267447254776487
7833.599999999999,0.4565891084795929,499.1222939312256,0.3126004276175595,0.3126004276175595
7852.799999999999,0.45527072143448627,499.10322270639136,0.3125250800417731,0.3125250800417731
7872.0,0.45395265780655275,499.0838176760099,0.31244841364986536,0.31244841364986536
7891.2,0.4526349232277495,499.0640747281834,0.31237041219633876,0.31237041219633876
7910.4,0.4513175233988744,499.04398973250284,0.3122910593625609,0.3122910593625609
7929.599999999999,0.45000046408986566,499.02355854051757,0.31221033875861987,0.31221033875861987
7948.799999999999,0.4486837511400954,499.0027769862143,0.31212823392521594,0.31212823392521594
7968.0,0.4473673904586537,498.98164088650384,0.3120447283355853,0.3120447283355853
7987.2,0.44605138802462485,498.9601460417172,0.31195980539745977,0.31195980539745977
8006.4,0.4447357498873563,498.93828823610875,0.3118734484550545,0.3118734484550545
8025.599999999999,0.44342048216671676,498.9160632383696,0.31178564079109694,0.31178564079109694
8044.799999999999,0.4421055910533476,498.8934668021482,0.31169636562888325,0.31169636562888325
8064.0,0.44079108280890456,498.870494666579,0.3116056061343663,0.3116056061343663
8083.2,0.43947696376629075,498.8471425568205,0.31151334541828246,0.31151334541828246
8102.4,0.4381632403298806,498.82340618459943,0.31141956653830155,0.31141956653830155
8121.599999999999,0.43684991897573433,498.79928124876477,0.3113242525012147,0.3113242525012147
8140.799999999999,0.4355370062518036,498.77476343584874,0.3112273862651515,0.3112273862651515
8160.0,0.4342245087781262,498.7498484206361,0.3111289507418294,0.3111289507418294
8179.2,0.4329124332470138,498.72453186674,0.311028928798828,0.311028928798828
8198.4,0.4316007864232272,498.69880942718726,0.3109273032619023,0.3109273032619023
8217.6,0.4302895751441436,498.6726767450096,0.31082405691731796,0.31082405691731796
8236.8,0.4289788063199127,498.6461294538432,0.31071917251422004,0.31071917251422004
8256.0,0.42766848693360376,498.61916317853485,0.3106126327670287,0.3106126327670287
8275.199999999999,0.426358624041341,498.59177353575615,0.31050442035786424,0.31050442035786424
8294.4,0.42504922477243046,498.563956134624,0.3103945179390001,0.3103945179390001
8313.6,0.4237402963294749,498.53570657732826,0.3102829081353419,0.3102829081353419
8332.8,0.4224318459884787,498.50702045976686,0.3101695735469366,0.3101695735469366
8352.0,0.42112388109894217,498.4778933721866,0.3100544967515044,0.3100544967515044
8371.199999999999,0.4198164090839448,498.4483208998312,0.30993766030699926,0.30993766030699926
8390.4,0.41850943744021807,498.41829862359594,0.3098190467541953,0.3098190467541953
8409.6,0.4172029737382066,498.38782212068793,0.3096986386192945,0.3096986386192945
8428.8,0.4158970256221181,498.35688696529354,0.3095764184165649,0.3095764184165649
8448.0,0.414591600809964,498.3254887292512,0.30945236865099823,0.30945236865099823
8467.199999999999,0.4132867070935851,498.29362298272997,0.3093264718209903,0.3093264718209903
8486.4,0.41198235233866976,498.2612852949148,0.30919871042104946,0.30919871042104946
8505.6,0.41067854448475805,498.2284712346969,0.3090690669445231,0.3090690669445231
8524.8,0.40937529154523505,498.19517637136886,0.30893752388634454,0.30893752388634454
8544.0,0.40807260160731296,498.1613962753269,0.30880406374580754,0.30880406374580754
8563.199999999999,0.40677048283199996,498.12712651877683,0.30866866902935486,0.30866866902935486
8582.4,0.4054689434540591,498.0923626764453,0.3085313222533892,0.3085313222533892
8601.6,0.40416799178195406,498.05710032629673,0.30839200594710475,0.30839200594710475
8620.8,0.40286763619778304,498.02133505025427,0.3082507026553366,0.3082507026553366
8640.0,0.40156788515720093,497.9850624349251,0.3081073949414253,0.3081073949414253
8659.199999999999,0.40026874718932864,497.94827807233156,0.30796206539010595,0.30796206539010595
8678.4,0.39897023089665107,497.9109775606444,0.3078146966104054,0.3078146966104054
8697.6,0.39767234495490233,497.8731565049224,0.3076652712385636,0.3076652712385636
8716.8,0.39637509811293803,497.83481051785395,0.3075137719409644,0.3075137719409644
8736.0,0.3950784991925962,497.795935220504,0.3073601814170861,0.3073601814170861
8755.199999999999,0.3937825570885451,497.7565262430634,0.3072044824024617,0.3072044824024617
8774.4,0.39248728076811834,497.71657922560206,0.3070466576716556,0.3070466576716556
8793.6,0.39119267927113777,497.6760898188261,0.3068866900412536,0.3068866900412536
8812.8,0.38989876170972376,497.63505368483675,0.30672456237286233,0.30672456237286233
8832.0,0.38860553726809205,497.59346649789296,0.3065602575761215,0.3065602575761215
8851.199999999999,0.387313015202339,497.55132394517705,0.3063937586117292,0.3063937586117292
8870.4,0.3860212048402129,497.5086217275618,0.3062250484944726,0.3062250484944726
8889.6,0.38473011558087317,497.4653555603808,0.3060541102962713,0.3060541102962713
8908.8,0.38343975689463633,497.4215211742008,0.305880927149229,0.305880927149229
8928.0,0.3821501383227096,497.37711431559586,0.3057054822486916,0.3057054822486916
8947.199999999999,0.3808612694769107,497.33213074792354,0.30552775885631434,0.30552775885631434
8966.4,0.3795731600393756,497.28656625210243,0.3053477403031334,0.3053477403031334
8985.6,0.37828581976225234,497.240416627391,0.30516540999264324,0.30516540999264324
9004.8,0.37699925846738264,497.193677692169,0.30498075140388314,0.30498075140388314
9024.0,0.37571348604597066,497.14634528471737,0.3047937480945199,0.3047937480945199
9043.199999999999,0.37442851245823716,497.0984152640018,0.30460438370394216,0.30460438370394216
9062.4,0.3731443477330628,497.04988351045523,0.3044126419563523,0.3044126419563523
9081.6,0.3718610019676167,497.00074592676094,0.3042185066638609,0.3042185066638609
9100.8,0.3705784853269727,496.9509984386369,0.3040219617295849,0.3040219617295849
9120.0,0.36929680804371223,496.90063699561944,0.30382299115074435,0.30382299115074435
9139.199999999999,0.36801598041751465,496.8496575718467,0.303621579021757,0.303621579021757
9158.4,0.36673601281473395,496.7980561668424,0.3034177095373354,0.3034177095373354
9177.6,0.36545691566796223,496.7458288062989,0.30321136699558066,0.30321136699558066
9196.8,0.36417869947558107,496.69297154285886,0.3030025358010704,0.3030025358010704
9216.0,0.36290137480129947,496.63948045689773,0.3027912004679503,0.3027912004679503
9235.199999999999,0.36162495227367747,496.58535165730314,0.3025773456230137,0.3025773456230137
9254.4,0.36034944258563983,496.5305812822544,0.30236095600878066,0.30236095600878066
9273.6,0.35907485649397314,496.47516550000034,0.3021420164865717,0.3021420164865717
9292.8,0.3578012048188125,496.4191005096349,0.3019205120395717,0.3019205120395717
9312.0,0.35652849844311435,496.3623825418716,0.3016964277758898,0.3016964277758898
9331.199999999999,0.3552567483121173,496.30500785981553,0.3014697489316092,0.3014697489316092
9350.4,0.3539859654327884,496.2469727597329,0.30124046087382833,0.30124046087382833
9369.6,0.3527161608732579,496.1882735718189,0.30100854910369357,0.30100854910369357
9388.8,0.3514473457622419,496.12890666096257,0.3007739992594214,0.3007739992594214
9408.0,0.35017953128845,496.06886842750794,0.30053679711930603,0.30053679711930603
9427.199999999999,0.34891272869998285,496.0081553080142,0.30029692860472224,0.30029692860472224
9446.4,0.3476469493037159,495.9467637760103,0.30005437978310706,0.30005437978310706
9465.6,0.34638220446467005,495.8846903427477,0.2998091368709332,0.2998091368709332
9484.8,0.34511850560537083,495.82193155795,0.299561186236671,0.299561186236671
9504.0,0.34385586420519476,495.7584840105559,0.29931051440372436,0.29931051440372436
9523.199999999999,0.34259429179970363,495.694344329462,0.29905710805336466,0.29905710805336466
9542.4,0.34133379997996594,495.6295091842588,0.2988009540276384,0.2988009540276384
9561.6,0.3400744003918664,495.5639752859631,0.29854203933226225,0.29854203933226225
9580.8,0.3388161047354038,495.4977393877461,0.29828035113949736,0.29828035113949736
9600.0,0.33755892476397614,495.4307982856563,0.29801587679100777,0.29801587679100777
9619.199999999999,0.33630287228365385,495.3631488193383,0.29774860380069873,0.29774860380069873
9638.4,0.33504795915244123,495.2947878727449,0.2974785198575308,0.2974785198575308
9657.6,0.3337941972795271,495.225712374846,0.29720561282832036,0.29720561282832036
9676.8,0.3325415986245216,495.15591930033025,0.2969298707605116,0.2969298707605116
9696.0,0.3312901751966831,495.0854056703022,0.29665128188493123,0.29665128188493123
9715.199999999999,0.3300399390541336,495.01416855297254,0.2963698346185154,0.2963698346185154
9734.4,0.328790902303061,494.942205064344,0.29608551756701945,0.29608551756701945
9753.6,0.32754307709691277,494.86951236888893,0.29579831952769453,0.29579831952769453
9772.8,0.32629647563557557,494.79608768022206,0.29550822949194683,0.29550822949194683
9792.0,0.3250511101645461,494.7219282617664,0.295215236647967,0.295215236647967
9811.199999999999,0.32380699297408905,494.6470314274119,0.2949193303833336,0.2949193303833336
9830.4,0.3225641363983861,494.57139454216804,0.29462050028759046,0.29462050028759046
9849.6,0.32132255281467254,494.49501502280907,0.2943187361547963,0.2943187361547963
9868.8,0.32008225464236406,494.4178903385106,0.29401402798604004,0.29401402798604004
9888.0,0.3188432543421725,494.34001801148196,0.29370636599193917,0.29370636599193917
9907.199999999999,0.3176055644152125,494.2613956175878,0.2933957405950948,0.2933957405950948
9926.4,0.31636919740209635,494.1820207869644,0.29308214243252745,0.29308214243252745
9945.6,0.3151341658820192,494.10189120462564,0.29276556235807094,0.29276556235807094
9964.8,0.3139004824718348,494.02100461106386,0.29244599144474626,0.29244599144474626
9984.0,0.31266815982512064,493.93935880283976,0.29212342098709226,0.29212342098709226
10003.199999999999,0.3114372106312344,493.85695163316666,0.2917978425034735,0.2917978425034735
10022.4,0.3102076476143596,493.77378101248314,0.2914692477383434,0.2914692477383434
10041.6,0.30897948353254256,493.68984490902017,0.2911376286644843,0.2911376286644843
10060.8,0.30775273117671975,493.6051413493578,0.2908029774852073,0.2908029774852073
10080.0,0.30652740336973683,493.5196684189722,0.29046528663651305,0.29046528663651305
10099.199999999999,0.30530351296535707,493.43342426277616,0.2901245487892279,0.2901245487892279
10118.4,0.30408107284726293,493.3464070856475,0.28978075685109056,0.28978075685109056
10137.6,0.3028600959280469,493.2586151529504,0.28943390396881274,0.28943390396881274
10156.8,0.30164059514819597,493.17004679104576,0.2890839835300948,0.2890839835300948
10176.0,0.300422583475066,493.0807003877929,0.28873098916560863,0.28873098916560863
10195.199999999999,0.29920607390184845,492.99057439304124,0.2883749147509397,0.2883749147509397
10214.4,0.29799107944652986,492.8996673191115,0.288015754408488,0.288015754408488
10233.6,0.296777613150842,492.8079777412681,0.28765350250933513,0.28765350250933513
10252.8,0.2955656880792055,492.7155042981805,0.2872881536750664,0.2872881536750664
10272.0,0.2943553173176659,492.6222456923749,0.28691970277955536,0.28691970277955536
10291.199999999999,0.2931465139728212,492.52820069067485,0.28654814495070513,0.28654814495070513
10310.4,0.29193929117074396,492.4333681246324,0.28617347557215167,0.28617347557215167
10329.6,0.2907336620558947,492.337746890948,0.2857956902849221,0.2857956902849221
10348.8,0.2895296397900299,492.24133595187993,0.28541478498905337,0.28541478498905337
10368.0,0.2883272375511024,492.1441343356432,0.28503075584516707,0.28503075584516707
10387.199999999999,0.2871264685321558,492.0461411367966,0.28464359927599997,0.28464359927599997
10406.4,0.285927345940212,491.94735551662063,0.2842533119678954,0.2842533119678954
10425.6,0.2847298829951539,491.8477767034828,0.2838598908722482,0.2838598908722482
10444.8,0.2835340929286007,491.7474039931912,0.283463333206901,0.283463333206901
10464.0,0.2823399889827781,491.6462367493399,0.28306363645750826,0.28306363645750826
10483.199999999999,0.28114758440938414,491.5442744036391,0.2826607983788416,0.2826607983788416
10502.4,0.2799568924684468,491.44151645623697,0.2822548169960605,0.2822548169960605
10521.6,0.2787679264271797,491.33796247602805,0.2818456906059315,0.2818456906059315
10540.8,0.2775806995588303,491.23361210095123,0.2814334177780049,0.2814334177780049
10560.0,0.27639522514152565,491.1284650382756,0.28101799735574423,0.28101799735574423
10579.199999999999,0.27521151645711095,491.0225210648741,0.2805994284576081,0.2805994284576081
10598.4,0.274029586789986,490.915780027487,0.28017771047808954,0.28017771047808954
10617.6,0.2728494494259365,490.80824184297154,0.27975284308870396,0.27975284308870396
10636.8,0.2716711176509608,490.6999064985409,0.27932482623893273,0.27932482623893273
10656.0,0.2704946047500941,490.59077405199093,0.2788936601571187,0.2788936601571187
10675.199999999999,0.2693199240062288,490.48084463191486,0.2784593453513144,0.2784593453513144
10694.4,0.2681470886989303,490.3701184379057,0.2780218826100823,0.2780218826100823
10713.6,0.26697611210325095,490.2585957407471,0.2775812730032483,0.2775812730032483
10732.8,0.265807007488541,490.14627688259117,0.2771375178826045,0.2771375178826045
10752.0,0.2646397881172555,490.03316227712537,0.27669061888256874,0.27669061888256874
10771.199999999999,0.26347446724376,489.9192524097253,0.27624057792078777,0.27624057792078777
10790.4,0.2623110581131332,489.8045478375973,0.27578739719870116,0.27578739719870116
10809.6,0.2611495739599682,489.689049189907,0.27533107920204886,0.27533107920204886
10828.8,0.25999002800716975,489.5727571678969,0.2748716267013356,0.2748716267013356
10848.0,0.2588324334647531,489.45567254499053,0.27440904275224304,0.27440904275224304
10867.199999999999,0.2576768035286383,489.3377961668846,0.27394333069599297,0.27394333069599297
10886.4,0.25652315137944454,489.2191289516291,0.27347449415966496,0.27347449415966496
10905.6,0.25537149018128286,489.0996718896943,0.27300253705645955,0.27300253705645955
10924.8,0.25422183308054896,488.97942604402607,0.2725274635859178,0.2725274635859178
10944.0,0.253074193204714,488.8583925500878,0.27204927823408703,0.27204927823408703
10963.199999999999,0.25192858366111576,488.73657261589113,0.27156798577364205,0.27156798577364205
10982.4,0.25078501753574883,488.613967522013,0.27108359126395165,0.27108359126395165
11001.6,0.24964350789205536,488.4905786216006,0.2705961000510995,0.2705961000510995
11020.8,0.2485040677697158,488.36640734036496,0.27010551776785807,0.27010551776785807
11040.0,0.24736671018343984,488.24145517655995,0.26961185033360574,0.26961185033360574
11059.199999999999,0.24623144812175718,488.115723700951,0.2691151039542033,0.2691151039542033
11078.4,0.24509829454581097,487.98921455677,0.268615285121816,0.268615285121816
11097.6,0.24396726238814997,487.86192945965837,0.2681124006146881,0.2681124006146881
11116.8,0.24283836455152324,487.73387019759775,0.26760645749686934,0.26760645749686934
11136.0,0.241711613907676,487.60503863082795,0.26709746311789073,0.26709746311789073
11155.199999999999,0.24058702329614678,487.4754366917531,0.2665854251123941,0.2665854251123941
11174.4,0.23946460552306606,487.3450663848347,0.26607035139970897,0.26607035139970897
11193.6,0.238344373359958,487.21392978647367,0.2655522501833868,0.2655522501833868
11212.8,0.23722633954254327,487.0820290448789,0.2650311299506816,0.2650311299506816
11232.0,0.23611051676954445,486.9493663799238,0.26450699947198375,0.26450699947198375
11251.199999999999,0.2349969177014945,486.8159440829914,0.26397986780020694,0.26397986780020694
11270.4,0.2338855549595476,486.681764516807,0.2634497442701278,0.2634497442701278
11289.6,0.23277644112429335,486.54683011525816,0.2629166384976745,0.2629166384976745
11308.8,0.2316695887345732,486.41114338320324,0.2623805603791702,0.2623805603791702
11328.0,0.23056501028630197,486.2747068962681,0.2618415200905301,0.2618415200905301
11347.199999999999,0.22946271823129138,486.1375233006305,0.2612995280864091,0.2612995280864091
11366.4,0.22836272497607807,485.9995953127928,0.26075459509930465,0.26075459509930465
11385.6,0.22726504288075564,485.86092571934233,0.2602067321386093,0.2602067321386093
11404.8,0.22616968425781056,485.72151737670146,0.25965595048962337,0.25965595048962337
11424.0,0.22507666137096272,485.5813732108641,0.2591022617125141,0.2591022617125141
11443.199999999999,0.2239859864340107,485.4404962171224,0.25854567764123565,0.25854567764123565
11462.4,0.22289767160968094,485.29888945978036,0.25798621038239783,0.25798621038239783
11481.6,0.2218117290084832,485.1565560718572,0.25742387231409425,0.25742387231409425
11500.8,0.22072817068757014,485.0134992547784,0.25685867608468127,0.25685867608468127
11520.0,0.2196470086496025,484.8697222780564,0.2562906346115164,0.2562906346115164
11539.199999999999,0.2185682548416198,484.72522847895885,0.25571976107964906,0.25571976107964906
11558.4,0.2174919211539169,484.5800212621674,0.25514606894046993,0.25514606894046993
11577.6,0.21641801941892638,484.4341040994237,0.2545695719103146,0.2545695719103146
11596.8,0.21534656141010688,484.2874805291654,0.25399028396902473,0.25399028396902473
11616.0,0.21427755884083763,484.1401541561513,0.2534082193584666,0.2534082193584666
11635.199999999999,0.21321102336331954,483.9921286510758,0.2528233925810082,0.2528233925810082
11654.4,0.2121469665674832,483.8434077501716,0.25223581839795006,0.25223581839795006
11673.6,0.21108539997990305,483.6939952548034,0.25164551182791933,0.25164551182791933
11692.8,0.21002633506271884,483.54389503105006,0.25105248814521913,0.25105248814521913
11712.0,0.20896978321256404,483.3931110092771,0.25045676287813967,0.25045676287813967
11731.199999999999,0.20791575575950222,483.24164718369786,0.24985835180722432,0.24985835180722432
11750.4,0.20686426396597007,483.0895076119261,0.2492572709635022,0.2492572709635022
11769.6,0.20581531902572803,482.93669641451646,0.2486535366266727,0.2486535366266727
11788.8,0.20476893206281976,482.78321777449787,0.24804716532326135,0.24804716532326135
11808.0,0.20372511413053815,482.6290759368935,0.24743817382472413,0.24743817382472413
11827.199999999999,0.20268387621040088,482.474275208235,0.24682657914552755,0.24682657914552755
11846.4,0.20164522921113298,482.3188199560634,0.24621239854117766,0.24621239854117766
11865.6,0.20060918396765912,482.16271460842336,0.24559564950622065,0.24559564950622065
11884.8,0.19957575124010318,482.0059636533469,0.24497634977220442,0.24497634977220442
11904.0,0.19854494171279763,481.84857163832737,0.24435451730559948,0.24435451730559948
11923.199999999999,0.19751676599330115,481.6905431697857,0.2437301703056906,0.2437301703056906
11942.4,0.19649123461142556,481.5318829125269,0.24310332720242908,0.24310332720242908
11961.6,0.19546835801827228,481.37259558918737,0.24247400665424995,0.24247400665424995
11980.8,0.19444814658527765,481.21268597967423,0.24184222754585585,0.24184222754585585
12000.0,0.19343061060326766,481.05215892059636,0.24120800898596995,0.24120800898596995
12019.199999999999,0.1924157602815228,480.8910193046852,0.24057137030504713,0.24057137030504713
12038.4,0.19140360574685253,480.72927208020957,0.2399323310529625,0.2399323310529625
12057.6,0.19039415704267945,480.5669222503811,0.2392909109966616,0.2392909109966616
12076.8,0.18938742412813345,480.40397487275123,0.23864713011777902,0.23864713011777902
12096.0,0.18838341687715665,480.2404350586018,0.23800100861022966,0.23800100861022966
12115.199999999999,0.18738214507761772,480.07630797232594,0.2373525668777635,0.2373525668777635
12134.4,0.18638361843043758,479.9115988308035,0.23670182553149774,0.23670182553149774
12153.6,0.18538784654872467,479.74631290276716,0.23604880538741255,0.23604880538741255
12172.8,0.18439483895692185,479.5804555081628,0.23539352746382347,0.23539352746382347
12192.0,0.18340460508996329,479.4140320175007,0.23473601297881874,0.23473601297881874
12211.199999999999,0.1824171542924432,479.2470478512026,0.23407628334767935,0.23407628334767935
12230.4,0.1814324958177941,479.0795084789387,0.23341436018025966,0.23341436018025966
12249.6,0.18045063882747803,478.91141941896075,0.23275026527835233,0.23275026527835233
12268.8,0.1794715923901874,478.7427862374264,0.2320840206330193,0.2320840206330193
12288.0,0.17849536548105863,478.57361454771853,0.23141564842190226,0.23141564842190226
12307.199999999999,0.17752196698089598,478.40391000975796,0.23074517100650752,0.23074517100650752
12326.4,0.1765514056754074,478.23367832930956,0.23007261092946418,0.23007261092946418
12345.6,0.17558369025445253,478.0629252572829,0.22939799091176183,0.22939799091176183
12364.8,0.17461882931130196,477.89165658902715,0.2287213338499635,0.2287213338499635
12384.0,0.1736568313419081,477.71987816362036,0.2280426628133994,0.2280426628133994
12403.199999999999,0.17269770474418877,477.5475958631521,0.2273620010413313,0.2273620010413313
12422.4,0.171741457817322,477.37481561200303,0.2266793719401072,0.2266793719401072
12441.6,0.1707880987610533,477.2015433761172,0.22599479908028527,0.22599479908028527
12460.8,0.16983763567501536,477.0277851622701,0.22530830619374345,0.22530830619374345
12480.0,0.1688900765580598,476.85354701733223,0.22461991717076832,0.22461991717076832
12499.199999999999,0.1679454293076009,476.67883502752744,0.22392965605712611,0.22392965605712611
12518.4,0.16700370171897264,476.503655317687,0.2232375470511152,0.2232375470511152
12537.6,0.16606490148479758,476.32801405049906,0.2225436145006009,0.2225436145006009
12556.8,0.16512903619436822,476.151917425754,0.22184788290003374,0.22184788290003374
12576.0,0.16419611333304174,475.97537167958586,0.2211503768874529,0.2211503768874529
12595.199999999999,0.16326614028164646,475.79838308370967,0.22045112124147248,0.22045112124147248
12614.4,0.16233912431590208,475.6209579446552,0.21975014087825467,0.21975014087825467
12633.6,0.1614150726058521,475.44310260299693,0.21904746084846732,0.21904746084846732
12652.8,0.1604939922153089,475.2648234325807,0.21834310633422827,0.21834310633422827
12672.0,0.1595758901013131,475.0861268397473,0.21763710264603786,0.21763710264603786
12691.199999999999,0.15866077311360371,474.9070192625523,0.21692947521969747,0.21692947521969747
12710.4,0.15774864799410387,474.72750716998405,0.21622024961321878,0.21622024961321878
12729.6,0.15683952137641757,474.54759706117795,0.2155094515037202,0.2155094515037202
12748.8,0.15593339978534035,474.36729546462766,0.2147971066843101,0.2147971066843101
12768.0,0.15503028963638366,474.1866089373961,0.21408324106097,0.21408324106097
12787.199999999999,0.15413019723531157,474.00554406432144,0.21336788064941697,0.21336788064941697
12806.4,0.15323312877769107,473.82410745722257,0.2126510515719652,0.2126510515719652
12825.6,0.15233909034845589,473.64230575410215,0.21193278005437702,0.21193278005437702
12844.8,0.15144808792148332,473.46014561834767,0.2112130924227062,0.2112130924227062
12864.0,0.15056012735918436,473.2776337379313,0.21049201510013724,0.21049201510013724
12883.199999999999,0.14967521441210746,473.09477682460783,0.20976957460381612,0.20976957460381612
12902.4,0.14879335471855556,472.9115816131113,0.20904579754167632,0.20904579754167632
12921.6,0.14791455380421628,472.7280548603504,0.20832071060926025,0.20832071060926025
12940.8,0.1470388170818061,472.5442033446036,0.20759434058653886,0.20759434058653886
12960.0,0.14616614985072737,472.36003386471174,0.20686671433472237,0.20686671433472237
12979.199999999999,0.14529655729673943,472.1755532392718,0.20613785879307422,0.20613785879307422
12998.4,0.14443004449164218,471.9907683058288,0.20540780097571915,0.20540780097571915
13017.6,0.1435666163929742,471.8056859200677,0.20467656796844946,0.20467656796844946
13036.8,0.14270627784372406,471.620312955005,0.2039441869255325,0.2039441869255325
13056.0,0.14184903357205428,471.43465630018034,0.20321068506651568,0.20321068506651568
13075.199999999999,0.1409948881910401,471.2487228608479,0.20247608967303232,0.20247608967303232
13094.4,0.14014384619842057,471.06251955716874,0.20174042808561032,0.20174042808561032
13113.6,0.13929591197636387,470.8760533234017,0.2010037277004765,0.2010037277004765
13132.8,0.13845108979124557,470.6893311070972,0.20026601596636992,0.20026601596636992
13152.0,0.13760938379344073,470.50235986828943,0.19952732038135196,0.19952732038135196
13171.199999999999,0.13677079801712916,470.3151465786912,0.19878766848962393,0.19878766848962393
13190.4,0.13593533638011426,470.12769822088825,0.19804708787834452,0.19804708787834452
13209.6,0.13510300268365513,469.94002178753567,0.19730560617445522,0.19730560617445522
13228.8,0.13427380061231248,469.7521242805545,0.19656325104150563,0.19656325104150563
13248.0,0.13344773373380694,469.56401271033104,0.19582005017649062,0.19582005017649062
13267.199999999999,0.13262480549889152,469.37569409491664,0.19507603130668816,0.19507603130668816
13286.4,0.13180501924123755,469.1871754592292,0.19433122218650517,0.19433122218650517
13305.6,0.13098837817733316,468.9984638342568,0.1935856505943311,0.1935856505943311
13324.8,0.13017488540639535,468.80956625626345,0.1928393443293993,0.1928393443293993
13344.0,0.1293645439102953,468.62048976599607,0.19209233120865501,0.19209233120865501
13363.199999999999,0.12855735655349693,468.43124140789456,0.19134463906363364,0.19134463906363364
13382.4,0.12775332608300852,468.24182822930356,0.19059629573734668,0.19059629573734668
13401.6,0.126952455128347,468.0522572796872,0.1898473290811795,0.1898473290811795
13420.8,0.12615474620151615,467.8625356098459,0.1890977669517972,0.1890977669517972
13440.0,0.12536020169699721,467.6726702711364,0.18834763720806227,0.18834763720806227
13459.199999999999,0.12456882389175229,467.48266831469425,0.18759696770796397,0.18759696770796397
13478.4,0.12378061494524123,467.29253679065954,0.18684578630555812,0.18684578630555812
13497.6,0.12299557689945108,467.1022827474054,0.18609412084791976,0.18609412084791976
13516.8,0.12221371167893819,466.9119132307706,0.18534199917211097,0.18534199917211097
13536.0,0.12143502109088321,466.7214352832942,0.1845894491021574,0.1845894491021574
13555.199999999999,0.12065950682515893,466.53085594345487,0.18383649844604222,0.18383649844604222
13574.4,0.11988717045441033,466.3401822449125,0.18308317499271093,0.18308317499271093
13593.6,0.11911801343414764,466.14942121575575,0.18232950650909743,0.18232950650909743
13612.8,0.11835203710285173,465.9585798777506,0.1815755207371559,0.1815755207371559
13632.0,0.11758924268209182,465.76766524559514,0.18082124539091632,0.18082124539091632
13651.199999999999,0.11682963127665542,465.57668432617737,0.18006670815355208,0.18006670815355208
13670.4,0.11607320387469132,465.3856441178369,0.1793119366744631,0.1793119366744631
13689.6,0.11531996134786403,465.1945516096322,0.17855695856638115,0.17855695856638115
13708.8,0.11456990445152047,465.0034137806108,0.17780180140248608,0.17780180140248608
13728.0,0.11382303382486887,464.81223759908505,0.17704649271354456,0.17704649271354456
13747.199999999999,0.1130793499911702,464.62103002191196,0.17629105998506503,0.17629105998506503
13766.4,0.11233885335794054,464.429797993778,0.17553553065447183,0.17553553065447183
13785.6,0.11160154421716575,464.23854844648815,0.17477993210829684,0.17477993210829684
13804.8,0.11086742274552791,464.047288298261,0.17402429167939343,0.17402429167939343
13824.0,0.11013648900464405,463.8560244530279,0.17326863664416894,0.17326863664416894
13843.199999999999,0.10940874294131499,463.66476379973744,0.1725129942198356,0.1725129942198356
13862.4,0.1086841843877872,463.4735132116654,0.1717573915616848,0.1717573915616848
13881.6,0.10796281306202482,463.28227954572986,0.1710018557603809,0.1710018557603809
13900.8,0.10724462856799451,463.09106964181166,0.17024641383927713,0.17024641383927713
13920.0,0.10652963039595982,462.8998903220801,0.1694910927517508,0.1694910927517508
13939.199999999999,0.10581781792278769,462.70874839032507,0.16873591937856458,0.16873591937856458
13958.4,0.10510919041226609,462.51765063129386,0.16798092052524724,0.16798092052524724
13977.6,0.10440374701543206,462.3266038100344,0.16722612291949784,0.16722612291949784
13996.8,0.10370148677091129,462.1356146712437,0.1664715532086123,0.1664715532086123
14016.0,0.10300240860526753,461.94468993862324,0.1657172379569363,0.1657172379569363
14035.199999999999,0.10230651133336355,461.7538363142391,0.16496320364333683,0.16496320364333683
14054.4,0.1016137936587319,461.56306047788905,0.16420947665870267,0.16420947665870267
14073.6,0.10092425417395721,461.37236908647543,0.1634560833034658,0.1634560833034658
14092.8,0.10023789136106737,461.1817687733846,0.16270304978515013,0.16270304978515013
14112.0,0.09955470359193608,460.9912661478719,0.16195040221594165,0.16195040221594165
14131.199999999999,0.09887468912869517,460.80086779445406,0.1611981666102876,0.1611981666102876
14150.4,0.09819784612415661,460.61058027230735,0.1604463688825188,0.1604463688825188
14169.6,0.0975241726222454,460.42041011467194,0.15969503484449657,0.15969503484449657
14188.8,0.09685366655844087,460.23036382826393,0.15894419020328954,0.15894419020328954
14208.0,0.09618632576022927,460.04044789269295,0.1581938605588725,0.1581938605588725
14227.199999999999,0.09552214794756428,459.8506687598871,0.1574440714018549,0.1574440714018549
14246.4,0.09486113073333885,459.6610328535243,0.1566948481112336,0.1566948481112336
14265.6,0.09420327162386424,459.4715465684703,0.15594621595217306,0.15594621595217306
14284.8,0.09354856801936043,459.2822162702242,0.15519820007381477,0.15519820007381477
14304.0,0.09289701721445423,459.0930482943704,0.15445082550711128,0.15445082550711128
14323.199999999999,0.09224861639868684,458.9040489460377,0.1537041171626893,0.1537041171626893
14342.4,0.09160336265703066,458.715224499365,0.15295809982873992,0.15295809982873992
14361.6,0.09096125297041427,458.52658119697503,0.15221279816893787,0.15221279816893787
14380.8,0.09032228421625663,458.3381252494542,0.15146823672038723,0.15146823672038723
14400.0,0.08968645316900915,458.14986283484,0.15072443989159626,0.15072443989159626
14419.199999999999,0.08905375650070715,457.9618000981158,0.1499814319604813,0.1499814319604813
14438.4,0.08842419078152852,457.77394315071285,0.14923923707239906,0.14923923707239906
14457.6,0.08779775248036152,457.58629807001915,0.14849787923820676,0.14849787923820676
14476.8,0.0871744379653799,457.3988708988963,0.14775738233235258,0.14775738233235258
14496.0,0.08655424350462641,457.21166764520285,0.14701777009099323,0.14701777009099323
14515.199999999999,0.08593716526660417,457.02469428132633,0.14627906611014432,0.14627906611014432
14534.4,0.08532319932087544,456.83795674372124,0.14554129384385558,0.14554129384385558
14553.6,0.08471234163866771,456.6514609324557,0.14480447660241955,0.14480447660241955
14572.8,0.08410458809348816,456.46521271076483,0.14406863755060723,0.14406863755060723
14592.0,0.08349993446174449,456.27921790461187,0.14333379970593352,0.14333379970593352
14611.199999999999,0.0828983764233734,456.0934823022575,0.14259998593695644,0.14259998593695644
14630.4,0.0822999095624761,455.9080116538352,0.14186721896159926,0.14186721896159926
14649.6,0.08170452936796041,455.7228116709359,0.14113552134550883,0.14113552134550883
14668.8,0.08111223123419033,455.53788802619925,0.1404049155004416,0.1404049155004416
14688.0,0.08052301046164172,455.35324635291227,0.13967542368267777,0.13967542368267777
14707.199999999999,0.07993686225756469,455.168892244617,0.13894706799147077,0.13894706799147077
14726.4,0.07935378173665261,454.98483125472416,0.13821987036752145,0.13821987036752145
14745.599999999999,0.0787737639217169,454.8010688961355,0.1374938525914854,0.1374938525914854
14764.8,0.07819680374436884,454.6176106408738,0.13676903628251144,0.13676903628251144
14784.0,0.07762289604570675,454.4344619197201,0.13604544289680873,0.13604544289680873
14803.199999999999,0.07705203557700903,454.2516281218588,0.13532309372624424,0.13532309372624424
14822.4,0.07648421700043333,454.06911459453096,0.13460200989697274,0.13460200989697274
14841.599999999999,0.0759194348897217,453.8869266426945,0.1338822123680949,0.1338822123680949
14860.8,0.07535768373091005,453.70506952869283,0.13316372193034756,0.13316372193034756
14880.0,0.07479895792304452,453.52354847193055,0.13244655920482293,0.13244655920482293
14899.199999999999,0.07424325177890174,453.34236864855774,0.1317307446417208,0.1317307446417208
14918.4,0.07369055952571564,453.1615351911611,0.13101629851912872,0.13101629851912872
14937.599999999999,0.0731408753059078,452.981053188463,0.13030324094183293,0.13030324094183293
14956.8,0.0725941931778239,452.80092768502914,0.12959159184016247,0.12959159184016247
14976.0,0.07205050711647416,452.62116368098253,0.12888137096886093,0.12888137096886093
14995.199999999999,0.07150981101427856,452.441766131726,0.12817259790598845,0.12817259790598845
15014.4,0.07097209868181728,452.26273994767234,0.12746529205185636,0.12746529205185636
15033.599999999999,0.07043736384858411,452.08408999398205,0.12675947262799098,0.12675947262799098
15052.8,0.06990560016374552,451.90582109030885,0.12605515867612813,0.12605515867612813
15072.0,0.06937680119690282,451.72793801055224,0.1253523690572354,0.1253523690572354
15091.199999999999,0.06885096043885912,451.5504454826189,0.12465112245056963,0.12465112245056963
15110.4,0.06832807130238927,451.3733481881906,0.12395143735275999,0.12395143735275999
15129.599999999999,0.06780812712301418,451.19665076250016,0.1232533320769224,0.1232533320769224
15148.8,0.06729112115977881,451.02035779411534,0.12255682475180664,0.12255682475180664
15168.0,0.0667770465960332,450.8444738247294,0.12186193332096777,0.12186193332096777
15187.199999999999,0.06626589654021715,450.6690033489604,0.12116867554197419,0.12116867554197419
15206.4,0.06575766402664784,450.4939508141571,0.12047706898563967,0.12047706898563967
15225.599999999999,0.06525234201631079,450.31932062021247,0.11978713103528814,0.11978713103528814
15244.8,0.06474992339765424,450.1451171193853,0.11909887888604712,0.11909887888604712
15264.0,0.06425040098738528,449.9713446161286,0.11841232954417086,0.11841232954417086
15283.199999999999,0.06375376753126974,449.79800736692573,0.11772749982639291,0.11772749982639291
15302.4,0.06326001570493406,449.6251095801339,0.11704440635930712,0.11704440635930712
15321.599999999999,0.06276913811467001,449.45265541583507,0.11636306557877948,0.11636306557877948
15340.8,0.06228112729824166,449.28064898569414,0.11568349372938694,0.11568349372938694
15360.0,0.061795975725694556,449.1090943528242,0.11500570686388555,0.11500570686388555
15379.199999999999,0.06131367580016689,448.9379955316594,0.11432972084270851,0.11432972084270851
15398.4,0.06083421985870294,448.7673564878354,0.11365555133349282,0.11365555133349282
15417.599999999999,0.06035760017306817,448.5971811380758,0.1129832138106317,0.1129832138106317
15436.8,0.059883808950566594,448.4274733500873,0.11231272355485944,0.11231272355485944
15456.0,0.05941283833485884,448.2582369424603,0.11164409565285945,0.11164409565285945
15475.199999999999,0.05894468040678246,448.0894756845784,0.11097734499690634,0.11097734499690634
15494.4,0.05847932718517348,447.9211932965334,0.1103124862845299,0.1103124862845299
15513.599999999999,0.058016770627689264,447.7533934490481,0.10964953401821088,0.10964953401821088
15532.8,0.05755700263163241,447.58607976340596,0.10898850250510213,0.10898850250510213
15552.0,0.05710001503477586,447.41925581138764,0.1083294058567781,0.1083294058567781
15571.199999999999,0.05664579961618887,447.2529251152142,0.10767225798901114,0.10767225798901114
15590.4,0.056194348097063876,447.08709114749763,0.10701707262157495,0.10701707262157495
15609.599999999999,0.05574565214154378,446.92175733119757,0.10636386327807479,0.10636386327807479
15628.8,0.0552997033575507,446.7569270395848,0.1057126432858023,0.1057126432858023
15648.0,0.05485649329761376,446.59260359621277,0.10506342577562318,0.10506342577562318
15667.199999999999,0.05441601345969882,446.42879027489346,0.10441622368188232,0.10441622368188232
15686.4,0.05397825528803737,446.26549029968135,0.10377104974233987,0.10377104974233987
15705.599999999999,0.053543210173956225,446.10270684486426,0.10312791649813545,0.10312791649813545
15724.8,0.05311086945670683,445.9404430349594,0.10248683629377228,0.10248683629377228
15744.0,0.05268122442429478,445.7787019447168,0.10184782127713078,0.10184782127713078
15763.199999999999,0.05225426631430927,445.61748659912865,0.10121088339950601,0.10121088339950601
15782.4,0.05182998631475177,445.45679997344524,0.10057603441566944,0.10057603441566944
15801.599999999999,0.05140837556486512,445.29664499319716,0.0999432858839579,0.0999432858839579
15820.8,0.05098942515596134,445.1370245342239,0.09931264916638587,0.09931264916638587
15840.0,0.05057312613224942,444.9779414227077,0.09868413542877973,0.09868413542877973
15859.199999999999,0.050159469491662466,444.819398435215,0.09805775564094066,0.09805775564094066
15878.4,0.04974844618668338,444.66139829874237,0.09743352057682694,0.09743352057682694
15897.599999999999,0.0493400471251704,444.50394369077,0.09681144081476506,0.09681144081476506
15916.8,0.048934263171181554,444.34703723931943,0.09619152673767792,0.09619152673767792
15936.0,0.04853108514579774,444.19068152301924,0.09557378853334356,0.09557378853334356
15955.199999999999,0.04813050382794473,444.03487907117415,0.09495823619466928,0.09495823619466928
15974.4,0.04773250995521396,443.87963236384184,0.09434487951999448,0.09434487951999448
15993.599999999999,0.04733709422468188,443.72494383191486,0.09373372811341447,0.09373372811341447
16012.8,0.04694424729372829,443.57081585720755,0.09312479138512379,0.09312479138512379
16032.0,0.04655395978085228,443.4172507725495,0.09251807855178557,0.09251807855178557
16051.199999999999,0.04616622226648752,443.2642508618839,0.09191359863692007,0.09191359863692007
16070.4,0.04578102529381454,443.11181836037144,0.09131136047131494,0.09131136047131494
16089.599999999999,0.04539835936957266,442.9599554545,0.09071137269345905,0.09071137269345905
16108.8,0.04501821496486932,442.8086642821991,0.0901136437499943,0.0901136437499943
16128.0,0.044640582515986536,442.65794693296016,0.08951818189619065,0.08951818189619065
16147.199999999999,0.04426545242518717,442.5078054479613,0.08892499519643979,0.08892499519643979
16166.4,0.04389281506151704,442.35824182019786,0.0883340915247702,0.0883340915247702
16185.599999999999,0.04352266076160667,442.20925799461793,0.0877454785653827,0.0877454785653827
16204.8,0.0431549798304689,442.06085586826254,0.08715916381320457,0.08715916381320457
16224.0,0.0427897625422954,441.9130372904112,0.0865751545744644,0.0865751545744644
16243.199999999999,0.04242699914124967,441.76580406273183,0.08599345796728457,0.08599345796728457
16262.4,0.042066679842259,441.619157939436,0.0854140809222941,0.0854140809222941
16281.599999999999,0.041708794831801635,441.47310062743895,0.08483703018326184,0.08483703018326184
16300.8,0.041353334268692886,441.3276337865231,0.08426231230774126,0.08426231230774126
16320.0,0.04100028828486769,441.1827590295085,0.08368993366774469,0.08368993366774469
16339.199999999999,0.040649646986160526,441.0384779224253,0.08311990045042483,0.08311990045042483
16358.4,0.04030140045308221,440.89479198469206,0.08255221865877867,0.08255221865877867
16377.599999999999,0.039955538741593785,440.7517026892989,0.08198689411237106,0.08198689411237106
16396.8,0.039612051883877085,440.60921146299347,0.0814239324480702,0.0814239324480702
16416.0,0.03927092988910246,440.4673196864725,0.08086333912080351,0.08086333912080351
16435.2,0.038932162744192755,440.3260286945771,0.08030511940433013,0.08030511940433013
16454.399999999998,0.03859574041458451,440.1853397764919,0.07974927839202701,0.07974927839202701
16473.6,0.03826165284498529,440.04525417594925,0.07919582099769569,0.07919582099769569
16492.8,0.03792988996012801,439.9057730914359,0.07864475195637924,0.07864475195637924
16512.0,0.03760044166552117,439.76689767640505,0.07809607582520006,0.07809607582520006
16531.2,0.037273297848196274,439.62862903949144,0.07754979698420918,0.07754979698420918
16550.399999999998,0.03694844837745065,439.49096824473054,0.07700591963725262,0.07700591963725262
16569.6,0.03662588310558752,439.35391631178146,0.0764644478128521,0.0764644478128521
16588.8,0.03630559186865148,439.2174742161533,0.075925385365099,0.075925385365099
16608.0,0.03598756448716082,439.0816428894351,0.07538873597456351,0.07538873597456351
16627.2,0.03567179076683519,438.94642321953023,0.07485450314921963,0.07485450314921963
16646.399999999998,0.035358260499320275,438.81181605089273,0.0743226902253799,0.0743226902253799
16665.6,0.0350469634629074,438.6778221847677,0.07379330036864469,0.07379330036864469
16684.8,0.03473788942325001,438.54444237943613,0.07326633657486947,0.07326633657486947
16704.0,0.034431028134075586,438.4116773504604,0.07274180167113502,0.07274180167113502
16723.2,0.03412636933789322,438.2795277709361,0.0722196983167418,0.0722196983167418
16742.399999999998,0.03382390276669747,438.14799427174427,0.07170002900420713,0.07170002900420713
16761.6,0.03352361814266727,438.0170774418083,0.0711827960602799,0.0711827960602799
16780.8,0.03322550517886133,437.88677782835316,0.07066800164696475,0.07066800164696475
16800.0,0.03292955357990844,437.7570959371679,0.07015564776255885,0.07015564776255885
16819.2,0.03263575304269388,437.6280322328702,0.06964573624269789,0.06964573624269789
16838.399999999998,0.032344093257040865,437.49958713917533,0.06913826876141756,0.06913826876141756
16857.6,0.032054563906387896,437.3717610391658,0.0686332468322202,0.0686332468322202
16876.8,0.03176715466846166,437.24455427556524,0.06813067180915598,0.06813067180915598
16896.0,0.03148185521594471,437.11796715101417,0.06763054488791258,0.06763054488791258
16915.2,0.03119865521713887,436.99199992834804,0.06713286710691375,0.06713286710691375
16934.399999999998,0.030917544336624136,436.86665283087854,0.06663763934843085,0.06663763934843085
16953.6,0.030638512235912733,436.74192604267677,0.06614486233970145,0.06614486233970145
16972.8,0.03036154857409841,436.6178197088582,0.06565453665405512,0.06565453665405512
16992.0,0.03008664300850044,436.49433393587134,0.06516666271205435,0.06516666271205435
17011.2,0.02981378519530391,436.371468791787,0.06468124078263647,0.06468124078263647
17030.399999999998,0.029542964790194078,436.2492243065905,0.06419827098426943,0.06419827098426943
17049.6,0.029274171448986027,436.12760047247633,0.06371775328611434,0.06371775328611434
17068.8,0.0290073948282502,436.0065972441438,0.06323968750919519,0.06323968750919519
17088.0,0.02874262458593188,435.88621453909514,0.06276407332757555,0.06276407332757555
17107.2,0.028479850381966234,435.76645223793565,0.06229091026954466,0.06229091026954466
17126.399999999998,0.0282190618788883,435.64731018467546,0.06182019771880969,0.06182019771880969
17145.6,0.027960248742437736,435.5287881870329,0.061351934915694295,0.061351934915694295
17164.8,0.02770340064215866,435.4108860167394,0.060886120958343525,0.060886120958343525
17184.0,0.027448507251994544,435.2936034098471,0.060422754803938133,0.060422754803938133
17203.2,0.027195558250877213,435.17694006703624,0.059961835269910654,0.059961835269910654
17222.399999999998,0.026944543323311736,435.06089565392546,0.05950336103516979,0.05950336103516979
17241.6,0.026695452159955325,434.94546980138324,0.05904733064133185,0.05904733064133185
17260.8,0.026448274458191246,434.83066210584013,0.058593742493953854,0.058593742493953854
17280.0,0.0262029999226978,434.71647212960306,0.0581425948637755,0.0581425948637755
17299.2,0.025959618266011508,434.60289940117025,0.05769388588796332,0.05769388588796332
17318.399999999998,0.025718119209085594,434.4899434155477,0.057247613571361135,0.057247613571361135
17337.6,0.025478492481842772,434.377603634567,0.056803775787745245,0.056803775787745245
17356.8,0.025240727823722702,434.2658794872033,0.056362370281081625,0.056362370281081625
17376.0,0.025004814984224348,434.15477036989574,0.05592339466679098,0.05592339466679098
17395.2,0.024770743723443123,434.0442756468673,0.05548684643301244,0.05548684643301244
17414.399999999998,0.02453850381260218,433.9343946504467,0.05505272294187631,0.05505272294187631
17433.6,0.02430808503457898,433.8251266813907,0.05462102143077646,0.05462102143077646
17452.8,0.02407947718442541,433.71647100920734,0.05419173901364736,0.05419173901364736
17472.0,0.023852670069883928,433.60842687247913,0.053764872682241865,0.053764872682241865
17491.2,0.02362765351189747,433.5009934791885,0.053340419307416134,0.053340419307416134
17510.399999999998,0.02340441734511338,433.3941700070424,0.052918375640412796,0.052918375640412796
17529.6,0.02318295141838331,433.28795560379837,0.052498738314148016,0.052498738314148016
17548.8,0.022963245595256674,433.1823493875903,0.05208150384450023,0.05208150384450023
17568.0,0.02274528975446903,433.07735044725564,0.051666668631601353,0.051666668631601353
17587.2,0.02252907379042468,432.9729578426624,0.05125422896112977,0.05125422896112977
17606.399999999998,0.02231458761367401,432.8691706050364,0.05084418100560234,0.05084418100560234
17625.6,0.022101821151385734,432.76598773728944,0.05043652082567195,0.05043652082567195
17644.8,0.0218907643478132,432.66340821434693,0.050031244371421216,0.050031244371421216
17664.0,0.02168140716475524,432.56143098347655,0.04962834748366107,0.04962834748366107
17683.2,0.021473739582011545,432.4600549646164,0.049227825895227416,0.049227825895227416
17702.399999999998,0.021267751597833076,432.35927905070355,0.0488296752322791,0.0488296752322791
17721.6,0.021063433229366282,432.25910210800293,0.04843389101559737,0.04843389101559737
17740.8,0.02086077451309228,432.1595229764351,0.048040468661880574,0.048040468661880574
17760.0,0.020659765505260486,432.06054046990596,0.047649403485047384,0.047649403485047384
17779.2,0.020460396282316558,431.9621533766341,0.047260690697529265,0.047260690697529265
17798.399999999998,0.020262656941325185,431.8643604594798,0.04687432541157125,0.04687432541157125
17817.6,0.02006653760038724,431.767160456273,0.04649030264052663,0.04649030264052663
17836.8,0.019872028399051483,431.67055208014114,0.04610861730015322,0.04610861730015322
17856.0,0.019679119498720758,431.5745340198366,0.04572926420990674,0.04572926420990674
17875.2,0.019487801083052935,431.47910494006493,0.045352238094236864,0.045352238094236864
17894.399999999998,0.01929806335835601,431.38426348181025,0.04497753358387402,0.04497753358387402
17913.6,0.019109896553978236,431.2900082626635,0.04460514521712527,0.04460514521712527
17932.8,0.018923290922692394,431.1963378771474,0.04423506744115887,0.04423506744115887
17952.0,0.01873823674107503,431.10325089704264,0.04386729461329227,0.04386729461329227
17971.2,0.01855472430987971,431.0107458717125,0.04350182100227556,0.04350182100227556
17990.399999999998,0.01837274395440589,430.9188213284281,0.04313864078957562,0.04313864078957562
18009.6,0.018192286024860952,430.82747577269146,0.042777748070652856,0.042777748070652856
18028.8,0.018013340896718237,430.73670768855953,0.042419136856241796,0.042419136856241796
18048.0,0.017835898971068784,430.6465155389663,0.04206280107362282,0.04206280107362282
18067.2,0.01765995067496801,430.55689776604476,0.04170873456789488,0.04170873456789488
18086.399999999998,0.017485486461777115,430.46785279144785,0.041356931103243295,0.041356931103243295
18105.6,0.017312496811499184,430.379379016669,0.0410073843642061,0.0410073843642061
18124.8,0.0171409722311098,430.29147482336117,0.04066008795693439,0.04066008795693439
18144.0,0.016970903254882132,430.20413857365594,0.04031503541045362,0.04031503541045362
18163.2,0.01680228044470748,430.11736861048064,0.0399722201779158,0.0399722201779158
18182.399999999998,0.016635094390409482,430.0311632578749,0.039631635637850444,0.039631635637850444
18201.6,0.016469335710054343,429.9455208213068,0.03929327509541387,0.03929327509541387
18220.8,0.016304995050254494,429.86043958798734,0.03895713178363116,0.03895713178363116
18240.0,0.016142063086468074,429.7759178271842,0.03862319886463584,0.03862319886463584
18259.2,0.01598053052329246,429.69195379053355,0.038291469430902565,0.038291469430902565
18278.399999999998,0.015820388094753238,429.60854571235234,0.03796193650647967,0.03796193650647967
18297.6,0.015661626564587253,429.52569180994806,0.03763459304821399,0.03763459304821399
18316.8,0.015504236726521809,429.44339028392784,0.037309431946971644,0.037309431946971644
18336.0,0.015348209404546629,429.3616393185063,0.03698644602885445,0.03698644602885445
18355.2,0.015193535453183036,429.2804370818123,0.03666562805641145,0.03666562805641145
18374.399999999998,0.015040205757746387,429.1997817261938,0.03634697072984428,0.03634697072984428
18393.6,0.0148882112346043,429.1196713885225,0.03603046668820955,0.03603046668820955
18412.8,0.014737542831429345,429.04010419049615,0.0357161085106145,0.0357161085106145
18432.0,0.014588191527447,428.9610782389396,0.03540388871740504,0.03540388871740504
18451.2,0.014440148333678555,428.88259162610535,0.03509379977135447,0.03509379977135447
18470.399999999998,0.01429340429317898,428.8046424299714,0.03478583407883934,0.03478583407883934
18489.6,0.014147950481269858,428.7272287145388,0.03447998399101537,0.03447998399101537
18508.8,0.014003778005767601,428.65034853012696,0.03417624180498439,0.03417624180498439
18528.0,0.013860878007206374,428.5739999136682,0.03387459976495762,0.03387459976495762
18547.2,0.013719241659056415,428.49818088899957,0.03357505006340869,0.03357505006340869
18566.399999999998,0.013578860167937117,428.4228894671544,0.03327758484222596,0.03327758484222596
18585.6,0.013439724773826198,428.34812364665163,0.03298219619385517,0.03298219619385517
18604.8,0.013301826750263103,428.273881413784,0.032688876162438076,0.032688876162438076
18624.0,0.013165157404548005,428.2001607429037,0.03239761674494094,0.03239761674494094
18643.2,0.013029708077936152,428.1269595967074,0.0321084098922815,0.0321084098922815
18662.399999999998,0.012895470145827438,428.0542759265194,0.0318212475104458,0.0318212475104458
18681.6,0.01276243501795112,427.9821076725723,0.031536121461599384,0.031536121461599384
18700.8,0.012630594138546182,427.9104527642874,0.031253023565193376,0.031253023565193376
18720.0,0.012499938986536901,427.83930912055195,0.030971945599060222,0.030971945599060222
18739.2,0.012370461075703597,427.7686746499956,0.03069287930050668,0.03069287930050668
18758.399999999998,0.012242151954849076,427.6985472512648,0.030415816367396993,0.030415816367396993
18777.6,0.012115003207960794,427.6289248132953,0.030140748459229975,0.030140748459229975
18796.8,0.011989006454367682,427.5598052155829,0.029867667198208454,0.029867667198208454
18816.0,0.011864153348893411,427.49118632845295,0.02959656417030445,0.02959656417030445
18835.2,0.011740435582004589,427.4230660133269,0.029327430926311793,0.029327430926311793
18854.399999999998,0.01161784487995468,427.35544212298805,0.02906025898289648,0.02906025898289648
18873.6,0.0114963730049238,427.2883125018451,0.028795039823637365,0.028795039823637365
18892.8,0.011376011755153735,427.2216749861937,0.028531764900060153,0.028531764900060153
18912.0,0.01125675296507908,427.1555274044757,0.02827042563266122,0.02827042563266122
18931.2,0.01113858850545329,427.08986757753786,0.028011013411929714,0.028011013411929714
18950.399999999998,0.011021510283471732,427.02469331888744,0.027753519599357918,0.027753519599357918
18969.6,0.010905510242889247,426.96000243494564,0.027497935528441767,0.027497935528441767
18988.8,0.010790580364134094,426.8957927253006,0.027244252505681115,0.027244252505681115
19008.0,0.010676712664418078,426.83206198295676,0.02699246181156406,0.02699246181156406
19027.2,0.010563899197841656,426.7688079945833,0.02674255470154975,0.02674255470154975
19046.399999999998,0.010452132055495597,426.70602854076054,0.026494522407040533,0.026494522407040533
19065.6,0.010341403365558454,426.6437213962236,0.026248356136345657,0.026248356136345657
19084.8,0.010231705293390025,426.5818843301048,0.026004047075638213,0.026004047075638213
19104.0,0.010123030041620401,426.52051510617406,0.02576158638990554,0.02576158638990554
19123.2,0.010015369850235687,426.45961148307697,0.025520965223889323,0.025520965223889323
19142.399999999998,0.009908716996659484,426.39917121457046,0.025282174703016937,0.025282174703016937
19161.6,0.009803063795830206,426.3391920497574,0.025045205934328265,0.025045205934328265
19180.8,0.009698402600274861,426.27967173331876,0.024810050007392895,0.024810050007392895
19200.0,0.009594725800179026,426.2206080057431,0.024576697995216758,0.024576697995216758
19219.2,0.009492025823453062,426.1619986035549,0.02434514095514447,0.02434514095514447
19238.399999999998,0.009390295135793996,426.1038412595401,0.02411536992975026,0.02411536992975026
19257.6,0.009289526240744465,426.04613370297056,0.023887375947724377,0.023887375947724377
19276.8,0.009189711679747345,425.9888736598249,0.023661150024746253,0.023661150024746253
19296.0,0.00909084403219717,425.9320588530088,0.02343668316435476,0.02343668316435476
19315.2,0.008992915915487584,425.8756870025725,0.023213966358806775,0.023213966358806775
19334.399999999998,0.008895919985055423,425.81975582592605,0.022992990589929003,0.022992990589929003
19353.6,0.008799848934421215,425.76426303805266,0.022773746829959265,0.022773746829959265
19372.8,0.008704695495225848,425.70920635172024,0.022556226042383512,0.022556226042383512
19392.0,0.008610452437264278,425.65458347769044,0.022340419182761133,0.022340419182761133
19411.2,0.008517112568515407,425.60039212492524,0.022126317199541324,0.022126317199541324
19430.399999999998,0.008424668735168839,425.5466300007931,0.02191391103487741,0.02191391103487741
19449.6,0.008333113821647614,425.49329481127046,0.02170319162542343,0.02170319162542343
19468.8,0.008242440750628452,425.4403842611432,0.021494149903129128,0.021494149903129128
19488.0,0.008152642483058303,425.38789605420493,0.021286776796024236,0.021286776796024236
19507.2,0.008063712018167355,425.33582789345405,0.02108106322899682,0.02108106322899682
19526.399999999998,0.007975642393479204,425.2841774812872,0.02087700012455732,0.02087700012455732
19545.6,0.00788842668481757,425.2329425196921,0.020674578403600548,0.020674578403600548
19564.8,0.007802058006310233,425.1821207104378,0.020473788986157808,0.020473788986157808
19584.0,0.007716529510389016,425.13170975526214,0.020274622792136442,0.020274622792136442
19603.2,0.007631834387788036,425.0817073560582,0.020077070742057553,0.020077070742057553
19622.399999999998,0.007547965867537029,425.03211121505745,0.019881123757779187,0.019881123757779187
19641.6,0.007464917216953398,424.9829190350122,0.019686772763216752,0.019686772763216752
19660.8,0.007382681741630458,424.93412851937427,0.019494008685050017,0.019494008685050017
19680.0,0.007301252785422526,424.88573737247316,0.01930282245342559,0.01930282245342559
19699.2,0.007220623730427634,424.8377432996906,0.019113205002647727,0.019113205002647727
19718.399999999998,0.007140787996967029,424.7901440076347,0.01892514727186577,0.01892514727186577
19737.6,0.007061739043561792,424.7429372043099,0.01873864020574586,0.01873864020574586
19756.8,0.00698347036690695,424.6961205992868,0.018553674755141775,0.018553674755141775
19776.0,0.006905975501842407,424.649691903869,0.018370241877753834,0.018370241877753834
19795.2,0.006829248021321306,424.6036488312572,0.018188332538778152,0.018188332538778152
19814.399999999998,0.006753281536376041,424.55798909671245,0.018007937711550293,0.018007937711550293
19833.6,0.006678069696080711,424.51271041771685,0.017829048378181295,0.017829048378181295
19852.8,0.006603606187511814,424.4678105141317,0.01765165553018197,0.01765165553018197
19872.0,0.006529884735705902,424.4232871083539,0.017475750169080755,0.017475750169080755
19891.2,0.006456899103614643,424.3791379254707,0.017301323307035214,0.017301323307035214
19910.399999999998,0.006384643092057805,424.3353606934116,0.017128365967432828,0.017128365967432828
19929.6,0.006313110539672751,424.29195314309874,0.016956869185483833,0.016956869185483833
19948.8,0.006242295322862752,424.24891300859485,0.01678682400880675,0.01678682400880675
19968.0,0.006172191355741885,424.2062380272497,0.016618221498006656,0.016618221498006656
19987.2,0.006102792590077777,424.16392593984415,0.016451052727244488,0.016451052727244488
20006.399999999998,0.006034093015232195,424.1219744907315,0.016285308784795133,0.016285308784795133
20025.6,0.005966086658099096,424.08038142797807,0.01612098077360349,0.01612098077360349
20044.8,0.0058987675830407295,424.03914450350135,0.015958059811829295,0.015958059811829295
20064.0,0.005832129891820565,423.99826147320533,0.015796537033382744,0.015796537033382744
20083.2,0.005766167723535305,423.9577300971146,0.015636403588453838,0.015636403588453838
20102.399999999998,0.005700875254543424,423.9175481395066,0.01547765064403474,0.01547765064403474
20121.6,0.005636246698392687,423.87771336904103,0.015320269384431602,0.015320269384431602
20140.8,0.005572276305744431,423.838223558888,0.01516425101177032,0.01516425101177032
20160.0,0.005508958364296833,423.7990764868541,0.015009586746495097,0.015009586746495097
20179.2,0.005446287198705031,423.7602699355063,0.014856267827857131,0.014856267827857131
20198.399999999998,0.005384257170500035,423.7218016922937,0.01470428551439679,0.01470428551439679
20217.6,0.00532286267800557,423.68366954966797,0.014553631084418593,0.014553631084418593
20236.8,0.005262098156252096,423.6458713052009,0.014404295836455873,0.014404295836455873
20256.0,0.0052019580768903695,423.6084047617015,0.014256271089733402,0.014256271089733402
20275.2,0.005142436948101496,423.5712677273289,0.014109548184613867,0.014109548184613867
20294.399999999998,0.005083529314506288,423.5344580157061,0.013964118483046123,0.013964118483046123
20313.6,0.0050252297570723865,423.4979734460292,0.013819973368998411,0.013819973368998411
20332.8,0.004967532893019456,423.4618118431768,0.013677104248888882,0.013677104248888882
20352.0,0.004910433375722475,423.4259710378157,0.01353550255200465,0.01353550255200465
20371.2,0.004853925894614052,423.39044886650663,0.013395159730918402,0.013395159730918402
20390.399999999998,0.004798005175083774,423.3552431718063,0.01325606726189241,0.01325606726189241
20409.6,0.004742665978377603,423.32035180236903,0.01311821664527941,0.01311821664527941
20428.8,0.0046879031014933625,423.28577261304537,0.01298159940591269,0.01298159940591269
20448.0,0.004633711377077002,423.25150346497975,0.0128462070934917,0.0128462070934917
20467.2,0.004580085673315199,423.21754222570615,0.012712031282960022,0.012712031282960022
20486.399999999998,0.004527020893827837,423.1838867692413,0.012579063574873674,0.012579063574873674
20505.6,0.004474511977558237,423.15053497617697,0.012447295595765384,0.012447295595765384
20524.8,0.004422553898661918,423.1174847337699,0.01231671899850077,0.01231671899850077
20544.0,0.004371141666394761,423.08473393603015,0.012187325462626216,0.012187325462626216
20563.2,0.004320270324997924,423.0522804838076,0.012059106694711583,0.012059106694711583
20582.399999999998,0.004269934953583205,423.02012228487666,0.011932054428684608,0.011932054428684608
20601.6,0.004220130666016198,422.9882572540197,0.011806160426159907,0.011806160426159907
20620.8,0.004170852610797688,422.9566833131079,0.011681416476759462,0.011681416476759462
20640.0,0.004122095970944735,422.925398391181,0.011557814398427017,0.011557814398427017
20659.2,0.004073855963869286,422.8944004245251,0.01143534603773555,0.01143534603773555
20678.399999999998,0.004026127841256796,422.86368735674927,0.011314003270189981,0.011314003270189981
20697.6,0.003978906888942409,422.83325713885944,0.011193778000519152,0.011193778000519152
20716.8,0.0039321884267867445,422.80310772933143,0.01107466216296439,0.01107466216296439
20736.0,0.0038859678085503098,422.77323709418243,0.010956647721561812,0.010956647721561812
20755.2,0.0038402404217662955,422.74364320704007,0.010839726670415198,0.010839726670415198
20774.399999999998,0.0037950016876127403,422.7143240492104,0.0107238910339648,0.0107238910339648
20793.6,0.0037502470607835904,422.6852776097445,0.01060913286725011,0.01060913286725011
20812.8,0.0037059720293585005,422.6565018855027,0.010495444256163857,0.010495444256163857
20832.0,0.00366217211467153,422.62799488121766,0.010382817317701505,0.010382817317701505
20851.2,0.0036188428711789048,422.5997546095562,0.01027124420020472,0.01027124420020472
20870.399999999998,0.003575979886325828,422.5717790911789,0.010160717083597377,0.010160717083597377
20889.6,0.0035335787804124264,422.54406635479836,0.010051228179616234,0.010051228179616234
20908.8,0.0034916352064585086,422.5166144372364,0.009942769732035702,0.009942769732035702
20928.0,0.003450144850067146,422.48942138347877,0.009835334016885043,0.009835334016885043
20947.2,0.003409103429288182,422.46248524672944,0.00972891334266238,0.00972891334266238
20966.399999999998,0.003368506694480347,422.43580408846236,0.00962350005053929,0.00962350005053929
20985.6,0.0033283504281724154,422.4093759784726,0.009519086514562927,0.009519086514562927
21004.8,0.003288630444923621,422.38319899492535,0.009415665141849393,0.009415665141849393
21024.0,0.0032493425911834664,422.357271224404,0.009313228372773947,0.009313228372773947
21043.2,0.0032104827451507954,422.33159076195597,0.009211768681152241,0.009211768681152241
21062.399999999998,0.0031720468166317457,422.30615571113833,0.009111278574419769,0.009111278574419769
21081.6,0.0031340307468973503,422.2809641840608,0.009011750593802539,0.009011750593802539
21100.8,0.00309643050854018,422.25601430142797,0.008913177314483711,0.008913177314483711
21120.0,0.0030592421053305206,422.2313041925799,0.008815551345763733,0.008815551345763733
21139.2,0.0030224615720715704,422.2068319955317,0.008718865331216857,0.008718865331216857
21158.399999999998,0.0029860849744546393,422.18259585701094,0.008623111948839378,0.008623111948839378
21177.6,0.002950108408913016,422.1585939324948,0.00852828391119537,0.00852828391119537
21196.8,0.0029145280024755107,422.1348243862449,0.008434373965555273,0.008434373965555273
21216.0,0.0028793399126197114,422.11128539134137,0.008341374894030388,0.008341374894030388
21235.2,0.002844540327124362,422.0879751297153,0.008249279513700246,0.008249279513700246
21254.399999999998,0.0028101254639213255,422.06489179218016,0.008158080676737895,0.008158080676737895
21273.6,0.002776091570946895,422.0420335784617,0.008067771270527147,0.008067771270527147
21292.8,0.002742434925993119,422.0193986972267,0.007978344217776441,0.007978344217776441
21312.0,0.002709151836557945,421.9969853661104,0.00788979247662775,0.00788979247662775
21331.2,0.0026762386396955,421.9747918117426,0.0078021090407587815,0.0078021090407587815
21350.399999999998,0.0026436917018659647,421.9528162697728,0.007715286939482905,0.007715286939482905
21369.6,0.002611507418784358,421.9310569848942,0.007629319237843479,0.007629319237843479
21388.8,0.002579682215269909,421.9095122108654,0.007544199036700314,0.007544199036700314
21408.0,0.0025482125450943674,421.8881802105325,0.007459919472816586,0.007459919472816586
21427.2,0.002517094890830181,421.867059255849,0.0073764737189372116,0.0073764737189372116
21446.399999999998,0.002486325763698509,421.84614762789477,0.007293854983864311,0.007293854983864311
21465.6,0.002455901703416937,421.8254436168942,0.007212056512528174,0.007212056512528174
21484.8,0.0024258192780463295,421.8049455222322,0.007131071586051485,0.007131071586051485
21504.0,0.002396075083838461,421.78465165247053,0.0070508935218131135,0.0070508935218131135
21523.2,0.0023666657450823044,421.76456032536197,0.0069715156735040236,0.0069715156735040236
21542.399999999998,0.0023375879139512818,421.7446698678636,0.006892931431180285,0.006892931431180285
21561.6,0.002308838270348721,421.7249786161489,0.0068151342213106725,0.0068151342213106725
21580.8,0.0022804135217549633,421.7054849156197,0.006738117506823393,0.006738117506823393
21600.0,0.0022523104030730003,421.68618712091546,0.006661874787143578,0.006661874787143578
21619.2,0.0022245256764742293,421.66708359592286,0.006586399598230567,0.006586399598230567
21638.399999999998,0.0021970561312444447,421.64817271378354,0.006511685512608679,0.006511685512608679
21657.6,0.002169898583629419,421.6294528569017,0.006437726139397304,0.006437726139397304
21676.8,0.002143049876680183,421.6109224169496,0.006364515124332459,0.006364515124332459
21696.0,0.0021165068800988694,421.59257979487256,0.006292046149786557,0.006292046149786557
21715.2,0.002090266490083944,421.5744234008936,0.006220312934787044,0.006220312934787044
21734.399999999998,0.0020643256291753556,421.556451654516,0.006149309235026505,0.006149309235026505
21753.6,0.0020386812460999088,421.53866298452573,0.0060790288428711975,0.0060790288428711975
21772.8,0.002013330315616682,421.52105582899253,0.006009465587367117,0.006009465587367117
21792.0,0.0019882698383621653,421.50362863527,0.0059406133342388735,0.0059406133342388735
21811.2,0.001963496840695523,421.48637985999534,0.005872465985889468,0.005872465985889468
21830.399999999998,0.0019390083745440313,421.46930796908754,0.00580501748139265,0.00580501748139265
21849.6,0.0019148015172482714,421.45241143774524,0.005738261796484845,0.005738261796484845
21868.8,0.0018908733714075125,421.43568875044286,0.005672192943549648,0.005672192943549648
21888.0,0.0018672210647253309,421.41913840092695,0.005606804971603453,0.005606804971603453
21907.2,0.0018438417498550836,421.40275889221067,0.005542091966273671,0.005542091966273671
21926.399999999998,0.0018207326042455271,421.3865487365686,0.0054780480497782945,0.0054780480497782945
21945.6,0.0017978908299866455,421.37050645552955,0.005414667380897143,0.005414667380897143
21964.8,0.0017753136536554819,421.3546305798689,0.00535194415494223,0.00535194415494223
21984.0,0.00175299832616211,421.33891964960065,0.005289872603725637,0.005289872603725637
22003.2,0.0017309421225959283,421.3233722139682,0.00522844699552359,0.00522844699552359
22022.399999999998,0.0017091423420719488,421.3079868314342,0.005167661635036478,0.005167661635036478
22041.6,0.001687596307577412,421.29276206967074,0.005107510863349104,0.005107510863349104
22060.8,0.0016663013658182735,421.2776965055464,0.005047989057880831,0.005047989057880831
22080.0,0.0016452548870661706,421.26278872511574,0.004989090632343583,0.004989090632343583
22099.2,0.0016244542650060126,421.2480373236054,0.004930810036686148,0.004930810036686148
22118.399999999998,0.0016038969165827507,421.233440905401,0.00487314175704365,0.00487314175704365
22137.6,0.0015835802818488813,421.21899808403225,0.0048160803156780336,0.0048160803156780336
22156.8,0.001563501823812849,421.20470748215865,0.004759620270921473,0.004759620270921473
22176.0,0.0015436590282869394,421.19056773155336,0.004703756217113036,0.004703756217113036
22195.2,0.001524049403735508,421.1765774730869,0.004648482784534232,0.004648482784534232
22214.399999999998,0.0015046704811235443,421.1627353567103,0.0045937946393418624,0.0045937946393418624
22233.6,0.0014855198137662536,421.1490400414374,0.004539686483499074,0.004539686483499074
22252.8,0.001466594977177479,421.1354901953259,0.004486153054699679,0.004486153054699679
22272.0,0.0014478935689197592,421.12208449545966,0.004433189126298754,0.004433189126298754
22291.2,0.0014294132084542827,421.1088216279282,0.004380789507230894,0.004380789507230894
22310.399999999998,0.0014111515369907301,421.09570028780666,0.004328949041932066,0.004328949041932066
22329.6,0.0013931062173383824,421.0827191791355,0.004277662610258524,0.004277662610258524
22348.8,0.0013752749337566596,421.06987701489857,0.0042269251274008055,0.0042269251274008055
22368.0,0.0013576553918065628,421.0571725170019,0.004176731543799507,0.004176731543799507
22387.2,0.001340245318202368,421.04460441625054,0.004127076845053883,0.004127076845053883
22406.399999999998,0.0013230424606635845,421.03217145232594,0.004077956051832689,0.004077956051832689
22425.6,0.0013060445877675383,421.0198723737625,0.004029364219781201,0.004029364219781201
22444.8,0.0012892494888021443,421.00770593792294,0.0039812964394242,0.0039812964394242
22464.0,0.0012726549736191129,420.9956709109746,0.003933747836072098,0.003933747836072098
22483.2,0.001256258872488021,420.9837660678635,0.003886713569718754,0.003886713569718754
22502.399999999998,0.0012400590359498876,420.9719901922889,0.0038401888349406357,0.0038401888349406357
22521.6,0.0012240533346718349,420.96034207667776,0.003794168860795986,0.003794168860795986
22540.8,0.001208239659302456,420.9488205221575,0.0037486489107174704,0.0037486489107174704
22560.0,0.0011926159203269385,420.93742433852947,0.0037036242824068514,0.0037036242824068514
22579.2,0.0011771800479229108,420.92615234424085,0.0036590903077247205,0.0036590903077247205
22598.399999999998,0.0011619299918169705,420.9150033663574,0.0036150423525820228,0.0036150423525820228
22617.6,0.0011468637211413477,420.90397624053463,0.003571475816826873,0.003571475816826873
22636.8,0.0011319792242915697,420.89306981098935,0.0035283861341313624,0.0035283861341313624
22656.0,0.0011172745087837286,420.88228293046996,0.0034857687718750064,0.0034857687718750064
22675.2,0.0011027476011131565,420.87161446022714,0.0034436192310284093,0.0034436192310284093
22694.399999999998,0.001088396546613439,420.86106326998373,0.0034019330460344625,0.0034019330460344625
22713.6,0.0010742194093149079,420.8506282379046,0.003360705784689093,0.003360705784689093
22732.8,0.0010602142718055033,420.8403082505652,0.0033199330480177423,0.0033199330480177423
22752.0,0.0010463792350900326,420.8301022029212,0.0032796104701538725,0.0032796104701538725
22771.2,0.0010327124184520415,420.820008998276,0.0032397337182127482,0.0032397337182127482
22790.399999999998,0.0010192119593144438,420.81002754824993,0.0032002984921674707,0.0032002984921674707
22809.6,0.0010058760131020307,420.8001567727471,0.0031613005247198454,0.0031613005247198454
22828.8,0.0009927027531032363,420.7903955999231,0.0031227355811721444,0.0031227355811721444
22848.0,0.0009796903703340172,420.78074296615233,0.0030845994592973006,0.0030845994592973006
22867.2,0.000966837073400683,420.77119781599464,0.003046887989208202,0.003046887989208202
22886.399999999998,0.0009541410883645906,420.7617591021617,0.0030095970332242924,0.0030095970332242924
22905.6,0.0009416006586065592,420.7524257854834,0.002972722485738841,0.002972722485738841
22924.8,0.0009292140446920253,420.74319683487334,0.0029362602730826264,0.0029362602730826264
22944.0,0.0009169795242370013,420.7340712272949,0.0029002063533900865,0.0029002063533900865
22963.2,0.0009048953917747968,420.7250479477263,0.00286455671646075,0.00286455671646075
22982.399999999998,0.0008929599586226501,420.71612598912543,0.002829307383621122,0.002829307383621122
23001.6,0.0008811715527493913,420.7073043523951,0.0027944544075865665,0.0027944544075865665
23020.8,0.0008695285186434773,420.69858204634744,0.0027599938723209456,0.0027599938723209456
23040.0,0.0008580292171822895,420.6899580876678,0.0027259218928942326,0.0027259218928942326
23059.2,0.0008466720255009859,420.68143150087957,0.002692234615343501,0.002692234615343501
23078.399999999998,0.0008354553368625092,420.673001318307,0.002658928216525371,0.002658928216525371
23097.6,0.0008243775605284455,420.6646665800397,0.0026259989039765503,0.0026259989039765503
23116.8,0.0008134371216301529,420.6564263338956,0.002593442915767179,0.002593442915767179
23136.0,0.0008026324610404185,420.6482796353843,0.0025612565203562043,0.0025612565203562043
23155.2,0.0007919620352457949,420.64022554766984,0.002529436016443602,0.002529436016443602
23174.399999999998,0.0007814243162202126,420.63226314153366,0.002497977732825078,0.002497977732825078
23193.6,0.0007710177912978833,420.6243914953372,0.002466878028243619,0.002466878028243619
23212.8,0.000760740963048085,420.6166096949843,0.002436133291241043,0.002436133291241043
23232.0,0.0007505923491499847,420.60891683388337,0.0024057399400088833,0.0024057399400088833
23251.2,0.0007405704822681689,420.6013120129097,0.002375694422238815,0.002375694422238815
23270.399999999998,0.0007306739099286386,420.59379434036714,0.0023459932149717346,0.0023459932149717346
23289.6,0.0007209011943960456,420.58636293195036,0.0023166328244488715,0.0023166328244488715
23308.8,0.0007112509125509836,420.57901691070566,0.0022876097859563698,0.0022876097859563698
23328.0,0.0007017216557676869,420.5717554069933,0.002258920663676847,0.002258920663676847
23347.2,0.0006923120297936133,420.56457755844866,0.0022305620505357793,0.0022305620505357793
23366.399999999998,0.0006830206546279233,420.5574825099429,0.002202530568046092,0.002202530568046092
23385.6,0.0006738461644021648,420.55046941354516,0.002174822866159264,0.002174822866159264
23404.8,0.0006647872072608142,420.5435374284828,0.0021474356231072217,0.0021474356231072217
23424.0,0.0006558424452424032,420.53668572110234,0.002120365545248953,0.002120365545248953
23443.2,0.0006470105541618368,420.52991346483077,0.0020936093669173443,0.0020936093669173443
23462.399999999998,0.0006382902234928535,420.5232198401358,0.0020671638502621956,0.0020671638502621956
23481.6,0.0006296801562513907,420.5166040344868,0.0020410257850954883,0.0020410257850954883
23500.8,0.0006211790688794475,420.5100652423152,0.002015191988735526,0.002015191988735526
23520.0,0.0006127856911298004,420.503602664975,0.0019896593058508502,0.0019896593058508502
23539.2,0.0006044987659513416,420.4972155107032,0.0019644246083032617,0.0019644246083032617
23558.399999999998,0.0005963170493749485,420.4909029945804,0.0019394847949928556,0.0019394847949928556
23577.6,0.0005882393104000652,420.48466433849035,0.0019148367916981262,0.0019148367916981262
23596.8,0.0005802643308820645,420.47849877108126,0.001890477550922575,0.001890477550922575
23616.0,0.000572390905419966,420.47240552772485,0.0018664040517334635,0.0018664040517334635
23635.2,0.0005646178412452731,420.46638385047777,0.001842613299609324,0.001842613299609324
23654.399999999998,0.000556943958111254,420.46043298804017,0.001819102326276015,0.001819102326276015
23673.6,0.0005493680881826127,420.4545521957174,0.0017958681895555802,0.0017958681895555802
23692.8,0.0005418890759263526,420.44874073537875,0.0017729079732034271,0.0017729079732034271
23712.0,0.0005345057780027076,420.4429978754182,0.001750218786752694,0.001750218786752694
23731.2,0.0005272170631573733,420.43732289071437,0.0017277977653565944,0.0017277977653565944
23750.399999999998,0.0005200218121141267,420.43171506259,0.0017056420696280666,0.0017056420696280666
23769.6,0.0005129189174678734,420.4261736787727,0.001683748885484814,0.001683748885484814
23788.8,0.0005059072835786006,420.42069803335454,0.0016621154239891802,0.0016621154239891802
23808.0,0.0004989858264660579,420.4152874267518,0.0016407389211900436,0.0016407389211900436
23827.2,0.0004921534737049359,420.40994116566543,0.0016196166379660614,0.0016196166379660614
23846.399999999998,0.0004854091643208617,420.40465856304075,0.001598745859865993,0.001598745859865993
23865.6,0.00047875184868698123,420.3994389380278,0.0015781238969528417,0.0015781238969528417
23884.8,0.00047218048842128627,420.39428161594094,0.0015577480836439536,0.0015577480836439536
23904.0,0.0004656940562842806,420.3891859282192,0.0015376157785542612,0.0015376157785542612
23923.2,0.00045929153607778217,420.38415121238626,0.0015177243643381786,0.0015177243643381786
23942.399999999998,0.0004529719225442756,420.37917681201077,0.0014980712475330695,0.0014980712475330695
23961.6,0.00044673422126640744,420.3742620766661,0.001478653858400021,0.001478653858400021
23980.8,0.00044057744856827583,420.369406361891,0.0014594696507679833,0.0014594696507679833
24000.0,0.00043450063141575935,420.3646090291497,0.0014405161018774635,0.0014405161018774635
24019.2,0.00042850280731921065,420.3598694457916,0.0014217907122199506,0.0014217907122199506
24038.399999999998,0.00042258302423563317,420.355186985013,0.0014032910053867734,0.0014032910053867734
24057.6,0.00041674034047208393,420.35056102581603,0.0013850145279078517,0.0013850145279078517
24076.8,0.00041097382458923714,420.3459909529698,0.00136695884909741,0.00136695884909741
24096.0,0.00040528255530638516,420.341476156971,0.0013491215608981192,0.0013491215608981192
24115.2,0.00039966562140629903,420.33701603400425,0.0013315002777254629,0.0013315002777254629
24134.399999999998,0.0003941221216412772,420.3326099859027,0.0013140926363109807,0.0013140926363109807
24153.6,0.00038865116463946266,420.32825742010897,0.0012968962955484298,0.0012968962955484298
24172.8,0.0003832518688121889,420.3239577496359,0.0012799089363388267,0.0012799089363388267
24192.0,0.00037792336226171727,420.3197103930272,0.001263128261434812,0.001263128261434812
24211.2,0.0003726647826897032,420.31551477431873,0.0012465519952874872,0.0012465519952874872
24230.399999999998,0.0003674752773063892,420.31137032299944,0.0012301778838925777,0.0012301778838925777
24249.6,0.0003623540027402082,420.30727647397214,0.0012140036946350235,0.0012140036946350235
24268.8,0.00035730012494830887,420.3032326675156,0.0011980272161394086,0.0011980272161394086
24288.0,0.00035231281912750906,420.2992383492449,0.0011822462581132047,0.0011822462581132047
24307.2,0.00034739126962629564,420.29529297007304,0.0011666586511954041,0.0011666586511954041
24326.399999999998,0.00034253466985671873,420.2913959861734,0.0011512622468078477,0.0011512622468078477
24345.6,0.00033774222220775993,420.28754685894006,0.001136054916998244,0.001136054916998244
24364.8,0.0003330131379585769,420.2837450549503,0.001121034554293069,0.001121034554293069
24384.0,0.0003283466371931316,420.279990045926,0.0011061990715437286,0.0011061990715437286
24403.2,0.0003237419487148923,420.2762813086963,0.0010915464017799094,0.0010915464017799094
24422.399999999998,0.00031919830996222627,420.2726183251587,0.001077074498055739,0.001077074498055739
24441.6,0.0003147149669248233,420.26900058224174,0.001062781333302015,0.001062781333302015
24460.8,0.00031029117406031523,420.2654275718676,0.0010486649001786542,0.0010486649001786542
24480.0,0.0003059261942117827,420.2618987909137,0.001034723210923327,0.001034723210923327
24499.2,0.0003016192985255293,420.2584137411758,0.0010209542972050294,0.0010209542972050294
24518.399999999998,0.0002973697663699914,420.25497192933085,0.00100735620997766,0.00100735620997766
24537.6,0.00029317688525505836,420.25157286689915,0.0009939270193304467,0.0009939270193304467
24556.8,0.000289039950751568,420.24821607020766,0.000980664814343094,0.000980664814343094
24576.0,0.0002849582664123675,420.24490106035284,0.0009675677029389083,0.0009675677029389083
24595.2,0.0002809311436928931,420.24162736316407,0.0009546338117401675,0.0009546338117401675
24614.399999999998,0.0002769579018734915,420.23839450916677,0.0009418612859225934,0.0009418612859225934
24633.6,0.00027303786798097725,420.2352020335459,0.0009292482890709473,0.0009292482890709473
24652.8,0.00026917037671239213,420.23204947610964,0.0009167930030359719,0.0009167930030359719
24672.0,0.00026535477035821546,420.2289363812529,0.0009044936277893134,0.0009044936277893134
24691.2,0.0002615903987262472,420.2258622979213,0.0008923483812824849,0.0008923483812824849
24710.399999999998,0.0002578766190666657,420.2228267795755,0.0008803554993044826,0.0008803554993044826
24729.6,0.0002542127959973503,420.2198293841547,0.000868513235339178,0.000868513235339178
24748.8,0.00025059830142998567,420.2168696740415,0.0008568198604249552,0.0008568198604249552
24768.0,0.00024703251449623864,420.2139472160262,0.0008452736630147978,0.0008452736630147978
24787.2,0.00024351482147507016,420.2110615812712,0.0008338729488350276,0.0008338729488350276
24806.399999999998,0.000240044615720474,420.2082123452762,0.0008226160407478625,0.0008226160407478625
24825.6,0.0002366212975897316,420.2053990878426,0.0008115012786112783,0.0008115012786112783
24844.8,0.0002332442743724473,420.20262139303907,0.0008005270191424635,0.0008005270191424635
24864.0,0.00022991296021967274,420.19987884916634,0.0007896916357785812,0.0007896916357785812
24883.2,0.00022662677607425744,420.19717104872296,0.0007789935185420194,0.0007789935185420194
24902.399999999998,0.0002233851496014119,420.19449758837044,0.0007684310739022758,0.0007684310739022758
24921.6,0.00022018751511971497,420.1918580688994,0.0007580027246425567,0.0007580027246425567
24940.8,0.00021703331353318736,420.1892520951951,0.0007477069097230079,0.0007477069097230079
24960.0,0.00021392199226318698,420.1866792762036,0.0007375420841477632,0.0007375420841477632
24979.2,0.00021085300518156584,420.1841392248978,0.0007275067188301968,0.0007275067188301968
24998.399999999998,0.00020782581254412877,420.1816315582444,0.0007175993004626673,0.0007175993004626673
25017.6,0.00020483988092460738,420.17915589716927,0.0007078183313795229,0.0007078183313795229
25036.8,0.00020189468314918494,420.17671186652547,0.0006981623294311128,0.0006981623294311128
25056.0,0.00019898969823148213,420.17429909505904,0.0006886298278481408,0.0006886298278481408
25075.2,0.0001961244113084678,420.1719172153767,0.0006792193751143288,0.0006792193751143288
25094.399999999998,0.0001932983135766353,420.1695658639127,0.0006699295348352616,0.0006699295348352616
25113.6,0.00019051090222841,420.16724468089626,0.0006607588856103765,0.0006607588856103765
25132.8,0.00018776168038974682,420.1649533103192,0.0006517060209040549,0.0006517060209040549
25152.0,0.00018505015705801232,420.1626913999037,0.0006427695489187339,0.0006427695489187339
25171.2,0.00018237584704020398,420.1604586010698,0.0006339480924673454,0.0006339480924673454
25190.399999999998,0.00017973827089179126,420.1582545689041,0.000625240288847776,0.000625240288847776
25209.6,0.0001771369548563204,420.15607896212737,0.0006166447897166529,0.0006166447897166529
25228.8,0.00017457143080528605,420.15393144306336,0.0006081602609653757,0.0006081602609653757
25248.0,0.00017204123617848215,420.1518116776071,0.0005997853825948008,0.0005997853825948008
25267.2,0.0001695459139252585,420.1497193351939,0.0005915188485928461,0.0005915188485928461
25286.399999999998,0.00016708501244583148,420.1476540887683,0.0005833593668123183,0.0005833593668123183
25305.6,0.00016465808553328676,420.145615614753,0.0005753056588469459,0.0005753056588469459
25324.8,0.000162264692316346,420.14360359301804,0.0005673564599110034,0.0005673564599110034
25344.0,0.000159904397202116,420.1416177068509,0.0005595105187205094,0.0005595105187205094
25363.2,0.00015757676982011673,420.13965764292533,0.0005517665973697071,0.0005517665973697071
25382.399999999998,0.00015528138496563425,420.1377230912717,0.0005441234712149568,0.0005441234712149568
25401.6,0.00015301782254486778,420.13581374524694,0.00053657992875481,0.00053657992875481
25420.8,0.00015078566751972148,420.1339293015045,0.0005291347715123298,0.0005291347715123298
25440.0,0.00014858450985355553,420.13206945996484,0.0005217868139176352,0.0005217868139176352
25459.2,0.00014641394445713267,420.1302339237864,0.0005145348831940396,0.0005145348831940396
25478.399999999998,0.00014427357113488422,420.1284223993356,0.0005073778192385737,0.0005073778192385737
25497.6,0.00014216299453211775,420.126634596158,0.0005003144745092472,0.0005003144745092472
25516.8,0.00014008182408291745,420.12487022694984,0.0004933437139114103,0.0004933437139114103
25536.0,0.00013802967395752953,420.1231290075288,0.0004864644146829944,0.0004864644146829944
25555.2,0.00013600616301075982,420.1214106568054,0.0004796754662810987,0.0004796754662810987
25574.399999999998,0.00013401091473150853,420.11971489675506,0.0004729757702721706,0.0004729757702721706
25593.6,0.00013204355719166524,420.1180414523897,0.00046636424021904223,0.00046636424021904223
25612.8,0.00013010372299621225,420.11639005172964,0.0004598398015702126,0.0004598398015702126
25632.0,0.0001281910492332207,420.11476042577596,0.0004534013915511505,0.0004534013915511505
25651.2,0.00012630517742519734,420.1131523084827,0.00044704795905380177,0.00044704795905380177
25670.399999999998,0.00012444575347972026,420.1115654367294,0.00044077846452811683,0.00044077846452811683
25689.6,0.00012261242764153156,420.109999550294,0.0004345918798755999,0.0004345918798755999
25708.8,0.00012080485444448789,420.10845439182566,0.00042848718834128595,0.00042848718834128595
25728.0,0.00011902269266420357,420.10692970681777,0.00042246338440729016,0.00042246338440729016
25747.2,0.00011726560527115548,420.10542524358124,0.0004165194736874795,0.0004165194736874795
25766.399999999998,0.00011553325938421466,420.103940753218,0.0004106544728225944,0.0004106544728225944
25785.6,0.00011382532622430194,420.1024759895947,0.00040486740937626764,0.00040486740937626764
25804.8,0.00011214148106902081,420.1010307093162,0.0003991573217303709,0.0003991573217303709
25824.0,0.00011048140320737858,420.0996046716999,0.00039352325898395305,0.00039352325898395305
25843.2,0.00010884477589486365,420.09819763875004,0.00038796428085083226,0.00038796428085083226
25862.399999999998,0.00010723128630937437,420.0968093751314,0.000382479457556738,0.000382479457556738
25881.6,0.00010564062550706017,420.09543964814446,0.00037706786974049623,0.00037706786974049623
25900.8,0.00010407248837874824,420.0940882276999,0.0003717286083531928,0.0003717286083531928
25920.0,0.00010252657360713373,420.0927548862934,0.0003664607745591337,0.0003664607745591337
25939.2,0.00010100258362409533,420.0914393989807,0.0003612634796370302,0.0003612634796370302
25958.399999999998,9.950022456820524e-05,420.0901415433531,0.00035613584488320435,0.00035613584488320435
25977.6,9.801920624295018e-05,420.0888610995128,0.00035107700151389745,0.00035107700151389745
25996.8,9.655924207546748e-05,420.0875978500481,0.00034608609056780175,0.00034608609056780175
26016.0,9.512004907538751e-05,420.0863515800098,0.00034116226281286,0.00034116226281286
26035.2,9.370134779399626e-05,420.0851220768869,0.00033630467864924726,0.00033630467864924726
26054.399999999998,9.230286228435684e-05,420.08390913058224,0.000331512508014822,0.000331512508014822
26073.6,9.092432006125316e-05,420.08271253338984,0.00032678493029372296,0.00032678493029372296
26092.8,8.956545206172044e-05,420.08153207997043,0.0003221211342211466,0.0003221211342211466
26112.0,8.82259926062324e-05,420.0803675673288,0.0003175203177930663,0.0003175203177930663
26131.2,8.690567935972875e-05,420.0792187947902,0.00031298168817370546,0.00031298168817370546
26150.399999999998,8.560425329340649e-05,420.0780855639775,0.00030850446160390866,0.00030850446160390866
26169.6,8.432145864688434e-05,420.0769676787883,0.0003040878633128821,0.0003040878633128821
26188.8,8.305704289074e-05,420.0758649453727,0.0002997311274279121,0.0002997311274279121
26208.0,8.181075668888792e-05,420.0747771721102,0.00029543349688520714,0.00029543349688520714
26227.2,8.058235386241295e-05,420.0737041695877,0.0002911942233416379,0.0002911942233416379
26246.399999999998,7.937159135285419e-05,420.0726457505777,0.0002870125670891724,0.0002870125670891724
26265.6,7.817822918591468e-05,420.0716017300159,0.00028288779696639127,0.00028288779696639127
26284.8,7.700203043628989e-05,420.0705719249794,0.0002788191902718,0.0002788191902718
26304.0,7.584276119189325e-05,420.0695561546656,0.0002748060326814085,0.0002748060326814085
26323.2,7.470019051905726e-05,420.0685542403701,0.0002708476181606951,0.0002708476181606951
26342.399999999998,7.357409042798477e-05,420.0675660054661,0.0002669432488835338,0.0002669432488835338
26361.6,7.246423583832328e-05,420.06659127538285,0.0002630922351464043,0.0002630922351464043
26380.8,7.13704045452378e-05,420.06562987758474,0.00025929389528709447,0.00025929389528709447
26400.0,7.029237718599762e-05,420.06468164155075,0.00025554755560227926,0.00025554755560227926
26419.2,6.922993720681297e-05,420.0637463987537,0.0002518525502662229,0.0002518525502662229
26438.399999999998,6.818287082954634e-05,420.06282398264,0.0002482082212501545,0.0002482082212501545
26457.6,6.715096701943722e-05,420.06191422860906,0.0002446139182418689,0.0002446139182418689
26476.8,6.613401745284348e-05,420.0610169739935,0.00024106899856667405,0.00024106899856667405
26496.0,6.513181648553455e-05,420.06013205803913,0.0002375728271085637,0.0002375728271085637
26515.2,6.414416112082423e-05,420.059259321885,0.0002341247762316144,0.0002341247762316144
26534.399999999998,6.317085097832499e-05,420.0583986085442,0.00023072422570385306,0.00023072422570385306
26553.6,6.221168826353734e-05,420.0575497628838,0.00022737056261797991,0.00022737056261797991
26572.8,6.126647773678232e-05,420.0567126316064,0.00022406318131882946,0.00022406318131882946
26592.0,6.0335026682897134e-05,420.05588706323,0.00022080148332364466,0.00022080148332364466
26611.2,5.9417144881695187e-05,420.05507290807003,0.0002175848772508848,0.0002175848772508848
26630.399999999998,5.851264457801717e-05,420.05427001821977,0.00021441277874297032,0.00021441277874297032
26649.6,5.762134045251068e-05,420.053478247532,0.00021128461039396788,0.00021128461039396788
26668.8,5.6743049592551984e-05,420.052697451601,0.0002081998016783987,0.0002081998016783987
26688.0,5.5877591463593686e-05,420.051927487743,0.0002051577888739829,0.0002051577888739829
26707.2,5.502478788065521e-05,420.0511682149794,0.00020215801499493934,0.00020215801499493934
26726.399999999998,5.418446298036305e-05,420.0504194940176,0.00019919992971720063,0.00019919992971720063
26745.6,5.3356443193187345e-05,420.04968118723417,0.00019628298931081436,0.00019628298931081436
26764.8,5.2540557215659954e-05,420.048953158656,0.00019340665656628105,0.00019340665656628105
26784.0,5.173663598323245e-05,420.0482352739437,0.00019057040072875217,0.00019057040072875217
26803.2,5.094451264375562e-05,420.04752740037384,0.00018777369742751208,0.00018777369742751208
26822.399999999998,5.0164022530088665e-05,420.0468294068217,0.00018501602860837953,0.00018501602860837953
26841.6,4.939500313439576e-05,420.04614116374404,0.0001822968824652107,0.0001822968824652107
26860.8,4.8637294081643594e-05,420.0454625431621,0.00017961575337297432,0.00017961575337297432
26880.0,4.78907371041996e-05,420.04479341864544,0.0001769721418237467,0.0001769721418237467
26899.2,4.715517601591614e-05,420.04413366529445,0.0001743655543577653,0.0001743655543577653
26918.399999999998,4.64304566872258e-05,420.04348315972425,0.00017179550349964836,0.00017179550349964836
26937.6,4.571642701986468e-05,420.04284178004826,0.00016926150769371574,0.00016926150769371574
26956.8,4.501293692219968e-05,420.0422094058621,0.00016676309123998364,0.00016676309123998364
26976.0,4.431983828514088e-05,420.0415859182273,0.00016429978423060856,0.00016429978423060856
26995.2,4.3636984957557945e-05,420.04097119965553,0.00016187112248610658,0.00016187112248610658
27014.399999999998,4.2964232722708154e-05,420.040365134093,0.000159476647495615,0.000159476647495615
27033.6,4.230143927434473e-05,420.03976760690404,0.0001571159063504169,0.0001571159063504169
27052.8,4.164846419334086e-05,420.03917850485675,0.00015478845168824518,0.00015478845168824518
27072.0,4.100516892497024e-05,420.03859771610655,0.00015249384162770516,0.00015249384162770516
27091.2,4.0371416755300094e-05,420.03802513018195,0.00015023163971235445,0.00015023163971235445
27110.399999999998,3.974707278920016e-05,420.03746063796865,0.00014800141484782025,0.00014800141484782025
27129.6,3.913200392760593e-05,420.03690413169494,0.00014580274124408258,0.00014580274124408258
27148.8,3.852607884561666e-05,420.0363555049171,0.00014363519835775703,0.00014363519835775703
27168.0,3.792916797059318e-05,420.03581465250426,0.00014149837083258135,0.00014149837083258135
27187.2,3.73411434602562e-05,420.0352814706242,0.000139391848442821,0.000139391848442821
27206.399999999998,3.6761879181441397e-05,420.03475585672913,0.00013731522603712442,0.00013731522603712442
27225.6,3.6191250689121e-05,420.03423770954066,0.0001352681034799076,0.0001352681034799076
27244.8,3.562913520514152e-05,420.0337269290368,0.0001332500855990269,0.0001332500855990269
27264.0,3.507541159781367e-05,420.0332234164369,0.00013126078212693918,0.00013126078212693918
27283.2,3.452996036134255e-05,420.03272707418836,0.00012929980764770095,0.00012929980764770095
27302.399999999998,3.399266359548912e-05,420.03223780595306,0.0001273667815437429,0.0001273667815437429
27321.6,3.3463404985675246e-05,420.0317555165931,0.00012546132793927578,0.00012546132793927578
27340.8,3.294206978312432e-05,420.0312801121578,0.00012358307564931076,0.00012358307564931076
27360.0,3.242854478518015e-05,420.03081149987037,0.000121731658126434,0.000121731658126434
27379.2,3.1922718316672674e-05,420.0303495881144,0.00011990671340780577,0.00011990671340780577
27398.399999999998,3.1424480209686505e-05,420.0298942864212,0.00011810788406507914,0.00011810788406507914
27417.6,3.0933721785548495e-05,420.02944550545624,0.00011633481715072545,0.00011633481715072545
27436.8,3.0450335835466175e-05,420.0290031570069,0.00011458716414997408,0.00011458716414997408
27456.0,2.9974216602693448e-05,420.0285671539694,0.00011286458092848546,0.00011286458092848546
27475.2,2.9505259763737026e-05,420.02813741033617,0.00011116672768339255,0.00011116672768339255
27494.399999999998,2.9043362410646892e-05,420.0277138411838,0.00010949326889479165,0.00010949326889479165
27513.6,2.8588423032986392e-05,420.0272963626601,0.00010784387327498733,0.00010784387327498733
27532.8,2.8140341500122443e-05,420.02688489197226,0.00010621821372222894,0.00010621821372222894
27552.0,2.769901904394203e-05,420.0264793473747,0.00010461596727152765,0.00010461596727152765
27571.2,2.726435824128433e-05,420.026079648157,0.00010303681504839293,0.00010303681504839293
27590.399999999998,2.6836262997492198e-05,420.02568571463166,0.00010148044221897594,0.00010148044221897594
27609.6,2.64146385287377e-05,420.0252974681234,9.994653794919579e-05,9.994653794919579e-05
27628.8,2.5999391346177296e-05,420.02491483095616,9.843479535218801e-05,9.843479535218801e-05
27648.0,2.559042923881061e-05,420.02453772644276,9.694491144855388e-05,9.694491144855388e-05
27667.2,2.5187661257653283e-05,420.02416607887255,9.547658711672818e-05,9.547658711672818e-05
27686.399999999998,2.479099769928831e-05,420.0237998135008,9.402952705120744e-05,9.402952705120744e-05
27705.6,2.4400350090323325e-05,420.023438856537,9.260343971696014e-05,9.260343971696014e-05
27724.8,2.4015631171545875e-05,420.0230831351343,9.119803730675658e-05,9.119803730675658e-05
27744.0,2.3636754881972136e-05,420.02273257737806,8.981303569647742e-05,8.981303569647742e-05
27763.2,2.3263636344156582e-05,420.02238711227545,8.844815440401563e-05,8.844815440401563e-05
27782.399999999998,2.289619184834754e-05,420.02204666974404,8.710311654413591e-05,8.710311654413591e-05
27801.6,2.2534338838400732e-05,420.02171118060187,8.577764878917317e-05,8.577764878917317e-05
27820.8,2.2177995895792744e-05,420.02138057655674,8.44714813268115e-05,8.44714813268115e-05
27840.0,2.1827082725872e-05,420.02105479019536,8.318434781718951e-05,8.318434781718951e-05
27859.2,2.1481520142991293e-05,420.0207337549736,8.191598535427246e-05,8.191598535427246e-05
27878.399999999998,2.1141230056297115e-05,420.02041740520605,8.066613442475422e-05,8.066613442475422e-05
27897.6,2.080613545541254e-05,420.02010567605544,7.943453886628536e-05,7.943453886628536e-05
27916.8,2.0476160396830825e-05,420.0197985035239,7.822094583266335e-05,7.822094583266335e-05
27936.0,2.0151229989527e-05,420.01949582444144,7.702510574891641e-05,7.702510574891641e-05
27955.2,1.983127038193771e-05,420.01919757645743,7.584677227671841e-05,7.584677227671841e-05
27974.399999999998,1.9516208748052566e-05,420.0189036980305,7.468570227531183e-05,7.468570227531183e-05
27993.6,1.9205973274375976e-05,420.0186141284185,7.354165576153257e-05,7.354165576153257e-05
28012.8,1.890049314651601e-05,420.0183288076698,7.241439587522465e-05,7.241439587522465e-05
28032.0,1.8599698536288352e-05,420.01804767661315,7.130368883993879e-05,7.130368883993879e-05
28051.2,1.8303520588802522e-05,420.01777067684895,7.020930392722404e-05,7.020930392722404e-05
28070.399999999998,1.801189140988544e-05,420.01749775073955,6.91310134193477e-05,6.91310134193477e-05
28089.6,1.7724744053238925e-05,420.01722884140054,6.806859257448533e-05,6.806859257448533e-05
28108.8,1.7442012508484737e-05,420.0169638926917,6.702181959101259e-05,6.702181959101259e-05
28128.0,1.7163631688357748e-05,420.0167028492078,6.599047557089864e-05,6.599047557089864e-05
28147.2,1.6889537417177407e-05,420.01644565627004,6.497434448669301e-05,6.497434448669301e-05
28166.399999999998,1.6619666418573392e-05,420.0161922599171,6.397321314491902e-05,6.397321314491902e-05
28185.6,1.635395630369103e-05,420.01594260689683,6.298687115440797e-05,6.298687115440797e-05
28204.8,1.6092345559485392e-05,420.01569664465734,6.201511089036641e-05,6.201511089036641e-05
28224.0,1.583477353722843e-05,420.0154543213389,6.105772746271037e-05,6.105772746271037e-05
28243.2,1.558118044124709e-05,420.0152155857651,6.01145186810309e-05,6.01145186810309e-05
28262.399999999998,1.533150731730648e-05,420.0149803874351,5.9185285024275744e-05,5.9185285024275744e-05
28281.6,1.5085696042164886e-05,420.01474867651507,5.826982960593948e-05,5.826982960593948e-05
28300.8,1.4843689311725817e-05,420.0145204038304,5.7367958144643577e-05,5.7367958144643577e-05
28320.0,1.4605430630877669e-05,420.0142955208572,5.64794789300002e-05,5.64794789300002e-05
28339.2,1.4370864302356042e-05,420.014073979715,5.56042027929677e-05,5.56042027929677e-05
28358.399999999998,1.4139935416352292e-05,420.01385573315844,5.4741943074184836e-05,5.4741943074184836e-05
28377.6,1.3912589840246605e-05,420.0136407345696,5.3892515593427916e-05,5.3892515593427916e-05
28396.8,1.368877420780791e-05,420.01342893795055,5.305573861951707e-05,5.305573861951707e-05
28416.0,1.3468435909211066e-05,420.01322029791544,5.2231432839773404e-05,5.2231432839773404e-05
28435.2,1.3251523081231305e-05,420.0130147696832,5.14194213308236e-05,5.14194213308236e-05
28454.399999999998,1.3037984596800093e-05,420.01281230907017,5.061952952962912e-05,5.061952952962912e-05
28473.6,1.2827770055448036e-05,420.01261287248246,4.983158520316791e-05,4.983158520316791e-05
28492.8,1.262082977365974e-05,420.0124164169092,4.9055418421933966e-05,4.9055418421933966e-05
28512.0,1.2417114775104024e-05,420.01222289991455,4.829086152804701e-05,4.829086152804701e-05
28531.2,1.2216576781237258e-05,420.0120322796315,4.7537749111446996e-05,4.7537749111446996e-05
28550.399999999998,1.2019168202084329e-05,420.0118445147542,4.679591797867752e-05,4.679591797867752e-05
28569.6,1.1824842126593245e-05,420.01165956453144,4.606520712773285e-05,4.606520712773285e-05
28588.8,1.1633552313931063e-05,420.01147738875926,4.5345457718862595e-05,4.5345457718862595e-05
28608.0,1.1445253184389357e-05,420.01129794777466,4.463651304941866e-05,4.463651304941866e-05
28627.2,1.1259899810182817e-05,420.0111212024487,4.393821852668117e-05,4.393821852668117e-05
28646.399999999998,1.1077447907189451e-05,420.0109471141798,4.325042164180714e-05,4.325042164180714e-05
28665.6,1.0897853825784795e-05,420.01077564488713,4.257297194265636e-05,4.257297194265636e-05
28684.8,1.0721074542457604e-05,420.0106067570042,4.190572100998586e-05,4.190572100998586e-05
28704.0,1.0547067651266061e-05,420.0104404134724,4.1248522430500386e-05,4.1248522430500386e-05
28723.2,1.0375791355719803e-05,420.0102765777348,4.060123177349605e-05,4.060123177349605e-05
28742.399999999998,1.0207204460235833e-05,420.01011521372953,3.99637065634616e-05,3.99637065634616e-05
28761.6,1.004126636226957e-05,420.0099562858839,3.9335806258294146e-05,3.9335806258294146e-05
28780.8,9.877937043841894e-06,420.0097997591079,3.87173922225742e-05,3.87173922225742e-05
28800.0,9.717177064078416e-06,420.0096455987887,3.8108327706005935e-05,3.8108327706005935e-05
