time_s,state_of_charge,outlet_temperature_c,storage_heat_mw,deliverable_power_mw
0.0,1.0,500.0,0.6321362277777778,0.6321362277777778
9.6,0.998666666666667,500.0,0.6321362277777778,0.6321362277777778
19.2,0.9973333333333336,499.9999999999999,0.6321362277777769,0.6321362277777769
28.799999999999997,0.9960000000000004,499.99999999999983,0.6321362277777764,0.6321362277777764
38.4,0.9946666666666671,499.9999999999996,0.6321362277777747,0.6321362277777747
48.0,0.993333333333334,499.99999999999926,0.632136227777772,0.632136227777772
57.599999999999994,0.9920000000000005,499.99999999999864,0.632136227777767,0.632136227777767
67.2,0.9906666666666671,499.9999999999979,0.6321362277777611,0.6321362277777611
76.8,0.9893333333333341,499.9999999999967,0.6321362277777517,0.6321362277777517
86.39999999999999,0.9880000000000009,499.999999999995,0.6321362277777383,0.6321362277777383
96.0,0.9866666666666675,499.99999999999255,0.632136227777719,0.632136227777719
105.6,0.9853333333333343,499.9999999999892,0.6321362277776925,0.6321362277776925
115.19999999999999,0.9840000000000013,499.9999999999848,0.6321362277776579,0.6321362277776579
124.8,0.9826666666666681,499.9999999999791,0.6321362277776125,0.6321362277776125
134.4,0.9813333333333354,499.9999999999715,0.6321362277775527,0.6321362277775527
144.0,0.9800000000000029,499.9999999999616,0.6321362277774742,0.6321362277774742
153.6,0.9786666666666703,499.99999999994895,0.6321362277773744,0.6321362277773744
163.2,0.977333333333338,499.9999999999327,0.632136227777246,0.632136227777246
172.79999999999998,0.9760000000000063,499.9999999999122,0.6321362277770839,0.6321362277770839
182.4,0.9746666666666748,499.99999999988626,0.6321362277768791,0.6321362277768791
192.0,0.9733333333333439,499.9999999998541,0.6321362277766248,0.6321362277766248
201.6,0.9720000000000137,499.999999999814,0.6321362277763082,0.6321362277763082
211.2,0.9706666666666841,499.9999999997646,0.6321362277759178,0.6321362277759178
220.79999999999998,0.9693333333333558,499.9999999997039,0.6321362277754381,0.6321362277754381
230.39999999999998,0.9680000000000287,499.99999999963,0.6321362277748542,0.6321362277748542
240.0,0.9666666666667029,499.9999999995399,0.6321362277741422,0.6321362277741422
249.6,0.9653333333333791,499.999999999431,0.6321362277732817,0.6321362277732817
259.2,0.9640000000000573,499.9999999992998,0.6321362277722451,0.6321362277722451
268.8,0.9626666666667383,499.99999999914235,0.632136227771001,0.632136227771001
278.4,0.9613333333334223,499.99999999895414,0.6321362277695137,0.6321362277695137
288.0,0.9600000000001101,499.99999999873006,0.6321362277677431,0.6321362277677431
297.59999999999997,0.9586666666668023,499.99999999846386,0.6321362277656398,0.6321362277656398
307.2,0.9573333333334999,499.99999999814906,0.6321362277631524,0.6321362277631524
316.8,0.9560000000002035,499.9999999977777,0.6321362277602179,0.6321362277602179
326.4,0.9546666666669147,499.99999999734115,0.6321362277567684,0.6321362277567684
336.0,0.9533333333336343,499.99999999682916,0.6321362277527228,0.6321362277527228
345.59999999999997,0.9520000000003636,499.99999999623066,0.6321362277479935,0.6321362277479935
355.2,0.9506666666671049,499.99999999553273,0.6321362277424788,0.6321362277424788
364.8,0.9493333333338595,499.9999999947209,0.6321362277360639,0.6321362277360639
374.4,0.9480000000006298,499.9999999937791,0.6321362277286222,0.6321362277286222
384.0,0.9466666666674184,499.9999999926889,0.6321362277200078,0.6321362277200078
393.59999999999997,0.9453333333342279,499.99999999142995,0.6321362277100598,0.6321362277100598
403.2,0.9440000000010618,499.9999999899793,0.6321362276985972,0.6321362276985972
412.8,0.9426666666679232,499.99999998831123,0.6321362276854167,0.6321362276854167
422.4,0.9413333333348164,499.9999999863972,0.6321362276702925,0.6321362276702925
432.0,0.9400000000017463,499.99999998420526,0.6321362276529724,0.6321362276529724
441.59999999999997,0.9386666666687179,499.99999998169994,0.6321362276331762,0.6321362276331762
451.2,0.937333333335737,499.9999999788418,0.6321362276105921,0.6321362276105921
460.79999999999995,0.9360000000028107,499.999999975587,0.6321362275848735,0.6321362275848735
470.4,0.9346666666699459,499.9999999718871,0.6321362275556381,0.6321362275556381
480.0,0.9333333333371511,499.9999999676885,0.6321362275224619,0.6321362275224619
489.59999999999997,0.9320000000044356,499.9999999629315,0.6321362274848735,0.6321362274848735
499.2,0.9306666666718096,499.9999999575509,0.6321362274423578,0.6321362274423578
508.79999999999995,0.9293333333392851,499.9999999514744,0.6321362273943432,0.6321362273943432
518.4,0.9280000000068745,499.9999999446225,0.6321362273402014,0.6321362273402014
528.0,0.9266666666745929,499.99999993690756,0.63213622727924,0.63213622727924
537.6,0.9253333333424555,499.99999992823336,0.6321362272106993,0.6321362272106993
547.1999999999999,0.9240000000104805,499.9999999184946,0.6321362271337465,0.6321362271337465
556.8,0.9226666666786876,499.9999999075755,0.6321362270474669,0.6321362270474669
566.4,0.9213333333470984,499.99999989534945,0.6321362269508602,0.6321362269508602
576.0,0.9200000000157371,499.99999988167775,0.6321362268428306,0.6321362268428306
585.6,0.9186666666846302,499.9999998664091,0.6321362267221823,0.6321362267221823
595.1999999999999,0.9173333333538072,499.999999849378,0.6321362265876076,0.6321362265876076
604.8,0.9160000000233006,499.99999983040425,0.6321362264376826,0.6321362264376826
614.4,0.9146666666931456,499.99999980929124,0.6321362262708539,0.6321362262708539
624.0,0.913333333363382,499.99999978582497,0.6321362260854304,0.6321362260854304
633.6,0.9120000000340521,499.9999997597729,0.6321362258795745,0.6321362258795745
643.1999999999999,0.9106666667052044,499.99999973088194,0.6321362256512869,0.6321362256512869
652.8,0.9093333333768897,499.99999969887773,0.6321362253983992,0.6321362253983992
662.4,0.9080000000491651,499.99999966346223,0.6321362251185564,0.6321362251185564
672.0,0.9066666667220934,499.99999962431286,0.6321362248092097,0.6321362248092097
681.6,0.9053333333957421,499.99999958107975,0.6321362244675945,0.6321362244675945
691.1999999999999,0.9040000000701857,499.9999995333846,0.6321362240907216,0.6321362240907216
700.8,0.9026666667455054,499.99999948081836,0.6321362236753588,0.6321362236753588
710.4,0.9013333334217899,499.99999942293914,0.6321362232180143,0.6321362232180143
720.0,0.9000000000991353,499.9999993592696,0.6321362227149168,0.6321362227149168
729.6,0.8986666667776471,499.9999992892951,0.6321362221619988,0.6321362221619988
739.1999999999999,0.8973333334574394,499.99999921246064,0.6321362215548758,0.6321362215548758
748.8,0.8960000001386366,499.9999991281684,0.6321362208888235,0.6321362208888235
758.4,0.8946666668213736,499.9999990357752,0.6321362201587599,0.6321362201587599
768.0,0.8933333335057971,499.99999893458875,0.6321362193592146,0.6321362193592146
777.6,0.8920000001920659,499.99999882386504,0.6321362184843089,0.6321362184843089
787.1999999999999,0.8906666668803526,499.999998702805,0.6321362175277283,0.6321362175277283
796.8,0.8893333335708434,499.9999985705506,0.6321362164826934,0.6321362164826934
806.4,0.8880000002637403,499.99999842618143,0.6321362153419312,0.6321362153419312
816.0,0.8866666669592619,499.9999982687107,0.6321362140976444,0.6321362140976444
825.6,0.8853333336576437,499.99999809708146,0.632136212741481,0.632136212741481
835.1999999999999,0.8840000003591411,499.99999791016154,0.6321362112644953,0.6321362112644953
844.8,0.8826666670640285,499.9999977067397,0.6321362096571164,0.6321362096571164
854.4,0.8813333337726031,499.99999748552045,0.6321362079091076,0.6321362079091076
864.0,0.8800000004851846,499.9999972451193,0.632136206009529,0.632136206009529
873.6,0.8786666672021167,499.9999969840573,0.6321362039466949,0.6321362039466949
883.1999999999999,0.8773333339237709,499.99999670075545,0.6321362017081278,0.6321362017081278
892.8,0.8760000006505453,499.9999963935295,0.6321361992805197,0.6321361992805197
902.4,0.874666667382869,499.9999960605828,0.6321361966496739,0.6321361966496739
912.0,0.8733333341212025,499.9999957000012,0.6321361938004649,0.6321361938004649
921.5999999999999,0.87200000086604,499.99999530974543,0.63213619071678,0.63213619071678
931.1999999999999,0.8706666676179124,499.9999948876445,0.6321361873814638,0.6321361873814638
940.8,0.8693333343773895,499.99999443138864,0.6321361837762656,0.6321361837762656
950.4,0.8680000011450807,499.99999393852113,0.632136179881773,0.632136179881773
960.0,0.86666666792164,499.9999934064311,0.6321361756773556,0.6321361756773556
969.5999999999999,0.8653333347077677,499.99999283234416,0.6321361711410912,0.6321361711410912
979.1999999999999,0.8640000015042125,499.9999922133148,0.6321361662497051,0.6321361662497051
988.8,0.8626666683117754,499.9999915462166,0.6321361609784937,0.6321361609784937
998.4,0.861333335131313,499.9999908277334,0.632136155301253,0.632136155301253
1008.0,0.8600000019637405,499.9999900543487,0.6321361491901967,0.6321361491901967
1017.5999999999999,0.8586666688100351,499.9999892223358,0.6321361426158778,0.6321361426158778
1027.2,0.8573333356712391,499.9999883277469,0.6321361355471024,0.6321361355471024
1036.8,0.8560000025484658,499.99998736640265,0.6321361279508456,0.6321361279508456
1046.3999999999999,0.8546666694429013,499.99998633387924,0.6321361197921525,0.6321361197921525
1056.0,0.8533333363558094,499.9999852254973,0.6321361110340479,0.6321361110340479
1065.6,0.8520000032885378,499.99998403630894,0.6321361016374348,0.6321361016374348
1075.2,0.8506666702425195,499.9999827610848,0.6321360915609926,0.6321360915609926
1084.8,0.8493333372192813,499.9999813943004,0.6321360807610683,0.6321360807610683
1094.3999999999999,0.848000004220446,499.9999799301219,0.6321360691915651,0.6321360691915651
1104.0,0.8466666712477393,499.9999783623911,0.6321360568038221,0.6321360568038221
1113.6,0.845333338302996,499.99997668461145,0.6321360435465058,0.6321360435465058
1123.2,0.8440000053881638,499.99997488993023,0.6321360293654681,0.6321360293654681
1132.8,0.8426666725053117,499.9999729711239,0.6321360142036305,0.6321360142036305
1142.3999999999999,0.8413333396566355,499.9999709205801,0.6321359980008427,0.6321359980008427
1152.0,0.840000006844464,499.9999687302802,0.6321359806937439,0.6321359806937439
1161.6,0.8386666740712676,499.9999663917808,0.6321359622156164,0.6321359622156164
1171.2,0.8373333413396643,499.999963896195,0.6321359424962393,0.6321359424962393
1180.8,0.8360000086524281,499.99996123417276,0.6321359214617304,0.6321359214617304
1190.3999999999999,0.8346666760124968,499.99995839588007,0.6321358990343848,0.6321358990343848
1200.0,0.8333333434229805,499.9999553709783,0.6321358751325099,0.6321358751325099
1209.6,0.8320000108871703,499.99995214860223,0.6321358496702518,0.6321358496702518
1219.2,0.830666678408548,499.9999487173371,0.6321358225574142,0.6321358225574142
1228.8,0.8293333459907948,499.9999450651962,0.6321357936992821,0.6321357936992821
1238.3999999999999,0.8280000136378014,499.9999411795956,0.632135762996421,0.632135762996421
1248.0,0.8266666813536792,499.9999370473299,0.6321357303444853,0.6321357303444853
1257.6,0.8253333491427702,499.99993265454617,0.6321356956340135,0.6321356956340135
1267.2,0.8240000170096582,499.99992798671747,0.6321356587502183,0.6321356587502183
1276.8,0.8226666849591813,499.99992302861517,0.6321356195727672,0.6321356195727672
1286.3999999999999,0.8213333529964433,499.99991776428084,0.6321355779755616,0.6321355779755616
1296.0,0.8200000211268266,499.9999121769964,0.6321355338265005,0.6321355338265005
1305.6,0.8186666893560056,499.9999062492551,0.63213548698725,0.63213548698725
1315.2,0.8173333576899602,499.99989996272853,0.632135437312985,0.632135437312985
1324.8,0.8160000261349898,499.9998932982365,0.6321353846521492,0.6321353846521492
1334.3999999999999,0.8146666946977279,499.9998862357123,0.632135328846182,0.632135328846182
1344.0,0.8133333633851584,499.9998787541698,0.6321352697292562,0.6321352697292562
1353.6,0.8120000322046306,499.9998708316676,0.6321352071279978,0.6321352071279978
1363.2,0.8106667011638758,499.999862445273,0.6321351408611997,0.6321351408611997
1372.8,0.8093333702710256,499.99985357102486,0.632135070739528,0.632135070739528
1382.3999999999999,0.8080000395346273,499.99984418389556,0.6321349965652217,0.6321349965652217
1392.0,0.8066667089636647,499.9998342577512,0.6321349181317787,0.6321349181317787
1401.6,0.805333378567576,499.99982376531136,0.6321348352236368,0.6321348352236368
1411.2,0.8040000483562744,499.9998126781068,0.6321347476158411,0.6321347476158411
1420.8,0.8026667183401669,499.99980096643765,0.6321346550737116,0.6321346550737116
1430.3999999999999,0.8013333885301782,499.9997885993286,0.6321345573524908,0.6321345573524908
1440.0,0.8000000589377702,499.999775544484,0.632134454196988,0.632134454196988
1449.6,0.798666729574966,499.99976176824134,0.6321343453412122,0.6321343453412122
1459.2,0.797333400454374,499.9997472355237,0.6321342305079959,0.6321342305079959
1468.8,0.7960000715892107,499.99973190979074,0.6321341094086079,0.6321341094086079
1478.3999999999999,0.7946667429933275,499.99971575298804,0.6321339817423541,0.6321339817423541
1488.0,0.7933334146812361,499.99969872549684,0.6321338471961784,0.6321338471961784
1497.6,0.7920000866681346,499.99968078607947,0.632133705444233,0.632133705444233
1507.2,0.7906667589699377,499.99966189182686,0.6321335561474635,0.6321335561474635
1516.8,0.7893334316033025,499.99964199810165,0.6321333989531583,0.6321333989531583
1526.3999999999999,0.7880001045856609,499.9996210584824,0.6321332334945091,0.6321332334945091
1536.0,0.7866667779352494,499.9995990247043,0.6321330593901422,0.6321330593901422
1545.6,0.7853334516711394,499.99957584660024,0.6321328762436512,0.6321328762436512
1555.2,0.7840001258132719,499.99955147203923,0.6321326836431131,0.6321326836431131
1564.8,0.7826668003824907,499.9995258468641,0.6321324811605941,0.6321324811605941
1574.3999999999999,0.7813334754005772,499.99949891482703,0.6321322683516398,0.6321322683516398
1584.0,0.7800001508902852,499.9994706175244,0.6321320447547633,0.6321320447547633
1593.6,0.7786668268753796,499.9994408943298,0.6321318098909116,0.6321318098909116
1603.2,0.7773335033806742,499.99940968232505,0.6321315632629249,0.6321315632629249
1612.8,0.7760001804320703,499.99937691623046,0.632131304354982,0.632131304354982
1622.3999999999999,0.7746668580565983,499.99934252833293,0.6321310326320342,0.6321310326320342
1632.0,0.7733335362824579,499.9993064484132,0.6321307475392299,0.6321307475392299
1641.6,0.7720002151390635,499.9992686036705,0.6321304485013185,0.6321304485013185
1651.2,0.7706668946570858,499.9992289186464,0.6321301349220506,0.6321301349220506
1660.8,0.7693335748685001,499.999187315147,0.6321298061835612,0.6321298061835612
1670.3999999999999,0.7680002558066306,499.9991437121631,0.632129461645739,0.632129461645739
1680.0,0.7666669375062009,499.9990980257887,0.6321291006455845,0.6321291006455845
1689.6,0.765333620003382,499.99905016913885,0.6321287224965579,0.6321287224965579
1699.2,0.7640003033358442,499.99900005226414,0.6321283264879063,0.6321283264879063
1708.8,0.7626669875428097,499.99894758206506,0.6321279118839848,0.6321279118839848
1718.3999999999999,0.7613336726651063,499.99889266220373,0.6321274779235602,0.6321274779235602
1728.0,0.7600003587452228,499.9988351930148,0.6321270238191067,0.6321270238191067
1737.6,0.758667045827366,499.9987750714132,0.6321265487560759,0.6321265487560759
1747.2,0.7573337339575195,499.9987121908018,0.6321260518921699,0.6321260518921699
1756.8,0.7560004231835031,499.99864644097636,0.6321255323565868,0.6321255323565868
1766.3999999999999,0.7546671135550358,499.99857770802885,0.6321249892492599,0.6321249892492599
1776.0,0.7533338051237985,499.9985058742494,0.6321244216400803,0.6321244216400803
1785.6,0.752000497943498,499.99843081802584,0.6321238285681048,0.6321238285681048
1795.2,0.7506671920699356,499.9983524137426,0.6321232090407569,0.6321232090407569
1804.8,0.7493338875610742,499.9982705316761,0.6321225620329987,0.6321225620329987
1814.3999999999999,0.7480005844771095,499.9981850378905,0.6321218864865096,0.6321218864865096
1824.0,0.7466672828805406,499.99809579412977,0.6321211813088313,0.6321211813088313
1833.6,0.7453339828362453,499.9980026577089,0.6321204453725096,0.6321204453725096
1843.1999999999998,0.7440006844115554,499.99790548140345,0.6321196775142199,0.6321196775142199
1852.8,0.7426673876763332,499.99780411333677,0.6321188765338789,0.6321188765338789
1862.3999999999999,0.7413340927030521,499.9976983968661,0.6321180411937415,0.6321180411937415
1872.0,0.7400007995668776,499.9975881704655,0.6321171702174782,0.6321171702174782
1881.6,0.7386675083457508,499.99747326760945,0.6321162622892533,0.6321162622892533
1891.1999999999998,0.7373342191204733,499.9973535166518,0.6321153160527703,0.6321153160527703
1900.8,0.736000931974795,499.9972287407051,0.6321143301103169,0.6321143301103169
1910.3999999999999,0.7346676469955028,499.9970987575169,0.6321133030217885,0.6321133030217885
1920.0,0.7333343642725138,499.996963379345,0.6321122333037024,0.6321122333037024
1929.6,0.7320010838989666,499.9968224128307,0.6321111194281948,0.6321111194281948
1939.1999999999998,0.7306678059713189,499.99667565886926,0.632109959822,0.632109959822
1948.8,0.7293345305894442,499.9965229124808,0.6321087528654276,0.6321087528654276
1958.3999999999999,0.728001257856733,499.9963639626775,0.632107496891314,0.632107496891314
1968.0,0.726667987880194,499.99619859232934,0.6321061901839631,0.6321061901839631
1977.6,0.7253347207705602,499.99602657802905,0.6321048309780767,0.6321048309780767
1987.1999999999998,0.7240014566423943,499.9958476899545,0.6321034174576686,0.6321034174576686
1996.8,0.7226681956141989,499.99566169172914,0.6321019477549618,0.6321019477549618
2006.3999999999999,0.7213349378085275,499.9954683402816,0.6321004199492783,0.6321004199492783
2016.0,0.720001683352099,499.9952673857032,0.632098832065914,0.632098832065914
2025.6,0.718668432375914,499.995058571103,0.6320971820749931,0.6320971820749931
2035.1999999999998,0.717335185015373,499.99484163246245,0.6320954678903195,0.6320954678903195
2044.8,0.7160019414103982,499.9946162984876,0.6320936873682086,0.6320936873682086
2054.4,0.7146687017055571,499.99438229045955,0.6320918383063072,0.6320918383063072
2064.0,0.713335466050189,499.994139322084,0.6320899184424021,0.6320899184424021
2073.6,0.7120022345985332,499.9938870993383,0.6320879254532143,0.6320879254532143
2083.2,0.7106690075098611,499.9936253203176,0.6320858569531814,0.6320858569531814
2092.7999999999997,0.7093357849486099,499.9933536750788,0.6320837104932245,0.6320837104932245
2102.4,0.7080025670845187,499.9930718454839,0.6320814835595119,0.6320814835595119
2112.0,0.7066693540927679,499.99277950504035,0.6320791735721968,0.6320791735721968
2121.6,0.7053361461541222,499.99247631874147,0.6320767778841556,0.6320767778841556
2131.2,0.7040029434550739,499.99216194290443,0.632074293779709,0.632074293779709
2140.7999999999997,0.7026697461879905,499.9918360250068,0.6320717184733295,0.6320717184733295
2150.4,0.701336554551265,499.9914982035224,0.6320690491083442,0.6320690491083442
2160.0,0.7000033687494691,499.99114810775427,0.6320662827556165,0.6320662827556165
2169.6,0.698670188993508,499.9907853576683,0.6320634164122293,0.6320634164122293
2179.2,0.6973370155007792,499.9904095637241,0.6320604470001503,0.6320604470001503
2188.7999999999997,0.696003848495334,499.9900203267041,0.6320573713648813,0.6320573713648813
2198.4,0.6946706882080417,499.9896172375432,0.6320541862741109,0.6320541862741109
2208.0,0.6933375348767559,499.9891998771557,0.6320508884163488,0.6320508884163488
2217.6,0.6920043887464848,499.98876781626143,0.6320474743995502,0.6320474743995502
2227.2,0.6906712500695646,499.9883206152106,0.6320439407497338,0.6320439407497338
2236.7999999999997,0.6893381191058345,499.9878578238081,0.6320402839095908,0.6320402839095908
2246.4,0.6880049961228156,499.9873789811354,0.6320365002370806,0.6320365002370806
2256.0,0.6866718813958926,499.9868836153732,0.6320325860040269,0.6320325860040269
2265.6,0.6853387752084988,499.9863712436213,0.6320285373946961,0.6320285373946961
2275.2,0.6840056778523036,499.9858413717187,0.6320243505043748,0.6320243505043748
2284.7999999999997,0.6826725896274024,499.985293494062,0.6320200213379347,0.6320200213379347
2294.4,0.6813395108425122,499.9847270934232,0.6320155458083946,0.6320155458083946
2304.0,0.6800064418151659,499.98414164076735,0.632010919735477,0.632010919735477
2313.6,0.6786733828719147,499.98353659506756,0.6320061388441482,0.6320061388441482
2323.2,0.6773403343485295,499.98291140312136,0.6320011987631668,0.6320011987631668
2332.7999999999997,0.6760072965902065,499.982265499365,0.6319960950236161,0.6319960950236161
2342.4,0.6746742699517784,499.9815983056875,0.631990823057435,0.631990823057435
2352.0,0.6733412547979243,499.98090923124386,0.6319853781959418,0.6319853781959418
2361.6,0.6720082515033865,499.98019767226816,0.6319797556683575,0.6319797556683575
2371.2,0.6706752604531884,499.9794630118861,0.6319739506003247,0.6319739506003247
2380.7999999999997,0.6693422820428563,499.97870461992613,0.6319679580124155,0.6319679580124155
2390.4,0.668009316678644,499.9779218527314,0.6319617728186442,0.6319617728186442
2400.0,0.6666763647777614,499.97711405297105,0.6319553898249777,0.6319553898249777
2409.6,0.6653434267686037,499.9762805494508,0.6319488037278386,0.6319488037278386
2419.2,0.6640105030909884,499.97542065692323,0.6319420091126052,0.6319420091126052
2428.7999999999997,0.6626775941963899,499.97453367589856,0.6319350004521171,0.6319350004521171
2438.4,0.6613447005481823,499.97361889245474,0.6319277721051746,0.6319277721051746
2448.0,0.6600118226218814,499.9726755780479,0.6319203183150405,0.6319203183150405
2457.6,0.6586789609053928,499.97170298932235,0.6319126332079384,0.6319126332079384
2467.2,0.6573461158992606,499.9707003679207,0.6319047107915543,0.6319047107915543
2476.7999999999997,0.6560132881169226,499.96966694029436,0.6318965449535369,0.6318965449535369
2486.4,0.6546804780849639,499.9686019175144,0.6318881294600038,0.6318881294600038
2496.0,0.6533476863433791,499.96750449508187,0.6318794579540443,0.6318794579540443
2505.6,0.6520149134458333,499.96637385273925,0.6318705239542264,0.6318705239542264
2515.2,0.6506821599599287,499.9652091542821,0.6318613208531113,0.6318613208531113
2524.7999999999997,0.6493494264674727,499.9640095473705,0.6318518419157624,0.6318518419157624
2534.4,0.6480167135647501,499.9627741633419,0.6318420802782665,0.6318420802782665
2544.0,0.6466840218627999,499.96150211702405,0.6318320289462548,0.6318320289462548
2553.6,0.6453513519876908,499.96019250654905,0.6318216807934357,0.6318216807934357
2563.2,0.6440187045808046,499.95884441316673,0.6318110285601183,0.6318110285601183
2572.7999999999997,0.6426860802991203,499.95745690106116,0.6318000648517632,0.6318000648517632
2582.4,0.6413534798155008,499.95602901716603,0.6317887821375235,0.6317887821375235
2592.0,0.6400209038189845,499.9545597909814,0.6317771727487973,0.6317771727487973
2601.6,0.638688353015078,499.9530482343925,0.631765228877795,0.631765228877795
2611.2,0.6373558281260531,499.9514933414878,0.6317529425761026,0.6317529425761026
2620.7999999999997,0.6360233298912468,499.94989408838,0.6317403057532675,0.6317403057532675
2630.4,0.634690859067363,499.9482494330274,0.6317273101753851,0.6317273101753851
2640.0,0.6333584164287787,499.9465583150559,0.6317139474636945,0.6317139474636945
2649.6,0.6320260027678523,499.9448196555842,0.6317002090931967,0.6317002090931967
2659.2,0.6306936188952349,499.9430323570486,0.6316860863912691,0.6316860863912691
2668.7999999999997,0.6293612656401842,499.94119530303027,0.6316715705363021,0.6316715705363021
2678.4,0.628028943850883,499.93930735808385,0.6316566525563436,0.6316566525563436
2688.0,0.6266966543947569,499.9373673675682,0.6316413233277623,0.6316413233277623
2697.6,0.6253643981587987,499.9353741574778,0.6316255735739159,0.6316255735739159
2707.2,0.6240321760498942,499.9333265342775,0.6316093938638442,0.6316093938638442
2716.7999999999997,0.6226999889951484,499.9312232847376,0.6315927746109663,0.6315927746109663
2726.4,0.621367837942219,499.9290631757722,0.6315757060718042,0.6315757060718042
2736.0,0.6200357238596476,499.92684495427864,0.6315581783447126,0.6315581783447126
2745.6,0.618703647737198,499.9245673469802,0.6315401813686379,0.6315401813686379
2755.2,0.6173716105861934,499.92222906026944,0.6315217049218778,0.6315217049218778
2764.7999999999997,0.6160396134398591,499.9198287800555,0.6315027386208772,0.6315027386208772
2774.4,0.6147076573536656,499.9173651716128,0.631483271919031,0.631483271919031
2784.0,0.613375743405675,499.91483687943196,0.631463294105507,0.631463294105507
2793.6,0.6120438726968904,499.91224252707445,0.631442794304097,0.631442794304097
2803.2,0.6107120463516067,499.9095807170285,0.6314217614720783,0.6314217614720783
2812.7999999999997,0.6093802655177638,499.90685003056865,0.6314001843991034,0.6314001843991034
2822.4,0.6080485313673035,499.90404902761765,0.6313780517061105,0.6313780517061105
2832.0,0.6067168450965265,499.90117624661116,0.631355351844252,0.631355351844252
2841.6,0.6053852079264538,499.8982302043656,0.631332073093852,0.631332073093852
2851.2,0.6040536211031879,499.8952093959488,0.6313082035633845,0.6313082035633845
2860.7999999999997,0.6027220858982789,499.8921122945543,0.6312837311884772,0.6312837311884772
2870.4,0.6013906036090892,499.8889373513774,0.6312586437309368,0.6312586437309368
2880.0,0.6000591755591643,499.88568299549655,0.631232928777807,0.631232928777807
2889.6,0.5987278030986016,499.8823476337561,0.6312065737404461,0.6312065737404461
2899.2,0.5973964876044241,499.87892965065356,0.6311795658536329,0.6311795658536329
2908.7999999999997,0.5960652304809536,499.87542740822965,0.6311518921747002,0.6311518921747002
2918.4,0.5947340331601877,499.8718392459632,0.6311235395827032,0.6311235395827032
2928.0,0.5934028971021765,499.8681634806676,0.631094494777601,0.631094494777601
2937.6,0.5920718237954032,499.86439840639304,0.6310647442794858,0.6310647442794858
2947.2,0.5907408147571644,499.8605422943311,0.6310342744278267,0.6310342744278267
2956.7999999999997,0.5894098715339524,499.85659339272354,0.631003071380751,0.631003071380751
2966.4,0.5880789957018395,499.85254992677557,0.6309711211143572,0.6309711211143572
2976.0,0.5867481888668632,499.8484100985727,0.6309384094220595,0.6309384094220595
2985.6,0.5854174526654132,499.84417208700125,0.630904921913959,0.630904921913959
2995.2,0.5840867887646186,499.83983404767366,0.6308706440162527,0.6308706440162527
3004.7999999999997,0.5827561988627377,499.83539411285795,0.6308355609706779,0.6308355609706779
3014.4,0.5814256846895475,499.83085039141093,0.6307996578339831,0.6307996578339831
3024.0,0.5800952480067356,499.8262009687165,0.6307629194774403,0.6307629194774403
3033.6,0.5787648906082917,499.8214439066277,0.6307253305863888,0.6307253305863888
3043.2,0.5774346143209015,499.8165772434137,0.6306868756598144,0.6306868756598144
3052.7999999999997,0.5761044210043397,499.8115989937113,0.6306475390099668,0.6306475390099668
3062.4,0.5747743125518648,499.8065071484808,0.6306073047620115,0.6306073047620115
3072.0,0.5734442908906153,499.80129967496697,0.6305661568537203,0.6305661568537203
3081.6,0.5721143579820043,499.7959745166644,0.6305240790351989,0.6305240790351989
3091.2,0.570784515822116,499.79052959328783,0.6304810548686515,0.6304810548686515
3100.7999999999997,0.5694547664421037,499.7849628007475,0.6304370677281856,0.6304370677281856
3110.4,0.5681251119085848,499.77927201112925,0.6303921007996562,0.6303921007996562
3120.0,0.5667955543240403,499.7734550726797,0.6303461370805474,0.6303461370805474
3129.6,0.5654660958272104,499.7675098097969,0.6302991593798986,0.6302991593798986
3139.2,0.5641367385934933,499.7614340230248,0.6302511503182624,0.6302511503182624
3148.7999999999997,0.5628074848353425,499.75522548905496,0.6302020923277161,0.6302020923277161
3158.4,0.5614783368026635,499.74888196073175,0.6301519676519031,0.6301519676519031
3168.0,0.5601492967832125,499.7424011670637,0.6301007583461239,0.6301007583461239
3177.6,0.5588203671029918,499.73578081324007,0.6300484462774661,0.6300484462774661
3187.2,0.5574915501266476,499.72901858065234,0.6299950131249741,0.6299950131249741
3196.7999999999997,0.5561628482578655,499.7221121269225,0.6299404403798731,0.6299404403798731
3206.4,0.5548342639397666,499.7150590859348,0.6298847093458187,0.6298847093458187
3216.0,0.5535057996553022,499.70785706787524,0.6298278011392118,0.6298278011392118
3225.6,0.5521774579276474,499.7005036592751,0.6297696966895393,0.6297696966895393
3235.2,0.5508492413205964,499.692996423061,0.6297103767397716,0.6297103767397716
3244.7999999999997,0.549521152438953,499.68533289860966,0.6296498218467945,0.6296498218467945
3254.4,0.548193193928923,499.6775106018103,0.6295880123819032,0.6295880123819032
3264.0,0.546865368478504,499.66952702513026,0.6295249285313196,0.6295249285313196
3273.6,0.5455376788178758,499.6613796376886,0.6294605502967743,0.6294605502967743
3283.2,0.544210127719787,499.653065885335,0.6293948574961311,0.6293948574961311
3292.7999999999997,0.5428827179999415,499.64458319073356,0.6293278297640464,0.6293278297640464
3302.4,0.541555452517384,499.63592895345374,0.6292594465526921,0.6292594465526921
3312.0,0.5402283341748829,499.62710055006704,0.629189687132515,0.629189687132515
3321.6,0.538901365919312,499.61809533424906,0.6291185305930462,0.6291185305930462
3331.2,0.5375745507420305,499.6089106368884,0.6290459558437608,0.6290459558437608
3340.7999999999997,0.5362478916792606,499.59954376620135,0.6289719416149832,0.6289719416149832
3350.4,0.5349213918124629,499.58999200785206,0.6288964664588386,0.6288964664588386
3360.0,0.5335950542687117,499.5802526250799,0.6288195087502574,0.6288195087502574
3369.6,0.5322688822210645,499.5703228588321,0.6287410466880253,0.6287410466880253
3379.2,0.5309428788889329,499.5601999279035,0.6286610582958844,0.6286610582958844
3388.7999999999997,0.5296170475384482,499.54988102908106,0.628579521423679,0.628579521423679
3398.4,0.5282913914828267,499.53936333729575,0.6284964137485528,0.6284964137485528
3408.0,0.5269659140827304,499.5286440057805,0.6284117127761985,0.6284117127761985
3417.6,0.5256406187466264,499.5177201662344,0.6283253958421545,0.6283253958421545
3427.2,0.5243155089311431,499.5065889289924,0.6282374401131462,0.6282374401131462
3436.7999999999997,0.5229905881414231,499.49524738320207,0.6281478225884828,0.6281478225884828
3446.4,0.521665859931473,499.48369259700667,0.6280565201015035,0.6280565201015035
3456.0,0.5203413279045107,499.4719216177341,0.6279635093210708,0.6279635093210708
3465.6,0.519016995713309,499.4599314720924,0.6278687667531153,0.6278687667531153
3475.2,0.5176928670605362,499.44771916637114,0.6277722687422264,0.6277722687422264
3484.7999999999997,0.516368945699092,499.43528168664994,0.6276739914733012,0.6276739914733012
3494.4,0.5150452354324417,499.4226159990124,0.6275739109732337,0.6275739109732337
3504.0,0.5137217401149456,499.4097190497666,0.6274720031126574,0.6274720031126574
3513.6,0.5123984636521843,499.3965877656725,0.6273682436077436,0.6273682436077436
3523.2,0.5110754100012815,499.383219054175,0.6272626080220401,0.6272626080220401
3532.7999999999997,0.5097525831712207,499.36960980364285,0.6271550717683615,0.6271550717683615
3542.4,0.5084299872231605,499.35575688361536,0.627045610110738,0.627045610110738
3552.0,0.507107626270743,499.34165714505355,0.6269341981663991,0.6269341981663991
3561.6,0.5057855044803996,499.32730742059914,0.6268208109078208,0.6268208109078208
3571.2,0.5044636260716523,499.31270452483847,0.626705423164811,0.626705423164811
3580.7999999999997,0.5031419953174093,499.297845254574,0.6265880096266544,0.6265880096266544
3590.4,0.5018206165442577,499.28272638910016,0.6264685448442932,0.6264685448442932
3600.0,0.5004994941327496,499.2673446904878,0.6263470032325726,0.6263470032325726
3609.6,0.49917863251768485,499.2516969038725,0.6262233590725221,0.6262233590725221
3619.2,0.4978580361883892,499.2357797577503,0.6260975865136886,0.6260975865136886
3628.7999999999997,0.4965377096889845,499.2195899642795,0.6259696595765245,0.6259696595765245
3638.4,0.49521765761865794,499.2031242195879,0.6258395521548131,0.6258395521548131
3648.0,0.49389788463192313,499.18637920408656,0.6257072380181494,0.6257072380181494
3657.6,0.4925783954388767,499.1693515827899,0.6255726908144681,0.6255726908144681
3667.2,0.49125919480544933,499.152038005641,0.6254358840726149,0.6254358840726149
3676.7999999999997,0.48994028755365193,499.13443510784293,0.6252967912049647,0.6252967912049647
3686.3999999999996,0.4886216785618154,499.1165395101974,0.6251553855100963,0.6251553855100963
3696.0,0.4873033727648245,499.09834781944693,0.6250116401754975,0.6250116401754975
3705.6,0.48598537515434753,499.07985662862507,0.6248655282803318,0.6248655282803318
3715.2,0.48466769077905736,499.0610625174105,0.6247170227982367,0.6247170227982367
3724.7999999999997,0.4833503247448493,499.041962052489,0.6245660966001831,0.6245660966001831
3734.3999999999996,0.4820332822150506,499.02255178791887,0.6244127224573641,0.6244127224573641
3744.0,0.48071656841062543,499.0028282655036,0.6242568730441379,0.6242568730441379
3753.6,0.4794001886103727,498.9827880151694,0.6240985209410131,0.6240985209410131
3763.2,0.478084148151117,498.96242755534854,0.623937638637676,0.623937638637676
3772.7999999999997,0.4767684524278942,498.94174339336803,0.6237741985360623,0.6237741985360623
3782.3999999999996,0.47545310689413006,498.9207320258441,0.6236081729534743,0.6236081729534743
3792.0,0.47413811706181197,498.8993899390811,0.6234395341257336,0.6234395341257336
3801.6,0.4728234885016539,498.87771360947687,0.6232682542103825,0.6232682542103825
3811.2,0.4715092268432552,498.8556995039329,0.6230943052899266,0.6230943052899266
3820.7999999999997,0.4701953377752508,498.8333440802691,0.6229176593751116,0.6229176593751116
3830.3999999999996,0.46888182704545667,498.81064378764484,0.6227382884082496,0.6227382884082496
3840.0,0.46756870046100696,498.787595066984,0.6225561642665791,0.6225561642665791
3849.6,0.46625596388848356,498.76419435140525,0.6223712587656633,0.6223712587656633
3859.2,0.46494362325403915,498.740438066658,0.6221835436628366,0.6221835436628366
3868.7999999999997,0.46363168454351317,498.71632263156204,0.6219929906606768,0.6219929906606768
3878.3999999999996,0.4623201538025389,498.69184445845275,0.6217995714105244,0.6217995714105244
3888.0,0.46100903713664493,498.6669999536307,0.6216032575160341,0.6216032575160341
3897.6,0.45969834071134796,498.6417855178159,0.6214040205367652,0.6214040205367652
3907.2,0.458388070752238,498.61619754660614,0.6212018319918026,0.6212018319918026
3916.7999999999997,0.45707823354505567,498.59023243094146,0.6209966633634263,0.6209966633634263
3926.3999999999996,0.45576883543576285,498.5638865575701,0.6207884861007951,0.6207884861007951
3936.0,0.45445988283060407,498.53715630952155,0.6205772716236831,0.6205772716236831
3945.6,0.453151382196161,498.51003806658247,0.6203629913262397,0.6203629913262397
3955.2,0.4518433400593981,498.4825282057763,0.620145616580781,0.620145616580781
3964.7999999999997,0.45053576300770054,498.45462310184814,0.6199251187416198,0.6199251187416198
3974.3999999999996,0.44922865768890474,498.4263191277525,0.6197014691489205,0.6197014691489205
3984.0,0.44792203081131887,498.39761265514556,0.6194746391325886,0.6194746391325886
3993.6,0.4466158891437376,498.3685000548807,0.6192446000161859,0.6192446000161859
4003.2,0.44531023951544585,498.33897769750797,0.6190113231208769,0.6190113231208769
4012.7999999999997,0.4440050888162162,498.30904195377695,0.6187747797694039,0.6187747797694039
4022.3999999999996,0.44270044399629727,498.27868919514344,0.6185349412900883,0.6185349412900883
4032.0,0.44139631206639257,498.2479157942792,0.6182917790208607,0.6182917790208607
4041.6,0.4400927000976328,498.21671812558446,0.6180452643133088,0.6180452643133088
4051.2,0.4387896152215378,498.18509256570496,0.617795368536764,0.617795368536764
4060.7999999999997,0.43748706462997033,498.153035494051,0.6175420630824021,0.6175420630824021
4070.3999999999996,0.4361850555750817,498.120543293319,0.6172853193673654,0.6172853193673654
4080.0,0.4348835953692479,498.08761235001754,0.6170251088389187,0.6170251088389187
4089.6,0.4335826913849979,498.05423905499475,0.616761402978616,0.616761402978616
4099.2,0.43228235105493185,498.020419803969,0.6164941733064948,0.6164941733064948
4108.8,0.43098258187163085,497.9861509980617,0.6162233913852864,0.6162233913852864
4118.4,0.4296833913875587,497.9514290443329,0.6159490288246463,0.6159490288246463
4128.0,0.4283847872149534,497.9162503563193,0.6156710572854079,0.6156710572854079
4137.599999999999,0.42708677702571063,497.8806113545739,0.6153894484838438,0.6153894484838438
4147.2,0.4257893685512571,497.8445084672087,0.6151041741959574,0.6151041741959574
4156.8,0.42449256958241655,497.80793813043783,0.6148152062617711,0.6148152062617711
4166.4,0.42319638796926445,497.77089678912455,0.6145225165896511,0.6145225165896511
4176.0,0.4219008316209757,497.73338089732835,0.6142260771606289,0.6142260771606289
4185.599999999999,0.42060590850566143,497.6953869188547,0.6139258600327463,0.6139258600327463
4195.2,0.41931162665019805,497.65691132780574,0.6136218373454063,0.6136218373454063
4204.8,0.4180179941400458,497.61795060913266,0.6133139813237374,0.6133139813237374
4214.4,0.41672501911905946,497.57850125918975,0.6130022642829724,0.6130022642829724
4224.0,0.4154327097892879,497.53855978628843,0.6126866586328258,0.6126866586328258
4233.599999999999,0.414141074410767,497.4981227112541,0.6123671368818937,0.6123671368818937
4243.2,0.41285012130130055,497.457186567982,0.6120436716420461,0.6120436716420461
4252.8,0.4115598588362342,497.4157479039959,0.6117162356328423,0.6117162356328423
4262.4,0.41027029544821725,497.3738032810056,0.6113848016859343,0.6113848016859343
4272.0,0.4089814396269596,497.3313492754667,0.6110493427494915,0.6110493427494915
4281.599999999999,0.40769329991897396,497.2883824791392,0.6107098318926145,0.6107098318926145
4291.2,0.4064058849273131,497.2448994996482,0.6103662423097649,0.6103662423097649
4300.8,0.40511920331129575,497.2008969610431,0.6100185473251838,0.6100185473251838
4310.4,0.4038332637862231,497.1563715043587,0.6096667203973265,0.6096667203973265
4320.0,0.4025480751230868,497.1113197881741,0.6093107351232787,0.6093107351232787
4329.599999999999,0.4012636461482672,497.0657384891738,0.6089505652431877,0.6089505652431877
4339.2,0.399979985743222,497.01962430270675,0.6085861846446838,0.6085861846446838
4348.8,0.3986971028441663,496.97297394334635,0.6082175673673018,0.6082175673673018
4358.4,0.39741500644174216,496.9257841454485,0.6078446876068927,0.6078446876068927
4368.0,0.39613370558068034,496.87805166371044,0.607467519720038,0.607467519720038
4377.599999999999,0.3948532093594516,496.82977327372794,0.6070860382284539,0.6070860382284539
4387.2,0.393573526929909,496.780945772552,0.6067002178233892,0.6067002178233892
4396.8,0.3922946674969216,496.73156597924464,0.6063100333700172,0.6063100333700172
4406.4,0.39101664031799777,496.6816307354331,0.6059154599118147,0.6059154599118147
4416.0,0.3897394547029001,496.6311369058635,0.6055164726749377,0.6055164726749377
4425.599999999999,0.3884631200132508,496.58008137895234,0.6051130470725773,0.6051130470725773
4435.2,0.3871876456621286,496.528461067337,0.6047051587093117,0.6047051587093117
4444.8,0.3859130411136549,496.476272908425,0.6042927833854457,0.6042927833854457
4454.4,0.38463931588257244,496.4235138649408,0.6038758971013296,0.6038758971013296
4464.0,0.38336647953381464,496.3701809254709,0.6034544760616697,0.6034544760616697
4473.599999999999,0.3820945416820645,496.3162711050075,0.6030284966798208,0.6030284966798208
4483.2,0.3808235119913064,496.2617814454895,0.6025979355820631,0.6025979355820631
4492.8,0.37955340017436734,496.2067090163415,0.6021627696118611,0.6021627696118611
4502.4,0.37828421599245055,496.15105091501056,0.6017229758341034,0.6017229758341034
4512.0,0.37701596925465886,496.0948042675004,0.6012785315393259,0.6012785315393259
4521.599999999999,0.37574866981751043,496.0379662289033,0.6008294142479126,0.6008294142479126
4531.2,0.37448232758444494,495.98053398392875,0.6003756017142746,0.6003756017142746
4540.8,0.3732169525053212,495.9225047474295,0.5999170719310065,0.5999170719310065
4550.4,0.37195255457590576,495.8638757649255,0.599453803133025,0.599453803133025
4560.0,0.37068914383735363,495.80464431312333,0.5989857738016745,0.5989857738016745
4569.599999999999,0.36942673037567975,495.744807700434,0.5985129626688193,0.5985129626688193
4579.2,0.3681653243212216,495.68436326748616,0.5980353487208964,0.5980353487208964
4588.8,0.3669049358480943,495.62330838763705,0.5975529112029558,0.5975529112029558
4598.4,0.3656455751736363,495.561640467479,0.5970656296226606,0.5970656296226606
4608.0,0.36438725255784726,495.49935694734273,0.596573483754265,0.596573483754265
4617.599999999999,0.3631299783028174,495.43645530179765,0.5960764536425665,0.5960764536425665
4627.2,0.36187376275214844,495.3729330401467,0.595574519606817,0.595574519606817
4636.8,0.36061861629036646,495.3087877069187,0.5950676622446133,0.5950676622446133
4646.4,0.3593645493423271,495.24401688235616,0.5945558624357506,0.5945558624357506
4656.0,0.35811157237261204,495.17861818289873,0.5940391013460433,0.5940391013460433
4665.599999999999,0.35685969588491767,495.11258926166215,0.5935173604311093,0.5935173604311093
4675.2,0.35560893042143565,495.0459278089141,0.5929906214401298,0.5929906214401298
4684.8,0.3543592865622266,494.9786315525441,0.5924588664195636,0.5924588664195636
4694.4,0.35311077492458454,494.9106982585292,0.5919220777168248,0.5919220777168248
4704.0,0.35186340616239453,494.84212573139575,0.5913802379839335,0.5913802379839335
4713.599999999999,0.35061719096548327,494.7729118146753,0.5908333301811161,0.5908333301811161
4723.2,0.34937214005896067,494.7030543913568,0.5902813375803804,0.5902813375803804
4732.8,0.34812826420255516,494.6325513843315,0.5897242437690312,0.5897242437690312
4742.4,0.3468855741899412,494.561400756837,0.5891620326531759,0.5891620326531759
4752.0,0.34564408084805964,494.48960051289066,0.5885946884611541,0.5885946884611541
4761.599999999999,0.344403795036431,494.4171486977225,0.5880221957469534,0.5880221957469534
4771.2,0.3431647276464609,494.3440433981999,0.5874445393935688,0.5874445393935688
4780.8,0.34192688960074025,494.27028274324783,0.5868617046163209,0.5868617046163209
4790.4,0.3406902918523359,494.1958649042635,0.5862736769661342,0.5862736769661342
4800.0,0.33945494538407717,494.1207880955245,0.5856804423327612,0.5856804423327612
4809.599999999999,0.33822086120783384,494.04505057459306,0.5850819869479754,0.5850819869479754
4819.2,0.33698805036378865,493.96865064271213,0.5844782973887044,0.5844782973887044
4828.8,0.33575652391970195,493.8915866451975,0.5838693605801245,0.5838693605801245
4838.4,0.3345262929701716,493.81385697182276,0.5832551637987058,0.5832551637987058
4848.0,0.3332973686358851,493.7354600571981,0.5826356946752028,0.5826356946752028
4857.599999999999,0.33206976206286604,493.65639438114414,0.5820109411976095,0.5820109411976095
4867.2,0.33084348442171496,493.576658469058,0.5813808917140524,0.5813808917140524
4876.8,0.3296185469068437,493.4962508922738,0.5807455349356386,0.5807455349356386
4886.4,0.3283949607357034,493.415170268417,0.580104859939255,0.580104859939255
4896.0,0.32717273714800754,493.33341526175144,0.579458856170311,0.579458856170311
4905.599999999999,0.32595188740494896,493.25098458352034,0.5788075134454338,0.5788075134454338
4915.2,0.32473242278841097,493.16787699228075,0.5781508219551101,0.5781508219551101
4924.8,0.32351435460017375,493.08409129423086,0.5774887722662728,0.5774887722662728
4934.4,0.322297694161115,492.99962634353074,0.5768213553248351,0.5768213553248351
4944.0,0.32108245281040476,492.91448104261644,0.5761485624581731,0.5761485624581731
4953.599999999999,0.3198686419046963,492.82865434250635,0.5754703853775456,0.5754703853775456
4963.2,0.3186562728173114,492.742145243102,0.5747868161804717,0.5747868161804717
4972.8,0.31744535693742004,492.6549527934803,0.5740978473530393,0.5740978473530393
4982.4,0.31623590566921694,492.5670760921795,0.5734034717721663,0.5734034717721663
4992.0,0.3150279304310923,492.4785142874777,0.5727036827077991,0.5727036827077991
5001.599999999999,0.31382144265479783,492.3892665776648,0.5719984738250623,0.5719984738250623
5011.2,0.3126164537846094,492.29933221130534,0.5712878391863367,0.5712878391863367
5020.8,0.3114129752764845,492.20871048749666,0.5705717732532976,0.5705717732532976
5030.4,0.3102110185972158,492.11740075611675,0.5698502708888739,0.5698502708888739
5040.0,0.30901059522358143,492.02540241806753,0.5691233273591705,0.5691233273591705
5049.599999999999,0.3078117166414895,491.93271492550804,0.5683909383353114,0.5683909383353114
5059.2,0.30661439434512144,491.8393377820819,0.5676530998952354,0.5676530998952354
5068.8,0.3054186398360692,491.74527054313626,0.5669098085254284,0.5669098085254284
5078.4,0.3042244646224704,491.65051281593315,0.5661610611225913,0.5661610611225913
5088.0,0.3030318802181394,491.5550642598542,0.565406854995259,0.565406854995259
5097.599999999999,0.3018408981416962,491.45892458659534,0.5646471878653385,0.5646471878653385
5107.2,0.30065152991569016,491.36209356035664,0.5638820578696088,0.5638820578696088
5116.8,0.29946378706572313,491.2645709980216,0.5631114635611375,0.5631114635611375
5126.4,0.29827768111956765,491.1663567693313,0.5623354039106575,0.5623354039106575
5136.0,0.29709322360628354,491.0674507970475,0.5615538783078555,0.5615538783078555
5145.599999999999,0.29591042605533174,490.96785305711103,0.5607668865626225,0.5607668865626225
5155.2,0.29472929999568515,490.8675635787905,0.5599744289062308,0.5599744289062308
5164.8,0.2935498569549381,490.76658244482246,0.5591765059924398,0.5591765059924398
5174.4,0.2923721084584123,490.6649097915456,0.5583731188985573,0.5583731188985573
5184.0,0.291196066028262,490.5625458090252,0.5575642691264231,0.5575642691264231
5193.599999999999,0.29002174118257595,490.4594907411703,0.5567499586033334,0.5567499586033334
5203.2,0.2888491454344785,490.35574488584246,0.5559301896829018,0.5559301896829018
5212.8,0.28767829029122927,490.2513085949569,0.5551049651458582,0.5551049651458582
5222.4,0.28650918725331964,490.1461822745752,0.55427428820078,0.55427428820078
5232.0,0.2853418478135698,490.0403663849899,0.5534381624847624,0.5534381624847624
5241.599999999999,0.2841762834562232,489.93386144080097,0.5525965920640213,0.5525965920640213
5251.2,0.28301250565604014,489.8266680109845,0.5517495814344373,0.5517495814344373
5260.8,0.28185052587739096,489.7187867189527,0.5508971355220273,0.5508971355220273
5270.4,0.28069035557334754,489.61021824260644,0.5500392596833636,0.5500392596833636
5280.0,0.2795320061847745,489.5009633143786,0.5491759597059128,0.5491759597059128
5289.599999999999,0.2783754891394199,489.39102272127064,0.5483072418083262,0.5483072418083262
5299.2,0.27722081585100516,489.28039730487956,0.5474331126406536,0.5474331126406536
5308.8,0.276067997718315,489.16908796141786,0.5465535792844999,0.5465535792844999
5318.4,0.2749170461242862,489.0570956417247,0.5456686492531133,0.5456686492531133
5328.0,0.27376797243509843,488.94442135126917,0.5447783304914122,0.5447783304914122
5337.599999999999,0.2726207879992626,488.831066150145,0.5438826313759417,0.5438826313759417
5347.2,0.2714755041467117,488.7170311530581,0.5429815607147773,0.5429815607147773
5356.8,0.2703321321878899,488.6023175293045,0.5420751277473486,0.5420751277473486
5366.4,0.26919068341284413,488.48692650274177,0.5411633421442137,0.5411633421442137
5376.0,0.26805116909031496,488.3708593517508,0.5402462140067595,0.5402462140067595
5385.599999999999,0.26691360046682855,488.25411740919077,0.5393237538668426,0.5393237538668426
5395.2,0.2657779887657895,488.1367020623453,0.5383959726863662,0.5383959726863662
5404.8,0.2646443451865752,488.0186147528604,0.5374628818567885,0.5374628818567885
5414.4,0.26351268090363056,487.89985697667515,0.5365244931985758,0.5365244931985758
5424.0,0.26238300706556483,487.78043028394364,0.5355808189605848,0.5355808189605848
5433.599999999999,0.261255334794249,487.6603362789493,0.5346318718193865,0.5346318718193865
5443.2,0.26012967518391555,487.5395766200109,0.5336776648785236,0.5336776648785236
5452.8,0.2590060393002592,487.418153019381,0.5327182116677064,0.5327182116677064
5462.4,0.2578844381795402,487.29606724313595,0.5317535261419455,0.5317535261419455
5472.0,0.25676488282768917,487.173321111059,0.5307836226806276,0.5307836226806276
5481.599999999999,0.255647384219414,487.0499164965141,0.5298085160865175,0.5298085160865175
5491.2,0.2545319532973089,486.92585532631296,0.5288282215847095,0.5288282215847095
5500.8,0.25341860097096597,486.8011395805742,0.5278427548215123,0.5278427548215123
5510.4,0.25230733811608963,486.6757712925742,0.5268521318632714,0.5268521318632714
5520.0,0.2511981755736132,486.5497525485908,0.5258563691951342,0.5258563691951342
5529.599999999999,0.25009112414881746,486.42308548773855,0.5248554837197488,0.5248554837197488
5539.2,0.2489861946104542,486.29577230179757,0.5238494927559101,0.5238494927559101
5548.8,0.24788339768987028,486.1678152350338,0.5228384140371406,0.5228384140371406
5558.4,0.24678274408013676,486.03921658401146,0.5218222657102083,0.5218222657102083
5568.0,0.24568424443518008,485.9099786973994,0.520801066333597,0.520801066333597
5577.599999999999,0.24458790936891725,485.78010397576816,0.5197748348759011,0.5197748348759011
5587.2,0.24349374945439417,485.64959487138105,0.5187435907141771,0.5187435907141771
5596.8,0.24240177522292794,485.51845388797744,0.5177073536322293,0.5177073536322293
5606.4,0.241311997163252,485.38668358054844,0.5166661438188381,0.5166661438188381
5616.0,0.24022442572066696,485.254286555105,0.5156199818659281,0.5156199818659281
5625.599999999999,0.2391390712961929,485.1212654684404,0.5145688887666898,0.5145688887666898
5635.2,0.2380559442457283,484.98762302788344,0.5135128859136311,0.5135128859136311
5644.8,0.23697505487921092,484.8533619910463,0.5124519950965841,0.5124519950965841
5654.4,0.23589641345978477,484.7184851655641,0.5113862385006472,0.5113862385006472
5664.0,0.23482003020297104,484.5829954088285,0.5103156387040797,0.5103156387040797
5673.599999999999,0.23374591527584246,484.4468956277132,0.5092402186761349,0.5092402186761349
5683.2,0.23267407879620422,484.3101887782941,0.5081600017748452,0.5081600017748452
5692.8,0.23160453083177818,484.17287786556125,0.5070750117447492,0.5070750117447492
5702.4,0.23053728139939272,484.0349659431246,0.5059852727145655,0.5059852727145655
5712.0,0.22947234046417753,483.89645611291365,0.5048908091948195,0.5048908091948195
5721.599999999999,0.2284097179387631,483.7573515248693,0.5037916460754079,0.5037916460754079
5731.2,0.22734942368248598,483.6176553766303,0.5026878086231218,0.5026878086231218
5740.8,0.22629146750059914,483.4773709132127,0.5015793224791141,0.5015793224791141
5750.4,0.22523585914348782,483.3365014266826,0.5004662136563124,0.5004662136563124
5760.0,0.22418260830589073,483.19505025582345,0.4993485085367916,0.4993485085367916
5769.599999999999,0.22313172462612751,483.0530207857963,0.49822623386908876,0.49822623386908876
5779.2,0.22208321768533093,482.91041644779426,0.4970994167654717,0.4970994167654717
5788.8,0.22103709700668608,482.76724071869063,0.49596808469916037,0.49596808469916037
5798.4,0.21999337205467473,482.62349712068135,0.4948322655015005,0.4948322655015005
5808.0,0.218952052234326,482.47918922092117,0.49369198735908887,0.49369198735908887
5817.599999999999,0.2179131468904734,482.3343206311539,0.49254727881085175,0.49254727881085175
5827.2,0.21687666530701782,482.18889500733735,0.4913981687450814,0.4913981687450814
5836.8,0.2158426167061968,482.0429160492618,0.4902446863964213,0.4902446863964213
5846.4,0.2148110102478607,481.89638750016366,0.4890868613428132,0.4890868613428132
5856.0,0.2137818550287551,481.74931314633284,0.4879247235023948,0.4879247235023948
5865.599999999999,0.21275516008180984,481.6016968167151,0.4867583031303579,0.4867583031303579
5875.2,0.21173093437543464,481.4535423825093,0.4855876308157651,0.4855876308157651
5884.8,0.2107091868128219,481.30485375675755,0.48441273747831315,0.48441273747831315
5894.4,0.20968992623125643,481.1556348939334,0.4832336543650761,0.4832336543650761
5904.0,0.208673161401431,481.00588978952175,0.48205041304718915,0.48205041304718915
5913.599999999999,0.2076589010267711,480.8556224795949,0.4808630454164957,0.4808630454164957
5923.2,0.20664715374276466,480.70483704038435,0.47967158368216606,0.47967158368216606
5932.8,0.20563792811630058,480.5535375878465,0.4784760603672646,0.4784760603672646
5942.4,0.20463123264501354,480.4017282772245,0.4772765083052878,0.4772765083052878
5952.0,0.20362707575663688,480.2494133026047,0.47607296063666,0.47607296063666
5961.599999999999,0.20262546580836233,480.09659689646884,0.47486545080519404,0.47486545080519404
5971.2,0.20162641108620824,479.943283329242,0.4736540125545198,0.4736540125545198
5980.8,0.20062991980439426,479.789476908835,0.472438679924469,0.472438679924469
5990.4,0.1996360001047246,479.635181980184,0.47121948724743506,0.47121948724743506
6000.0,0.19864466005597822,479.48040292478476,0.4699964691446967,0.4699964691446967
6009.599999999999,0.19765590765330782,479.32514416022315,0.4687696605227041,0.4687696605227041
6019.2,0.19666975081764612,479.1694101397012,0.46753909656933645,0.46753909656933645
6028.8,0.19568619739512016,479.01320535155975,0.46630481275012936,0.46630481275012936
6038.4,0.1947052551564735,478.8565343187968,0.46506684480446897,0.46506684480446897
6048.0,0.1937269317964971,478.69940159858226,0.4638252287417581,0.4638252287417581
6057.599999999999,0.19275123493346755,478.54181178176896,0.46258000083755124,0.46258000083755124
6067.2,0.19177817210859427,478.38376949239984,0.4613311976296617,0.4613311976296617
6076.8,0.1908077507854741,478.225279387212,0.4600788559142427,0.4600788559142427
6086.4,0.1898399783495551,478.06634615513707,0.4588230127418378,0.4588230127418378
6096.0,0.18887486210760845,477.90697451679836,0.45756370541341024,0.45756370541341024
6105.599999999999,0.18791240928720837,477.7471692240047,0.45630097147634163,0.45630097147634163
6115.2,0.18695262703622106,477.5869350592416,0.4550348487204108,0.4550348487204108
6124.8,0.18599552242230177,477.4262768351583,0.45376537517374205,0.45376537517374205
6134.4,0.18504110243240085,477.2651993940531,0.4524925890987379,0.4524925890987379
6144.0,0.18408937397227823,477.1037076073552,0.4512165289879839,0.4512165289879839
6153.599999999999,0.18314034386602654,476.9418063751039,0.44993723356013504,0.44993723356013504
6163.2,0.1821940188556027,476.7795006254251,0.4486547417557775,0.4486547417557775
6172.8,0.18125040560036934,476.61679531400534,0.4473690927332738,0.4473690927332738
6182.4,0.1803095106766432,476.4536954235634,0.44608032586458685,0.44608032586458685
6192.0,0.1793713405772545,476.2902059633194,0.44478848073108634,0.44478848073108634
6201.599999999999,0.17843590171111356,476.12633196846195,0.4434935971193355,0.4434935971193355
6211.2,0.17750320040278672,475.96207849961246,0.44219571501686133,0.44219571501686133
6220.8,0.17657324289208193,475.7974506422884,0.44089487460791194,0.44089487460791194
6230.4,0.17564603533364256,475.63245350636356,0.43959111626919084,0.43959111626919084
6240.0,0.1747215837965506,475.4670922255267,0.43828448056558195,0.43828448056558195
6249.599999999999,0.17379989426393833,475.3013719567395,0.4369750082458637,0.4369750082458637
6259.2,0.17288097263261018,475.1352978796908,0.43566274023839835,0.43566274023839835
6268.8,0.1719648247126727,474.968875196251,0.43434771764681973,0.43434771764681973
6278.4,0.17105145622717385,474.8021091299244,0.4330299817457068,0.4330299817457068
6288.0,0.1701408728117522,474.63500492529954,0.43170957397623955,0.43170957397623955
6297.599999999999,0.16923308001429382,474.46756784749925,0.43038653594185444,0.43038653594185444
6307.2,0.16832808329459986,474.29980318162853,0.4290609094038805,0.4290609094038805
6316.8,0.16742588802406283,474.13171623222235,0.42773273627717673,0.42773273627717673
6326.4,0.16652649948535125,473.96331232269137,0.4264020586257524,0.4264020586257524
6336.0,0.16562992287210518,473.79459679476736,0.4250689186583847,0.4250689186583847
6345.599999999999,0.16473616328863927,473.6255750079478,0.4237333587242301,0.4237333587242301
6355.2,0.16384522574965701,473.45625233893935,0.42239542130842667,0.42239542130842667
6364.8,0.162957115179972,473.28663418110085,0.4210551490276936,0.4210551490276936
6374.4,0.16207183641424053,473.11672594388637,0.4197125846259294,0.4197125846259294
6384.0,0.16118939419670245,472.9465330522862,0.4183677709697955,0.4183677709697955
6393.599999999999,0.1603097931809313,472.77606094627,0.4170207510443151,0.4170207510443151
6403.2,0.15943303792959415,472.6053150802266,0.41567156794844873,0.41567156794844873
6412.8,0.15855913291422066,472.4343009224063,0.41432026489068463,0.41432026489068463
6422.4,0.15768808251498131,472.2630239543617,0.41296688518462304,0.41296688518462304
6432.0,0.15681989102047483,472.0914896703887,0.4116114722445573,0.4116114722445573
6441.599999999999,0.1559545626275254,471.9197035769675,0.41025406958105787,0.41025406958105787
6451.2,0.15509210144098862,471.7476711922047,0.4088947207965631,0.4088947207965631
6460.8,0.15423251147356742,471.57539804527397,0.4075334695809608,0.4075334695809608
6470.4,0.15337579664563647,471.4028896758588,0.40617035970718307,0.40617035970718307
6480.0,0.15252196078507654,471.2301516335946,0.40480543502680044,0.40480543502680044
6489.599999999999,0.15167100762711805,471.0571894775115,0.403438739465617,0.403438739465617
6499.2,0.15082294081419334,470.88400877547843,0.40207031701927853,0.40207031701927853
6508.8,0.1499777638957992,470.7106151036468,0.400700211748876,0.400700211748876
6518.4,0.14913548032836751,470.5370140458958,0.3993284677765641,0.3993284677765641
6528.0,0.14829609347514625,470.3632111932785,0.39795512928118293,0.39795512928118293
6537.599999999999,0.14745960660608842,470.18921214346847,0.39658024049388496,0.39658024049388496
6547.2,0.1466260228977516,470.01502250020786,0.395203845693776,0.395203845693776
6556.8,0.14579534543320563,469.84064787275634,0.39382598920355893,0.39382598920355893
6566.4,0.14496757720194997,469.66609387534123,0.39244671538519005,0.39244671538519005
6576.0,0.1441427210998398,469.4913661266093,0.39106606863554627,0.39106606863554627
6585.599999999999,0.14332077992902187,469.31647024907954,0.38968409338210186,0.38968409338210186
6595.2,0.14250175639787852,469.14141186859746,0.3883008340786165,0.3883008340786165
6604.8,0.14168565312098205,468.9661966137908,0.3869163352008341,0.3869163352008341
6614.4,0.14087247261905658,468.7908301155276,0.3855306412422004,0.3855306412422004
6624.0,0.14006221731895024,468.6153180063745,0.38414379670958304,0.38414379670958304
6633.599999999999,0.13925488955361595,468.4396659200583,0.382755846119018,0.382755846119018
6643.2,0.13845049156210051,468.2638794909284,0.3813668339914591,0.3813668339914591
6652.8,0.1376490254895435,468.08796435342157,0.379976804848552,0.379976804848552
6662.4,0.1368504933871846,467.9119261415284,0.3785858032084158,0.3785858032084158
6672.0,0.13605489721238026,467.7357704882625,0.3771938735814505,0.3771938735814505
6681.599999999999,0.1352622388286281,467.55950302513054,0.3758010604661479,0.3758010604661479
6691.2,0.13447252000560128,467.38312938160624,0.37440740834493696,0.37440740834493696
6700.8,0.1336857424191911,467.20665518460464,0.3730129616800282,0.3730129616800282
6710.4,0.13290190765155835,467.03008605796066,0.37161776490929394,0.37161776490929394
6720.0,0.13212101719119324,466.85342762190874,0.3702218624421566,0.3702218624421566
6729.599999999999,0.1313430724329837,466.6766854925653,0.3688252986554994,0.3688252986554994
6739.2,0.13056807467829337,466.4998652814142,0.3674281178896004,0.3674281178896004
6748.8,0.12979602513504687,466.32297259479435,0.36603036444408354,0.36603036444408354
6758.4,0.1290269249178237,466.1460130333899,0.3646320825738909,0.3646320825738909
6768.0,0.12826077504796166,465.9689921917237,0.3632333164852794,0.3632333164852794
6777.599999999999,0.12749757645366738,465.791915657653,0.3618341103318367,0.3618341103318367
6787.2,0.1267373299701362,465.61478901186877,0.3604345082105244,0.3604345082105244
6796.8,0.1259800363396796,465.437617827397,0.35903455415773805,0.35903455415773805
6806.4,0.1252256962118613,465.2604076691038,0.3576342921453961,0.3576342921453961
6816.0,0.1244743101436413,465.08316409320327,0.35623376607705093,0.35623376607705093
6825.599999999999,0.12372587859952848,464.90589264676845,0.3548330197840257,0.3548330197840257
6835.2,0.12298040195174105,464.72859886724535,0.3534320970215733,0.3534320970215733
6844.8,0.12223788048037494,464.55128828197047,0.3520310414650641,0.3520310414650641
6854.4,0.12149831437357997,464.3739664076919,0.3506298967062024,0.3506298967062024
6864.0,0.12076170372774514,464.1966387500926,0.34922870624925856,0.34922870624925856
6873.599999999999,0.12002804854768985,464.01931080331855,0.3478275135073421,0.3478275135073421
6883.2,0.11929734874686469,463.8419880495093,0.3464263617986905,0.3464263617986905
6892.8,0.11856960414755906,463.66467595833274,0.3450252943429935,0.3450252943429935
6902.4,0.11784481448111701,463.48737998652274,0.3436243542577414,0.3436243542577414
6912.0,0.11712297938815994,463.31010557742104,0.3422235845546029,0.3422235845546029
6921.599999999999,0.11640409841881781,463.13285816052263,0.340823028135834,0.340823028135834
6931.2,0.11568817103296741,462.9556431510242,0.3394227277907098,0.3394227277907098
6940.8,0.11497519660047775,462.7784659493778,0.3380227261919974,0.3380227261919974
6950.4,0.11426517440146369,462.6013319408466,0.33662306589244656,0.33662306589244656
6960.0,0.11355810362654593,462.4242464950658,0.33522378932131885,0.33522378932131885
6969.599999999999,0.1128539833771191,462.2472149656069,0.33382493878094516,0.33382493878094516
6979.2,0.11215281266562667,462.07024268954564,0.33242655644331265,0.33242655644331265
6988.8,0.11145459041584276,461.893334987035,0.331028684346689,0.331028684346689
6998.4,0.11075931546316144,461.71649716088064,0.3296313643922683,0.3296313643922683
7008.0,0.11006698655489278,461.5397344961219,0.32823463834086175,0.32823463834086175
7017.599999999999,0.1093776023505658,461.3630522596162,0.326838547809611,0.326838547809611
7027.2,0.10869116142223868,461.1864556996272,0.325443134268736,0.325443134268736
7036.8,0.10800766225481499,461.0099500454183,0.3240484390383228,0.3240484390383228
7046.4,0.1073271032463675,460.83354050684903,0.322654503285133,0.322654503285133
7056.0,0.10664948270846783,460.65723227397706,0.32126136801945976,0.32126136801945976
7065.599999999999,0.10597479886652339,460.48103051666294,0.31986907409200527,0.31986907409200527
7075.2,0.10530304986012036,460.3049403841808,0.3184776621908032,0.3184776621908032
7084.8,0.10463423374337313,460.12896700483225,0.3170871728381696,0.3170871728381696
7094.4,0.10396834848528033,459.95311548556515,0.31569764638768844,0.31569764638768844
7104.0,0.10330539197008703,459.77739091159646,0.3143091230212331,0.3143091230212331
7113.599999999999,0.102645361997653,459.6017983460404,0.31292164274602796,0.31292164274602796
7123.2,0.10198825628382738,459.4263428295398,0.31153524539173416,0.31153524539173416
7132.8,0.10133407246082904,459.2510293799031,0.3101499706075836,0.3101499706075836
7142.4,0.1006828080776333,459.07586299174505,0.3087658578595374,0.3087658578595374
7152.0,0.10003446060036443,458.900848636133,0.30738294642749275,0.30738294642749275
7161.599999999999,0.09938902741269377,458.7259912602364,0.306001275402513,0.306001275402513
7171.2,0.09874650581624403,458.55129578698194,0.3046208836841013,0.3046208836841013
7180.8,0.09810689303099886,458.3767671147132,0.30324180997751327,0.30324180997751327
7190.4,0.09747018619571796,458.20241011685454,0.30186409279110055,0.30186409279110055
7200.0,0.09683638236835831,458.0282296415801,0.3004877704336939,0.3004877704336939
7209.599999999999,0.09620547852650024,457.85423051148706,0.29911288101202366,0.29911288101202366
7219.2,0.09557747156777908,457.6804175232739,0.29773946242817545,0.29773946242817545
7228.8,0.09495235831032196,457.5067954474238,0.29636755237709034,0.29636755237709034
7238.4,0.09433013549319043,457.3333690278917,0.29499718834408983,0.29499718834408983
7248.0,0.09371079977682713,457.1601429817972,0.2936284076024519,0.2936284076024519
7257.599999999999,0.09309434774350839,456.9871219991215,0.29226124721101393,0.29226124721101393
7267.2,0.09248077589780149,456.81431074240976,0.29089574401182283,0.29089574401182283
7276.8,0.09187008066702682,456.6417138464778,0.28953193462781546,0.28953193462781546
7286.4,0.09126225840172472,456.4693359181236,0.28816985546054086,0.28816985546054086
7296.0,0.09065730537612739,456.29718153584423,0.28680954268792225,0.28680954268792225
7305.599999999999,0.09005521778863473,456.12525524955686,0.285451032262053,0.285451032262053
7315.2,0.08945599176229597,455.95356158032524,0.28409435990703547,0.28409435990703547
7324.8,0.08885962334529446,455.78210502009006,0.28273956111685017,0.28273956111685017
7334.4,0.08826610851143771,455.61089003140586,0.28138667115327715,0.28138667115327715
7344.0,0.08767544316065135,455.4399210471812,0.28003572504384244,0.28003572504384244
7353.599999999999,0.08708762311947754,455.26920247042466,0.27868675757981154,0.27868675757981154
7363.2,0.08650264414157759,455.0987386739952,0.27733980331421637,0.27733980331421637
7372.799999999999,0.08592050190823833,454.92853400035733,0.2759948965599217,0.2759948965599217
7382.4,0.08534119202888264,454.75859276134236,0.2746520713877367,0.2746520713877367
7392.0,0.08476471004158403,454.5889192379128,0.27331136162455527,0.27331136162455527
7401.599999999999,0.08419105141358516,454.41951767993294,0.27197280085154174,0.27197280085154174
7411.2,0.0836202115418194,454.25039230594365,0.270636422402353,0.270636422402353
7420.799999999999,0.08305218575343708,454.0815473029424,0.2693022593613988,0.2693022593613988
7430.4,0.08248696930633431,453.9129868261683,0.26797034456214397,0.26797034456214397
7440.0,0.08192455738968613,453.7447149988914,0.26664071058544286,0.26664071058544286
7449.599999999999,0.08136494512448265,453.5767359122079,0.2653133897579217,0.2653133897579217
7459.2,0.08080812756406862,453.4090536248389,0.2639884141503896,0.2639884141503896
7468.799999999999,0.08025409969468633,453.2416721629354,0.26266581557629437,0.26266581557629437
7478.4,0.07970285643602153,453.07459551988757,0.26134562559021896,0.26134562559021896
7488.0,0.07915439264175245,452.9078276561383,0.26002787548640616,0.26002787548640616
7497.599999999999,0.0786087031001024,452.74137249900275,0.2587125962973334,0.2587125962973334
7507.2,0.07806578253439417,452.5752339424923,0.2573998187923212,0.2573998187923212
7516.799999999999,0.07752562560360848,452.4094158471426,0.2560895734761758,0.2560895734761758
7526.4,0.0769882269029444,452.24392203984775,0.2547818905878763,0.2547818905878763
7536.0,0.0764535809643828,452.0787563136985,0.2534768000992991,0.2534768000992991
7545.599999999999,0.07592168225725239,451.91392242782536,0.25217433171397674,0.25217433171397674
7555.2,0.07539252518879834,451.7494241072465,0.2508745148658956,0.2508745148658956
7564.799999999999,0.07486610410475301,451.5852650427211,0.24957737871833802,0.24957737871833802
7574.4,0.07434241328990954,451.4214488906062,0.24828295216275056,0.24828295216275056
7584.0,0.07382144696869751,451.2579792727196,0.24699126381766154,0.24699126381766154
7593.599999999999,0.07330319930576074,451.09485977620665,0.24570234202762783,0.24570234202762783
7603.2,0.07278766440653714,450.9320939534125,0.24441621486222487,0.24441621486222487
7612.799999999999,0.07227483631784122,450.7696853217583,0.2431329101150693,0.2431329101150693
7622.4,0.07176470902844752,450.60763736362253,0.24185245530288144,0.24185245530288144
7632.0,0.07125727646967701,450.445953526227,0.24057487766458346,0.24057487766458346
7641.599999999999,0.07075253251598486,450.28463722152816,0.23930020416044115,0.23930020416044115
7651.2,0.0702504709855496,450.1236918261111,0.2380284614712269,0.2380284614712269
7660.799999999999,0.06975108564086477,449.9631206810906,0.23675967599743644,0.23675967599743644
7670.4,0.06925437018933113,449.8029270920154,0.23549387385853446,0.23549387385853446
7680.0,0.06876031828385144,449.64311432877736,0.2342310808922339,0.2342310808922339
7689.599999999999,0.068268923523426,449.4836856255248,0.2329713226538142,0.2329713226538142
7699.2,0.06778017945374971,449.3246441805817,0.23171462441548088,0.23171462441548088
7708.799999999999,0.06729407956781028,449.1659931563696,0.2304610111657496,0.2304610111657496
7718.4,0.06681061730648802,449.00773567933544,0.2292105076088745,0.2292105076088745
7728.0,0.06632978605915656,448.8498748398834,0.2279631381643114,0.2279631381643114
7737.599999999999,0.06585157916428469,448.6924136923113,0.2267189269662139,0.2267189269662139
7747.2,0.06537598991003889,448.53535525475087,0.22547789786296257,0.22547789786296257
7756.799999999999,0.06490301153488698,448.3787025091134,0.22424007441673374,0.22424007441673374
7766.4,0.06443263722820299,448.22245840103903,0.22300547990310088,0.22300547990310088
7776.0,0.06396486013087213,448.06662583985093,0.2217741373106709,0.2217741373106709
7785.599999999999,0.06349967333589691,447.9112076985133,0.2205460693407533,0.2205460693407533
7795.2,0.06303706988900362,447.7562068135939,0.21932129840706382,0.21932129840706382
7804.799999999999,0.0625770427892497,447.6016259852315,0.2180998466354668,0.2180998466354668
7814.4,0.06211958498963123,447.44746797710593,0.2168817358637387,0.2168817358637387
7824.0,0.06166468939769101,447.2937355164147,0.21566698764138434,0.21566698764138434
7833.599999999999,0.061212348876126865,447.1404312938517,0.214455623229467,0.214455623229467
7843.2,0.06076255624340037,446.98755796359086,0.21324766360048067,0.21324766360048067
7852.799999999999,0.060315304274345775,446.83511814327466,0.21204312943825807,0.21204312943825807
7862.4,0.05987058570077894,446.6831144140058,0.21084204113790586,0.21084204113790586
7872.0,0.0594283932121066,446.5315493203429,0.20964441880577026,0.20964441880577026
7881.599999999999,0.058988719455934986,446.38042537030117,0.2084502822594421,0.2084502822594421
7891.2,0.05855155703867901,446.2297450353563,0.20725965102778784,0.20725965102778784
7900.799999999999,0.058116898526171544,446.0795107504528,0.20607254435101555,0.20607254435101555
7910.4,0.05768473644427129,445.9297249140156,0.204888981180766,0.204888981180766
7920.0,0.057255063279471864,445.78038988796635,0.20370898018024272,0.20370898018024272
7929.599999999999,0.056827871479509455,445.6315079977438,0.20253255972437156,0.20253255972437156
7939.2,0.05640315345397061,445.4830815323266,0.2013597378999811,0.2013597378999811
7948.799999999999,0.05598090157489955,445.33511274426166,0.20019053250602842,0.20019053250602842
7958.4,0.05556110817740462,445.1876038496954,0.19902496105384349,0.19902496105384349
7968.0,0.05514376556026452,445.0405570284084,0.197863040767405,0.197863040767405
7977.599999999999,0.054728865986533634,444.893974423855,0.19670478858365234,0.19670478858365234
7987.2,0.0543164016841469,444.7478581432054,0.19555022115281784,0.19555022115281784
7996.799999999999,0.0539063648465237,444.6022102573919,0.19439935483879336,0.19439935483879336
8006.4,0.05349874763317104,444.4570328011588,0.19325220571952367,0.19325220571952367
8016.0,0.05309354217028574,444.31232777311607,0.19210878958743116,0.19210878958743116
8025.599999999999,0.05269074055135579,444.1680971357957,0.19096912194985996,0.19096912194985996
8035.2,0.052290334837760535,444.0243428157127,0.1898332180295599,0.1898332180295599
8044.799999999999,0.051892317059370016,443.8810667034292,0.18870109276519043,0.18870109276519043
8054.4,0.05149667921514303,443.7382706536212,0.18757276081185048,0.18757276081185048
8064.0,0.05110341327372386,443.5959564851499,0.1864482365416405,0.1864482365416405
8073.599999999999,0.05071251117403824,443.4541259811354,0.18532753404424634,0.18532753404424634
8083.2,0.05032396482588762,443.312780889035,0.18421066712755588,0.18421066712755588
8092.799999999999,0.04993776611054216,443.171922920723,0.18309764931829065,0.18309764931829065
8102.4,0.04955390688133253,443.0315537525754,0.18198849386267676,0.18198849386267676
8112.0,0.04917237896423994,442.89167502555705,0.18088321372712998,0.18088321372712998
8121.599999999999,0.048793174158484706,442.7522883453118,0.17978182159897124,0.17978182159897124
8131.2,0.04841628423711369,442.61339528225653,0.178684329887168,0.178684329887168
8140.799999999999,0.04804170094758579,442.47499737167726,0.1775907507230942,0.1775907507230942
8150.4,0.0476694160123553,442.33709611382966,0.17650109596132427,0.17650109596132427
8160.0,0.04729942112945459,442.1996929740407,0.17541537718043668,0.17541537718043668
8169.599999999999,0.04693170797307428,442.0627893828158,0.17433360568386003,0.17433360568386003
8179.2,0.04656626819414186,441.9263867359463,0.17325579250072262,0.17325579250072262
8188.799999999999,0.04620309342089816,441.79048639462195,0.17218194838674136,0.17218194838674136
8198.4,0.04584217525947232,441.6550896855446,0.17111208382512055,0.17111208382512055
8208.0,0.0454835052944549,441.5201979010463,0.17004620902748316,0.17004620902748316
8217.6,0.04512707508946812,441.3858122992089,0.16898433393481907,0.16898433393481907
8227.199999999999,0.04477287618773503,441.25193410398714,0.16792646821845425,0.16792646821845425
8236.8,0.04442090011264605,441.1185645053339,0.166872621281043,0.166872621281043
8246.4,0.044071138368323874,440.98570465932903,0.16582280225758486,0.16582280225758486
8256.0,0.04372358244018537,440.85335568830965,0.16477702001645408,0.16477702001645408
8265.6,0.04337822379550189,440.72151868100383,0.16373528316045644,0.16373528316045644
8275.199999999999,0.043035053883957425,440.59019469266684,0.16269760002790548,0.16269760002790548
8284.8,0.04269406413820384,440.45938474521944,0.16166397869371535,0.16166397869371535
8294.4,0.042355245974414035,440.329089827389,0.16063442697051597,0.16063442697051597
8304.0,0.04201859079283326,440.19931089485283,0.15960895240978548,0.15960895240978548
8313.6,0.04168408997832686,440.07004887038414,0.15858756230300353,0.15858756230300353
8323.199999999999,0.04135173490092692,439.9413046440006,0.15757026368282515,0.15757026368282515
8332.8,0.04102151691637494,439.81307907311407,0.15655706332426444,0.15655706332426444
8342.4,0.04069342736666364,439.6853729826844,0.15554796774590862,0.15554796774590862
8352.0,0.0403674575805741,439.55818716537345,0.15454298321113658,0.15454298321113658
8361.6,0.04004359887421226,439.43152238170325,0.1535421157293669,0.1535421157293669
8371.199999999999,0.03972184255154203,439.3053793602148,0.1525453710573142,0.1525453710573142
8380.8,0.03940217990491487,439.17975879763,0.15155275470026824,0.15155275470026824
8390.4,0.039084602215597994,439.0546613590149,0.15056427191338342,0.15056427191338342
8400.0,0.038769100754298846,438.9300876779458,0.14957992770299047,0.14957992770299047
8409.6,0.038455666781687554,438.80603835667637,0.14859972682791997,0.14859972682791997
8419.199999999999,0.03814429154891585,438.6825139663077,0.14762367380084235,0.14762367380084235
8428.8,0.037834966298133134,438.5595150469596,0.14665177288962414,0.14665177288962414
8438.4,0.03752768226300081,438.43704210794425,0.1456840281186991,0.1456840281186991
8448.0,0.037222430669201716,438.3150956279412,0.1447204432704504,0.1447204432704504
8457.6,0.03691920273494881,438.19367605517476,0.1437610218866132,0.1437610218866132
8467.199999999999,0.036617989671488965,438.07278380759266,0.14280576726968658,0.14280576726968658
8476.8,0.03631878268360493,437.9524192730461,0.1418546824843553,0.1418546824843553
8486.4,0.03602157297011365,437.83258280947337,0.14090777035894175,0.14090777035894175
8496.0,0.035726351724362296,437.71327474508234,0.13996503348684666,0.13996503348684666
8505.6,0.03543311013472004,437.594495378537,0.13902647422802386,0.13902647422802386
8515.199999999999,0.03514183938506763,437.47624497914376,0.1380920947104533,0.1380920947104533
8524.8,0.03485253065528364,437.35852378704084,0.13716189683163527,0.13716189683163527
8534.4,0.034565175121727236,437.2413320133879,0.13623588226009065,0.13623588226009065
8544.0,0.034279763957717875,437.1246698405577,0.13531405243687541,0.13531405243687541
8553.6,0.03399628833401232,437.0085374223293,0.13439640857710525,0.13439640857710525
8563.199999999999,0.03371473941927757,436.8929348840826,0.13348295167149504,0.13348295167149504
8572.8,0.033435108380561004,436.77786232299354,0.13257368248790052,0.13257368248790052
8582.4,0.03315738638375708,436.6633198082317,0.1316686015728787,0.1316686015728787
8592.0,0.03288156459407112,436.5493073811585,0.13076770925325573,0.13076770925325573
8601.6,0.03260763417647902,436.43582505552644,0.1298710056376996,0.1298710056376996
8611.199999999999,0.03233558629618429,436.3228728176805,0.12897849061831215,0.12897849061831215
8620.8,0.0320654121190716,436.21045062675967,0.12809016387222213,0.12809016387222213
8630.4,0.03179710281215662,436.09855841489986,0.12720602486318747,0.12720602486318747
8640.0,0.03153064954403268,435.98719608743863,0.12632607284321382,0.12632607284321382
8649.6,0.03126604348531408,435.87636352311984,0.12545030685417105,0.12545030685417105
8659.199999999999,0.031003275809075755,435.7660605743002,0.1245787257294258,0.1245787257294258
8668.8,0.030742337691289756,435.6562870671563,0.12371132809547751,0.12371132809547751
8678.4,0.03048322031125822,435.54704280189304,0.12284811237360402,0.12284811237360402
8688.0,0.030225914852042277,435.43832755295233,0.12198907678151272,0.12198907678151272
8697.6,0.02997041250088857,435.3301410692233,0.12113421933500021,0.12113421933500021
8707.199999999999,0.02971670444965109,435.2224830742533,0.12028353784961955,0.12028353784961955
8716.8,0.029464781895210165,435.1153532664589,0.11943702994234799,0.11943702994234799
8726.4,0.029214636039887876,435.0087513193389,0.11859469303327047,0.11859469303327047
8736.0,0.028966258091859796,434.9026768816869,0.11775652434725806,0.11775652434725806
8745.6,0.028719639265562934,434.79712957780555,0.11692252091566227,0.11692252091566227
8755.199999999999,0.028474770782100967,434.69210900772106,0.11609267957800876,0.11609267957800876
8764.8,0.028231643869644326,434.587614747398,0.1152669969836956,0.1152669969836956
8774.4,0.027990249763828277,434.48364634895523,0.1144454695936993,0.1144454695936993
8784.0,0.02775057970814692,434.38020334088213,0.11362809368228287,0.11362809368228287
8793.6,0.02751262495434278,434.27728522825606,0.11281486533871471,0.11281486533871471
8803.199999999999,0.02727637676279351,434.17489149295864,0.11200578046897731,0.11200578046897731
8812.8,0.027041826402895236,434.0730215938943,0.11120083479749428,0.11120083479749428
8822.4,0.02680896515344167,433.9716749672087,0.11040002386885632,0.11040002386885632
8832.0,0.02657778430299983,433.8708510265069,0.10960334304954485,0.10960334304954485
8841.6,0.02634827515028196,433.77054916307316,0.10881078752966876,0.10881078752966876
8851.199999999999,0.026120429004513782,433.67076874608944,0.10802235232469147,0.10802235232469147
8860.8,0.025894237185799508,433.5715091228559,0.10723803227717284,0.10723803227717284
8870.4,0.0256696910254826,433.47276961901076,0.1064578220585064,0.1064578220585064
8880.0,0.025446781866503402,433.37454953875056,0.10568171617065994,0.10568171617065994
8889.6,0.02522550106375259,433.2768481650506,0.10490970894791732,0.10490970894791732
8899.199999999999,0.025005839984421196,433.1796647598859,0.10414179455862477,0.10414179455862477
8908.8,0.024787790008347008,433.0829985644518,0.10337796700693326,0.10337796700693326
8918.4,0.024571342528357226,432.9868487993853,0.10261822013454742,0.10261822013454742
8928.0,0.02435648895060744,432.8912146649862,0.10186254762247428,0.10186254762247428
8937.6,0.024143220694916808,432.796095341438,0.10111094299276759,0.10111094299276759
8947.199999999999,0.02393152919509961,432.7014899890297,0.10036339961028062,0.10036339961028062
8956.8,0.02372140589929332,432.60739774837657,0.09961991068441019,0.09961991068441019
8966.4,0.023512842270282604,432.513817740642,0.09888046927085106,0.09888046927085106
8976.0,0.023305829785819968,432.42074906775855,0.09814506827334049,0.09814506827334049
8985.6,0.02310035993894254,432.32819081264904,0.09741370044540777,0.09741370044540777
8995.199999999999,0.022896424238285095,432.23614203944817,0.09668635839212314,0.09668635839212314
9004.8,0.022694014208389686,432.1446017937229,0.09596303457184058,0.09596303457184058
9014.4,0.022493121390011462,432.05356910269415,0.09524372129794821,0.09524372129794821
9024.0,0.02229373734042061,431.9630429754568,0.09452841074060882,0.09452841074060882
9033.6,0.0220958536337006,431.8730224032008,0.09381709492850517,0.09381709492850517
9043.199999999999,0.021899461861043412,431.7835063594313,0.09310976575057969,0.09310976575057969
9052.8,0.021704553631040183,431.694493800189,0.09240641495777589,0.09240641495777589
9062.4,0.021511120569969067,431.60598366426944,0.09170703416477248,0.09170703416477248
9072.0,0.02131915432207829,431.5179748734432,0.09101161485172032,0.09101161485172032
9081.6,0.02112864654986695,431.4304663326751,0.09032014836597667,0.09032014836597667
9091.199999999999,0.020939588934361226,431.343456930343,0.08963262592383389,0.08963262592383389
9100.8,0.020751973175386875,431.2569455384557,0.08894903861224077,0.08894903861224077
9110.4,0.02056579099183904,431.17093101287253,0.08826937739053789,0.08826937739053789
9120.0,0.02038103412194705,431.0854121935202,0.0875936330921705,0.0875936330921705
9129.6,0.020197694323536897,431.00038790461025,0.08692179642640771,0.08692179642640771
9139.199999999999,0.020015763374289283,430.91585695485605,0.08625385798005658,0.08625385798005658
9148.8,0.019835233071994456,430.8318181376896,0.0855898082191752,0.0855898082191752
9158.4,0.019656095234803172,430.7482702314768,0.08492963749077405,0.08492963749077405
9168.0,0.019478341701474233,430.6652119997337,0.08427333602452428,0.08427333602452428
9177.6,0.01930196433161846,430.5826421913407,0.08362089393445091,0.08362089393445091
9187.199999999999,0.01912695500593915,430.5005595407572,0.0829723012206276,0.0829723012206276
9196.8,0.018953305626468624,430.4189627682357,0.08232754777087037,0.08232754777087037
9206.4,0.018781008116801366,430.33785058003446,0.08168662336241617,0.08168662336241617
9216.0,0.018610054422324194,430.2572216686303,0.08104951766360537,0.08104951766360537
9225.6,0.018440436510441954,430.17707471293045,0.08041622023555581,0.08041622023555581
9235.199999999999,0.0182721463708005,430.0974083784842,0.07978672053383416,0.07978672053383416
9244.8,0.018105176015505577,430.01822131769296,0.07916100791011685,0.07916100791011685
9254.4,0.017939517479338578,429.93951217002086,0.07853907161385379,0.07853907161385379
9264.0,0.0177751628199685,429.8612795622029,0.07792090079391316,0.07792090079391316
9273.6,0.01761210411816097,429.7835221084546,0.07730648450023708,0.07730648450023708
9283.199999999999,0.01745033347798307,429.7062384106792,0.07669581168548147,0.07669581168548147
9292.8,0.01728984302700519,429.6294270586745,0.07608887120664685,0.07608887120664685
9302.4,0.017130624916499564,429.55308663033924,0.0754856518267121,0.0754856518267121
9312.0,0.016972671321634908,429.4772156918787,0.07488614221625714,0.07488614221625714
9321.6,0.016815974441668057,429.4018127980088,0.0742903309550764,0.0742903309550764
9331.199999999999,0.01666052650013214,429.32687649216024,0.07369820653379257,0.07369820653379257
9340.8,0.01650631974502079,429.25240530668117,0.07310975735545659,0.07310975735545659
9350.4,0.016353346448970126,429.17839776303975,0.07252497173714931,0.07252497173714931
9360.0,0.01620159890943636,429.1048523720245,0.07194383791156385,0.07194383791156385
9369.6,0.016051069448870647,429.0317676339451,0.07136634402859346,0.07136634402859346
9379.199999999999,0.01590175041489006,428.9591420388319,0.07079247815690622,0.07079247815690622
9388.8,0.01575363418044621,428.88697406663414,0.07022222828551303,0.07022222828551303
9398.4,0.015606713143989169,428.8152621874173,0.06965558232532582,0.06965558232532582
9408.0,0.015460979729629816,428.7440048615601,0.0690925281107143,0.0690925281107143
9417.6,0.015316426387297402,428.6732005399496,0.06853305340104923,0.06853305340104923
9427.199999999999,0.015173045592894467,428.60284766417635,0.06797714588224132,0.06797714588224132
9436.8,0.015030829848449041,428.5329446667279,0.06742479316827331,0.06742479316827331
9446.4,0.014889771682262687,428.4634899711808,0.06687598280271621,0.06687598280271621
9456.0,0.014749863649056177,428.39448199239365,0.06633070226025259,0.06633070226025259
9465.6,0.01461109833011118,428.32591913669626,0.06578893894817481,0.06578893894817481
9475.199999999999,0.014473468333409957,428.25779980207983,0.06525068020788531,0.06525068020788531
9484.8,0.014336966293770254,428.1901223783857,0.06471591331638869,0.06471591331638869
9494.4,0.014201584872978705,428.1228852474924,0.0641846254877699,0.0641846254877699
9504.0,0.014067316759920338,428.05608678350217,0.06365680387466839,0.06365680387466839
9513.6,0.013934154670704864,427.9897253529264,0.06313243556974234,0.06313243556974234
9523.199999999999,0.013802091348790426,427.92379931487005,0.0626115076071262,0.0626115076071262
9532.8,0.013671119565103501,427.8583070212138,0.06209400696387161,0.06209400696387161
9542.4,0.013541232118156868,427.7932468167973,0.061579920561392804,0.061579920561392804
9552.0,0.01341242183416353,427.72861703959927,0.061069235266891744,0.061069235266891744
9561.6,0.013284681567148253,427.6644160209177,0.060561937894781114,0.060561937894781114
9571.199999999999,0.013158004199055842,427.6006420855476,0.060058015208088344,0.060058015208088344
9580.8,0.013032382639856533,427.53729355195986,0.05955745391987095,0.05955745391987095
9590.4,0.012907809827648583,427.47436873247625,0.059060240694596346,0.059060240694596346
9600.0,0.012784278728757854,427.4118659334453,0.05856636214953422,0.05856636214953422
9609.6,0.012661782337834257,427.349783455416,0.058075804856127414,0.058075804856127414
9619.199999999999,0.012540313677945725,427.2881195933107,0.057588555341359086,0.057588555341359086
9628.8,0.01241986580066907,427.22687263659657,0.05710460008910747,0.05710460008910747
9638.4,0.012300431786178125,427.1660408694561,0.05662392554149195,0.05662392554149195
9648.0,0.01218200474332888,427.1056225709562,0.056146518100211096,0.056146518100211096
9657.6,0.012064577809741892,427.04561601521624,0.055672364127868655,0.055672364127868655
9667.199999999999,0.011948144151882289,426.98601947157493,0.05520144994929355,0.05520144994929355
9676.8,0.011832696965136386,426.9268312047556,0.05473376185284519,0.05473376185284519
9686.4,0.011718229473885865,426.8680494750309,0.05426928609171465,0.05426928609171465
9696.0,0.011604734931579408,426.80967253838514,0.05380800888520887,0.05380800888520887
9705.6,0.011492206620801382,426.75169864667714,0.0533499164200352,0.0533499164200352
9715.199999999999,0.011380637853338057,426.69412604780007,0.05289499485156625,0.05289499485156625
9724.8,0.011270021970240638,426.6369529858409,0.0524432303050989,0.0524432303050989
9734.4,0.011160352341886618,426.5801777012389,0.05199460887710745,0.05199460887710745
9744.0,0.011051622368037547,426.52379843094184,0.05154911663647699,0.05154911663647699
9753.6,0.01094382547789489,426.46781340856217,0.051106739625737724,0.051106739625737724
9763.199999999999,0.010836955130152776,426.4122208645309,0.050667463862281735,0.050667463862281735
9772.8,0.010731004813048547,426.3570190262506,0.0502312753395703,0.0502312753395703
9782.4,0.010625968044411124,426.30220611824745,0.04979816002833722,0.04979816002833722
9792.0,0.01052183837170577,426.2477803623213,0.04936810387777325,0.04936810387777325
9801.6,0.010418609372077494,426.1937399776954,0.048941092816709636,0.048941092816709636
9811.199999999999,0.010316274652391422,426.14008318116345,0.048517112754780496,0.048517112754780496
9820.8,0.010214827849270743,426.0868081872372,0.04809614958358758,0.04809614958358758
9830.4,0.010114262629132524,426.03391320829076,0.04767818917784284,0.04767818917784284
9840.0,0.010014572688220914,425.98139645470565,0.047263217396512514,0.047263217396512514
9849.6,0.009915751752637368,425.9292561350125,0.04685122008393817,0.04685122008393817
9859.199999999999,0.00981779357837006,425.8774904560332,0.04644218307095875,0.04644218307095875
9868.8,0.00972069195131965,425.8260976230203,0.04603609217601415,0.04603609217601415
9878.4,0.009624440687323021,425.77507583979707,0.04563293320624877,0.04563293320624877
9888.0,0.009529033632174813,425.72442330889345,0.04523269195858863,0.04523269195858863
9897.6,0.009434464661646734,425.67413823168346,0.04483535422082564,0.04483535422082564
9907.199999999999,0.009340727681504799,425.62421880851934,0.044440905772678084,0.044440905772678084
9916.8,0.009247816627523745,425.5746632388656,0.04404933238684923,0.04404933238684923
9926.4,0.009155725465499894,425.5254697214312,0.04366061983007304,0.04366061983007304
9936.0,0.009064448191261528,425.4766364543002,0.04327475386414495,0.04327475386414495
9945.6,0.008973978830677196,425.4281616350621,0.042891720246952716,0.042891720246952716
9955.199999999999,0.008884311439661612,425.3800434609396,0.04251150473348566,0.04251150473348566
9964.8,0.008795440104179595,425.3322801289157,0.042134093076839886,0.042134093076839886
9974.4,0.008707358940248627,425.2848698358597,0.04175947102921139,0.04175947102921139
9984.0,0.008620062093937772,425.2378107786518,0.04138762434288422,0.04138762434288422
9993.6,0.008533543741365978,425.19110115430544,0.04101853877119388,0.04101853877119388
10003.199999999999,0.008447798088697812,425.14473916008984,0.04065220006949757,0.04065220006949757
10012.8,0.008362819372136907,425.0987229936506,0.04028859399612634,0.04028859399612634
10022.4,0.008278601857918056,425.05305085312824,0.039927706313322105,0.039927706313322105
10032.0,0.008195139842296757,425.00772093727653,0.0395695227881723,0.0395695227881723
10041.6,0.008112427651537142,424.96273144557927,0.039214029193532944,0.039214029193532944
10051.199999999999,0.008030459641897808,424.91808057836505,0.03886121130893543,0.03886121130893543
10060.8,0.007949230199615825,424.87376653692183,0.03851105492149166,0.03851105492149166
10070.4,0.007868733740889013,424.8297875236094,0.03816354582678286,0.03816354582678286
10080.0,0.007788964711856205,424.7861417419708,0.037818669829739984,0.037818669829739984
10089.6,0.007709917588575501,424.7428273968422,0.03747641274551148,0.03747641274551148
10099.199999999999,0.0076315868770012426,424.6998426944621,0.0371367604003279,0.0371367604003279
10108.8,0.007553967112958257,424.65718584257905,0.036799698632349935,0.036799698632349935
10118.4,0.0074770528621156684,424.6148550505574,0.036465213292507445,0.036465213292507445
10128.0,0.007400838719957649,424.57284852948237,0.03613329024532681,0.03613329024532681
10137.6,0.007325319311753272,424.5311644922642,0.03580391536975646,0.03580391536975646
10147.199999999999,0.0072504892925242944,424.48980115373996,0.03547707455996867,0.03547707455996867
10156.8,0.007176343347011272,424.44875673077524,0.035152753726165775,0.035152753726165775
10166.4,0.007102876189638506,424.4080294423637,0.03483093879536485,0.03483093879536485
10176.0,0.007030082564476409,424.3676175097258,0.0345116157121779,0.0345116157121779
10185.6,0.006957957245202993,424.32751915640637,0.03419477043958491,0.03419477043958491
10195.199999999999,0.006886495035063534,424.28773260837005,0.03388038895968519,0.03388038895968519
10204.8,0.006815690766828513,424.2482560940969,0.03356845727445476,0.03356845727445476
10214.4,0.00674553930275068,424.2090878446758,0.033258961406483385,0.033258961406483385
10224.0,0.006676035534519125,424.1702260938962,0.03295188739969993,0.03295188739969993
10233.6,0.0066071743832134605,424.1316690783401,0.03264722132010006,0.03264722132010006
10243.199999999999,0.006538950799255638,424.09341503747135,0.032344949256449596,0.032344949256449596
10252.8,0.006471359762360258,424.05546221372435,0.03204505732098787,0.03204505732098787
10262.4,0.006404396281483727,424.01780885259177,0.031747531650119044,0.031747531650119044
10272.0,0.006338055394771869,423.98045320271024,0.031452358405090294,0.031452358405090294
10281.6,0.006272332169506104,423.9433935159456,0.03115952377266512,0.03115952377266512
10291.199999999999,0.006207221702048203,423.9066280474769,0.030869013965786302,0.030869013965786302
10300.8,0.006142719117783657,423.8701550558781,0.03058081522422358,0.03058081522422358
10310.4,0.00607881957106367,423.8339728032006,0.03029491381522271,0.03029491381522271
10320.0,0.006015518245146149,423.798079555052,0.030011296034131114,0.030011296034131114
10329.6,0.005952810352134822,423.76247358067616,0.02972994820502719,0.02972994820502719
10339.199999999999,0.005890691132917704,423.7271531530304,0.029450856681333376,0.029450856681333376
10348.8,0.005829155857103287,423.6921165488619,0.029174007846418507,0.029174007846418507
10358.4,0.005768199822956811,423.6573620487839,0.02889938811419832,0.02889938811419832
10368.0,0.00570781835733443,423.6228879373488,0.028626983929716226,0.028626983929716226
10377.6,0.005648006815615681,423.5886925031221,0.028356781769724972,0.028356781769724972
10387.199999999999,0.005588760581636413,423.55477403875364,0.02808876814325124,0.02808876814325124
10396.8,0.005530075067618936,423.5211308410488,0.02782292959215707,0.02782292959215707
10406.4,0.005471945714101617,423.48776121103765,0.02755925269168743,0.02755925269168743
10416.0,0.00541436798986751,423.4546634540438,0.02729772405101231,0.02729772405101231
10425.6,0.00535733739187169,423.4218358797513,0.027038330313758113,0.027038330313758113
10435.199999999999,0.0053008494451671365,423.3892768022712,0.02678105815853044,0.02678105815853044
10444.8,0.005244899702830339,423.356984540206,0.026525894299426617,0.026525894299426617
10454.4,0.005189483745885103,423.3249574167142,0.026272825486543232,0.026272825486543232
10464.0,0.005134597183225582,423.2931937595728,0.026021838506470638,0.026021838506470638
10473.6,0.005080235651538268,423.2616919012386,0.025772920182778537,0.025772920182778537
10483.199999999999,0.005026394815223061,423.23045017890973,0.025526057376500585,0.025526057376500585
10492.8,0.004973070366313278,423.1994669345842,0.025281236986597507,0.025281236986597507
10502.4,0.004920258024394622,423.16874051511894,0.02503844595042375,0.02503844595042375
10512.0,0.004867953536523205,423.1382692722869,0.02479767124417934,0.02479767124417934
10521.6,0.00481615267714274,423.1080515628331,0.024558899883351873,0.024558899883351873
10531.199999999999,0.004764851248000606,423.07808574853016,0.024322118923154886,0.024322118923154886
10540.8,0.00471404507806341,423.0483701962322,0.024087315458955445,0.024087315458955445
10550.4,0.0046637300234312765,423.0189032779282,0.023854476626693672,0.023854476626693672
10560.0,0.004613901967251494,422.9896833707937,0.02362358960329373,0.02362358960329373
10569.6,0.004564556819630801,422.9607088572419,0.023394641607064465,0.023394641607064465
10579.199999999999,0.004515690517547995,422.9319781249736,0.023167619898097368,0.023167619898097368
10588.8,0.004467299024764241,422.9034895670263,0.022942511778651944,0.022942511778651944
10598.4,0.004419378331733877,422.87524158182197,0.02271930459353437,0.02271930459353437
10608.0,0.004371924455513691,422.84723257321383,0.02249798573046758,0.02249798573046758
10617.6,0.004324933439671462,422.81946095053263,0.022278542620455557,0.022278542620455557
10627.199999999999,0.0042784013541943035,422.7919251286308,0.022060962738133214,0.022060962738133214
10636.8,0.004232324295395564,422.7646235279276,0.02184523360212304,0.02184523360212304
10646.4,0.004186698385821383,422.7375545744508,0.021631342775364312,0.021631342775364312
10656.0,0.004141519774156756,422.7107166998792,0.02141927786544819,0.02141927786544819
10665.6,0.0040967846351304,422.6841083415836,0.02120902652494424,0.02120902652494424
10675.199999999999,0.004052489169419311,422.6577279426669,0.021000576451713066,0.021000576451713066
10684.8,0.00400862960355259,422.63157395200307,0.020793915389218466,0.020793915389218466
10694.4,0.0039652021898146485,422.60564482427503,0.020589031126823868,0.020589031126823868
10704.0,0.003922203206147837,422.5799390200125,0.020385911500092394,0.020385911500092394
10713.6,0.003879628956054104,422.55445500562735,0.02018454439106666,0.02018454439106666
10723.199999999999,0.0038374757684966317,422.5291912534499,0.019984917728554465,0.019984917728554465
10732.8,0.0037957399978005425,422.50414624176256,0.01978701948839601,0.01978701948839601
10742.4,0.0037544180235533123,422.4793184548337,0.019590837693729844,0.019590837693729844
10752.0,0.0037135062505041197,422.45470638295046,0.01939636041525423,0.01939636041525423
10761.6,0.003673001108463232,422.4303085224499,0.019203575771470627,0.019203575771470627
10771.199999999999,0.003632899052200755,422.4061233757504,0.019012471928934745,0.019012471928934745
10780.8,0.0035931965613445038,422.38214945138134,0.018823037102488772,0.018823037102488772
10790.4,0.003553890140277596,422.3583852640122,0.018635259555492237,0.018635259555492237
10800.0,0.0035149763180362796,422.3348293344809,0.0184491276000457,0.0184491276000457
10809.6,0.0034764516482058984,422.311480189821,0.01826462959720634,0.01826462959720634
10819.199999999999,0.003438312708817801,422.2883363632884,0.01808175395719816,0.01808175395719816
10828.8,0.003400556102244689,422.26539639438687,0.01790048913961368,0.01790048913961368
10838.4,0.0033631784550965035,422.24265882889296,0.01772082365361153,0.01772082365361153
10848.0,0.003326176418115142,422.2201222188803,0.01754274605810783,0.01754274605810783
10857.6,0.003289546666069438,422.1977851227422,0.01736624496195449,0.01736624496195449
10867.199999999999,0.003253285897649163,422.17564610521464,0.017191309024122452,0.017191309024122452
10876.8,0.0032173908353592467,422.1537037373976,0.017017926953867918,0.017017926953867918
10886.4,0.00318185822541298,422.13195659677615,0.0168460875109003,0.0168460875109003
10896.0,0.00314668483762575,422.1104032672398,0.016675779505535837,0.016675779505535837
10905.6,0.0031118674653074514,422.0890423391026,0.01650699179885482,0.01650699179885482
10915.199999999999,0.003077402925155541,422.06787240912087,0.016339713302842628,0.016339713302842628
10924.8,0.0030432880571470257,422.0468920805116,0.016173932980535217,0.016173932980535217
10934.4,0.0030095197244308573,422.0260999629689,0.01600963984614808,0.01600963984614808
10944.0,0.002976094813219619,422.0054946726804,0.01584682296520782,0.01584682296520782
10953.6,0.002943010232680577,421.9850748323428,0.015685471454672084,0.015685471454672084
10963.199999999999,0.0029102629148276575,421.96483907117613,0.01552557448304589,0.01552557448304589
10972.8,0.0028778498144119906,421.9447860249387,0.015367121270496175,0.015367121270496175
10982.4,0.0028457679088129627,421.9249143359396,0.015210101088952845,0.015210101088952845
10992.0,0.002814014197928742,421.9052226530515,0.015054503262209393,0.015054503262209393
11001.6,0.0027825857040667274,421.88570963172265,0.014900317166017215,0.014900317166017215
11011.199999999999,0.002751479471833611,421.86637393398814,0.014747532228175451,0.014747532228175451
11020.8,0.002720692568025563,421.84721422848,0.014596137928610031,0.014596137928610031
11030.4,0.002690222081518292,421.82822919043764,0.014446123799455875,0.014446123799455875
11040.0,0.0026600651231563415,421.80941750171627,0.014297479425125159,0.014297479425125159
11049.6,0.0026302188256431334,421.79077785079636,0.014150194442380089,0.014150194442380089
11059.199999999999,0.0026006803434300563,421.7723089327904,0.014004258540387242,0.014004258540387242
11068.8,0.0025714468526058776,421.7540094494511,0.013859661460782246,0.013859661460782246
11078.4,0.0025425155507862616,421.735878109177,0.013716392997714695,0.013716392997714695
11088.0,0.002513883657002604,421.71791362701924,0.013574442997899809,0.013574442997899809
11097.6,0.002485548411591165,421.7001147246863,0.013433801360657948,0.013433801360657948
11107.199999999999,0.002457507076082105,421.68248013054875,0.013294458037951906,0.013294458037951906
11116.8,0.0024297569330880135,421.66500857964365,0.013156403034419692,0.013156403034419692
11126.4,0.002402295286193228,421.6476988136776,0.013019626407401027,0.013019626407401027
11136.0,0.0023751194598427565,421.6305495810295,0.012884118266958016,0.012884118266958016
11145.6,0.002348226799230242,421.61355963675356,0.012749868775898492,0.012749868775898492
11155.199999999999,0.002321614670187352,421.5967277425803,0.012616868149785462,0.012616868149785462
11164.8,0.0022952804590719855,421.58005266691777,0.012485106656945176,0.012485106656945176
11174.4,0.0022692215726577924,421.5635331848522,0.01235457461847298,0.01235457461847298
11184.0,0.002243435438022059,421.5471680781481,0.012225262408234207,0.012225262408234207
11193.6,0.002217919502434675,421.5309561352475,0.012097160452857447,0.012097160452857447
11203.199999999999,0.002192671233246859,421.514896151269,0.01197025923172824,0.01197025923172824
11212.8,0.0021676881177801364,421.4989869280058,0.011844549276972482,0.011844549276972482
11222.4,0.002142967663214766,421.48322727392406,0.011720021173443385,0.011720021173443385
11232.0,0.002118507396478793,421.4676160041594,0.011596665558695426,0.011596665558695426
11241.6,0.0020943048641368944,421.4521519405148,0.011474473122965035,0.011474473122965035
11251.199999999999,0.002070357632279314,421.43683391145555,0.01135343460913377,0.01135343460913377
11260.8,0.0020466632864109035,421.421660752106,0.01123354081270001,0.01123354081270001
11270.4,0.002023219431340225,421.40663130424457,0.011114782581741227,0.011114782581741227
11280.0,0.0020000236910686234,421.3917444162982,0.010997150816869078,0.010997150816869078
11289.6,0.001977073708679678,421.376998943337,0.010880636471188077,0.010880636471188077
11299.199999999999,0.0019543671462285577,421.3623937470679,0.010765230550244389,0.010765230550244389
11308.8,0.0019319016846315116,421.3479276958281,0.010650924111974625,0.010650924111974625
11318.4,0.0019096750235552196,421.3335996645777,0.01053770826664836,0.01053770826664836
11328.0,0.0018876848813069642,421.3194085348926,0.010425574176810178,0.010425574176810178
11337.6,0.0018659289947244217,421.305353194956,0.010314513057214548,0.010314513057214548
11347.199999999999,0.0018444051190653345,421.29143253955016,0.010204516174758909,0.010204516174758909
11356.8,0.0018231110278978768,421.2776454700472,0.010095574848412683,0.010095574848412683
11366.4,0.0018020445129912812,421.2639908944005,0.009987680449147227,0.009987680449147227
11376.0,0.0017812033842057949,421.25046772713404,0.009880824399854523,0.009880824399854523
11385.6,0.001760585469383578,421.23707488933303,0.00977499817526992,0.00977499817526992
11395.199999999999,0.0017401886142397066,421.22381130863255,0.009670193301884561,0.009670193301884561
11404.8,0.0017200106822529769,421.2106759192072,0.009566401357862728,0.009566401357862728
11414.4,0.0017000495545570551,421.19766766175957,0.009463613972951554,0.009463613972951554
11424.0,0.0016803031298319932,421.18478548350805,0.009361822828383125,0.009361822828383125
11433.6,0.0016607693241957675,421.17202833817544,0.00926101965678598,0.00926101965678598
11443.199999999999,0.0016414460710962198,421.15939518597565,0.009161196242079566,0.009161196242079566
11452.8,0.001622331321202846,421.1468849936013,0.009062344419375867,0.009062344419375867
11462.4,0.001603423042299395,421.1344967342103,0.008964456074873854,0.008964456074873854
11472.0,0.001584719219175922,421.12222938741195,0.008867523145749446,0.008867523145749446
11481.6,0.0015662178535216763,421.11008193925335,0.008771537620048148,0.008771537620048148
11491.199999999999,0.0015479169638183562,421.098053382205,0.008676491536571424,0.008676491536571424
11500.8,0.001529814585232608,421.0861427151459,0.008582376984758121,0.008582376984758121
11510.4,0.0015119087695101552,421.0743489433489,0.008489186104570372,0.008489186104570372
11520.0,0.0014941975848690048,421.062671078465,0.008396911086367389,0.008396911086367389
11529.6,0.001476679115893877,421.0511081385076,0.008305544170783738,0.008305544170783738
11539.199999999999,0.0014593514634299823,421.03965914783726,0.008215077648606274,0.008215077648606274
11548.8,0.0014422127444775775,421.02832313714464,0.008125503860640284,0.008125503860640284
11558.4,0.0014252610920870879,421.01709914343394,0.008036815197579235,0.008036815197579235
11568.0,0.0014084946552536137,421.00598621000665,0.007949004099875869,0.007949004099875869
11577.6,0.001391911598812975,420.9949833864437,0.007862063057601159,0.007862063057601159
11587.199999999999,0.0013755101033365725,420.98408972858834,0.007775984610308664,0.007775984610308664
11596.8,0.0013592883650278783,420.9733042985281,0.0076907613468930516,0.0076907613468930516
11606.4,0.0013432445956183085,420.96262616457716,0.007606385905449947,0.007606385905449947
11616.0,0.001327377022264051,420.95205440125744,0.007522850973126377,0.007522850973126377
11625.6,0.0013116838874427557,420.94158808928063,0.007440149285979275,0.007440149285979275
11635.199999999999,0.0012961634488506107,420.9312263155291,0.007358273628824566,0.007358273628824566
11644.8,0.0012808139793000267,420.92096817303656,0.007277216835084003,0.007277216835084003
11654.4,0.0012656337666171428,420.910812760969,0.007196971786635149,0.007196971786635149
11664.0,0.0012506211135404303,420.9007591846052,0.007117531413656415,0.007117531413656415
11673.6,0.0012357743376185373,420.8908065553165,0.007038888694468509,0.007038888694468509
11683.199999999999,0.0012210917711094993,420.880953990547,0.006961036655377226,0.006961036655377226
11692.8,0.0012065717608796996,420.87120061379363,0.006883968370514896,0.006883968370514896
11702.4,0.0011922126683034,420.8615455545844,0.0068076769616710565,0.0068076769616710565
11712.0,0.0011780128691625557,420.8519879484591,0.006732155598138382,0.006732155598138382
11721.6,0.0011639707535468246,420.84252693694765,0.006657397496540661,0.006657397496540661
11731.199999999999,0.0011500847257544296,420.83316166754855,0.006583395920664809,0.006583395920664809
11740.8,0.001136353204192613,420.8238912937086,0.0065101441812987215,0.0065101441812987215
11750.4,0.0011227746212793335,420.81471497480004,0.006437635636052059,0.006437635636052059
11760.0,0.001109347423344342,420.8056318760999,0.006365863689191407,0.006365863689191407
11769.6,0.001096070070531643,420.7966411687673,0.006294821791462859,0.006294821791462859
11779.199999999999,0.0010829410367012985,420.7877420298216,0.006224503439917732,0.006224503439917732
11788.8,0.001069958809332581,420.77893364211997,0.006154902177736514,0.006154902177736514
11798.4,0.001057121889427041,420.7702151943353,0.006086011594053228,0.006086011594053228
11808.0,0.0010444287914115336,420.7615858809327,0.00601782532377038,0.00601782532377038
11817.6,0.0010318780430424418,420.75304490214756,0.005950337047385592,0.005950337047385592
11827.199999999999,0.0010194681853098045,420.74459146396185,0.005883540490804742,0.005883540490804742
11836.8,0.001007197772341876,420.7362247780814,0.005817429425161406,0.005817429425161406
11846.4,0.000995065371309984,420.72794406191235,0.005751997666631353,0.005751997666631353
11856.0,0.0009830695623344013,420.7197485385379,0.005687239076248843,0.005687239076248843
11865.6,0.0009712089383895985,420.7116374366943,0.005623147559717078,0.005623147559717078
11875.199999999999,0.0009594821052105743,420.7036099907475,0.005559717067223594,0.005559717067223594
11884.8,0.0009478876811994228,420.69566544066953,0.005496941593252522,0.005496941593252522
11894.4,0.0009364242973325892,420.6878030320134,0.0054348151763882946,0.0054348151763882946
11904.0,0.0009250905970678091,420.68002201589013,0.005373331899132844,0.005373331899132844
11913.6,0.0009138852362520749,420.6723216489439,0.005312485887709321,0.005312485887709321
11923.199999999999,0.000902806883029943,420.6647011933276,0.0052522713118684965,0.0052522713118684965
11932.8,0.0008918542177520158,420.65715991667855,0.005192682384699231,0.005192682384699231
11942.4,0.0008810259328838515,420.64969709209396,0.005133713362430833,0.005133713362430833
11952.0,0.0008703207329154247,420.64231199810604,0.005075358544239476,0.005075358544239476
11961.6,0.0008597373342711718,420.635003918657,0.005017612272049219,0.005017612272049219
11971.199999999999,0.0008492744652199855,420.62777214307454,0.0049604689303388684,0.0049604689303388684
11980.8,0.0008389308657859178,420.6206159660466,0.004903922945942101,0.004903922945942101
11990.4,0.0008287052876592731,420.61353468759603,0.004847968787847143,0.004847968787847143
12000.0,0.0008185964941083629,420.6065276130558,0.004792600967001828,0.004792600967001828
12009.6,0.0008086032598910057,420.5995940530434,0.004737814036110579,0.004737814036110579
12019.199999999999,0.0007987243711671513,420.5927333234359,0.004683602589436782,0.004683602589436782
12028.8,0.0007889586254115019,420.58594474534357,0.00462996126259617,0.00462996126259617
12038.4,0.0007793048313268097,420.57922764508567,0.0045768847323632315,0.0045768847323632315
12048.0,0.0007697618087574221,420.5725813541637,0.004524367716461458,0.004524367716461458
12057.6,0.0007603283886035392,420.5660052092361,0.004472404973363466,0.004472404973363466
12067.199999999999,0.0007510034127353445,420.5594985520932,0.004420991302091571,0.004420991302091571
12076.8,0.0007417857339083108,420.5530607296303,0.004370121542006679,0.004370121542006679
12086.4,0.0007326742156779706,420.54669109382263,0.004319790572609311,0.004319790572609311
12096.0,0.0007236677323163931,420.5403890016991,0.004269993313333442,0.004269993313333442
12105.6,0.0007147651687278092,420.5341538153165,0.00422072472334078,0.00422072472334078
12115.199999999999,0.0007059654203655491,420.5279849017334,0.004171979801317299,0.004171979801317299
12124.8,0.0006972673931492663,420.5218816329843,0.0041237535852648305,0.0041237535852648305
12134.4,0.000688670003381733,420.5158433860533,0.004076041152298041,0.004076041152298041
12144.0,0.00068017217766761,420.50986954284804,0.004028837618434226,0.004028837618434226
12153.6,0.000671772852831485,420.50395949017377,0.003982138138390739,0.003982138138390739
12163.199999999999,0.0006634709758364827,420.49811261970694,0.003935937905375682,0.003935937905375682
12172.8,0.000655265503703654,420.492328327969,0.0038902321508808464,0.0038902321508808464
12182.4,0.000647155403432041,420.48660601630024,0.003845016144475094,0.003845016144475094
12192.0,0.000639139651918227,420.4809450908334,0.0038002851935959505,0.0038002851935959505
12201.6,0.0006312172358771843,420.47534496246755,0.0037560346433425443,0.0037560346433425443
12211.199999999999,0.0006233871517632438,420.46980504684177,0.003712259876268988,0.003712259876268988
12220.8,0.0006156484056914394,420.46432476430857,0.0036689563121728268,0.0036689563121728268
12230.4,0.0006080000133596704,420.458903539908,0.0036261194078915718,0.0036261194078915718
12240.0,0.0006004409999707542,420.45354080334096,0.003583744657090692,0.003583744657090692
12249.6,0.0005929704001551044,420.44823598894294,0.0035418275900579005,0.0035418275900579005
12259.199999999999,0.0005855872578942053,420.4429885356578,0.0035003637734938487,0.0035003637734938487
12268.8,0.0005782906264440528,420.4377978870111,0.003459348810303264,0.003459348810303264
12278.4,0.0005710795682593405,420.4326634910843,0.003418778339390132,0.003418778339390132
12288.0,0.0005639531549178589,420.42758480048786,0.003378648035443901,0.003378648035443901
12297.6,0.0005569104670455873,420.42256127233514,0.003338953608736457,0.003338953608736457
12307.199999999999,0.0005499505942420717,420.41759236821616,0.0032996908049119215,0.0032996908049119215
12316.8,0.0005430726350058881,420.4126775541711,0.0032608554047786845,0.0032608554047786845
12326.4,0.0005362756966615122,420.4078163006642,0.003222443224101899,0.003222443224101899
12336.0,0.0005295588952856374,420.4030080825571,0.0031844501133950656,0.0031844501133950656
12345.6,0.0005229213556343263,420.39825237908286,0.003146871957712077,0.003146871957712077
12355.199999999999,0.0005163622110707693,420.39354867381985,0.003109704676442843,0.003109704676442843
12364.8,0.000509880603493093,420.38889645466514,0.003072944223102194,0.003072944223102194
12374.4,0.0005034756832629708,420.38429521380846,0.0030365865851241574,0.0030365865851241574
12384.0,0.0004971466091345685,420.37974444770623,0.0030006277836571475,0.0030006277836571475
12393.6,0.0004908925481837055,420.37524365705497,0.002965063873353306,0.002965063873353306
12403.199999999999,0.000484712675737565,420.3707923467655,0.002929890942165032,0.002929890942165032
12412.8,0.0004786061753053109,420.366390025937,0.0028951051111401685,0.0028951051111401685
12422.4,0.00047257223850822433,420.3620362078303,0.002860702534209996,0.002860702534209996
12432.0,0.0004666100650108715,420.35773040984265,0.0028266793979916027,0.0028266793979916027
12441.6,0.00046071886245285695,420.3534721534813,0.0027930319215767807,0.0027930319215767807
12451.199999999999,0.0004548978463806485,420.3492609643376,0.0027597563563299026,0.0027597563563299026
12460.8,0.0004491462401796676,420.3450963720611,0.002726848985681309,0.002726848985681309
12470.4,0.0004434632750074824,420.340977910334,0.0026943061249260856,0.0026943061249260856
12480.0,0.0004378481897266797,420.3369051168449,0.002662124121016996,0.002662124121016996
12489.6,0.0004323002308389284,420.33287753326323,0.0026302993523623667,0.0026302993523623667
12499.199999999999,0.0004268186524187577,420.32889470521366,0.0025988282286230624,0.0025988282286230624
12508.8,0.00042140271604793934,420.32495618225056,0.0025677071905117117,0.0025677071905117117
12518.4,0.00041605169075083003,420.3210615178318,0.0025369327095851974,0.0025369327095851974
12528.0,0.0004107648529293218,420.3172102692939,0.0025065012880479227,0.0025065012880479227
12537.6,0.000405541486299001,420.313401997826,0.002476409458546994,0.002476409458546994
12547.199999999999,0.00040038088182495224,420.309636268445,0.002446653783975042,0.002446653783975042
12556.8,0.0003952823376588761,420.30591264996946,0.0024172308572649546,0.0024172308572649546
12566.4,0.0003902451590757097,420.30223071499495,0.0023881373011935916,0.0023881373011935916
12576.0,0.00038526865841122503,420.29859003986866,0.002359369768182362,0.002359369768182362
12585.6,0.00038035215500028326,420.29499020466375,0.0023309249400942002,0.0023309249400942002
12595.199999999999,0.00037549497511439736,420.29143079315463,0.002302799528038185,0.002302799528038185
12604.8,0.0003706964519011768,420.28791139279235,0.0022749902721750487,0.0022749902721750487
12614.4,0.0003659559253232935,420.28443159467855,0.0022474939415114666,0.0022474939415114666
12624.0,0.0003612727420975889,420.28099099354137,0.0022203073337096106,0.0022203073337096106
12633.6,0.00035664625563581635,420.27758918771025,0.0021934272748881712,0.0021934272748881712
12643.199999999999,0.000352075825984299,420.2742257790917,0.0021668506194305686,0.0021668506194305686
12652.8,0.00034756081976532866,420.27090037314343,0.002140574249781032,0.002140574249781032
12662.4,0.0003431006101178908,420.26761257885124,0.0021145950762613427,0.0021145950762613427
12672.0,0.0003386945766395775,420.2643620087032,0.0020889100368673644,0.0020889100368673644
12681.6,0.000334342105328485,420.2611482786658,0.0020635160970808477,0.0020635160970808477
12691.199999999999,0.00033004258852581983,420.2579710081597,0.002038410249676289,0.002038410249676289
12700.8,0.0003257954248585955,420.2548298200349,0.002013589514526892,0.002013589514526892
12710.4,0.0003216000191829313,420.2517243405469,0.0019890509384145783,0.0019890509384145783
12720.0,0.0003174557825274061,420.2486541993326,0.001964791594839988,0.001964791594839988
12729.6,0.000313362132037637,420.2456190293856,0.0019408085838279947,0.0019408085838279947
12739.199999999999,0.000309318490920573,420.2426184670332,0.0019170990317448984,0.0019170990317448984
12748.8,0.00030532428838882643,420.2396521519118,0.0018936600911043887,0.0018936600911043887
12758.4,0.00030137895960644063,420.23671972694325,0.0018704889403811417,0.0018704889403811417
12768.0,0.000297481945634624,420.23382083831126,0.001847582783823971,0.001847582783823971
12777.6,0.0002936326933773939,420.2309551354376,0.0018249388512680785,0.0018249388512680785
12787.199999999999,0.00028983065552811045,420.2281222709588,0.0018025543979500003,0.0018025543979500003
12796.8,0.0002860752905163984,420.22532190070217,0.0017804267043198584,0.0017804267043198584
12806.4,0.0002823660624553567,420.22255368366314,0.001758553075860798,0.001758553075860798
12816.0,0.00027870244108908434,420.2198172819814,0.0017369308429012395,0.0017369308429012395
12825.6,0.00027508390174051057,420.2171123609182,0.0017155573604343147,0.0017155573604343147
12835.199999999999,0.00027150992526002384,420.2144385888326,0.0016944300079328142,0.0016944300079328142
12844.8,0.0002679799979741355,420.2117956371593,0.0016735461891708712,0.0016735461891708712
12854.4,0.00026449361163441096,420.2091831803851,0.0016529033320398048,0.0016529033320398048
12864.0,0.00026105026336737736,420.2066008960263,0.0016324988883698048,0.0016324988883698048
12873.6,0.0002576494556240229,420.2040484646061,0.0016123303337493683,0.0016123303337493683
12883.199999999999,0.00025429069613011303,420.2015255696319,0.0015923951673483315,0.0015923951673483315
12892.8,0.00025097349783730543,420.1990318975725,0.0015726909117368584,0.0015726909117368584
12902.4,0.0002476973788735033,420.19656713783644,0.001553215112712514,0.001553215112712514
12912.0,0.00024446186249434267,420.19413098274873,0.001533965339119701,0.001533965339119701
12921.6,0.00024126647703553452,420.1917231275292,0.0015149391826758374,0.0015149391826758374
12931.199999999999,0.0002381107558644064,420.18934327027046,0.0014961342577984277,0.0014961342577984277
12940.8,0.00023499423733263445,420.18699111191546,0.001477548201427646,0.001477548201427646
12950.4,0.0002319164647287985,420.1846663562359,0.0014591786728552056,0.0014591786728552056
12960.0,0.00022887698623196617,420.1823687098102,0.0014410233535514325,0.0014410233535514325
12969.6,0.00022587535486538437,420.18009788200214,0.0014230799469950343,0.0014230799469950343
12979.199999999999,0.00022291112844976223,420.1778535849387,0.001405346178498826,0.001405346178498826
12988.8,0.00021998386955829458,420.17563553348907,0.0013878197950439892,0.0013878197950439892
12998.4,0.00021709314547099283,420.1734434452425,0.001370498565104901,0.001370498565104901
13008.0,0.0002142385281295132,420.1712770404884,0.001353380278491029,0.001353380278491029
13017.6,0.00021141959409305043,420.1691360421934,0.001336462746167268,0.001336462746167268
13027.199999999999,0.0002086359244934507,420.1670201759815,0.0013197438000967332,0.0013197438000967332
13036.8,0.00020588710499163797,420.16492917011266,0.0013032212930691814,0.0013032212930691814
13046.4,0.00020317272573402339,420.1628627554616,0.001286893098537518,0.001286893098537518
13056.0,0.0002004923813090922,420.1608206654978,0.0012707571104560982,0.0012707571104560982
13065.6,0.00019784567070478938,420.15880263626406,0.001254811243114088,0.001254811243114088
13075.199999999999,0.0001952321972655511,420.1568084063565,0.0012390534309755655,0.0012390534309755655
13084.8,0.00019265156865052525,420.15483771690333,0.0012234816285124322,0.0012234816285124322
13094.4,0.0001901033967914195,420.15289031154566,0.0012080938100530458,0.0012080938100530458
13104.0,0.00018758729785116636,420.1509659364159,0.001192887969611091,0.001192887969611091
13113.6,0.00018510289218258858,420.1490643401189,0.0011778621207369072,0.0011778621207369072
13123.199999999999,0.00018264980428756098,420.1471852737111,0.0011630142963521977,0.0011630142963521977
13132.8,0.00018022766277635106,420.1453284906806,0.0011483425485932742,0.0011483425485932742
13142.4,0.00017783610032770498,420.1434937469278,0.0011338449486578905,0.0011338449486578905
13152.0,0.00017547475364872034,420.14168080074563,0.0011195195866484887,0.0011195195866484887
13161.6,0.0001731432634353766,420.1398894127993,0.0011053645714122966,0.0011053645714122966
13171.199999999999,0.00017084127433365142,420.1381193461077,0.0010913780303958,0.0010913780303958
13180.8,0.00016856843490003324,420.13637036602324,0.001077558109482597,0.001077558109482597
13190.4,0.0001663243975631526,420.13464224021334,0.0010639029728501152,0.0010639029728501152
13200.0,0.00016410881858587575,420.13293473864053,0.001050410802810609,0.001050410802810609
13209.6,0.0001619213580268472,420.13124763354375,0.0010370797996638356,0.0010370797996638356
13219.199999999999,0.00015976167970324038,420.12958069941953,0.0010239081815483831,0.0010239081815483831
13228.8,0.0001576294511532775,420.12793371300285,0.0010108941842903037,0.0010108941842903037
13238.4,0.00015552434359924642,420.12630645324856,0.0009980360612566875,0.0009980360612566875
13248.0,0.0001534460319108555,420.1246987013127,0.0009853320832074392,0.0009853320832074392
13257.6,0.00015139419456864113,420.12311024053406,0.0009727805381502003,0.0009727805381502003
13267.199999999999,0.00014936851362844157,420.12154085641583,0.0009603797311948212,0.0009603797311948212
13276.8,0.00014736867468507144,420.11999033660703,0.0009481279844069348,0.0009481279844069348
13286.4,0.00014539436683702598,420.1184584708847,0.0009360236366673692,0.0009360236366673692
13296.0,0.00014344528265143475,420.11694505113564,0.0009240650435270704,0.0009240650435270704
13305.6,0.00014152111812926288,420.11544987133817,0.0009122505770642675,0.0009122505770642675
13315.199999999999,0.00013962157267026536,420.11397272754493,0.0009005786257474809,0.0009005786257474809
13324.8,0.00013774634903925386,420.11251341786436,0.0008890475942895441,0.0008890475942895441
13334.4,0.00013589515333193878,420.11107174244387,0.0008776559035146529,0.0008776559035146529
13344.0,0.0001340676949411255,420.1096475034516,0.0008664019902141847,0.0008664019902141847
13353.6,0.00013226368652355117,420.10824050505926,0.0008552843070115023,0.0008552843070115023
13363.199999999999,0.00013048284396652477,420.10685055342503,0.0008443013222258572,0.0008443013222258572
13372.8,0.00012872488635535024,420.10547745667617,0.0008334515197358461,0.0008334515197358461
13382.4,0.00012698953594049932,420.1041210248917,0.0008227333988424169,0.0008227333988424169
13392.0,0.00012527651810581632,420.102781070086,0.0008121454741390606,0.0008121454741390606
13401.6,0.00012358556133597562,420.1014574061912,0.0008016862753725736,0.0008016862753725736
13411.199999999999,0.00012191639718534264,420.1001498490411,0.000791354347316842,0.000791354347316842
13420.8,0.00012026876024614294,420.09885821635396,0.0007811482496353995,0.0007811482496353995
13430.4,0.00011864238811757147,420.09758232771645,0.0007710665567556628,0.0007710665567556628
13440.0,0.00011703702137490274,420.0963220045668,0.0007611078577355307,0.0007611078577355307
13449.6,0.00011545240353863613,420.0950770701785,0.0007512707561349249,0.0007512707561349249
13459.199999999999,0.00011388828104463623,420.0938473496445,0.0007415538698900246,0.0007415538698900246
13468.8,0.00011234440321375757,420.09263266986034,0.0007319558311812142,0.0007319558311812142
13478.4,0.00011082052222203845,420.0914328595089,0.0007224752863113605,0.0007224752863113605
13488.0,0.00010931639307140893,420.0902477490441,0.0007131108955773531,0.0007131108955773531
13497.6,0.00010783177356024015,420.089077170675,0.0007038613331452386,0.0007038613331452386
13507.199999999999,0.00010636642425455,420.0879209583504,0.0006947252869280476,0.0006947252869280476
13516.8,0.00010492010845890693,420.08677894774314,0.00068570145846093,0.00068570145846093
13526.4,0.00010349259218841791,420.08565097623443,0.0006767885627789827,0.0006767885627789827
13536.0,0.00010208364414020034,420.08453688289876,0.0006679853282964257,0.0006679853282964257
13545.6,0.00010069303566545878,420.08343650848843,0.0006592904966853286,0.0006592904966853286
13555.199999999999,9.93205407419519e-05,420.08234969541854,0.000650702822756584,0.000650702822756584
13564.8,9.796593594613983e-05,420.08127628775185,0.0006422210743404303,0.0006422210743404303
13574.4,9.662900042643314e-05,420.08021613118365,0.0006338440321669758,0.0006338440321669758
13584.0,9.530951587605042e-05,420.07916907302734,0.0006255704897521116,0.0006255704897521116
13593.6,9.400726650616076e-05,420.0781349621993,0.0006173992532775862,0.0006173992532775862
13603.199999999999,9.272203901950518e-05,420.077113649204,0.0006093291414751222,0.0006093291414751222
13612.8,9.145362258414292e-05,420.0761049861206,0.0006013589855168213,0.0006013589855168213
13622.4,9.020180880778373e-05,420.07510882658715,0.0005934876288952386,0.0005934876288952386
13632.0,8.896639171142731e-05,420.07412502578694,0.0005857139273110926,0.0005857139273110926
13641.6,8.774716770422838e-05,420.07315344043445,0.000578036748565018,0.000578036748565018
13651.199999999999,8.65439355583621e-05,420.0721939287606,0.0005704549724398855,0.0005704549724398855
13660.8,8.535649638346283e-05,420.07124635049917,0.000562967490593453,0.000562967490593453
13670.4,8.418465360228843e-05,420.070310566873,0.0005555732064501169,0.0005555732064501169
13680.0,8.302821292604758e-05,420.06938644057954,0.0005482710350859293,0.0005482710350859293
13689.6,8.1886982329851e-05,420.068473835778,0.0005410599031270857,0.0005410599031270857
13699.199999999999,8.07607720287669e-05,420.06757261807473,0.000533938748635391,0.000533938748635391
13708.8,7.964939445371609e-05,420.06668265451066,0.0005269065210071971,0.0005269065210071971
13718.4,7.855266422802508e-05,420.06580381354723,0.000519962180864258,0.000519962180864258
13728.0,7.74703981438895e-05,420.06493596505334,0.0005131046999490757,0.0005131046999490757
13737.6,7.640241513917594e-05,420.06407898029204,0.0005063330610206939,0.0005063330610206939
13747.199999999999,7.534853627411643e-05,420.0632327319073,0.0004996462577495962,0.0004996462577495962
13756.8,7.430858470899782e-05,420.06239709391144,0.0004930432946184406,0.0004930432946184406
13766.4,7.328238568126565e-05,420.06157194167156,0.0004865231868151601,0.0004865231868151601
13776.0,7.226976648303552e-05,420.0607571518971,0.00048008496013459627,0.00048008496013459627
13785.6,7.127055643933364e-05,420.05995260262705,0.00047372765087654034,0.00047372765087654034
13795.199999999999,7.028458688582144e-05,420.05915817321744,0.00046745030574871455,0.00046745030574871455
13804.8,6.931169114712524e-05,420.0583737443283,0.0004612519817621178,0.0004612519817621178
13814.4,6.83517045152533e-05,420.0575991979118,0.00045513174613760055,0.00045513174613760055
13824.0,6.740446422868922e-05,420.05683441719987,0.00044908867620839716,0.00044908867620839716
13833.6,6.64698094505431e-05,420.0560792866912,0.00044312185931816647,0.00044312185931816647
13843.199999999999,6.55475812483016e-05,420.05533369214015,0.00043723039273116,0.00043723039273116
13852.8,6.463762257267198e-05,420.05459752054384,0.0004314133835325083,0.0004314133835325083
13862.4,6.373977823724352e-05,420.0538706601306,0.00042566994853569426,0.00042566994853569426
13872.0,6.285389489827307e-05,420.053153000348,0.0004199992141882294,0.0004199992141882294
13881.6,6.197982103422171e-05,420.05244443185103,0.00041440031647822843,0.00041440031647822843
13891.199999999999,6.111740692612697e-05,420.05174484649046,0.0004088724008427812,0.0004088724008427812
13900.8,6.02665046378142e-05,420.051054137301,0.00040341462207362855,0.00040341462207362855
13910.4,5.9426967996428575e-05,420.05037219849055,0.00039802614423361897,0.00039802614423361897
13920.0,5.859865257273592e-05,420.04969892542766,0.0003927061405556476,0.0003927061405556476
13929.6,5.778141566231091e-05,420.04903421463115,0.00038745379336225643,0.00038745379336225643
13939.199999999999,5.6975116266371655e-05,420.0483779637583,0.0003822682939717599,0.0003822682939717599
13948.8,5.617961507323413e-05,420.04773007159406,0.00037714884261290496,0.00037714884261290496
13958.4,5.5394774439324e-05,420.0470904380399,0.0003720946483368352,0.0003720946483368352
13968.0,5.462045837112904e-05,420.0464589641025,0.00036710492892770834,0.00036710492892770834
13977.6,5.3856532506494724e-05,420.04583555188344,0.00036217891082139834,0.00036217891082139834
13987.199999999999,5.3102864097109655e-05,420.04522010456816,0.0003573158290179091,0.0003573158290179091
13996.8,5.235932199028081e-05,420.0446125264152,0.00035251492699693246,0.00035251492699693246
14006.4,5.162577661127691e-05,420.0440127227455,0.00034777545663205865,0.00034777545663205865
14016.0,5.0902099945778455e-05,420.0434205999321,0.00034309667811172436,0.00034309667811172436
14025.6,5.018816552268313e-05,420.0428360653895,0.00033847785985207545,0.00033847785985207545
14035.199999999999,4.948384839660917e-05,420.0422590275638,0.00033391827842150823,0.00033391827842150823
14044.8,4.878902513141112e-05,420.04168939592137,0.00032941721845083753,0.00032941721845083753
14054.4,4.810357378239903e-05,420.0411270809401,0.00032497397256232944,0.00032497397256232944
14064.0,4.742737388079571e-05,420.040571994098,0.000320587841281666,0.000320587841281666
14073.6,4.676030641652439e-05,420.0400240478638,0.00031625813296293545,0.00031625813296293545
14083.199999999999,4.6102253821760024e-05,420.0394831556871,0.00031198416371002927,0.00031198416371002927
14092.8,4.545309995540427e-05,420.03894923198834,0.00030776525729938676,0.00030776525729938676
14102.4,4.4812730086317334e-05,420.038422192149,0.00030360074510049374,0.00030360074510049374
14112.0,4.4181030878094856e-05,420.0379019525019,0.0002994899659995252,0.0002994899659995252
14121.6,4.355789037277925e-05,420.0373884303219,0.0002954322663279294,0.0002954322663279294
14131.199999999999,4.294319797593853e-05,420.03688154381604,0.0002914269997811292,0.0002914269997811292
14140.8,4.233684444082189e-05,420.0363812121142,0.0002874735273480047,0.0002874735273480047
14150.4,4.173872185320763e-05,420.03588735525966,0.0002835712172345354,0.0002835712172345354
14160.0,4.1148723616606535e-05,420.0353998942001,0.00027971944479238445,0.00027971944479238445
14169.6,4.056674443712772e-05,420.03491875077833,0.0002759175924465835,0.0002759175924465835
14179.199999999999,3.9992680308486715e-05,420.0344438477228,0.00027216504962052307,0.00027216504962052307
14188.8,3.942642849795464e-05,420.03397510863886,0.0002684612126663328,0.0002684612126663328
14198.4,3.88678875313841e-05,420.0335124579999,0.0002648054847952617,0.0002648054847952617
14208.0,3.8316957179123014e-05,420.03305582113836,0.000261197276006262,0.000261197276006262
14217.6,3.77735384418219e-05,420.0326051242367,0.00025763600301502134,0.00025763600301502134
14227.199999999999,3.723753353664973e-05,420.032160294319,0.00025412108918793666,0.00025412108918793666
14236.8,3.670884588267495e-05,420.03172125924203,0.0002506519644702487,0.0002506519644702487
14246.4,3.6187380087951683e-05,420.031287947687,0.0002472280653222609,0.0002472280653222609
14256.0,3.567304193554019e-05,420.03086028915067,0.00024384883464792357,0.00024384883464792357
14265.6,3.516573837000706e-05,420.03043821393726,0.00024051372173240022,0.00024051372173240022
14275.199999999999,3.46653774843335e-05,420.03002165314984,0.00023722218217244788,0.00023722218217244788
14284.8,3.417186850643359e-05,420.0296105386822,0.00023397367781308567,0.00023397367781308567
14294.4,3.368512178634665e-05,420.02920480321046,0.00023076767668067,0.00023076767668067
14304.0,3.3205048783341785e-05,420.0288043801853,0.00022760365292270694,0.00022760365292270694
14313.6,3.273156205303907e-05,420.02840920382357,0.0002244810867400295,0.0002244810867400295
14323.199999999999,3.226457523479824e-05,420.0280192091003,0.00022139946432481305,0.00022139946432481305
14332.8,3.1804003039248814e-05,420.0276343317409,0.0002183582777981426,0.0002183582777981426
14342.4,3.134976123576716e-05,420.02725450821345,0.00021535702514982504,0.00021535702514982504
14352.0,3.090176664046856e-05,420.02687967572047,0.00021239521017281195,0.00021239521017281195
14361.6,3.045993710402188e-05,420.0265097721918,0.00020947234240705466,0.00020947234240705466
14371.199999999999,3.002419149951744e-05,420.0261447362764,0.00020658793707527433,0.00020658793707527433
14380.8,2.959444971077879e-05,420.0257845073353,0.00020374151502546947,0.00020374151502546947
14390.4,2.9170632620283744e-05,420.02542902543354,0.0002009326026702795,0.0002009326026702795
14400.0,2.875266209811614e-05,420.02507823133334,0.00019816073192994126,0.00019816073192994126
