time_s,state_of_charge,outlet_temperature_c,storage_heat_mw,deliverable_power_mw
0.0,1.0,500.0,0.21071207592592592,0.21071207592592592
28.8,0.9986666666666668,500.0,0.21071207592592592,0.21071207592592592
57.6,0.9973333333333334,500.0,0.21071207592592592,0.21071207592592592
86.4,0.9960000000000003,500.0,0.21071207592592592,0.21071207592592592
115.2,0.9946666666666669,500.0,0.21071207592592592,0.21071207592592592
144.0,0.9933333333333335,500.0,0.21071207592592592,0.21071207592592592
172.8,0.9920000000000001,500.0,0.21071207592592592,0.21071207592592592
201.6,0.990666666666667,500.0,0.21071207592592592,0.21071207592592592
230.4,0.9893333333333334,500.0,0.21071207592592592,0.21071207592592592
259.2,0.9880000000000002,500.0,0.21071207592592592,0.21071207592592592
288.0,0.9866666666666667,500.0,0.21071207592592592,0.21071207592592592
316.8,0.9853333333333335,500.0,0.21071207592592592,0.21071207592592592
345.6,0.9840000000000001,500.0,0.21071207592592592,0.21071207592592592
374.40000000000003,0.9826666666666669,500.0,0.21071207592592592,0.21071207592592592
403.2,0.9813333333333335,500.0,0.21071207592592592,0.21071207592592592
432.0,0.9800000000000002,500.0,0.21071207592592592,0.21071207592592592
460.8,0.9786666666666668,500.0,0.21071207592592592,0.21071207592592592
489.6,0.9773333333333334,500.0,0.21071207592592592,0.21071207592592592
518.4,0.9760000000000002,500.0,0.21071207592592592,0.21071207592592592
547.2,0.9746666666666671,500.0,0.21071207592592592,0.21071207592592592
576.0,0.9733333333333337,499.99999999999994,0.21071207592592578,0.21071207592592578
604.8000000000001,0.9720000000000003,499.99999999999994,0.21071207592592578,0.21071207592592578
633.6,0.9706666666666667,499.99999999999994,0.21071207592592578,0.21071207592592578
662.4,0.9693333333333336,499.9999999999999,0.21071207592592564,0.21071207592592564
691.2,0.9680000000000004,499.9999999999999,0.21071207592592564,0.21071207592592564
720.0,0.9666666666666672,499.9999999999999,0.21071207592592564,0.21071207592592564
748.8000000000001,0.9653333333333336,499.9999999999997,0.2107120759259252,0.2107120759259252
777.6,0.9640000000000005,499.9999999999997,0.2107120759259252,0.2107120759259252
806.4,0.9626666666666669,499.9999999999996,0.21071207592592486,0.21071207592592486
835.2,0.9613333333333337,499.99999999999943,0.21071207592592445,0.21071207592592445
864.0,0.9600000000000003,499.99999999999915,0.21071207592592367,0.21071207592592367
892.8000000000001,0.958666666666667,499.999999999999,0.21071207592592325,0.21071207592592325
921.6,0.9573333333333338,499.99999999999864,0.21071207592592234,0.21071207592592234
950.4,0.9560000000000004,499.9999999999982,0.21071207592592114,0.21071207592592114
979.2,0.9546666666666672,499.99999999999756,0.21071207592591948,0.21071207592591948
1008.0,0.953333333333334,499.9999999999969,0.21071207592591767,0.21071207592591767
1036.8,0.9520000000000007,499.99999999999596,0.2107120759259153,0.2107120759259153
1065.6000000000001,0.9506666666666673,499.999999999995,0.21071207592591276,0.21071207592591276
1094.4,0.9493333333333341,499.99999999999375,0.21071207592590946,0.21071207592590946
1123.2,0.948000000000001,499.9999999999921,0.2107120759259051,0.2107120759259051
1152.0,0.9466666666666678,499.9999999999901,0.21071207592589988,0.21071207592589988
1180.8,0.9453333333333348,499.99999999998784,0.2107120759258939,0.2107120759258939
1209.6000000000001,0.9440000000000015,499.999999999985,0.2107120759258864,0.2107120759258864
1238.4,0.9426666666666687,499.9999999999816,0.2107120759258774,0.2107120759258774
1267.2,0.9413333333333357,499.9999999999774,0.21071207592586635,0.21071207592586635
1296.0,0.940000000000003,499.9999999999724,0.21071207592585317,0.21071207592585317
1324.8,0.9386666666666701,499.9999999999663,0.21071207592583716,0.21071207592583716
1353.6000000000001,0.9373333333333373,499.9999999999591,0.21071207592581812,0.21071207592581812
1382.4,0.9360000000000047,499.99999999995043,0.21071207592579536,0.21071207592579536
1411.2,0.9346666666666725,499.99999999994014,0.21071207592576827,0.21071207592576827
1440.0,0.9333333333333405,499.9999999999279,0.21071207592573607,0.21071207592573607
1468.8,0.9320000000000086,499.9999999999135,0.21071207592569807,0.21071207592569807
1497.6000000000001,0.930666666666677,499.99999999989643,0.21071207592565314,0.21071207592565314
1526.4,0.9293333333333457,499.9999999998762,0.21071207592559985,0.21071207592559985
1555.2,0.9280000000000149,499.9999999998523,0.21071207592553695,0.21071207592553695
1584.0,0.9266666666666846,499.9999999998243,0.21071207592546315,0.21071207592546315
1612.8,0.9253333333333548,499.9999999997915,0.21071207592537677,0.21071207592537677
1641.6000000000001,0.9240000000000256,499.999999999753,0.21071207592527538,0.21071207592527538
1670.4,0.9226666666666969,499.9999999997081,0.21071207592515712,0.21071207592515712
1699.2,0.9213333333333694,499.9999999996556,0.21071207592501878,0.21071207592501878
1728.0,0.9200000000000429,499.9999999995945,0.21071207592485783,0.21071207592485783
1756.8,0.9186666666667176,499.9999999995235,0.2107120759246708,0.2107120759246708
1785.6000000000001,0.9173333333333933,499.99999999944106,0.21071207592445373,0.21071207592445373
1814.4,0.916000000000071,499.9999999993457,0.21071207592420252,0.21071207592420252
1843.2,0.9146666666667503,499.9999999992353,0.21071207592391172,0.21071207592391172
1872.0,0.9133333333334318,499.9999999991079,0.21071207592357621,0.21071207592357621
1900.8,0.9120000000001156,499.999999998961,0.21071207592318936,0.21071207592318936
1929.6000000000001,0.9106666666668026,499.9999999987921,0.21071207592274438,0.21071207592274438
1958.4,0.9093333333334926,499.9999999985979,0.21071207592223293,0.21071207592223293
1987.2,0.9080000000001863,499.9999999983749,0.2107120759216456,0.2107120759216456
2016.0,0.9066666666668844,499.99999999811956,0.21071207592097302,0.21071207592097302
2044.8,0.9053333333335872,499.99999999782744,0.21071207592020363,0.21071207592020363
2073.6,0.904000000000296,499.99999999749355,0.21071207591932417,0.21071207591932417
2102.4,0.9026666666670106,499.9999999971127,0.21071207591832106,0.21071207591832106
2131.2000000000003,0.9013333333337328,499.9999999966786,0.21071207591717764,0.21071207591717764
2160.0,0.9000000000004629,499.9999999961846,0.21071207591587657,0.21071207591587657
2188.8,0.8986666666672024,499.9999999956233,0.2107120759143981,0.2107120759143981
2217.6,0.8973333333339528,499.99999999498596,0.21071207591271945,0.21071207591271945
2246.4,0.8960000000007149,499.99999999426336,0.2107120759108162,0.2107120759108162
2275.2000000000003,0.8946666666674908,499.99999999344516,0.21071207590866112,0.21071207590866112
2304.0,0.8933333333342823,499.99999999251986,0.21071207590622398,0.21071207590622398
2332.8,0.8920000000010911,499.99999999147445,0.2107120759034705,0.2107120759034705
2361.6,0.8906666666679195,499.99999999029484,0.2107120759003635,0.2107120759003635
2390.4,0.8893333333347702,499.9999999889652,0.21071207589686142,0.21071207589686142
2419.2000000000003,0.8880000000016457,499.99999998746813,0.2107120758929182,0.2107120758929182
2448.0,0.8866666666685492,499.9999999857844,0.21071207588848354,0.21071207588848354
2476.8,0.8853333333354841,499.9999999838928,0.21071207588350116,0.21071207588350116
2505.6,0.884000000002455,499.99999998176986,0.21071207587790955,0.21071207587790955
2534.4,0.882666666669465,499.9999999793895,0.2107120758716399,0.2107120758716399
2563.2000000000003,0.8813333333365196,499.9999999767235,0.21071207586461785,0.21071207586461785
2592.0,0.8800000000036241,499.9999999737405,0.21071207585676102,0.21071207585676102
2620.8,0.8786666666707837,499.99999997040595,0.21071207584797816,0.21071207584797816
2649.6,0.8773333333380058,499.99999996668197,0.21071207583816956,0.21071207583816956
2678.4,0.8760000000052971,499.9999999625274,0.21071207582722679,0.21071207582722679
2707.2000000000003,0.8746666666726655,499.9999999578963,0.210712075815029,0.210712075815029
2736.0,0.8733333333401199,499.9999999527389,0.21071207580144488,0.21071207580144488
2764.8,0.8720000000076699,499.9999999470006,0.2107120757863308,0.2107120757863308
2793.6,0.8706666666753262,499.9999999406217,0.21071207576952938,0.21071207576952938
2822.4,0.8693333333431006,499.99999993353674,0.2107120757508683,0.2107120757508683
2851.2000000000003,0.868000000011006,499.99999992567433,0.21071207573015946,0.21071207573015946
2880.0,0.8666666666790567,499.99999991695654,0.2107120757071977,0.2107120757071977
2908.8,0.8653333333472684,499.9999999072986,0.21071207568175965,0.21071207568175965
2937.6,0.8640000000156582,499.9999998966077,0.2107120756536008,0.2107120756536008
2966.4,0.8626666666842453,499.999999884783,0.21071207562245575,0.21071207562245575
2995.2000000000003,0.86133333335305,499.9999998717148,0.21071207558803542,0.21071207558803542
3024.0,0.8600000000220952,499.99999985728357,0.21071207555002497,0.21071207555002497
3052.8,0.8586666666914058,499.99999984135957,0.21071207550808274,0.21071207550808274
3081.6,0.8573333333610091,499.9999998238017,0.21071207546183712,0.21071207546183712
3110.4,0.8560000000309348,499.9999998044573,0.21071207541088577,0.21071207541088577
3139.2000000000003,0.8546666667012156,499.9999997831601,0.2107120753547911,0.2107120753547911
3168.0,0.8533333333718869,499.9999997597302,0.2107120752930791,0.2107120752930791
3196.8,0.852000000042987,499.99999973397274,0.21071207522523647,0.21071207522523647
3225.6,0.8506666667145591,499.9999997056768,0.21071207515070786,0.21071207515070786
3254.4,0.849333333386649,499.99999967461406,0.2107120750688916,0.2107120750688916
3283.2000000000003,0.8480000000593066,499.99999964053757,0.2107120749791375,0.2107120749791375
3312.0,0.8466666667325871,499.99999960318075,0.21071207488074334,0.21071207488074334
3340.8,0.8453333334065494,499.99999956225554,0.21071207477295037,0.21071207477295037
3369.6,0.8440000000812585,499.9999995174508,0.21071207465493919,0.21071207465493919
3398.4,0.8426666667567847,499.9999994684315,0.21071207452582713,0.21071207452582713
3427.2000000000003,0.8413333334332042,499.99999941483594,0.21071207438466177,0.21071207438466177
3456.0,0.8400000001105996,499.9999993562747,0.2107120742304173,0.2107120742304173
3484.8,0.8386666667890608,499.9999992923281,0.2107120740619882,0.2107120740619882
3513.6,0.8373333334686851,499.9999992225451,0.21071207387818675,0.21071207387818675
3542.4,0.8360000001495776,499.9999991464399,0.2107120736777332,0.2107120736777332
3571.2000000000003,0.8346666668318529,499.99999906349063,0.210712073459253,0.210712073459253
3600.0,0.8333333335156338,499.99999897313666,0.21071207322126959,0.21071207322126959
3628.8,0.8320000002010542,499.99999887477554,0.21071207296219616,0.21071207296219616
3657.6,0.8306666668882581,499.99999876776087,0.2107120726803301,0.2107120726803301
3686.4,0.8293333335774016,499.99999865139955,0.21071207237384593,0.21071207237384593
3715.2000000000003,0.8280000002686525,499.99999852494807,0.21071207204078524,0.21071207204078524
3744.0,0.8266666669621922,499.9999983876097,0.2107120716790496,0.2107120716790496
3772.8,0.8253333336582166,499.99999823853125,0.2107120712863917,0.2107120712863917
3801.6,0.8240000003569365,499.9999980767991,0.21071207086040525,0.21071207086040525
3830.4,0.8226666670585795,499.999997901436,0.21071207039851625,0.21071207039851625
3859.2000000000003,0.8213333337633895,499.9999977113967,0.21071206989797153,0.21071206989797153
3888.0,0.8200000004716301,499.9999975055635,0.21071206935582726,0.21071206935582726
3916.8,0.8186666671835843,499.9999972827427,0.21071206876893936,0.21071206876893936
3945.6,0.8173333338995565,499.999997041659,0.2107120681339488,0.2107120681339488
3974.4,0.8160000006198741,499.9999967809516,0.21071206744727133,0.21071206744727133
4003.2000000000003,0.8146666673448878,499.99999649916816,0.21071206670508164,0.21071206670508164
4032.0,0.8133333340749752,499.9999961947601,0.21071206590330097,0.21071206590330097
4060.8,0.8120000008105406,499.99999586607635,0.2107120650375805,0.2107120650375805
4089.6,0.8106666675520179,499.99999551135824,0.21071206410328813,0.21071206410328813
4118.400000000001,0.8093333342998725,499.99999512873205,0.21071206309548868,0.21071206309548868
4147.2,0.8080000010546025,499.9999947162038,0.21071206200893008,0.21071206200893008
4176.0,0.8066666678167416,499.99999427165113,0.2107120608380224,0.2107120608380224
4204.8,0.8053333345868614,499.99999379281707,0.2107120595768209,0.2107120595768209
4233.6,0.8040000013655728,499.9999932773021,0.2107120582190056,0.2107120582190056
4262.400000000001,0.8026666681535304,499.999992722556,0.21071205675785926,0.21071205675785926
4291.2,0.8013333349514324,499.99999212586965,0.21071205518624653,0.21071205518624653
4320.0,0.8000000017600266,499.99999148436683,0.21071205349659164,0.21071205349659164
4348.8,0.7986666685801098,499.9999907949946,0.21071205168085338,0.21071205168085338
4377.6,0.7973333354125345,499.99999005451366,0.21071204973050003,0.21071204973050003
4406.400000000001,0.7960000022582095,499.99998925948904,0.2107120476364839,0.2107120476364839
4435.2,0.7946666691181052,499.99998840627933,0.21071204538921404,0.21071204538921404
4464.0,0.7933333359932547,499.99998749102537,0.21071204297852578,0.21071204297852578
4492.8,0.7920000028847606,499.9999865096399,0.21071204039365363,0.21071204039365363
4521.6,0.7906666697937976,499.9999854577948,0.21071203762319793,0.21071203762319793
4550.400000000001,0.7893333367216158,499.99998433090894,0.21071203465509214,0.21071203465509214
4579.2,0.7880000036695467,499.9999831241357,0.210712031476571,0.210712031476571
4608.0,0.7866666706390076,499.99998183234885,0.21071202807413233,0.21071202807413233
4636.8,0.7853333376315054,499.9999804501288,0.21071202443350168,0.21071202443350168
4665.6,0.7840000046486427,499.9999789717483,0.21071202053959381,0.21071202053959381
4694.400000000001,0.7826666716921237,499.99997739115634,0.21071201637647113,0.21071201637647113
4723.2,0.7813333387637574,499.9999757019629,0.210712011927303,0.210712011927303
4752.0,0.7800000058654672,499.9999738974221,0.21071200717432115,0.21071200717432115
4780.8,0.7786666729992934,499.9999719704155,0.21071200209877675,0.21071200209877675
4809.6,0.777333340167403,499.99996991343306,0.21071199668088872,0.21071199668088872
4838.400000000001,0.7760000073720936,499.99996771855547,0.21071199089979856,0.21071199089979856
4867.2,0.774666674615803,499.9999653774343,0.2107119847335173,0.2107119847335173
4896.0,0.7733333419011151,499.9999628812722,0.21071197815887358,0.21071197815887358
4924.8,0.7720000092307686,499.99996022080103,0.210711971151456,0.210711971151456
4953.6,0.7706666766076642,499.9999573862613,0.21071196368555917,0.21071196368555917
4982.400000000001,0.7693333440348746,499.99995436737856,0.21071195573412102,0.21071195573412102
5011.2,0.7680000115156524,499.9999511533404,0.21071194726866288,0.21071194726866288
5040.0,0.7666666790534394,499.99994773277206,0.21071193825922463,0.21071193825922463
5068.8,0.7653333466518775,499.9999440937108,0.2107119286742977,0.2107119286742977
5097.6,0.764000014314818,499.99994022357987,0.21071191848075624,0.21071191848075624
5126.400000000001,0.7626666820463318,499.9999361091615,0.2107119076437858,0.2107119076437858
5155.2,0.7613333498507223,499.9999317365685,0.2107118961268089,0.2107118961268089
5184.0,0.7600000177325356,499.9999270912149,0.21071188389140763,0.21071188389140763
5212.8,0.7586666856965724,499.9999221577859,0.21071187089724425,0.21071187089724425
5241.6,0.7573333537479022,499.9999169202065,0.21071185710197893,0.21071185710197893
5270.400000000001,0.7560000218918755,499.99991136160895,0.2107118424611836,0.2107118424611836
5299.2,0.7546666901341371,499.99990546429916,0.21071182692825377,0.21071182692825377
5328.0,0.7533333584806415,499.9998992097222,0.21071181045431753,0.21071181045431753
5356.8,0.7520000269376679,499.9998925784258,0.2107117929881396,0.2107117929881396
5385.6,0.7506666955118343,499.99988555002386,0.21071177447602515,0.21071177447602515
5414.400000000001,0.7493333642101151,499.9998781031577,0.21071175486171728,0.21071175486171728
5443.2,0.7480000330398573,499.9998702154559,0.21071173408629212,0.21071173408629212
5472.0,0.7466667020087991,499.99986186349446,0.2107117120880529,0.2107117120880529
5500.8,0.7453333711250866,499.9998530227531,0.2107116888024158,0.2107116888024158
5529.6,0.7440000403972937,499.9998436675724,0.2107116641617965,0.2107116641617965
5558.400000000001,0.7426667098344417,499.9998337711083,0.2107116380954903,0.2107116380954903
5587.2,0.7413333794460204,499.9998233052859,0.2107116105295507,0.2107116105295507
5616.0,0.7400000492420079,499.9998122407507,0.21071158138666105,0.21071158138666105
5644.8,0.7386667192328942,499.9998005468196,0.21071155058600474,0.21071155058600474
5673.6,0.7373333894297036,499.9997881914297,0.2107115180431315,0.2107115180431315
5702.400000000001,0.7360000598440191,499.9997751410854,0.21071148366981743,0.21071148366981743
5731.2,0.7346667304880056,499.9997613608048,0.21071144737392325,0.21071144737392325
5760.0,0.7333334013744378,499.99974681406246,0.21071140905924476,0.21071140905924476
5788.8,0.7320000725167257,499.9997314627335,0.21071136862536485,0.21071136862536485
5817.6,0.7306667439289418,499.99971526703297,0.21071132596749384,0.21071132596749384
5846.400000000001,0.7293334156258509,499.99969818545543,0.21071128097631053,0.21071128097631053
5875.2,0.728000087622939,499.99968017471235,0.21071123353779728,0.21071123353779728
5904.0,0.7266667599364446,499.99966118966694,0.2107111835330681,0.2107111835330681
5932.8,0.72533343258339,499.99964118326847,0.2107111308381962,0.2107111308381962
5961.6,0.7240001055816153,499.9996201064831,0.21071107532403127,0.21071107532403127
5990.400000000001,0.7226667789498117,499.99959790822453,0.21071101685601692,0.21071101685601692
6019.2,0.7213334527075569,499.9995745352813,0.2107109552939995,0.2107109552939995
6048.0,0.7200001268753526,499.9995499322432,0.21071089049203418,0.21071089049203418
6076.8,0.7186668014746623,499.9995240414246,0.21071082229818244,0.21071082229818244
6105.6,0.7173334765279492,499.99949680278684,0.21071075055430863,0.21071075055430863
6134.400000000001,0.7160001520587183,499.9994681538575,0.2107106750958664,0.2107106750958664
6163.2,0.7146668280915576,499.9994380296486,0.21071059575168408,0.21071059575168408
6192.0,0.7133335046521811,499.999406362572,0.21071051234374097,0.21071051234374097
6220.8,0.7120001817674751,499.9993730823527,0.21071042468693968,0.21071042468693968
6249.6,0.7106668594655429,499.99933811593985,0.2107103325888717,0.2107103325888717
6278.400000000001,0.7093335377757527,499.99930138741604,0.210710235849578,0.210710235849578
6307.2,0.7080002167287877,499.999262817904,0.2107101342613037,0.2107101342613037
6336.0,0.7066668963566966,499.99922232547084,0.2107100276082455,0.2107100276082455
6364.8,0.7053335766929462,499.9991798250302,0.21070991566629452,0.21070991566629452
6393.6,0.7040002577724753,499.9991352282417,0.210709798202771,0.210709798202771
6422.400000000001,0.7026669396317518,499.99908844340877,0.21070967497615514,0.21070967497615514
6451.2,0.7013336223088287,499.99903937537306,0.2107095457358093,0.2107095457358093
6480.0,0.7000003058434051,499.99898792540756,0.21070941022169637,0.21070941022169637
6508.8,0.6986669902768867,499.99893399110533,0.21070926816408653,0.21070926816408653
6537.6,0.6973336756524491,499.9988774662689,0.21070911928326616,0.21070911928326616
6566.400000000001,0.6960003620151025,499.99881824079296,0.21070896328922892,0.21070896328922892
6595.2,0.69466704941176,499.998756200549,0.21070879988137148,0.21070879988137148
6624.0,0.6933337378913055,499.9986912272634,0.2107086287481729,0.2107086287481729
6652.8,0.6920004275046656,499.9986231983954,0.21070844956687293,0.21070844956687293
6681.6,0.690667118304882,499.99855198701164,0.2107082620031416,0.2107082620031416
6710.400000000001,0.6893338103471878,499.99847746165796,0.21070806571074183,0.21070806571074183
6739.2,0.688000503689084,499.99839948622815,0.21070786033118324,0.21070786033118324
6768.0,0.6866671983904202,499.9983179198318,0.21070764549337445,0.21070764549337445
6796.8,0.6853338945134759,499.99823261665625,0.21070742081325947,0.21070742081325947
6825.6,0.6840005921230453,499.99814342582914,0.2107071858934553,0.2107071858934553
6854.400000000001,0.682667291286524,499.9980501912759,0.21070694032287704,0.21070694032287704
6883.2,0.6813339920739978,499.99795275157544,0.2107066836763575,0.2107066836763575
6912.0,0.6800006945583343,499.99785093981285,0.21070641551425937,0.21070641551425937
6940.8,0.6786673988152773,499.99774458342904,0.2107061353820791,0.2107061353820791
6969.6,0.6773341049235426,499.9976335040677,0.21070584281004393,0.21070584281004393
6998.400000000001,0.6760008129649191,499.99751751742014,0.21070553731270278,0.21070553731270278
7027.2,0.6746675230243679,499.99739643306555,0.2107052183885063,0.2107052183885063
7056.0,0.6733342351901295,499.9972700543099,0.2107048855193819,0.2107048855193819
7084.8,0.6720009495538292,499.99713817802166,0.2107045381703011,0.2107045381703011
7113.6,0.6706676662105878,499.9970005944638,0.21070417578883754,0.21070417578883754
7142.400000000001,0.6693343852591358,499.99685708712406,0.21070379780471912,0.21070379780471912
7171.2,0.6680011068019268,499.99670743254137,0.21070340362937176,0.21070340362937176
7200.0,0.6666678309452582,499.99655140012976,0.21070299265545472,0.21070299265545472
7228.8,0.6653345577993914,499.9963887519989,0.21070256425638847,0.21070256425638847
7257.6,0.6640012874786785,499.99621924277284,0.21070211778587708,0.21070211778587708
7286.400000000001,0.6626680201016887,499.99604261940465,0.21070165257741996,0.21070165257741996
7315.2,0.6613347557913386,499.99585862098803,0.21070116794381583,0.21070116794381583
7344.0,0.6600014946750291,499.9956669785671,0.21070066317666145,0.21070066317666145
7372.8,0.65866823688478,499.9954674149424,0.21070013754584102,0.21070013754584102
7401.6,0.6573349825573724,499.9952596444741,0.21069959029900737,0.21069959029900737
7430.400000000001,0.6560017318344908,499.9950433728824,0.2106990206610566,0.2106990206610566
7459.2,0.6546684848628734,499.994818297045,0.21069842783359496,0.21069842783359496
7488.0,0.6533352417944605,499.9945841047915,0.21069781099439616,0.21069781099439616
7516.8,0.6520020027865489,499.994340474695,0.21069716929685373,0.21069716929685373
7545.6,0.6506687680019513,499.9940870758613,0.21069650186942512,0.21069650186942512
7574.400000000001,0.649335537609156,499.99382356771383,0.2106958078150655,0.2106958078150655
7603.2,0.6480023117824931,499.99354959977774,0.2106950862106586,0.2106950862106586
7632.0,0.6466690907023018,499.99326481145914,0.21069433610643598,0.21069433610643598
7660.8,0.6453358745551049,499.99296883182285,0.21069355652539104,0.21069355652539104
7689.6,0.6440026635337821,499.9926612793673,0.21069274646268654,0.21069274646268654
7718.400000000001,0.642669457837752,499.9923417617952,0.2106919048850501,0.2106919048850501
7747.2,0.6413362576731557,499.992009875784,0.21069103073017018,0.21069103073017018
7776.0,0.6400030632530432,499.9916652067506,0.21069012290607603,0.21069012290607603
7804.8,0.6386698747975663,499.9913073286162,0.2106891802905181,0.2106891802905181
7833.6,0.6373366925341736,499.9909358035667,0.21068820173033764,0.21068820173033764
7862.400000000001,0.6360035166978099,499.99055018181093,0.21068718604082917,0.21068718604082917
7891.2,0.634670347531121,499.9901500013366,0.21068613200509798,0.21068613200509798
7920.0,0.6333371852846599,499.9897347876629,0.21068503837340874,0.21068503837340874
7948.8,0.6320040302171,499.9893040535918,0.21068390386253016,0.21068390386253016
7977.6,0.6306708825954508,499.9888572989557,0.21068272715507005,0.21068272715507005
8006.400000000001,0.629337742695278,499.988394010363,0.21068150689880605,0.21068150689880605
8035.2,0.6280046108009291,499.98791366094207,0.2106802417060104,0.2106802417060104
8064.0,0.6266714872057609,499.98741571008117,0.2106789301527653,0.2106789301527653
8092.8,0.6253383722123749,499.98689960316824,0.2106775707782775,0.2106775707782775
8121.6,0.6240052661328529,499.98636477132595,0.21067616208418052,0.21067616208418052
8150.400000000001,0.6226721692890004,499.98581063114733,0.2106747025338381,0.2106747025338381
8179.2,0.6213390820125932,499.98523658442696,0.2106731905516365,0.2106731905516365
8208.0,0.6200060046456283,499.9846420178909,0.21067162452227292,0.21067162452227292
8236.800000000001,0.6186729375405795,499.9840263029251,0.2106700027900401,0.2106700027900401
8265.6,0.6173398810606578,499.98338879530115,0.21066832365810437,0.21066832365810437
8294.4,0.6160068355800762,499.9827288349007,0.21066658538777921,0.21066658538777921
8323.2,0.6146738014843189,499.98204574543735,0.21066478619779344,0.21066478619779344
8352.0,0.613340779170416,499.98133883417717,0.21066292426355435,0.21066292426355435
8380.800000000001,0.6120077690472217,499.98060739165805,0.21066099771640906,0.21066099771640906
8409.6,0.6106747715356982,499.9798506914065,0.21065900464289836,0.21065900464289836
8438.4,0.609341787069204,499.97906798965363,0.2106569430840086,0.2106569430840086
8467.2,0.6080088160937867,499.9782585250491,0.21065481103441852,0.21065481103441852
8496.0,0.6066758590684804,499.9774215183743,0.2106526064417433,0.2106526064417433
8524.800000000001,0.6053429164656096,499.97655617225354,0.21065032720577462,0.21065032720577462
8553.6,0.6040099887710952,499.97566167086507,0.21064797117771855,0.21064797117771855
8582.4,0.6026770764847675,499.9747371796493,0.21064553615942797,0.21064553615942797
8611.2,0.601344180120684,499.9737818450182,0.21064301990263642,0.21064301990263642
8640.0,0.6000113002074495,499.97279479406143,0.21064042010818457,0.21064042010818457
8668.800000000001,0.5986784372885454,499.9717751342535,0.21063773442524875,0.21063773442524875
8697.6,0.5973455919226593,499.97072195315906,0.21063496045056454,0.21063496045056454
8726.4,0.5960127646840238,499.96963431813765,0.2106320957276494,0.2106320957276494
8755.2,0.5946799561627562,499.9685112760486,0.21062913774602526,0.21062913774602526
8784.0,0.5933471669652068,499.9673518529549,0.2106260839404383,0.2106260839404383
8812.800000000001,0.5920143977143099,499.9661550538261,0.2106229316900772,0.2106229316900772
8841.6,0.590681649049939,499.9649198622424,0.2106196783177926,0.2106196783177926
8870.4,0.5893489216292706,499.96364524009755,0.2106163210893155,0.2106163210893155
8899.2,0.5880162161271489,499.96233012730175,0.21061285721247452,0.21061285721247452
8928.0,0.5866835332364575,499.9609734414851,0.2106092838364145,0.2106092838364145
8956.800000000001,0.5853508736684959,499.95957407770084,0.21060559805081497,0.21060559805081497
8985.6,0.5840182381533604,499.95813090812925,0.2106017968851107,0.2106017968851107
9014.4,0.5826856274403308,499.9566427817812,0.2105978773077103,0.2105978773077103
9043.2,0.5813530422982608,499.95510852420335,0.2105938362252198,0.2105938362252198
9072.0,0.5800204835159743,499.95352693718297,0.2105896704816658,0.2105896704816658
9100.800000000001,0.5786879519026666,499.9518967984543,0.21058537685772122,0.21058537685772122
9129.6,0.5773554482883099,499.95021686140524,0.2105809520699333,0.2105809520699333
9158.4,0.5760229735240635,499.94848585478513,0.21057639276995377,0.21057639276995377
9187.2,0.5746905284826899,499.9467024824144,0.210571695543774,0.210571695543774
9216.0,0.573358114058975,499.9448654228945,0.21056685691096097,0.21056685691096097
9244.800000000001,0.5720257311701529,499.94297332931967,0.21056187332389847,0.21056187332389847
9273.6,0.5706933807563364,499.94102482899024,0.21055674116703152,0.21055674116703152
9302.4,0.5693610637809509,499.9390185231278,0.2105514567561163,0.2105514567561163
9331.2,0.5680287812311744,499.9369529865919,0.21054601633747405,0.21054601633747405
9360.0,0.5666965341183813,499.93482676759857,0.21054041608724955,0.21054041608724955
9388.800000000001,0.5653643234785906,499.9326383874413,0.21053465211067635,0.21053465211067635
9417.6,0.5640321503729202,499.9303863402137,0.21052872044134632,0.21052872044134632
9446.4,0.5627000158880446,499.9280690925353,0.21052261704048686,0.21052261704048686
9475.2,0.5613679211366566,499.9256850832788,0.21051633779624354,0.21051633779624354
9504.0,0.5600358672579349,499.9232327233015,0.21050987852297193,0.21050987852297193
9532.800000000001,0.5587038554180153,499.9207103951772,0.21050323496053144,0.21050323496053144
9561.6,0.5573718868104662,499.91811645293313,0.21049640277359297,0.21049640277359297
9590.4,0.5560399626567699,499.9154492217892,0.21048937755095148,0.21048937755095148
9619.2,0.5547080842068048,499.91270699789993,0.21048215480484703,0.21048215480484703
9648.0,0.5533762527393365,499.90988804810104,0.21047472997029634,0.21047472997029634
9676.800000000001,0.552044469562509,499.9069906096574,0.2104670984044297,0.2104670984044297
9705.6,0.550712736014342,499.904012890017,0.2104592553858428,0.2104592553858428
9734.4,0.5493810534632325,499.90095306656707,0.21045119611395408,0.21045119611395408
9763.2,0.5480494233084594,499.8978092863952,0.21044291570837573,0.21044291570837573
9792.0,0.5467178469806919,499.8945796660537,0.210434409208293,0.210434409208293
9820.800000000001,0.545386325942503,499.89126229132785,0.2104256715718542,0.2104256715718542
9849.6,0.5440548616888862,499.88785521701084,0.21041669767557708,0.21041669767557708
9878.4,0.5427234557477748,499.8843564666802,0.21040748231376055,0.21040748231376055
9907.2,0.5413921096805668,499.88076403248084,0.21039802019791345,0.21039802019791345
9936.0,0.5400608250826516,499.8770758749128,0.21038830595619468,0.21038830595619468
9964.800000000001,0.5387296035839414,499.8732899226226,0.21037833413286428,0.21037833413286428
9993.6,0.5373984468494046,499.86940407220175,0.2103680991877529,0.2103680991877529
10022.4,0.5360673565796049,499.865416187989,0.21035759549574018,0.21035759549574018
10051.2,0.5347363345112401,499.86132410187884,0.2103468173462509,0.2103468173462509
10080.0,0.5334053824176879,499.85712561313505,0.21033575894276396,0.21033575894276396
10108.800000000001,0.5320745021095512,499.85281848821006,0.21032441440233626,0.21032441440233626
10137.6,0.5307436954352084,499.84840046057076,0.21031277775514406,0.21031277775514406
10166.4,0.5294129642813661,499.8438692305297,0.21030084294403847,0.21030084294403847
10195.2,0.5280823105736148,499.8392224650828,0.2102886038241177,0.2102886038241177
10224.0,0.5267517362769855,499.8344577977532,0.2102760541623163,0.2102760541623163
10252.800000000001,0.5254212433965113,499.82957282844154,0.2102631876370101,0.2102631876370101
10281.6,0.5240908339777899,499.8245651232832,0.21024999783764087,0.21024999783764087
10310.4,0.5227605101075481,499.81943221451206,0.21023647826435704,0.21023647826435704
10339.2,0.5214302739142093,499.8141716003309,0.21022262232767255,0.21022262232767255
10368.0,0.5201001275684627,499.8087807447896,0.21020842334814602,0.21020842334814602
10396.800000000001,0.5187700732838348,499.80325707766957,0.21019387455607622,0.21019387455607622
10425.6,0.517440113317262,499.79759799437625,0.21017896909121905,0.21017896909121905
10454.4,0.5161102499696645,499.7918008558388,0.21016370000252335,0.21016370000252335
10483.2,0.5147804855865243,499.7858629884176,0.21014806024788713,0.21014806024788713
10512.0,0.5134508225584608,499.7797816838186,0.2101320426939323,0.2101320426939323
10540.800000000001,0.5121212633218106,499.77355419901755,0.21011564011580441,0.21011564011580441
10569.6,0.5107918103592073,499.7671777561894,0.2100988451969877,0.2100988451969877
10598.4,0.5094624662001631,499.760649542649,0.2100816505291478,0.2100816505291478
10627.2,0.5081332334216498,499.7539667107971,0.21006404861199057,0.21006404861199057
10656.0,0.5068041146486818,499.7471263780771,0.2100460318531474,0.2100460318531474
10684.800000000001,0.5054751125548995,499.7401256269388,0.21002759256807993,0.21002759256807993
10713.6,0.5041462298631527,499.7329615048115,0.21000872298000964,0.21000872298000964
10742.4,0.5028174693460846,499.7256310240863,0.2099894152198703,0.2099894152198703
10771.2,0.5014888338267162,499.718131162106,0.20996966132628245,0.20996966132628245
10800.0,0.50016032617903,499.7104588611651,0.20994945324555264,0.20994945324555264
10828.800000000001,0.49883194932855474,499.7026110285187,0.2099287828316971,0.2099287828316971
10857.6,0.497503706252948,499.69458453640055,0.20990764184648944,0.20990764184648944
10886.4,0.4961755999825805,499.6863762220503,0.20988602195953196,0.20988602195953196
10915.2,0.4948476336011179,499.6779828877509,0.2098639147483549,0.2098639147483549
10944.0,0.4935198102461033,499.66940130087414,0.20984131169853568,0.20984131169853568
10972.800000000001,0.4921921331095377,499.6606281939382,0.2098182042038507,0.2098182042038507
11001.6,0.4908646054384598,499.6516602646722,0.20979458356644587,0.20979458356644587
11030.4,0.4895372305355249,499.6424941760933,0.20977044099703857,0.20977044099703857
11059.2,0.4882100117595816,499.6331265565914,0.2097457676151419,0.2097457676151419
11088.0,0.4868829525262479,499.62355400002605,0.2097205544493194,0.2097205544493194
11116.800000000001,0.48555605630848403,499.613773065832,0.20969479243746283,0.20969479243746283
11145.6,0.4842293266371651,499.6037802791356,0.20966847242709932,0.20966847242709932
11174.4,0.4829027671016504,499.5935721308815,0.2096415851757246,0.2096415851757246
11203.2,0.4815763813503509,499.58314507796996,0.2096141213511648,0.2096141213511648
11232.0,0.48025017309129414,499.57249554340433,0.2095860715319652,0.2095860715319652
11260.800000000001,0.47892414609268674,499.56161991644905,0.2095574262078059,0.2095574262078059
11289.6,0.4775983041834733,499.55051455279875,0.20952817577994753,0.20952817577994753
11318.4,0.4762726512538941,499.5391757747578,0.20949831056170412,0.20949831056170412
11347.2,0.4749471912560369,499.52759987143054,0.20946782077894413,0.20946782077894413
11376.0,0.4736219282043882,499.5157830989224,0.2094366965706199,0.2094366965706199
11404.800000000001,0.472296866176379,499.50372168055253,0.20940492798932833,0.20940492798932833
11433.6,0.47097200931292765,499.491411807076,0.2093725050018956,0.2093725050018956
11462.4,0.46964736181897915,499.47884963691877,0.209339417489996,0.209339417489996
11491.2,0.4683229279640385,499.466031296422,0.20930565525079595,0.20930565525079595
11520.0,0.46699871208270355,499.45295288009885,0.20927120799763005,0.20927120799763005
11548.800000000001,0.46567471857518855,499.439610450902,0.20923606536070558,0.20923606536070558
11577.6,0.46435095190784687,499.42600004050144,0.2092002168878342,0.2092002168878342
11606.4,0.4630274166136873,499.41211764957524,0.20916365204519824,0.20916365204519824
11635.2,0.46170411729288546,499.39795924810977,0.209126360218141,0.209126360218141
11664.0,0.46038105861329026,499.38352077571255,0.20908833071199076,0.20908833071199076
11692.800000000001,0.4590582453109246,499.36879814193566,0.20904955275291295,0.20904955275291295
11721.6,0.45773568219048105,499.3537872266105,0.20901001548879153,0.20901001548879153
11750.4,0.4564133741258112,499.3384838801941,0.2089697079901413,0.2089697079901413
11779.2,0.4550913260604091,499.32288392412727,0.2089286192510514,0.2089286192510514
11808.0,0.453769543007889,499.3069831512024,0.20888673819015363,0.20888673819015363
11836.800000000001,0.45244803005245665,499.2907773259447,0.20884405365162684,0.20884405365162684
11865.6,0.4511267923493732,499.2742621850033,0.20880055440622716,0.20880055440622716
11894.4,0.44980583512541394,499.25743343755397,0.20875622915234865,0.20875622915234865
11923.2,0.44848516367931873,499.24028676571413,0.20871106651711624,0.20871106651711624
11952.0,0.4471647833822359,499.22281782496776,0.20866505505750507,0.20866505505750507
11980.800000000001,0.4458446996781591,499.2050222446022,0.20861818326149092,0.20861818326149092
12009.6,0.4445249180843564,499.18689562815683,0.20857043954923193,0.20857043954923193
12038.4,0.44320544419179175,499.1684335538815,0.20852181227427632,0.20852181227427632
12067.2,0.4418862836655384,499.149631575208,0.2084722897248036,0.2084722897248036
12096.0,0.4405674422451845,499.13048522123114,0.2084218601248927,0.2084218601248927
12124.800000000001,0.43924892574523117,499.11098999720184,0.20837051163581952,0.20837051163581952
12153.6,0.43793074005548066,499.0911413850308,0.20831823235738448,0.20831823235738448
12182.4,0.43661289114141716,499.07093484380385,0.20826501032926925,0.20826501032926925
12211.2,0.43529538504457865,499.0503658103074,0.20821083353242148,0.20821083353242148
12240.0,0.4339782278829192,499.02942969956575,0.20815568989046904,0.20815568989046904
12268.800000000001,0.43266142585116274,499.0081219053884,0.20809956727116266,0.20809956727116266
12297.6,0.4313449852211471,498.9864378009286,0.20804245348784625,0.20804245348784625
12326.4,0.4300289123421596,498.9643727392529,0.20798433630095714,0.20798433630095714
12355.2,0.42871321364126097,498.94192205392073,0.2079252034195534,0.2079252034195534
12384.0,0.42739789562360136,498.9190810595749,0.20786504250286816,0.20786504250286816
12412.800000000001,0.4260829648727256,498.89584505254265,0.20780384116189318,0.20780384116189318
12441.6,0.42476842805086806,498.8722093114466,0.2077415869609883,0.2077415869609883
12470.4,0.4234542918992376,498.84816909782717,0.20767826741952006,0.20767826741952006
12499.2,0.4221405632382914,498.82371965677356,0.20761387001352463,0.20761387001352463
12528.0,0.4208272489679985,498.7988562175662,0.20754838217739913,0.20754838217739913
12556.800000000001,0.4195143560680931,498.773573994329,0.20748179130562,0.20748179130562
12585.6,0.418201891598315,498.74786818669077,0.20741408475448492,0.20741408475448492
12614.4,0.4168898626986406,498.7217339804566,0.2073452498438814,0.2073452498438814
12643.2,0.41557827658950247,498.6951665482902,0.20727527385908395,0.20727527385908395
12672.0,0.4142671405719959,498.6681610504042,0.2072041440525717,0.2072041440525717
12700.800000000001,0.41295646202807484,498.64071263526046,0.20713184764587406,0.20713184764587406
12729.6,0.4116462484207369,498.61281644027974,0.2070583718314388,0.2070583718314388
12758.4,0.4103365072941942,498.58446759256094,0.2069837037745271,0.2069837037745271
12787.2,0.40902724627403403,498.55566120960816,0.20690783061512835,0.20690783061512835
12816.0,0.40771847306736636,498.52639240006835,0.20683073946990319,0.20683073946990319
12844.800000000001,0.4064101954629585,498.49665626447614,0.20675241743414507,0.20675241743414507
12873.6,0.4051024213313583,498.46644789600805,0.20667285158376697,0.20667285158376697
12902.4,0.4037951586250042,498.43576238124535,0.2065920289773107,0.2065920289773107
12931.2,0.40248841537832186,498.4045948009445,0.20650993665797593,0.20650993665797593
12960.0,0.4011821997078083,498.3729402308167,0.2064265616556738,0.2064265616556738
12988.800000000001,0.3998765198121029,498.34079374231396,0.20634189098909703,0.20634189098909703
13017.6,0.3985713839720459,498.3081504034248,0.20625591166781593,0.20625591166781593
13046.4,0.3972668005507214,498.2750052794759,0.2061686106943898,0.2061686106943898
13075.2,0.3959627779934889,498.24135343394283,0.20607997506650208,0.20607997506650208
13104.0,0.39465932482800115,498.2071899292661,0.2059899917791104,0.2059899917791104
13132.800000000001,0.39335644966420663,498.17250982767655,0.20589864782661965,0.20589864782661965
13161.6,0.39205416119433956,498.13730819202584,0.2058059302050703,0.2058059302050703
13190.4,0.39075246819289583,498.1015800866243,0.20571182591434461,0.20571182591434461
13219.2,0.3894513795165943,498.0653205780864,0.20561632196039367,0.20561632196039367
13248.0,0.3881509041043246,498.0285247361804,0.20551940535747537,0.20551940535747537
13276.800000000001,0.38685105097707984,497.9911876346861,0.205421063130414,0.205421063130414
13305.6,0.38555182923787545,497.953304352258,0.20532128231687247,0.20532128231687247
13334.4,0.38425324807165384,497.91486997329315,0.2052200499696399,0.2052200499696399
13363.2,0.3829553167451737,497.87587958880636,0.20511735315893537,0.20511735315893537
13392.0,0.3816580446068852,497.83632829730965,0.2050131789747251,0.2050131789747251
13420.800000000001,0.38036144108679015,497.7962112056968,0.20490751452905193,0.20490751452905193
13449.6,0.3790655156962879,497.75552343013356,0.2048003469583802,0.2048003469583802
13478.4,0.3777702780280054,497.7142600969515,0.20469166342594997,0.20469166342594997
13507.2,0.376475737755613,497.6724163435476,0.2045814511241466,0.2045814511241466
13536.0,0.37518190463362483,497.6299873192872,0.20446969727687883,0.20446969727687883
13564.800000000001,0.37388878849718477,497.58696818641124,0.20435638914196858,0.20435638914196858
13593.6,0.3725963992618355,497.543354120948,0.2042415140135519,0.2042415140135519
13622.4,0.3713047469232751,497.4991403136268,0.2041250592244865,0.2041250592244865
13651.2,0.37001384155709516,497.45432197079714,0.20400701214877148,0.20400701214877148
13680.0,0.3687236933185059,497.40889431534947,0.20388736020397366,0.20388736020397366
13708.800000000001,0.3674343124420452,497.3628525876396,0.20376609085366168,0.20376609085366168
13737.6,0.3661457092412715,497.3161920464155,0.20364319160984715,0.20364319160984715
13766.4,0.36485789410844244,497.2689079697466,0.2035186500354328,0.2035186500354328
13795.2,0.3635708775141766,497.2209956559555,0.20339245374666617,0.20339245374666617
13824.0,0.3622846700071008,497.17245042455147,0.20326459041559805,0.20326459041559805
13852.800000000001,0.3609992822134813,497.1232676171655,0.20313504777254598,0.20313504777254598
13881.6,0.35971472483683986,497.0734425984873,0.20300381360856187,0.20300381360856187
13910.4,0.35843100865755306,497.0229707572032,0.2028708757779022,0.2028708757779022
13939.2,0.35714814453243743,496.97184750693486,0.20273622220050064,0.20273622220050064
13968.0,0.3558661433943178,496.92006828717956,0.20259984086444482,0.20259984086444482
13996.800000000001,0.3545850162515804,496.8676285642504,0.2024617198284526,0.2024617198284526
14025.6,0.3533047741877102,496.81452383221597,0.2023218472243467,0.2023218472243467
14054.4,0.3520254283608128,496.7607496138418,0.20218021125953534,0.20218021125953534
14083.2,0.3507469900031206,496.7063014615306,0.20203680021948744,0.20203680021948744
14112.0,0.3494694704204829,496.65117495826144,0.2018916024702077,0.2018916024702077
14140.800000000001,0.3481928809918407,496.5953657185292,0.20174460646070985,0.20174460646070985
14169.6,0.34691723316868595,496.53886938928287,0.20159580072548874,0.20159580072548874
14198.4,0.345642538474505,496.481681650862,0.20144517388698666,0.20144517388698666
14227.2,0.3443688085042061,496.42379821793213,0.20129271465805698,0.20129271465805698
14256.0,0.3430960549235324,496.36521484041856,0.201138411844424,0.201138411844424
14284.800000000001,0.34182428946845855,496.3059273044376,0.2009822543471355,0.2009822543471355
14313.6,0.34055352394457156,496.24593143322653,0.20082423116501213,0.20082423116501213
14342.4,0.339283770226437,496.1852230880696,0.20066433139708664,0.20066433139708664
14371.2,0.33801504025695,496.123798169223,0.2005025442450397,0.2005025442450397
14400.0,0.3367473460466694,496.06165261683526,0.2003388590156249,0.2003388590156249
14428.800000000001,0.3354806996731383,495.9987824118654,0.20017326512308636,0.20017326512308636
14457.6,0.3342151132801883,495.93518357699736,0.20000575209156737,0.20000575209156737
14486.4,0.3329505990772293,495.87085217755,0.19983630955750767,0.19983630955750767
14515.2,0.33168716933852277,495.8057843223846,0.19966492727203344,0.19966492727203344
14544.0,0.33042483640244275,495.7399761648061,0.19949159510333048,0.19949159510333048
14572.800000000001,0.32916361267071836,495.6734239034617,0.1993163030390125,0.1993163030390125
14601.6,0.3279035106076645,495.6061237832335,0.19913904118847064,0.19913904118847064
14630.4,0.3266445427393958,495.5380720961264,0.19895979978521322,0.19895979978521322
14659.2,0.3253867216530266,495.4692651821514,0.19877856918919154,0.19877856918919154
14688.0,0.32413005999585653,495.3996994302022,0.1985953398891095,0.1985953398891095
14716.800000000001,0.32287457047454104,495.32937127892734,0.19841010250472002,0.19841010250472002
14745.6,0.3216202658542478,495.25827721759555,0.19822284778910468,0.19822284778910468
14774.4,0.3203671589577985,495.18641378695463,0.19803356663093585,0.19803356663093585
14803.2,0.3191152626647971,495.1137775800853,0.19784225005672557,0.19784225005672557
14832.0,0.3178645899107429,495.0403652432468,0.19764888923305293,0.19764888923305293
14860.800000000001,0.316615153686131,494.96617347671565,0.19745347546877304,0.19745347546877304
14889.6,0.31536696703553735,494.89119903561897,0.19725600021721218,0.19725600021721218
14918.4,0.3141200430566914,494.8154387307583,0.19705645507833747,0.19705645507833747
14947.2,0.3128743948995342,494.7388894294264,0.19685483180090854,0.19685483180090854
14976.0,0.3116300357652639,494.6615480562176,0.19665112228461115,0.19665112228461115
15004.800000000001,0.3103869789053668,494.58341159382786,0.19644531858216552,0.19644531858216552
15033.6,0.30914523762063606,494.5044770838478,0.19623741290141433,0.19623741290141433
15062.4,0.3079048252601769,494.4247416275472,0.19602739760738924,0.19602739760738924
15091.2,0.3066657552203994,494.3442023866505,0.19581526522435386,0.19581526522435386
15120.0,0.3054280409439977,494.26285658410325,0.1956010084378214,0.1956010084378214
15148.800000000001,0.3041916959189172,494.18070150482913,0.19538462009655003,0.19538462009655003
15177.6,0.3029567336773092,494.09773449647867,0.19516609321451392,0.19516609321451392
15206.4,0.30172316779447317,494.0139529701669,0.19494542097284645,0.19494542097284645
15235.2,0.30049101188778654,493.9293544012022,0.19472259672176007,0.19472259672176007
15264.0,0.29926027961562296,493.8439363298048,0.1944976139824384,0.1944976139824384
15292.800000000001,0.29803098467625944,493.757696361815,0.19427046644890197,0.19427046644890197
15321.6,0.2968031408067696,493.67063216939107,0.19404114798984615,0.19404114798984615
15350.4,0.29557676178190795,493.5827414916964,0.19380965265045147,0.19380965265045147
15379.2,0.29435186141298164,493.49402213557624,0.19357597465416526,0.19357597465416526
15408.0,0.2931284535467113,493.40447197622245,0.1933401084044536,0.1933401084044536
15436.800000000001,0.2919065520640808,493.3140889578289,0.19310204848652668,0.19310204848652668
15465.6,0.29068617087917686,493.2228710942329,0.19286178966902867,0.19286178966902867
15494.4,0.2894673239380177,493.1308164695478,0.19261932690570394,0.19261932690570394
15523.2,0.2882500252173713,493.0379232387818,0.19237465533702672,0.19237465533702672
15552.0,0.28703428872356385,492.94418962844594,0.192127770291803,0.192127770291803
15580.800000000001,0.2858201284912781,492.8496139371495,0.191878667288738,0.191878667288738
15609.6,0.2846075585823416,492.7541945361839,0.19162734203797457,0.19162734203797457
15638.4,0.28339659308450676,492.6579298700927,0.19137379044259464,0.19137379044259464
15667.2,0.28218724611021945,492.560818457231,0.19111800860009232,0.19111800860009232
15696.0,0.28097953179538104,492.4628588903105,0.1908599928038095,0.1908599928038095
15724.800000000001,0.27977346429809874,492.3640498369325,0.19059973954434012,0.19059973954434012
15753.6,0.2785690577974303,492.2643900401076,0.19033724551089856,0.19033724551089856
15782.4,0.27736632649211757,492.16387831876267,0.19007250759265498,0.19007250759265498
15811.2,0.2761652845993136,492.0625135682334,0.18980552288003325,0.18980552288003325
15840.0,0.27496594635330124,491.96029476074494,0.18953628866597624,0.18953628866597624
15868.800000000001,0.2737683260042033,491.85722094587777,0.1892648024471729,0.1892648024471729
15897.6,0.27257243781668616,491.7532912510204,0.1889910619252511,0.1889910619252511
15926.4,0.27137829606865604,491.6485048818078,0.18871506500793203,0.18871506500793203
15955.2,0.2701859150499469,491.54286112254675,0.18843680981015057,0.18843680981015057
15984.0,0.2689953090610031,491.436359336626,0.1881562946551359,0.1881562946551359
16012.800000000001,0.2678064924115547,491.3289989669131,0.18787351807545608,0.18787351807545608
16041.6,0.2666194794192857,491.2207795361366,0.18758847881402557,0.18758847881402557
16070.4,0.26543428440849814,491.11170064725343,0.18730117582507225,0.18730117582507225
16099.2,0.2642509217087681,491.00176198380296,0.18701160827507016,0.18701160827507016
16128.0,0.2630694056535973,490.89096331024535,0.18671977554363062,0.18671977554363062
16156.800000000001,0.2618897505790592,490.7793044722853,0.18642567722435505,0.18642567722435505
16185.6,0.26071197082243946,490.66678539718157,0.18612931312565045,0.18612931312565045
16214.4,0.2595360807208721,490.5534060940413,0.18583068327150393,0.18583068327150393
16243.2,0.25836209460997045,490.4391666540997,0.18552978790222013,0.18552978790222013
16272.0,0.25719002682245407,490.3240672509842,0.18522662747511637,0.18522662747511637
16300.800000000001,0.25601989168677136,490.20810814096336,0.18492120266517864,0.18492120266517864
16329.6,0.2548517035257183,490.09128966318207,0.1846135143656811,0.1846135143656811
16358.4,0.2536854766550536,489.97361223987934,0.18430356368875947,0.18430356368875947
16387.2,0.25252122538211036,489.85507637659305,0.18399135196595037,0.18399135196595037
16416.0,0.25135896400440455,489.7356826623469,0.18367688074868396,0.18367688074868396
16444.8,0.25019870680824086,489.615431769825,0.18336015180874357,0.18336015180874357
16473.600000000002,0.2490404680673154,489.49432445552816,0.18304116713867727,0.18304116713867727
16502.4,0.24788426204131678,489.3723615599164,0.1827199289521736,0.1827199289521736
16531.2,0.24673010297452455,489.24954400753546,0.1823964396843945,0.1823964396843945
16560.0,0.24557800509440572,489.1258728071276,0.18207070199226716,0.18207070199226716
16588.8,0.2444279826102103,489.00134905172735,0.18174271875473613,0.18174271875473613
16617.600000000002,0.2432800497115645,488.87597391874124,0.18141249307297372,0.18141249307297372
16646.4,0.24213422056706424,488.7497486700117,0.18108002827054784,0.18108002827054784
16675.2,0.24099050932286653,488.6226746518662,0.18074532789355177,0.18074532789355177
16704.0,0.23984893010128075,488.49475329514985,0.18040839571068976,0.18040839571068976
16732.8,0.2387094969993601,488.36598611524306,0.18006923571332367,0.18006923571332367
16761.600000000002,0.2375722240874923,488.2363747120631,0.17972785211547712,0.17972785211547712
16790.4,0.2364371254079915,488.1059207700498,0.17938424935379788,0.17938424935379788
16819.2,0.23530421497368925,487.9746260581366,0.17903843208748133,0.17903843208748133
16848.0,0.2341735067665275,487.842492429705,0.17869040519815063,0.17869040519815063
16876.8,0.23304501473615216,487.7095218225241,0.17834017378969796,0.17834017378969796
16905.600000000002,0.2319187527985076,487.5757162586735,0.17798774318808042,0.17798774318808042
16934.4,0.23079473483443336,487.4410778444522,0.17763311894108114,0.17763311894108114
16963.2,0.22967297468826228,487.30560877027074,0.17727630681802442,0.17727630681802442
16992.0,0.22855348616642013,487.1693113105282,0.1769173128094522,0.1769173128094522
17020.8,0.2274362830360288,487.0321878234739,0.17655614312675957,0.17655614312675957
17049.600000000002,0.22632137902351135,486.89424075105364,0.17619280420178982,0.17619280420178982
17078.4,0.22520878781319909,486.75547261874004,0.17582730268638777,0.17582730268638777
17107.2,0.22409852304594324,486.6158860353488,0.17545964545191559,0.17545964545191559
17136.0,0.22299059831772927,486.475483692838,0.17508983958872412,0.17508983958872412
17164.8,0.2218850271782944,486.3342683660935,0.17471789240558802,0.17471789240558802
17193.600000000002,0.22078182312974942,486.19224291269876,0.1743438114290989,0.1743438114290989
17222.4,0.21968099962520463,486.04941027268967,0.17396760440302023,0.17396760440302023
17251.2,0.2185825700673997,485.90577346829394,0.17358927928760037,0.17358927928760037
17280.0,0.2174865478073388,485.76133560365577,0.1732088442588476,0.1732088442588476
17308.8,0.2163929461429297,485.61609986454596,0.17282630770776683,0.17282630770776683
17337.600000000002,0.21530177831762876,485.4700695180575,0.17244167823955733,0.17244167823955733
17366.4,0.2142130575190906,485.3232479122849,0.17205496467276823,0.17205496467276823
17395.2,0.2131267968778241,485.17563847599047,0.17166617603842002,0.17166617603842002
17424.0,0.21204300946585314,485.0272447182557,0.1712753215790858,0.1712753215790858
17452.8,0.21096170829538463,484.878070228118,0.17088241074793448,0.17088241074793448
17481.600000000002,0.20988290631748144,484.728118674193,0.17048745320773628,0.17048745320773628
17510.4,0.20880661642074333,484.5773938042828,0.1700904588298307,0.1700904588298307
17539.2,0.2077328514299938,484.4258994449702,0.16969143769305783,0.16969143769305783
17568.0,0.20666162410497377,484.273639501199,0.16929040008265295,0.16929040008265295
17596.8,0.20559294713904316,484.1206179558396,0.16888735648910197,0.16888735648910197
17625.600000000002,0.2045268331578892,483.9668388692421,0.16848231760696517,0.16848231760696517
17654.4,0.20346329471824293,483.81230637877496,0.16807529433366097,0.16807529433366097
17683.2,0.20240234430660375,483.6570246983495,0.16766629776821457,0.16766629776821457
17712.0,0.2013439943379716,483.5009981179329,0.16725533920997449,0.16725533920997449
17740.8,0.20028825715458742,483.34423100304565,0.1668424301572893,0.1668424301572893
17769.600000000002,0.19923514502468329,483.18672779424753,0.16642758230615376,0.16642758230615376
17798.4,0.19818467014123978,483.02849300661,0.16601080754881872,0.16601080754881872
17827.2,0.19713684462075357,482.86953122917527,0.16559211797236686,0.16559211797236686
17856.0,0.1960916805020136,482.70984712440327,0.16517152585725586,0.16517152585725586
17884.8,0.19504918974488686,482.54944542760603,0.16474904367582852,0.16474904367582852
17913.600000000002,0.19400938422911398,482.3883309463691,0.16432468409078893,0.16432468409078893
17942.4,0.19297227575311465,482.2265085599614,0.16389845995364835,0.16389845995364835
17971.2,0.19193787603280232,482.0639832187317,0.1634703843031349,0.1634703843031349
18000.0,0.1909061967004107,481.9007599434948,0.16304047036357736,0.16304047036357736
18028.8,0.18987724930332897,481.7368438249047,0.16260873154325445,0.16260873154325445
18057.600000000002,0.1888510453029487,481.5722400228162,0.1621751814327122,0.1621751814327122
18086.4,0.18782759607352142,481.4069537656354,0.16173983380305493,0.16173983380305493
18115.2,0.18680691290102705,481.240990349659,0.16130270260420304,0.16130270260420304
18144.0,0.1857890069820537,481.0743551384017,0.16086380196312328,0.16086380196312328
18172.8,0.18477388942268844,480.9070535619128,0.16042314618202755,0.16042314618202755
18201.600000000002,0.18376157123742043,480.7390911160833,0.1599807497365484,0.1599807497365484
18230.4,0.18275206334805474,480.5704733619398,0.1595366272738791,0.1595366272738791
18259.2,0.18174537658263917,480.40120592493065,0.15909079361089343,0.15909079361089343
18288.0,0.18074152167440252,480.2312944941998,0.15864326373223292,0.15864326373223292
18316.8,0.17974050926070503,480.0607448218517,0.15819405278837095,0.15819405278837095
18345.600000000002,0.1787423498820016,479.88956272220537,0.15774317609364802,0.15774317609364802
18374.4,0.17774705398081764,479.7177540710399,0.15729064912428417,0.15729064912428417
18403.2,0.17675463190073723,479.5453248048291,0.15683648751636334,0.15683648751636334
18432.0,0.17576509388540454,479.37228091996764,0.1563807070637953,0.1563807070637953
18460.8,0.17477845007753814,479.1986284719881,0.155923323716253,0.155923323716253
18489.600000000002,0.17379471051795864,479.0243735747681,0.1554643535770844,0.1554643535770844
18518.4,0.17281388514462984,478.84952239972966,0.15500381290120396,0.15500381290120396
18547.2,0.1718359837917127,478.6740811750294,0.15454171809295922,0.15454171809295922
18576.0,0.17086101618863367,478.4980561847406,0.15407808570397682,0.15407808570397682
18604.8,0.1698889919591666,478.32145376802674,0.1536129324309854,0.1536129324309854
18633.600000000002,0.16891992062052805,478.14428031830784,0.15314627511362,0.15314627511362
18662.4,0.16795381158248776,477.9665422824173,0.1526781307322014,0.1526781307322014
18691.2,0.1669906741464919,477.7882461597533,0.1522085164055005,0.1522085164055005
18720.0,0.16603051750480158,477.60939850142137,0.15173744938848027,0.15173744938848027
18748.8,0.1650733507396454,477.43000590937,0.15126494707001928,0.15126494707001928
18777.600000000002,0.16411918282238677,477.2500750355193,0.15079102697061617,0.15079102697061617
18806.4,0.16316802261270535,477.0696125808835,0.1503157067400787,0.1503157067400787
18835.2,0.1622198788577939,476.88862529468565,0.1498390041551919,0.1498390041551919
18864.0,0.1612747601915694,476.70711997346734,0.14936093711737303,0.14936093711737303
18892.8,0.16033267513389962,476.52510346019073,0.1488815236503066,0.1488815236503066
18921.600000000002,0.15939363208984395,476.3425826433362,0.14840078189756764,0.14840078189756764
18950.4,0.15845763934891072,476.1595644559929,0.1479187301202263,0.1479187301202263
18979.2,0.1575247050843283,475.97605587494473,0.14743538669444034,0.14743538669444034
19008.0,0.1565948373523324,475.7920639197504,0.14695077010903193,0.14695077010903193
19036.8,0.15566804409146867,475.6075956518184,0.14646489896305176,0.14646489896305176
19065.600000000002,0.15474433312191072,475.42265817347794,0.14597779196333155,0.14597779196333155
19094.4,0.15382371214479326,475.2372586270431,0.14548946792201892,0.14548946792201892
19123.2,0.15290618874156206,475.05140419387556,0.1449999457541093,0.1449999457541093
19152.0,0.15199177037333805,474.86510209343993,0.14450924447495742,0.14450924447495742
19180.8,0.15108046438029876,474.6783595823572,0.1440173831977841,0.1440173831977841
19209.600000000002,0.1501722779810745,474.4911839534535,0.14352438113117116,0.14352438113117116
19238.4,0.1492672182721611,474.30358253480466,0.1430302575765443,0.1430302575765443
19267.2,0.14836529222734818,474.1155626887787,0.14253503192565178,0.14253503192565178
19296.0,0.14746650669716355,473.9271318110741,0.14203872365803077,0.14203872365803077
19324.8,0.14657086840833441,473.73829732975497,0.1415413523384664,0.1415413523384664
19353.600000000002,0.14567838396326302,473.5490667042843,0.14104293761444536,0.14104293761444536
19382.4,0.14478905983952042,473.35944742455354,0.1405434992135997,0.1405434992135997
19411.2,0.1439029023893553,473.16944700991036,0.14004305694114658,0.14004305694114658
19440.0,0.14301991783921889,472.9790730081844,0.13954163067732156,0.13954163067732156
19468.8,0.14214011228930706,472.788332994711,0.13903924037480764,0.13903924037480764
19497.600000000002,0.1412634917131179,472.5972345713524,0.13853590605615673,0.13853590605615673
19526.4,0.1403900619570259,472.40578536551817,0.13803164781121055,0.13803164781121055
19555.2,0.13951982873987276,472.21399302918456,0.13752648579451632,0.13752648579451632
19584.0,0.1386527976525743,472.02186523791164,0.13702044022273907,0.13702044022273907
19612.8,0.13778897415774338,471.82940968986003,0.13651353137207134,0.13651353137207134
19641.600000000002,0.13692836358932997,471.6366341048079,0.13600577957564428,0.13600577957564428
19670.4,0.13607097115227715,471.4435462231652,0.13549720522093078,0.13549720522093078
19699.2,0.13521680192219404,471.2501538049898,0.13498782874715487,0.13498782874715487
19728.0,0.13436586084504398,471.05646462900216,0.13447767064269567,0.13447767064269567
19756.8,0.13351815273685066,470.86248649160046,0.13396675144249373,0.13396675144249373
19785.600000000002,0.13267368228341941,470.66822720587624,0.13345509172545825,0.13345509172545825
19814.4,0.13183245404007557,470.47369460062987,0.132942712111874,0.132942712111874
19843.2,0.13099447243141907,470.2788965193871,0.13242963326081086,0.13242963326081086
19872.0,0.13015974175109543,470.08384081941733,0.13191587586753814,0.13191587586753814
19900.8,0.12932826616158297,469.8885353707506,0.13140146066093555,0.13140146066093555
19929.600000000002,0.1285000496939963,469.69298805519827,0.13088640840091334,0.13088640840091334
19958.4,0.1276750962479067,469.49720676537396,0.13037073987583417,0.13037073987583417
19987.2,0.12685340959117816,469.301199403716,0.12985447589993773,0.12985447589993773
20016.0,0.1260349933598195,469.1049738815122,0.1293376373107726,0.1293376373107726
20044.8,0.1252198510578541,468.90853811792624,0.12882024496663147,0.12882024496663147
20073.600000000002,0.12440798605720359,468.7119000390268,0.12830231974399403,0.12830231974399403
20102.4,0.12359940159758992,468.5150675768182,0.12778388253497425,0.12778388253497425
20131.2,0.12279410078645209,468.3180486682739,0.12726495424477388,0.12726495424477388
20160.0,0.12199208659887917,468.12085125437346,0.12674555578914662,0.12674555578914662
20188.8,0.12119336187756018,467.92348327914164,0.12622570809186667,0.12622570809186667
20217.600000000002,0.12039792933274875,467.7259526886904,0.12570543208220608,0.12570543208220608
20246.4,0.11960579154224438,467.52826743026475,0.12518474869242072,0.12518474869242072
20275.2,0.11881695095138951,467.330435451292,0.12466367885524714,0.12466367885524714
20304.0,0.11803140987308228,467.13246469843403,0.1241422435014057,0.1241422435014057
20332.8,0.11724917048780488,466.9343631166443,0.12362046355711666,0.12362046355711666
20361.600000000002,0.11647023484366788,466.7361386482274,0.12309835994162362,0.12309835994162362
20390.4,0.1156946048564695,466.53779923190433,0.12257595356473154,0.12257595356473154
20419.2,0.11492228230977145,466.3393528018807,0.12205326532435191,0.12205326532435191
20448.0,0.11415326885498941,466.1408072869204,0.12153031610406358,0.12153031610406358
20476.8,0.113387566011499,465.9421706094227,0.1210071267706815,0.1210071267706815
20505.600000000002,0.11262517516675717,465.74345068450543,0.12048371817184196,0.12048371817184196
20534.4,0.11186609757643899,465.544655419092,0.11996011113359811,0.11996011113359811
20563.2,0.11111033436458893,465.345792711004,0.11943632645802961,0.11943632645802961
20592.0,0.11035788652378793,465.1468704480589,0.11891238492086662,0.11891238492086662
20620.8,0.10960875491533492,464.9478965071731,0.11838830726912646,0.11838830726912646
20649.600000000002,0.10886294026944374,464.7488787534703,0.11786411421876612,0.11786411421876612
20678.4,0.10812044318545382,464.5498250393956,0.11733982645234806,0.11733982645234806
20707.2,0.10738126413205658,464.3507432038364,0.11681546461672516,0.11681546461672516
20736.0,0.10664540344753581,464.15164107124684,0.11629104932073493,0.11629104932073493
20764.8,0.10591286134002283,463.9525264507807,0.11576660113291458,0.11576660113291458
20793.600000000002,0.10518363788776562,463.7534071354294,0.11524214057923193,0.11524214057923193
20822.4,0.10445773303941287,463.5542909011665,0.11471768814083073,0.11471768814083073
20851.2,0.10373514661431131,463.35518550609856,0.11419326425179556,0.11419326425179556
20880.0,0.10301587830281753,463.15609868962264,0.11366888929693147,0.11366888929693147
20908.8,0.10229992766662434,462.9570381715906,0.11314458360956378,0.11314458360956378
20937.600000000002,0.10158729413909964,462.7580116514808,0.11262036746935557,0.11262036746935557
20966.4,0.1008779770256401,462.55902680757464,0.1120962611001398,0.1120962611001398
20995.2,0.10017197550403763,462.3600912961434,0.11157228466777659,0.11157228466777659
21024.0,0.09946928862486029,462.16121275064,0.11104845827802466,0.11104845827802466
21052.8,0.09876991531184531,461.96239878089784,0.1105248019744316,0.1105248019744316
21081.600000000002,0.09807385436230634,461.76365697233905,0.1100013357362479,0.1100013357362479
21110.4,0.09738110444755327,461.56499488518864,0.10947807947635739,0.10947807947635739
21139.2,0.09669166411332504,461.3664200536962,0.10895505303922716,0.10895505303922716
21168.0,0.09600553178023559,461.16793998536673,0.10843227619888196,0.10843227619888196
21196.8,0.0953227057442323,460.96956216019805,0.10790976865689493,0.10790976865689493
21225.600000000002,0.09464318417706691,460.77129402992614,0.10738755004040058,0.10738755004040058
21254.4,0.09396696512677893,460.57314301728,0.10686563990013198,0.10686563990013198
21283.2,0.09329404651819162,460.3751165152424,0.10634405770847323,0.10634405770847323
21312.0,0.09262442615341958,460.1772218863205,0.10582282285753929,0.10582282285753929
21340.8,0.09195810171238926,459.9794664618247,0.10530195465727518,0.10530195465727518
21369.600000000002,0.09129507075336994,459.7818575411544,0.10478147233357621,0.10478147233357621
21398.4,0.09063533071351842,459.5844023910945,0.10426139502643385,0.10426139502643385
21427.2,0.08997887890943311,459.3871082451184,0.1037417417881006,0.1037417417881006
21456.0,0.0893257125377214,459.189982302701,0.1032225315812804,0.1032225315812804
21484.8,0.08867582867557736,458.99303172863944,0.1027037832773389,0.1027037832773389
21513.600000000002,0.0880292242813709,458.79626365238363,0.10218551565454125,0.10218551565454125
21542.4,0.08738589619524793,458.59968516737456,0.10166774739630832,0.10166774739630832
21571.2,0.08674584113974138,458.4033033303927,0.10115049708950088,0.10115049708950088
21600.0,0.08610905572039275,458.207125160914,0.10063378322272337,0.10063378322272337
21628.8,0.08547553642638475,458.0111576404764,0.1001176241846551,0.1001176241846551
21657.600000000002,0.08484527963118396,457.8154077120542,0.0996020382624026,0.0996020382624026
21686.4,0.08421828159319328,457.6198822794425,0.09908704363987852,0.09908704363987852
21715.2,0.08359453845641573,457.42458820665064,0.09857265839620352,0.09857265839620352
21744.0,0.08297404625112732,457.2295323173045,0.09805890050413228,0.09805890050413228
21772.8,0.0823568008945597,457.03472139405847,0.09754578782850451,0.09754578782850451
21801.600000000002,0.08174279819159277,456.84016217801695,0.09703333812472166,0.09703333812472166
21830.4,0.0811320338354567,456.6458613681651,0.09652156903724693,0.09652156903724693
21859.2,0.0805245034084432,456.45182562080885,0.09601049809813109,0.09601049809813109
21888.0,0.0799202023826261,456.25806154902466,0.09550014272556225,0.09550014272556225
21916.8,0.07931912612059082,456.06457572211923,0.09499052022244366,0.09499052022244366
21945.600000000002,0.07872126987617249,455.8713746650978,0.09448164777499275,0.09448164777499275
21974.4,0.07812662879520342,455.67846485814283,0.0939735424513684,0.0939735424513684
22003.2,0.07753519791626837,455.48585273610223,0.0934662212003225,0.0934662212003225
22032.0,0.07694697217146866,455.29354468798726,0.0929597008498779,0.0929597008498779
22060.8,0.076361946387194,455.10154705647966,0.09245399810603006,0.09245399810603006
22089.600000000002,0.0757801152849032,454.9098661374492,0.09194912955147641,0.09194912955147641
22118.4,0.07520147348191178,454.7185081794808,0.0914451116443705,0.0914451116443705
22147.2,0.07462601549218824,454.527479383411,0.09094196071710174,0.09094196071710174
22176.0,0.07405373572715702,454.3367859018744,0.0904396929751003,0.0904396929751003
22204.8,0.07348462849650932,454.1464338388607,0.08993832449567021,0.08993832449567021
22233.600000000002,0.07291868800902133,453.9564292492801,0.08943787122684556,0.08943787122684556
22262.4,0.07235590837337892,453.76677813854,0.08893834898627426,0.08893834898627426
22291.2,0.07179628359901016,453.5774864621301,0.0884397734601263,0.0884397734601263
22320.0,0.07123980759692324,453.38856012521865,0.08794216020203018,0.08794216020203018
22348.8,0.0706864741805523,453.20000498225784,0.08744552463203291,0.08744552463203291
22377.600000000002,0.07013627706660894,453.01182683659914,0.08694988203558747,0.08694988203558747
22406.4,0.06958920987594033,452.82403144011823,0.08645524756256466,0.08645524756256466
22435.2,0.06904526613439284,452.6366244928508,0.08596163622629385,0.08596163622629385
22464.0,0.06850443927368224,452.44961164263646,0.08546906290262529,0.08546906290262529
22492.8,0.06796672263226936,452.26299848477436,0.08497754232902259,0.08497754232902259
22521.600000000002,0.06743210945624128,452.07679056168695,0.08448708910367755,0.08448708910367755
22550.4,0.06690059290019794,451.8909933625953,0.08399771768465471,0.08399771768465471
22579.2,0.06637216602814457,451.7056123232021,0.08350944238905668,0.08350944238905668
22608.0,0.0658468218143881,451.5206528253865,0.08302227739221989,0.08302227739221989
22636.8,0.06532455314443958,451.33612019690736,0.08253623672693355,0.08253623672693355
22665.600000000002,0.06480535281592095,451.15201971111696,0.08205133428268523,0.08205133428268523
22694.4,0.06428921353947617,450.9683565866837,0.0815675838049305,0.0815675838049305
22723.2,0.06377612793968744,450.7851359873256,0.0810849988943913,0.0810849988943913
22752.0,0.06326608855599496,450.60236302155243,0.0806035930063763,0.0806035930063763
22780.8,0.06275908784362133,450.4200427424178,0.0801233794501282,0.0801233794501282
22809.600000000002,0.06225511817449997,450.2381801472814,0.07964437138819734,0.07964437138819734
22838.4,0.061754171838207014,450.05678017758004,0.07916658183583888,0.07916658183583888
22867.2,0.06125624104289684,449.87584771860867,0.07869002366043588,0.07869002366043588
22896.0,0.060761317916241654,449.6953875993111,0.07821470958094805,0.07821470958094805
22924.8,0.060269394506373676,449.51540459207973,0.07774065216738409,0.07774065216738409
22953.600000000002,0.05978046278283096,449.3359034125649,0.07726786384030007,0.07726786384030007
22982.4,0.05929451463750599,449.15688871949374,0.07679635687032171,0.07679635687032171
23011.2,0.05881154188559764,448.97836511449896,0.07632614337769383,0.07632614337769383
23040.0,0.05833153626656506,448.8003371419553,0.0758572353318494,0.0758572353318494
23068.8,0.05785448944508453,448.6228092888273,0.0753896445510084,0.0753896445510084
23097.600000000002,0.05738039301200912,448.44578598452483,0.07492338270179795,0.07492338270179795
23126.4,0.05690923848532964,448.2692716007686,0.07445846129889719,0.07445846129889719
23155.2,0.056441017311138625,448.0932704514642,0.07399489170470622,0.07399489170470622
23184.0,0.05597572086459556,447.9177867925859,0.07353268512903965,0.07353268512903965
23212.8,0.05551334045089445,447.74282482206905,0.07307185262884347,0.07307185262884347
23241.600000000002,0.0550538673062325,447.5683886797115,0.07261240510793514,0.07261240510793514
23270.4,0.05459729259878105,447.3944824470841,0.07215435331676788,0.07215435331676788
23299.2,0.054143607429656904,447.2211101474499,0.07169770785221821,0.07169770785221821
23328.0,0.05369280283389537,447.04827574569265,0.07124247915739713,0.07124247915739713
23356.8,0.05324486978142443,446.8759831482529,0.0707886775214821,0.0707886775214821
23385.600000000002,0.052799799178039765,446.7042362030746,0.07033631307957637,0.07033631307957637
23414.4,0.052357581866380405,446.5330386995583,0.06988539581258572,0.06988539581258572
23443.2,0.051918208626905056,446.36239436852446,0.06943593554712162,0.06943593554712162
23472.0,0.05148167017886859,446.1923068821851,0.06898794195542675,0.06898794195542675
23500.8,0.05104795718129984,446.0227798541227,0.06854142455531945,0.06854142455531945
23529.600000000002,0.050617060233978585,445.85381683927886,0.06809639271016388,0.06809639271016388
23558.4,0.05018896987841271,445.68542133395067,0.06765285562886014,0.06765285562886014
23587.2,0.049763676598816094,445.51759677579537,0.06721082236585695,0.06721082236585695
23616.0,0.04934117082308544,445.350346543843,0.06677030182118472,0.06677030182118472
23644.8,0.04892144292377678,445.18367395851783,0.06633130274051216,0.06633130274051216
23673.600000000002,0.04850448321908234,445.0175822816669,0.06589383371522112,0.06589383371522112
23702.4,0.04809028197380577,444.85207471659686,0.06545790318250427,0.06545790318250427
23731.2,0.047678829400337096,444.6871544081195,0.06502351942548419,0.06502351942548419
23760.0,0.04727011565962697,444.52282444260373,0.06459069057335089,0.06459069057335089
23788.8,0.04686413086215978,444.3590878480359,0.06415942460152058,0.06415942460152058
23817.600000000002,0.046460865068924995,444.19594759408864,0.06372972933181661,0.06372972933181661
23846.4,0.046060308292388295,444.0334065921956,0.06330161243266712,0.06330161243266712
23875.2,0.04566245049746112,443.87146769563475,0.06287508141932346,0.06287508141932346
23904.0,0.04526728160246735,443.71013369961946,0.06245014365410089,0.06245014365410089
23932.8,0.044874791480110664,443.5494073413957,0.06202680634663408,0.06202680634663408
23961.600000000002,0.04448496995843816,443.3892913003477,0.06160507655415574,0.06160507655415574
23990.4,0.04409780682180304,443.2297881981098,0.06118496118179117,0.06118496118179117
24019.2,0.043713291811825,443.07090059868653,0.060766466982874086,0.060766466982874086
24048.0,0.04333141462834872,442.9126310085784,0.060349600559278675,0.060349600559278675
24076.8,0.042952164930400126,442.7549818769157,0.059934368361771566,0.059934368361771566
24105.600000000002,0.04257553233714015,442.5979555955983,0.05952077669038017,0.05952077669038017
24134.4,0.04220150642881607,442.4415544994436,0.05910883169478209,0.05910883169478209
24163.2,0.04183007674771038,442.2857808663389,0.05869853937470682,0.05869853937470682
24192.0,0.04146123279908705,442.13063691740285,0.058289905580361116,0.058289905580361116
24220.8,0.0410949640521346,441.97612481715146,0.05788293601286554,0.05788293601286554
24249.600000000002,0.040731259940906775,441.8222466736718,0.05747763622471278,0.05747763622471278
24278.4,0.04037010986526014,441.66900453880135,0.057074011620239284,0.057074011620239284
24307.2,0.0400115031917882,441.51640040831376,0.0566720674561154,0.0566720674561154
24336.0,0.039655429254753016,441.3644362221109,0.05627180884185042,0.05627180884185042
24364.8,0.039301877357012696,441.2131138644209,0.05587324074031462,0.05587324074031462
24393.600000000002,0.03895083677094605,441.0624351640021,0.05547636796827635,0.05547636796827635
24422.4,0.038602296739373564,440.9124018943532,0.05508119519695535,0.05508119519695535
24451.2,0.03825624647647486,440.7630157739285,0.054687726952590214,0.054687726952590214
24480.0,0.03791267516870218,440.6142784663599,0.05429596761702261,0.05429596761702261
24508.8,0.03757157197569074,440.46619158068364,0.053905921428294465,0.053905921428294465
24537.600000000002,0.037232926031164515,440.318756671573,0.05351759248126129,0.05351759248126129
24566.4,0.03689672644383821,440.17197523957634,0.05313098472821885,0.05313098472821885
24595.2,0.036562962298315606,440.02584873136067,0.052746101979544706,0.052746101979544706
24624.0,0.03623162265598301,439.88037853995985,0.05236294790435211,0.05236294790435211
24652.8,0.03590269655589921,439.7355660050291,0.05198152603116022,0.05198152603116022
24681.600000000002,0.03557617301568083,439.5914124131035,0.051601839748574935,0.051601839748574935
24710.4,0.035252041032383025,439.44791899786213,0.051223892305984786,0.051223892305984786
24739.2,0.03493028958337635,439.30508694039673,0.05084768681426847,0.05084768681426847
24768.0,0.034610907627218364,439.1629173694853,0.05047322624651535,0.05047322624651535
24796.8,0.03429388410452053,439.02141136187106,0.050100513438760555,0.050100513438760555
24825.600000000002,0.033979207938811345,438.88056994254464,0.04972955109072776,0.04972955109072776
24854.4,0.033666868037394104,438.7403940850321,0.04936034176658823,0.04936034176658823
24883.2,0.033356853292199326,438.60088471168683,0.04899288789572938,0.04899288789572938
24912.0,0.03304915258063292,438.46204269398584,0.04862719177353537,0.04862719177353537
24940.8,0.0327437547664191,438.3238688528308,0.048263255562179905,0.048263255562179905
24969.600000000002,0.032440648700438245,438.1863639588517,0.047901081291426034,0.047901081291426034
24998.4,0.032139823221559546,438.0495287327172,0.047540670859443586,0.047540670859443586
25027.2,0.03184126715746885,437.9133638454464,0.047182026033630434,0.047182026033630434
25056.0,0.03154496932548999,437.7778699187259,0.04682514845144761,0.04682514845144761
25084.8,0.031250918533402866,437.6430475252309,0.04647003962126462,0.04647003962126462
25113.600000000002,0.03095910358025372,437.50889718894865,0.046116700923212246,0.046116700923212246
25142.4,0.030669513257161916,437.37541938550703,0.045765133610047026,0.045765133610047026
25171.2,0.030382136348120228,437.242614542506,0.04541533880802492,0.04541533880802492
25200.0,0.03009696163078937,437.11048303985194,0.045067317517781876,0.045067317517781876
25228.8,0.029813977877287814,436.97902521009695,0.04472107061522698,0.04472107061522698
25257.600000000002,0.02953317385497494,436.8482413387795,0.04437659885244031,0.04437659885244031
25286.4,0.02925453832722873,436.7181316647697,0.04403390285858228,0.04403390285858228
25315.2,0.02897806005421839,436.58869638061714,0.04369298314080913,0.04369298314080913
25344.0,0.028703727793670072,436.4599356329018,0.04335384008519826,0.04335384008519826
25372.8,0.02843153030162694,436.33184952258773,0.04301647395767879,0.04301647395767879
25401.600000000002,0.02816145633320402,436.2044381053799,0.04268088490497219,0.04268088490497219
25430.4,0.02789349464333593,436.07770139208304,0.042347072955537086,0.042347072955537086
25459.2,0.02762763398751985,435.95163934896476,0.04201503802052563,0.04201503802052563
25488.0,0.027363863122551152,435.82625189811915,0.041684779894741404,0.041684779894741404
25516.8,0.02710217080725399,435.70153891783474,0.041356298257608434,0.041356298257608434
25545.600000000002,0.026842545803204575,435.5775002429634,0.04102959267414298,0.04102959267414298
25574.4,0.02658497687544971,435.4541356652928,0.04070466259593427,0.04070466259593427
25603.2,0.02632945279321767,435.3314449339201,0.04038150736212912,0.04038150736212912
25632.0,0.026075962330623908,435.2094277556285,0.04006012620042346,0.04006012620042346
25660.8,0.025824494267369484,435.08808379526516,0.03974051822805807,0.03974051822805807
25689.600000000002,0.025575037389434133,434.9674126761224,0.039422682452822176,0.039422682452822176
25718.4,0.025327580489762216,434.84741398031923,0.039106617774058494,0.039106617774058494
25747.2,0.02508211236894238,434.72808724918536,0.0387923229836751,0.0387923229836751
25776.0,0.02483862183588172,434.6094319836479,0.03847979676716329,0.03847979676716329
25804.8,0.024597097708471505,434.49144764461766,0.03816903770461572,0.03816903770461572
25833.600000000002,0.024357528814248502,434.3741336533792,0.037860044271753074,0.037860044271753074
25862.4,0.024119903991048817,434.25748939198115,0.03755281484095271,0.03755281484095271
25891.2,0.023884212087655055,434.1415142036279,0.03724734768227996,0.03724734768227996
25920.0,0.02365044196443715,434.0262073930734,0.036943640964525765,0.036943640964525765
25948.8,0.0234185824939869,433.9115682270154,0.03664169275624454,0.03664169275624454
25977.600000000002,0.0231886225617455,433.79759593449177,0.03634150102679846,0.03634150102679846
26006.4,0.022960551066624205,433.6842897072773,0.03604306364740223,0.03604306364740223
26035.2,0.022734356921619493,433.5716487002813,0.03574637839217081,0.03574637839217081
26064.0,0.022510029054420413,433.4596720319471,0.03545144293917122,0.03545144293917122
26092.8,0.022287556408009564,433.3483587846517,0.035158254871475315,0.035158254871475315
26121.600000000002,0.022066927941257763,433.23770800510647,0.0348668116782154,0.0348668116782154
26150.4,0.021848132629511807,433.12771870475854,0.03457711075564098,0.03457711075564098
26179.2,0.021631159465175232,433.0183898601931,0.03428914940817893,0.03428914940817893
26208.0,0.02141599745828307,432.909720413536,0.03400292484949336,0.03400292484949336
26236.8,0.02120263563706885,432.80170927285684,0.03371843420354801,0.03371843420354801
26265.600000000002,0.02099106304852594,432.69435531257307,0.03343567450566971,0.03343567450566971
26294.4,0.020781268758961722,432.5876573738539,0.03315464270361309,0.03315464270361309
26323.2,0.020573241854544712,432.4816142650247,0.03287533565862503,0.03287533565862503
26352.0,0.020366971441845173,432.3762247619716,0.032597750146511124,0.032597750146511124
26380.8,0.020162446648369338,432.2714876085468,0.032321882858702175,0.032321882858702175
26409.600000000002,0.019959656623086474,432.16740151697337,0.03204773040332149,0.03204773040332149
26438.4,0.0197585905369491,432.0639651682499,0.03177528930625004,0.03177528930625004
26467.2,0.019559237583406483,431.9611772125563,0.03150455601219528,0.03150455601219528
26496.0,0.01936158697891222,431.85903626965825,0.031235526885756724,0.031235526885756724
26524.8,0.01916562796342374,431.75754092931254,0.03096819821249357,0.03096819821249357
26553.600000000002,0.018971349800895914,431.6566897516712,0.030702566199988793,0.030702566199988793
26582.4,0.018778741779767842,431.55648126768625,0.030438626978915577,0.030438626978915577
26611.2,0.018587793213442574,431.4569139795138,0.030176376604101388,0.030176376604101388
26640.0,0.018398493440760635,431.35798636091766,0.029915811055591424,0.029915811055591424
26668.8,0.018210831826466004,431.2596968576726,0.02965692623971029,0.02965692623971029
26697.600000000002,0.01802479776166658,431.16204388796723,0.029399717990123354,0.029399717990123354
26726.4,0.017840380664286445,431.06502584280616,0.029144182068896313,0.029144182068896313
26755.2,0.017657569979512934,430.9686410864114,0.028890314167551934,0.028890314167551934
26784.0,0.017476355180235832,430.87288795662386,0.028638109908127644,0.028638109908127644
26812.8,0.017296725767480828,430.77776476530283,0.02838756484422825,0.02838756484422825
26841.600000000002,0.017118671270835436,430.6832697987259,0.028138674462078583,0.028138674462078583
26870.4,0.016942181248869016,430.5894013179875,0.027891434181573513,0.027891434181573513
26899.2,0.016767245289545797,430.49615755939647,0.027645839357325366,0.027645839357325366
26928.0,0.0165938530106313,430.4035367348728,0.027401885279708393,0.027401885279708393
26956.8,0.01642199406009229,430.31153703234355,0.027159567175902143,0.027159567175902143
26985.600000000002,0.016251658116490045,430.2201566161375,0.02691888021093024,0.02691888021093024
27014.4,0.016082834889367115,430.1293936273788,0.026679819488697947,0.026679819488697947
27043.2,0.01591551411962756,430.0392461843795,0.0264423800530255,0.0264423800530255
27072.0,0.015749685579910466,429.9497123830307,0.026206556888678668,0.026206556888678668
27100.8,0.01558533907495733,429.86079029719303,0.025972344922397153,0.025972344922397153
27129.600000000002,0.015422464441972657,429.7724779790846,0.025739739023916453,0.025739739023916453
27158.4,0.015261051550978143,429.68477345966954,0.025508734006991014,0.025508734006991014
27187.2,0.015101090305160833,429.59767474904316,0.025279324630409068,0.025279324630409068
27216.0,0.014942570641213945,429.5111798368171,0.02505150559900681,0.02505150559900681
27244.8,0.014785482529672248,429.42528669250237,0.024825271564677228,0.024825271564677228
27273.600000000002,0.014629815975240663,429.339993265891,0.024600617127375757,0.024600617127375757
27302.4,0.0144755610171167,429.2552974874362,0.024377536836121164,0.024377536836121164
27331.2,0.014322707729306248,429.17119726863103,0.024156025189992835,0.024156025189992835
27360.0,0.014171246220933268,429.087690502385,0.02393607663912327,0.02393607663912327
27388.8,0.014021166636543347,429.0047750633996,0.023717685585686817,0.023717685585686817
27417.600000000002,0.013872459156401068,428.92244880854173,0.023500846384882906,0.023500846384882906
27446.4,0.013725113996780856,428.84070957721565,0.023285553345916553,0.023285553345916553
27475.2,0.013579121410252052,428.75955519173243,0.023071800732970785,0.023071800732970785
27504.0,0.01343447168595747,428.67898345767884,0.022859582766178485,0.022859582766178485
27532.8,0.013291155149886082,428.59899216428335,0.02264889362258643,0.02264889362258643
27561.600000000002,0.013149162165139823,428.5195790847803,0.022439727437114396,0.022439727437114396
27590.4,0.013008483132193634,428.4407419767731,0.022232078303512037,0.022232078303512037
27619.2,0.012869108489150485,428.36247858259384,0.022025940275305526,0.022025940275305526
27648.0,0.012731028711989506,428.2847866296627,0.021821307366744723,0.021821307366744723
27676.8,0.01259423431480885,428.20766383084396,0.021618173553740846,0.021618173553740846
27705.600000000002,0.012458715850062186,428.1311078848007,0.021416532774800285,0.021416532774800285
27734.4,0.01232446390878972,428.05511647634734,0.021216378931953463,0.021216378931953463
27763.2,0.012191469120843124,427.97968727679927,0.021017705891675904,0.021017705891675904
27792.0,0.012059722155104455,427.90481794432196,0.02082050748580739,0.02082050748580739
27820.8,0.011929213719699846,427.8305061242759,0.020624777512460717,0.020624777512460717
27849.600000000002,0.011799934562207176,427.7567494495614,0.020430509736929642,0.020430509736929642
27878.4,0.011671875469857868,427.68354554095913,0.020237697892586122,0.020237697892586122
27907.2,0.011545027269733403,427.6108920074702,0.020046335681776117,0.020046335681776117
27936.0,0.011419380828955867,427.53878644665286,0.019856416776705743,0.019856416776705743
27964.8,0.011294927054873284,427.46722644495685,0.019667934820322874,0.019667934820322874
27993.600000000002,0.011171656895239038,427.3962095780568,0.019480883427194593,0.019480883427194593
28022.4,0.011049561338385987,427.32573341118126,0.019295256184373978,0.019295256184373978
28051.2,0.01092863141339536,427.25579549944075,0.01911104665226439,0.01911104665226439
28080.0,0.01080885819025953,427.18639338815336,0.018928248365476793,0.018928248365476793
28108.8,0.010690232780040195,427.11752461316706,0.01874685483367881,0.01874685483367881
28137.600000000002,0.010572746335020556,427.0491867011806,0.018566859542439893,0.018566859542439893
28166.4,0.010456390048852899,426.9813771700614,0.018388255954068847,0.018388255954068847
28195.2,0.010341155156700244,426.91409352916105,0.018211037508444206,0.018211037508444206
28224.0,0.01022703293537321,426.8473332796283,0.018035197623839438,0.018035197623839438
28252.8,0.010114014703461273,426.7810939147196,0.01786072969774032,0.01786072969774032
28281.600000000002,0.01000209182145949,426.7153729201074,0.017687627107657287,0.017687627107657287
28310.4,0.00989125569188977,426.6501677741852,0.01751588321192824,0.01751588321192824
28339.2,0.009781497759416986,426.5854759483711,0.017345491350519084,0.017345491350519084
28368.0,0.009672809510960249,426.5212949074073,0.017176444845812038,0.017176444845812038
28396.8,0.009565182475799362,426.4576221096587,0.017008737003391776,0.017008737003391776
28425.600000000002,0.009458608225675944,426.3944550074077,0.016842361112822644,0.016842361112822644
28454.4,0.00935307837489018,426.331791047147,0.016677310448419268,0.016677310448419268
28483.2,0.009248584580392377,426.26962766986935,0.01651357827000996,0.01651357827000996
28512.0,0.009145118541869775,426.207962311355,0.016351157823694028,0.016351157823694028
28540.8,0.009042672001828837,426.1467924024567,0.016190042342592,0.016190042342592
28569.600000000002,0.008941236745672524,426.08611536938093,0.016030225047586753,0.016030225047586753
28598.4,0.008840804601773096,426.02592863396853,0.015871699148062357,0.015871699148062357
28627.2,0.00874136744154026,425.96622961397003,0.015714457842629505,0.015714457842629505
28656.0,0.008642917179484974,425.90701572332114,0.015558494319851023,0.015558494319851023
28684.8,0.008545445773278145,425.8482843724128,0.015403801758953202,0.015403801758953202
28713.600000000002,0.008448945223805472,425.79003296836083,0.015250373330535779,0.015250373330535779
28742.4,0.008353407575217648,425.73225891527153,0.015098202197272004,0.015098202197272004
28771.2,0.008258824914975878,425.6749596145047,0.014947281514600973,0.014947281514600973
28800.0,0.008165189373893657,425.61813246493455,0.014797604431414972,0.014797604431414972
28828.8,0.008072493126173606,425.5617748632075,0.01464916409073861,0.01464916409073861
28857.600000000002,0.007980728389440245,425.5058842039973,0.014501953630400473,0.014501953630400473
28886.4,0.007889887424769346,425.45045788025743,0.014355966183698315,0.014355966183698315
28915.2,0.00779996253671151,425.3954932834706,0.014211194880056042,0.014211194880056042
28944.0,0.007710946073313258,425.34098780389576,0.01406763284567409,0.01406763284567409
28972.8,0.007622830426133041,425.28693883081246,0.013925273204173515,0.013925273204173515
29001.600000000002,0.007535608030253798,425.23334375276227,0.01378410907723141,0.01378410907723141
29030.4,0.007449271364290666,425.1801999577875,0.013644133585210032,0.013644133585210032
29059.2,0.007363812950396229,425.12750483366733,0.013505339847778285,0.013505339847778285
29088.0,0.007279225354260444,425.07525576815067,0.013367720984525714,0.013367720984525714
29116.8,0.007195501185107285,425.02345014918706,0.013231270115570085,0.013231270115570085
29145.600000000002,0.0071126330956881294,424.97208536515467,0.013095980362158198,0.013095980362158198
29174.4,0.007030613782270042,424.92115880508464,0.012961844847256682,0.012961844847256682
29203.2,0.0069494359846220335,424.870667858884,0.012828856696139207,0.012828856696139207
29232.0,0.0068690924859962765,424.8206099175554,0.012697009036964992,0.012697009036964992
29260.8,0.006789576113106104,424.7709823734131,0.012566295001348494,0.012566295001348494
29289.600000000002,0.0067108797361012055,424.72178262029837,0.012436707724925345,0.012436707724925345
29318.4,0.006632996268538127,424.67300805378966,0.012308240347907373,0.012308240347907373
29347.2,0.0065559186673480084,424.6246560714123,0.012180886015634006,0.012180886015634006
29376.0,0.006479639932800706,424.57672407284394,0.012054637879113829,0.012054637879113829
29404.8,0.006404153108465471,424.5292094601179,0.011929489095559805,0.011929489095559805
29433.600000000002,0.006329451281168404,424.482109637824,0.011805432828918714,0.011805432828918714
29462.4,0.006255527580946688,424.43542201330587,0.011682462250390364,0.011682462250390364
29491.2,0.0061823751809990226,424.38914399685706,0.011560570538944579,0.011560570538944579
29520.0,0.006109987297633842,424.34327300191256,0.011439750881825306,0.011439750881825306
29548.8,0.006038357190213274,424.2978064452393,0.011319996475052472,0.011319996475052472
29577.600000000002,0.005967478161094582,424.2527417471228,0.011201300523913672,0.011201300523913672
29606.4,0.005897343555568702,424.2080763315521,0.011083656243451204,0.011083656243451204
29635.2,0.005827946761795446,424.16380762640125,0.010967056858940123,0.010967056858940123
29664.0,0.0057592812107352615,424.1199330636086,0.01085149560636031,0.01085149560636031
29692.8,0.005691340376079385,424.07645007935355,0.010736965732862399,0.010736965732862399
29721.600000000002,0.005624117774175563,424.0333561142297,0.010623460497223375,0.010623460497223375
29750.4,0.005557606963952002,423.99064861341714,0.010510973170300532,0.010510973170300532
29779.2,0.005491801546837881,423.94832502685034,0.010399497035474032,0.010399497035474032
29808.0,0.005426695166681436,423.9063828093845,0.010289025389084548,0.010289025389084548
29836.8,0.005362281509665532,423.86481942095907,0.010179551540863996,0.010179551540863996
29865.600000000002,0.005298554304219572,423.82363232675834,0.01007106881435911,0.01007106881435911
29894.4,0.005235507320930056,423.7828189973701,0.009963570547348543,0.009963570547348543
29923.2,0.005173134372447711,423.74237690894086,0.009857050092252219,0.009857050092252219
29952.0,0.005111429313392269,423.70230354332983,0.009751500816536755,0.009751500816536755
29980.8,0.005050386040254682,423.66259638825875,0.009646916103109995,0.009646916103109995
30009.600000000002,0.004989998491297048,423.62325293746045,0.009543289350712504,0.009543289350712504
30038.4,0.004930260646450065,423.5842706908244,0.009440613974300727,0.009440613974300727
30067.2,0.004871166527207755,423.5456471545396,0.009338883405423664,0.009338883405423664
30096.0,0.004812710196520542,423.5073798412356,0.009238091092593733,0.009238091092593733
30124.8,0.004754885758685344,423.4694662701201,0.00913823050164984,0.00913823050164984
30153.600000000002,0.004697687359233525,423.43190396711515,0.009039295116115667,0.009039295116115667
30182.4,0.0046411091848171365,423.3946904649897,0.008941278437549102,0.008941278437549102
30211.2,0.0045851454630923645,423.3578233034912,0.008844173985888555,0.008844173985888555
30240.0,0.004529790462601211,423.3213000294732,0.00874797529978923,0.00874797529978923
30268.8,0.0044750384926509484,423.2851181970217,0.008652675936955937,0.008652675936955937
30297.600000000002,0.004420883903191318,423.24927536757855,0.008558269474468149,0.008558269474468149
30326.4,0.004367321084690344,423.21376911006263,0.008464749509098899,0.008464749509098899
30355.2,0.004314344468007243,423.17859700098876,0.008372109657628298,0.008372109657628298
30384.0,0.00426194852426421,423.1437566245839,0.008280343557149407,0.008280343557149407
30412.8,0.004210127764715885,423.1092455729014,0.008189444865369325,0.008189444865369325
30441.600000000002,0.004158876740617085,423.0750614459328,0.008099407260903543,0.008099407260903543
30470.4,0.004108190043088538,423.04120185171723,0.008010224443563852,0.008010224443563852
30499.2,0.004058062302981139,423.0076644064485,0.007921890134641011,0.007921890134641011
30528.0,0.004008488190738203,422.9744467345803,0.007834398077181289,0.007834398077181289
30556.8,0.00395946241625602,422.94154646892866,0.007747742036256699,0.007747742036256699
30585.600000000002,0.003910979728743144,422.9089612507721,0.007661915799228362,0.007661915799228362
30614.4,0.003863034916577437,422.8766887299504,0.007576913176007019,0.007576913176007019
30643.2,0.0038156228071615146,422.8447265649598,0.007492727999303809,0.007492727999303809
30672.0,0.003768738266777423,422.81307242304763,0.007409354124879255,0.007409354124879255
30700.8,0.003722376200439081,422.7817239803031,0.0073267854317825174,0.0073267854317825174
30729.600000000002,0.0036765315517433904,422.7506789217473,0.007245015822588249,0.007245015822588249
30758.4,0.0036311993027197645,422.7199349414199,0.007164039223625669,0.007164039223625669
30787.2,0.0035863744736787453,422.6894897424651,0.007083849585203887,0.007083849585203887
30816.0,0.0035420521230585754,422.659341037214,0.007004440881829602,0.007004440881829602
30844.8,0.003498227347270935,422.62948654726574,0.006925807112420748,0.006925807112420748
30873.600000000002,0.0034548952805448924,422.5999240035663,0.006847942300513709,0.006847942300513709
30902.4,0.0034120510947701485,422.57065114648566,0.006770840494466934,0.006770840494466934
30931.2,0.0033696899993387154,422.54166572589213,0.006694495767656328,0.006694495767656328
30960.0,0.0033278072409850387,422.5129655012255,0.006618902218668236,0.006618902218668236
30988.8,0.003286398103625697,422.48454824156727,0.006544053971484348,0.006544053971484348
31017.600000000002,0.003245457908197235,422.4564117257099,0.006469945175664061,0.006469945175664061
31046.4,0.0032049820124935608,422.42855374222324,0.006396570006519196,0.006396570006519196
31075.2,0.0031649658110016045,422.40097208951966,0.006323922665286183,0.006323922665286183
31104.0,0.0031254047347364024,422.3736645759168,0.006251997379290747,0.006251997379290747
31132.8,0.0030862942510748517,422.3466290196981,0.006180788402107663,0.006180788402107663
31161.600000000002,0.0030476298635886516,422.319863249173,0.006110290013718859,0.006110290013718859
31190.4,0.003009407111876531,422.29336510273293,0.006040496520661638,0.006040496520661638
31219.2,0.002971621571394762,422.26713242890725,0.005971402256175405,0.005971402256175405
31248.0,0.002934268853287925,422.24116308641663,0.005903001580342554,0.005903001580342554
31276.8,0.0028973446042174725,422.2154549442247,0.005835288880224258,0.005835288880224258
31305.600000000002,0.0028608445061911077,422.19000588158804,0.0057682585699925315,0.0057682585699925315
31334.4,0.0028247642763893927,422.16481378810386,0.005701905091055389,0.005701905091055389
31363.2,0.0027890996669935305,422.1398765637566,0.005636222912179918,0.005636222912179918
31392.0,0.002753846465010871,422.1151921189628,0.005571206529610109,0.005571206529610109
31420.8,0.002719000492100755,422.09075837461296,0.005506850467177644,0.005506850467177644
31449.600000000002,0.0026845576043989425,422.0665732621133,0.005443149276411349,0.005443149276411349
31478.4,0.002650513692341942,422.04263472342524,0.005380097536641392,0.005380097536641392
31507.2,0.0026168646804903364,422.0189407111025,0.0053176898550972036,0.0053176898550972036
31536.0,0.0025836065273515175,421.9954891883279,0.005255920867003895,0.005255920867003895
31564.8,0.0025507352252025143,421.97227812894715,0.005194785235671945,0.005194785235671945
31593.600000000002,0.0025182467999108594,421.94930551750195,0.005134277652583728,0.005134277652583728
31622.4,0.002486137310756567,421.92656934926083,0.005074392837475123,0.005074392837475123
31651.2,0.0024544028502524844,421.90406763024924,0.005015125538414708,0.005015125538414708
31680.0,0.002423039543964634,421.8817983772771,0.0049564705318762255,0.0049564705318762255
31708.8,0.0023920435503319098,421.85975961796555,0.004898422622809103,0.004898422622809103
31737.600000000002,0.0023614110604857613,421.83794939077166,0.004840976644703579,0.004840976644703579
31766.4,0.0023311382980689315,421.816365745012,0.004784127459652688,0.004784127459652688
31795.2,0.002301221519054267,421.7950067408845,0.004727869958410054,0.004727869958410054
31824.0,0.0022716570115628404,421.77387044948887,0.004672199060443184,0.004672199060443184
31852.8,0.0022424410956822407,421.75295495284564,0.004617109713984234,0.004617109713984234
31881.600000000002,0.0022135701232837914,421.7322583439135,0.004562596896075214,0.004562596896075214
31910.4,0.0021850404778404136,421.7117787266057,0.004508655612611566,0.004508655612611566
31939.2,0.0021568485742437743,421.6915142158046,0.004455280898380031,0.004455280898380031
31968.0,0.002128990858620908,421.671462937375,0.004402467817094145,0.004402467817094145
31996.8,0.0021014638081514143,421.6516230281759,0.004350211461425075,0.004350211461425075
32025.600000000002,0.0020742639308836005,421.6319926360715,0.004298506953030665,0.004298506953030665
32054.4,0.0020473877655513995,421.61256991994026,0.004247349442578944,0.004247349442578944
32083.2,0.0020208318813900636,421.59335304968266,0.004196734109769234,0.004196734109769234
32112.0,0.001994592877952959,421.57434020622816,0.0041466561633498175,0.0041466561633498175
32140.8,0.0019686673849273525,421.5555295815404,0.004097110841132014,0.004097110841132014
32169.600000000002,0.0019430520619504702,421.53691937862123,0.004048093410000807,0.004048093410000807
32198.4,0.0019177435984253095,421.5185078115139,0.003999599165922929,0.003999599165922929
32227.2,0.0018927387133369786,421.5002931053042,0.003951623433950008,0.003951623433950008
32256.0,0.0018680341550683663,421.48227349612137,0.0039041615682214106,0.0039041615682214106
32284.8,0.0018436267012161625,421.46444723113706,0.0038572089519607966,0.0038572089519607966
32313.600000000002,0.001819513158406758,421.4468125685633,0.003810760997471182,0.003810760997471182
32342.4,0.001795690362112623,421.4293677776496,0.003764813146127151,0.003764813146127151
32371.2,0.001772155176468009,421.412111138679,0.0037193608683646763,0.0037193608683646763
32400.0,0.0017489044940853806,421.3950409429617,0.0036743996636640496,0.0036743996636640496
32428.8,0.001725935235871599,421.3781554928297,0.00362992506053581,0.00362992506053581
32457.600000000002,0.0017032443508444596,421.3614531016287,0.0035859326164996304,0.0035859326164996304
32486.4,0.0016808288159494062,421.3449320937093,0.003542417918061116,0.003542417918061116
32515.2,0.0016586856358757702,421.32859080441784,0.0034993765806872433,0.0034993765806872433
32544.0,0.001636811842874444,421.3124275800851,0.003456804248777171,0.003456804248777171
32572.8,0.001615204496574294,421.29644077801515,0.003414696595632443,0.003414696595632443
32601.600000000002,0.0015938606837998719,421.2806287664718,0.003373049323421653,0.003373049323421653
32630.4,0.0015727775183889316,421.2649899246657,0.0033318581631461624,0.0033318581631461624
32659.2,0.0015519521410099065,421.24952264273907,0.0032911188745999714,0.0032911188745999714
32688.0,0.0015313817189808638,421.2342253217501,0.0032508272463288496,0.0032508272463288496
32716.8,0.0015110634460868098,421.2190963736565,0.0032109790955866125,0.0032109790955866125
32745.600000000002,0.0014909945423986389,421.20413422129764,0.0031715702682884148,0.0031715702682884148
32774.4,0.0014711722540923411,421.1893372983766,0.0031325966389632843,0.0031325966389632843
32803.200000000004,0.0014515938532683639,421.1747040494402,0.0030940541107017236,0.0030940541107017236
32832.0,0.001432256637770759,421.1602329298593,0.003055938615103454,0.003055938615103454
32860.8,0.0014131579310073836,421.14592240580754,0.0030182461122217237,0.0030182461122217237
32889.6,0.0013942950817701846,421.1317709542391,0.002980972590504765,0.002980972590504765
32918.4,0.0013756654640558782,421.11777706286625,0.0029441140667366542,0.0029441140667366542
32947.200000000004,0.001357266476886946,421.10393923013595,0.0029076665859751813,0.0029076665859751813
32976.0,0.0013390955441336424,421.0902559652048,0.0028716262214865665,0.0028716262214865665
33004.8,0.001321150114335138,421.0767257879147,0.0028359890746810874,0.0028359890746810874
33033.6,0.0013034276605223976,421.0633472287663,0.0028007512750428546,0.0028007512750428546
33062.4,0.0012859256800409362,421.0501188288924,0.0027659089800601945,0.0027659089800601945
33091.200000000004,0.0012686416943738764,421.0370391400307,0.0027314583751537847,0.0027314583751537847
33120.0,0.001251573248965612,421.0241067244956,0.0026973956736020908,0.0026973956736020908
33148.8,0.0012347179130466216,421.01132015514906,0.002663717116464861,0.002663717116464861
33177.6,0.0012180732794572053,420.9986780153714,0.0026304189725061713,0.0026304189725061713
33206.4,0.0012016369644734875,420.9861788990308,0.0025974975381140232,0.0025974975381140232
33235.200000000004,0.0011854066076327154,420.97382141045244,0.002564949137219347,0.002564949137219347
33264.0,0.0011693798715597102,420.9616041643869,0.0025327701212123077,0.0025327701212123077
33292.8,0.0011535544417935462,420.9495257859779,0.0025009568688575652,0.0025009568688575652
33321.6,0.0011379280266148575,420.9375849107297,0.0024695057862084806,0.0024695057862084806
33350.4,0.00112249835687369,420.92578018447307,0.0024384133065175886,0.0024384133065175886
33379.200000000004,0.0011072631858183154,420.9141102633319,0.0024076758901482604,0.0024076758901482604
33408.0,0.0010922202889236373,420.9025738136882,0.0023772900244827745,0.0023772900244827745
33436.8,0.0010773674637212804,420.8911695121467,0.0023472522238290445,0.0023472522238290445
33465.6,0.001062702529629616,420.87989604549955,0.0023175590293277883,0.0023175590293277883
33494.4,0.001048223327784918,420.86875211068934,0.002288207008854765,0.002288207008854765
33523.200000000004,0.0010339277208720767,420.8577364147731,0.0022591927569263004,0.0022591927569263004
33552.0,0.0010198135929574102,420.84684767488403,0.002230512894598224,0.002230512894598224
33580.8,0.001005878849320924,420.83608461819415,0.002202164069367806,0.002202164069367806
33609.6,0.0009921214162897957,420.82544598187565,0.0021741429550716446,0.0021741429550716446
33638.4,0.0009785392410720747,420.81493051306234,0.0021464462517843093,0.0021464462517843093
33667.200000000004,0.0009651302915919774,420.8045369688097,0.0021190706857130846,0.0021190706857130846
33696.0,0.0009518925563244407,420.79426411605584,0.0020920130090949637,0.0020920130090949637
33724.8,0.0009388240441315024,420.7841107315806,0.002065270000089301,0.002065270000089301
33753.6,0.0009259227840987332,420.7740756019654,0.0020388384626718083,0.0020388384626718083
33782.4,0.0009131868253728827,420.7641575235516,0.002012715226524661,0.002012715226524661
33811.200000000004,0.0009006142369996061,420.75435530239923,0.0019868971469284,0.0019868971469284
33840.0,0.0008882031077622294,420.7446677542455,0.0019613811046520387,0.0019613811046520387
33868.8,0.000875951546021324,420.73509370446146,0.001936164005839423,0.001936164005839423
33897.6,0.0008638576795545019,420.72563198801055,0.0019112427818994894,0.0019112427818994894
33926.4,0.0008519196553978383,420.7162814494043,0.0018866143893900805,0.0018866143893900805
33955.200000000004,0.0008401356396868742,420.70704094266017,0.0018622758099068532,0.0018622758099068532
33984.0,0.0008285038174993712,420.6979093312568,0.0018382240499650007,0.0018382240499650007
34012.8,0.0008170223926979833,420.6888854880906,0.0018144561408851645,0.0018144561408851645
34041.6,0.0008056895877741513,420.6799682954308,0.0017909691386754562,0.0017909691386754562
34070.4,0.0007945036436930449,420.6711566448751,0.0017677601239139272,0.0017677601239139272
34099.200000000004,0.0007834628197379562,420.66244943730476,0.001744826201630589,0.001744826201630589
34128.0,0.0007725653933573737,420.65384558283904,0.0017221645011876378,0.0017221645011876378
34156.8,0.0007618096600109205,420.6453440007896,0.0016997721761589292,0.0016997721761589292
34185.6,0.0007511939330174589,420.6369436196148,0.001677646404210053,0.001677646404210053
34214.4,0.0007407165434029124,420.6286433768736,0.001655784386976462,0.001655784386976462
34243.200000000004,0.000730375839750003,420.62044221917904,0.0016341833499412982,0.0016341833499412982
34272.0,0.0007201701880475654,420.61233910215185,0.0016128405423129243,0.0016128405423129243
34300.8,0.0007100979715414051,420.6043329903734,0.0015917532369012543,0.0015917532369012543
34329.6,0.0007001575905859207,420.5964228573388,0.0015709187299940836,0.0015709187299940836
34358.4,0.0006903474624958508,420.58860768540967,0.001550334341232824,0.001550334341232824
34387.200000000004,0.0006806660213998667,420.5808864657665,0.0015299974134867357,0.0015299974134867357
34416.0,0.0006711117180940258,420.5732581983612,0.0015099053127280643,0.0015099053127280643
34444.8,0.0006616830198963772,420.56572189186903,0.0014900554279058237,0.0014900554279058237
34473.6,0.0006523784105024743,420.55827656364096,0.0014704451708197346,0.0014704451708197346
34502.4,0.0006431963898416338,420.5509212396548,0.0014510719759919127,0.0014510719759919127
34531.200000000004,0.0006341354739338681,420.5436549544679,0.0014319333005418534,0.0014319333005418534
34560.0,0.0006251941947478336,420.53647675116747,0.001413026624056175,0.001413026624056175
34588.8,0.0006163711000592356,420.52938568132294,0.001394349448462705,0.001394349448462705
34617.6,0.0006076647533104468,420.52238080493674,0.0013758992979009711,0.0013758992979009711
34646.4,0.0005990737334705837,420.5154611903953,0.0013576737185929943,0.0013576737185929943
34675.200000000004,0.0005905966348970057,420.50862591442046,0.001339670278715727,0.001339670278715727
34704.0,0.0005822320671967784,420.50187406202,0.0013218865682701965,0.0013218865682701965
34732.8,0.0005739786550896468,420.49520472643877,0.0013043201989530475,0.0013043201989530475
34761.6,0.0005658350382712567,420.4886170091088,0.0012869688040253863,0.0012869688040253863
34790.4,0.0005577998712779412,420.48211001960067,0.0012698300381843205,0.0012698300381843205
34819.200000000004,0.0005498718233517705,420.4756828755736,0.0012529015774316557,0.0012529015774316557
34848.0,0.0005420495783064747,420.469334702726,0.0012361811189433396,0.0012361811189433396
34876.8,0.000534331834394059,420.46306463474565,0.0012196663809392046,0.0012196663809392046
34905.6,0.0005267173041732111,420.4568718132607,0.001203355102552563,0.001203355102552563
34934.4,0.000519204714376788,420.45075538778934,0.0011872450436986026,0.0011872450436986026
34963.200000000004,0.0005117928057820534,420.4447145156903,0.0011713339849436812,0.0011713339849436812
34992.0,0.0005044803330802954,420.438748362113,0.0011556197273741718,0.0011556197273741718
35020.8,0.0004972660647479339,420.43285609994814,0.0011401000924659073,0.0011401000924659073
35049.6,0.0004901487829184306,420.42703690977703,0.0011247729219513788,0.0011247729219513788
35078.4,0.00048312728325487124,420.42128997982275,0.0011096360776905268,0.0011096360776905268
35107.200000000004,0.00047620037482325997,420.4156145058998,0.0010946874415383888,0.0010946874415383888
35136.0,0.0004693668799673048,420.41000969136394,0.0010799249152130474,0.0010799249152130474
35164.8,0.0004626256341830442,420.40447474706326,0.0010653464201664205,0.0010653464201664205
35193.6,0.0004559754859950362,420.39900889128756,0.0010509498974513112,0.0010509498974513112
35222.4,0.00044941529683324043,420.39361134971875,0.001036733307590552,0.001036733307590552
35251.200000000004,0.0004429439409102734,420.38828135538125,0.001022694630446449,0.001022694630446449
35280.0,0.00043656030510056396,420.38301814859193,0.0010088318650888785,0.0010088318650888785
35308.8,0.0004302632888187813,420.37782097691087,0.0009951430296656302,0.0009951430296656302
35337.6,0.00042405180390069595,420.37268909509123,0.0009816261612703538,0.0009816261612703538
35366.4,0.0004179247744836138,420.3676217650297,0.0009682793158120032,0.0009682793158120032
35395.200000000004,0.0004118811368883934,420.362618255717,0.0009551005678845796,0.0009551005678845796
35424.0,0.000405919839501993,420.3576778431884,0.0009420880106367268,0.0009420880106367268
35452.8,0.0004000398426608549,420.35279981047427,0.0009292397556413239,0.0009292397556413239
35481.6,0.0003942401185352128,420.3479834475506,0.0009165539327655288,0.0009165539327655288
35510.4,0.0003885196510138074,420.34322805128926,0.000904028690039624,0.000904028690039624
35539.200000000004,0.00038287743559032493,420.3385329254099,0.0008916621935299037,0.0008916621935299037
35568.0,0.0003773124792500319,420.33389738042945,0.000879452627206471,0.000879452627206471
35596.8,0.000371823800356569,420.3293207336139,0.000867398192815378,0.000867398192815378
35625.6,0.0003664104285411613,420.32480230892907,0.0008554971097497161,0.0008554971097497161
35654.4,0.00036107140459138397,420.3203414369917,0.0008437476149202583,0.0008437476149202583
35683.200000000004,0.0003558057803411,420.31593745502056,0.0008321479626267,0.0008321479626267
35712.0,0.0003506126185614836,420.3115897067879,0.0008206964244303971,0.0008206964244303971
35740.8,0.00034549099285205784,420.30729754257095,0.0008093912890257561,0.0008093912890257561
35769.6,0.0003404399875337608,420.30306031910317,0.0007982308621125242,0.0007982308621125242
35798.4,0.0003354586975417964,420.298877399526,0.0007872134662683762,0.0007872134662683762
35827.200000000004,0.00033054622831956966,420.29474815334095,0.0007763374408225518,0.0007763374408225518
35856.0,0.0003257016957136519,420.2906719563612,0.0007656011417290425,0.0007656011417290425
35884.8,0.0003209242258693146,420.28664819066347,0.0007550029414388807,0.0007550029414388807
35913.6,0.0003162129551270758,420.2826762445405,0.0007445412287758718,0.0007445412287758718
35942.4,0.00031156702991969027,420.27875551245313,0.0007342144088099313,0.0007342144088099313
35971.200000000004,0.00030698560667002814,420.27488539498296,0.0007240209027322188,0.0007240209027322188
36000.0,0.00030246785169041037,420.2710652987847,0.0007139591477301208,0.0007139591477301208
36028.8,0.000298012941081517,420.26729463653925,0.0007040275968631341,0.0007040275968631341
36057.6,0.00029362006063321484,420.26357282690566,0.0006942247189369507,0.0006942247189369507
36086.4,0.00028928840572538483,420.2598992944756,0.000684548998382933,0.000684548998382933
36115.200000000004,0.000285017181230028,420.2562734697253,0.0006749989351319004,0.0006749989351319004
36144.0,0.0002808056014140294,420.2526947889693,0.0006655730444922574,0.0006655730444922574
36172.8,0.0002766528898422051,420.2491626943143,0.0006562698570282705,0.0006562698570282705
36201.6,0.00027255827928210943,420.24567663361245,0.0006470879184371488,0.0006470879184371488
36230.4,0.000268521011608663,420.2422360604152,0.000638025789427621,0.000638025789427621
36259.200000000004,0.00026454033771002516,420.2388404339276,0.0006290820455991114,0.0006290820455991114
36288.0,0.00026061551739414067,420.2354892189621,0.0006202552773209159,0.0006202552773209159
36316.8,0.00025674581929608693,420.2321818858932,0.0006115440896119766,0.0006115440896119766
36345.6,0.0002529305207859348,420.22891791061215,0.0006029471020214057,0.0006029471020214057
36374.4,0.00024916890787797855,420.22569677448115,0.0005944629485088594,0.0005944629485088594
36403.200000000004,0.00024546027513996514,420.22251796428856,0.0005860902773256597,0.0005860902773256597
36432.0,0.00024180392560338944,420.2193809722044,0.0005778277508980132,0.0005778277508980132
36460.8,0.00023819917067458859,420.21628529573485,0.0005696740457067858,0.0005696740457067858
36489.6,0.00023464533004665406,420.21323043767836,0.0005616278521725185,0.0005616278521725185
36518.4,0.00023114173161210686,420.2102159060811,0.000553687874537447,0.000553687874537447
36547.200000000004,0.00022768771137566206,420.2072412141927,0.0005458528307494693,0.0005458528307494693
36576.0,0.00022428261336873394,420.2043058804228,0.0005381214523470113,0.0005381214523470113
36604.8,0.00022092578956388757,420.2014094282966,0.0005304924843428437,0.0005304924843428437
36633.6,0.00021761659979048124,420.1985513864121,0.0005229646851107444,0.0005229646851107444
36662.4,0.000214354411650628,420.19573128839625,0.0005155368262703634,0.0005155368262703634
36691.200000000004,0.00021113860043645399,420.19294867286186,0.0005082076925734359,0.0005082076925734359
36720.0,0.00020796854904717965,420.19020308336525,0.0005009760817925406,0.0005009760817925406
36748.8,0.00020484364790779912,420.1874940683628,0.0004938408046065638,0.0004938408046065638
36777.6,0.0002017632948884168,420.184821181169,0.00048680068449005596,0.00048680068449005596
36806.4,0.00019872689522331812,420.1821839799139,0.0004798545576012419,0.0004798545576012419
36835.200000000004,0.0001957338614317981,420.17958202750117,0.00047300127267197616,0.00047300127267197616
36864.0,0.00019278361323918616,420.1770148915662,0.00046623969089650116,0.00046623969089650116
36892.8,0.0001898755774987223,420.17448214443465,0.0004595686858229003,0.0004595686858229003
36921.6,0.0001870091881141632,420.17198336308087,0.0004529871432436529,0.0004529871432436529
36950.4,0.00018418388596276011,420.16951812908655,0.0004464939610863382,0.0004464939610863382
36979.200000000004,0.00018139911881958728,420.1670860286001,0.00044008804930688534,0.00044008804930688534
37008.0,0.00017865434128153256,420.16468665229587,0.00043376832978192487,0.00043376832978192487
37036.8,0.00017594901469279858,420.1623195953335,0.0004275337362021877,0.0004275337362021877
37065.6,0.00017328260707084715,420.1599844573173,0.0004213832139651563,0.0004213832139651563
37094.4,0.00017065459303330317,420.15768084225704,0.0004153157200716081,0.0004153157200716081
37123.200000000004,0.0001680644537246105,420.1554083585274,0.00040933022301931424,0.00040933022301931424
37152.0,0.00016551167674421432,420.15316661882827,0.00040342570269823587,0.00040342570269823587
37180.8,0.00016299575607527756,420.150955240146,0.0003976011502882651,0.0003976011502882651
37209.6,0.00016051619201344974,420.14877384371397,0.00039185556815561905,0.00039185556815561905
37238.4,0.000158072491097377,420.14662205497297,0.000386187969748485,0.000386187969748485
37267.200000000004,0.0001556641660385372,420.144499503534,0.0003805973794989538,0.0003805973794989538
37296.0,0.0001532907356530465,420.142405823138,0.0003750828327168684,0.0003750828327168684
37324.8,0.00015095172479280886,420.1403406516193,0.0003696433754937038,0.0003696433754937038
37353.6,0.0001486466642784775,420.13830363086623,0.0003642780645989606,0.0003642780645989606
37382.4,0.00014637509083220297,420.1362944067846,0.0003589859673834462,0.0003589859673834462
37411.200000000004,0.00014413654701130488,420.1343126292589,0.00035376616167761497,0.00035376616167761497
37440.0,0.00014193058114281455,420.1323579521159,0.00034861773569559723,0.00034861773569559723
37468.8,0.00013975674725815896,420.13043003308763,0.00034353978793728326,0.00034353978793728326
37497.6,0.00013761460502876918,420.1285285337737,0.00033853142708965725,0.00033853142708965725
37526.4,0.00013550371970211456,420.12665311960546,0.0003335917719320247,0.0003335917719320247
37555.200000000004,0.00013342366203873194,420.1248034598096,0.00032871995124019186,0.00032871995124019186
37584.0,0.00013137400824936147,420.1229792273717,0.0003239151036906447,0.0003239151036906447
37612.8,0.00012935433993279267,420.12118009900024,0.0003191763777656267,0.0003191763777656267
37641.6,0.0001273642440147768,420.11940575509186,0.0003145029316613604,0.0003145029316613604
37670.4,0.0001254033126866898,420.11765587969455,0.00030989393319162775,0.00030989393319162775
37699.200000000004,0.0001234711433456528,420.11593016047357,0.0003053485596976389,0.0003053485596976389
37728.0,0.00012156733853449176,420.11422828867626,0.000300865997955505,0.000300865997955505
37756.8,0.0001196915058830478,420.11254995909695,0.0002964454440837115,0.0002964454440837115
37785.6,0.0001178432580491144,420.1108948700429,0.0002920861034534357,0.0002920861034534357
37814.4,0.00011602221266091968,420.10926272329993,0.00028778719059811624,0.00028778719059811624
37843.200000000004,0.00011422799225934258,420.10765322409827,0.0002835479291233213,0.0002835479291233213
37872.0,0.00011246022424147889,420.10606608107935,0.0002793675516194621,0.0002793675516194621
37900.8,0.00011071854080390534,420.10450100626144,0.00027524529957121253,0.00027524529957121253
37929.6,0.00010900257888722271,420.1029577150072,0.00027118042327201844,0.00027118042327201844
37958.4,0.00010731198012086528,420.10143592598996,0.0002671721817351649,0.0002671721817351649
37987.200000000004,0.00010564639076823003,420.09993536116144,0.0002632198426091836,0.0002632198426091836
38016.0,0.00010400546167306733,420.0984557457188,0.00025932268209056646,0.00025932268209056646
38044.8,0.00010238884820532024,420.09699680807233,0.00025547998483887465,0.00025547998483887465
38073.6,0.0001007962102085279,420.09555827981376,0.00025169104389334427,0.00025169104389334427
38102.4,9.922721194724622e-05,420.0941398956839,0.00024795516058754603,0.00024795516058754603
38131.200000000004,9.768152205505443e-05,420.0927413935411,0.0002442716444662909,0.0002442716444662909
38160.0,9.615881348295326e-05,420.09136251433,0.00024063981320358326,0.00024063981320358326
38188.8,9.465876344886344e-05,420.09000300205065,0.00023705899252072444,0.00023705899252072444
38217.6,9.318105338687661e-05,420.0886626037266,0.00023352851610291842,0.00023352851610291842
38246.4,9.172536889746449e-05,420.0873410693755,0.0002300477255212679,0.0002300477255212679
38275.200000000004,9.029139969800835e-05,420.08603815197745,0.00022661597014997918,0.00022661597014997918
38304.0,8.887883957405642e-05,420.0847536074455,0.0002232326070882083,0.0002232326070882083
38332.8,8.7487386330866e-05,420.0834871945955,0.00021989700108055975,0.00021989700108055975
38361.6,8.611674174574433e-05,420.0822386751161,0.0002166085244389328,0.0002166085244389328
38390.4,8.47666115201768e-05,420.0810078135395,0.00021336655696406793,0.00021336655696406793
38419.200000000004,8.343670523346478e-05,420.07979437721195,0.00021017048586933983,0.00021017048586933983
38448.0,8.212673629588394e-05,420.0785981362649,0.0002070197057035015,0.0002070197057035015
38476.8,8.083642190287257e-05,420.0774188635856,0.00020391361827432742,0.00020391361827432742
38505.6,7.956548298989543e-05,420.07625633478926,0.00020085163257435213,0.00020085163257435213
38534.4,7.831364418684541e-05,420.0751103281901,0.00019783316470511225,0.00019783316470511225
38563.200000000004,7.708063377411476e-05,420.0739806247732,0.00019485763780318466,0.00019485763780318466
38592.0,7.586618363816947e-05,420.0728670081668,0.0001919244819666741,0.0001919244819666741
38620.8,7.467002922810014e-05,420.0717692646145,0.00018903313418244908,0.00018903313418244908
38649.6,7.349190951242205e-05,420.0706871829477,0.00018618303825337833,0.00018618303825337833
38678.4,7.233156693658479e-05,420.0696205545583,0.00018337364472616554,0.00018337364472616554
38707.200000000004,7.118874738055445e-05,420.0685691733718,0.00018060441082128046,0.00018060441082128046
38736.0,7.006320011692738e-05,420.06753283582054,0.00017787480036139281,0.00017787480036139281
38764.8,6.895467777014568e-05,420.06651134081653,0.00017518428370085425,0.00017518428370085425
38793.6,6.78629362748604e-05,420.06550448972587,0.0001725323376575757,0.0001725323376575757
38822.4,6.67877348359997e-05,420.0645120863421,0.00016991844544325796,0.00016991844544325796
38851.200000000004,6.57288358884639e-05,420.0635339368602,0.00016734209659452037,0.00016734209659452037
38880.0,6.468600505778001e-05,420.06256984985134,0.0001648027869068745,0.0001648027869068745
38908.8,6.365901112066729e-05,420.0616196362367,0.00016230001836540378,0.00016230001836540378
38937.6,6.264762596643762e-05,420.0606831092628,0.00015983329908008436,0.00015983329908008436
38966.4,6.16516245586625e-05,420.0597600844761,0.00015740214321841137,0.00015740214321841137
38995.200000000004,6.0670784897213034e-05,420.058850379698,0.000155006070939971,0.000155006070939971
39024.0,5.9704887980655e-05,420.0579538150007,0.00015264460833280986,0.00015264460833280986
39052.8,5.8753717769425796e-05,420.05707021268233,0.0001503172873478574,0.0001503172873478574
39081.6,5.781706114888673e-05,420.05619939724284,0.00014802364573529507,0.00014802364573529507
39110.4,5.689470789297949e-05,420.05534119536,0.00014576322698152416,0.00014576322698152416
39139.200000000004,5.5986450628682036e-05,420.0544954358654,0.00014353558024613375,0.00014353558024613375
39168.0,5.5092084800126584e-05,420.0536619497215,0.00014134026030066522,0.00014134026030066522
39196.8,5.421140863365953e-05,420.05284056999733,0.0001391768274655802,0.0001391768274655802
39225.6,5.334422310300763e-05,420.05203113184604,0.000137044847550672,0.000137044847550672
39254.4,5.2490331895083615e-05,420.0512334724815,0.000134943891793381,0.000134943891793381
39283.200000000004,5.1649541375899066e-05,420.05044743115593,0.00013287353679995473,0.00013287353679995473
39312.0,5.0821660557079934e-05,420.04967284913687,0.00013083336448481135,0.00013083336448481135
39340.8,5.00065010624546e-05,420.04890956968507,0.00012882296201229842,0.00012882296201229842
39369.6,4.920387709536904e-05,420.04815743803226,0.00012684192173815262,0.00012684192173815262
39398.4,4.8413605406180224e-05,420.0474163013593,0.0001248898411518574,0.0001248898411518574
39427.200000000004,4.763550526001615e-05,420.04668600877443,0.00012296632281945017,0.00012296632281945017
39456.0,4.686939840529885e-05,420.04596641129154,0.00012107097432632901,0.00012107097432632901
39484.8,4.611510904194861e-05,420.0452573618087,0.00011920340822050905,0.00011920340822050905
39513.6,4.537246379070668e-05,420.0445587150875,0.00011736324195842371,0.00011736324195842371
39542.4,4.464129166199651e-05,420.0438703277313,0.00011555009784773179,0.00011555009784773179
39571.200000000004,4.3921424026187706e-05,420.04319205816535,0.00011376360299416683,0.00011376360299416683
39600.0,4.3212694582724086e-05,420.04252376661566,0.00011200338924718878,0.00011200338924718878
39628.8,4.251493933136447e-05,420.0418653150883,0.00011026909314428818,0.00011026909314428818
39657.6,4.182799654234086e-05,420.0412165673499,0.00010856035586053057,0.00010856035586053057
39686.4,4.115170672738638e-05,420.0405773889075,0.00010687682315435784,0.00010687682315435784
39715.200000000004,4.048591261097657e-05,420.039947646988,0.00010521814531503658,0.00010521814531503658
39744.0,3.9830459102494726e-05,420.03932721051956,0.00010358397711190297,0.00010358397711190297
39772.8,3.9185193267437344e-05,420.03871595011145,0.00010197397774285914,0.00010197397774285914
39801.6,3.854996430034314e-05,420.0381137380348,0.00010038781078257007,0.00010038781078257007
39830.4,3.7924623497029015e-05,420.03752044820374,9.882514413350522e-05,9.882514413350522e-05
39859.200000000004,3.7309024227892226e-05,420.03693595615675,9.728564997623141e-05,9.728564997623141e-05
39888.0,3.670302191078548e-05,420.0363601390373,9.576900471880759e-05,9.576900471880759e-05
39916.8,3.6106473984674355e-05,420.0357928755756,9.427488894872468e-05,9.427488894872468e-05
39945.6,3.5519239883632005e-05,420.0352340460705,9.280298738484546e-05,9.280298738484546e-05
39974.4,3.4941181010957955e-05,420.03468353237093,9.135298882904507e-05,9.135298882904507e-05
40003.200000000004,3.437216071349261e-05,420.03414121785795,8.99245861186001e-05,8.99245861186001e-05
40032.0,3.381204425649992e-05,420.0336069874272,8.851747608007469e-05,8.851747608007469e-05
40060.8,3.3260698798816735e-05,420.03308072747075,8.713135948126065e-05,8.713135948126065e-05
40089.6,3.271799336798433e-05,420.03256232586034,8.576594098760885e-05,8.576594098760885e-05
40118.4,3.21837988359661e-05,420.0320516719292,8.442092911371992e-05,8.442092911371992e-05
40147.200000000004,3.1657987895149154e-05,420.0315486564556,8.309603618037467e-05,8.309603618037467e-05
40176.0,3.114043503454205e-05,420.0310531716454,8.179097826857013e-05,8.179097826857013e-05
40204.8,3.063101651607833e-05,420.03056511111566,8.050547517610066e-05,8.050547517610066e-05
40233.6,3.0129610351560064e-05,420.0300843698778,7.923925037339064e-05,7.923925037339064e-05
40262.4,2.9636096279778596e-05,420.02961084432087,7.799203095962655e-05,7.799203095962655e-05
40291.200000000004,2.915035574342265e-05,420.0291444321959,7.6763547620985e-05,7.6763547620985e-05
40320.0,2.8672271866927387e-05,420.0286850325991,7.555353458706435e-05,7.555353458706435e-05
40348.8,2.820172943444806e-05,420.0282325459562,7.436172958881333e-05,7.436172958881333e-05
40377.6,2.7738614867886987e-05,420.0277868740066,7.318787381780729e-05,7.318787381780729e-05
40406.4,2.7282816204938144e-05,420.02734791978776,7.203171188417677e-05,7.203171188417677e-05
40435.200000000004,2.6834223078108897e-05,420.0269155876195,7.089299177588386e-05,7.089299177588386e-05
40464.0,2.6392726693386253e-05,420.02648978308895,6.977146481874681e-05,6.977146481874681e-05
40492.8,2.5958219809596107e-05,420.02607041303503,6.866688563571628e-05,6.866688563571628e-05
40521.6,2.5530596717620233e-05,420.02565738553375,6.75790121080979e-05,6.75790121080979e-05
40550.4,2.51097532197023e-05,420.02525060988324,6.65076053361759e-05,6.65076053361759e-05
40579.200000000004,2.469558661008566e-05,420.024849996589,6.54524296002859e-05,6.54524296002859e-05
40608.0,2.4287995654443823e-05,420.02445545734895,6.441325232143863e-05,6.441325232143863e-05
40636.8,2.388688057064286e-05,420.02406690504,6.338984402613564e-05,6.338984402613564e-05
40665.6,2.3492143009095165e-05,420.0236842537026,6.238197830534622e-05,6.238197830534622e-05
40694.4,2.3103686033806222e-05,420.0233074185275,6.138943178007161e-05,6.138943178007161e-05
40723.200000000004,2.2721414103243542e-05,420.0229363158415,6.0411984063166526e-05,6.0411984063166526e-05
40752.0,2.2345233051898682e-05,420.02257086309345,5.944941772325667e-05,5.944941772325667e-05
40780.8,2.197505007131583e-05,420.0222109788408,5.850151824865616e-05,5.850151824865616e-05
40809.6,2.161077369259522e-05,420.021856582736,5.756807401188396e-05,5.756807401188396e-05
40838.4,2.1252313767528634e-05,420.0215075955129,5.6648876233731064e-05,5.6648876233731064e-05
40867.200000000004,2.0899581451440003e-05,420.0211639389741,5.57437189500227e-05,5.57437189500227e-05
40896.0,2.0552489185315864e-05,420.0208255359771,5.485239897508662e-05,5.485239897508662e-05
40924.8,2.021095067832606e-05,420.02049231042173,5.397471586851533e-05,5.397471586851533e-05
40953.6,1.987488089116206e-05,420.02016418723736,5.311047190177849e-05,5.311047190177849e-05
40982.4,1.9544196018557998e-05,420.0198410923701,5.2259472024236526e-05,5.2259472024236526e-05
41011.200000000004,1.921881347252217e-05,420.01952295277005,5.1421523829753094e-05,5.1421523829753094e-05
41040.0,1.8898651866349918e-05,420.01920969637933,5.0596437524954405e-05,5.0596437524954405e-05
41068.8,1.858363099787337e-05,420.0189012521196,4.978402589644059e-05,4.978402589644059e-05
41097.6,1.8273671833332052e-05,420.01859754987925,4.898410427739818e-05,4.898410427739818e-05
41126.4,1.796869649179482e-05,420.01829852050275,4.8196490518853824e-05,4.8196490518853824e-05
41155.200000000004,1.766862822901305e-05,420.0180040957775,4.7421004955538176e-05,4.7421004955538176e-05
41184.0,1.73733914221264e-05,420.0177142084227,4.66574703766905e-05,4.66574703766905e-05
41212.8,1.7082911554315676e-05,420.01742879207757,4.590571199431807e-05,4.590571199431807e-05
41241.6,1.6797115199668176e-05,420.0171477812897,4.5165557413401866e-05,4.5165557413401866e-05
41270.4,1.6515930008097253e-05,420.0168711115038,4.443683660180285e-05,4.443683660180285e-05
41299.200000000004,1.623928469072277e-05,420.01659871905065,4.371938186091692e-05,4.371938186091692e-05
41328.0,1.5967109005234412e-05,420.01633054113546,4.301302779558118e-05,4.301302779558118e-05
41356.8,1.5699333741645695e-05,420.01606651582745,4.2317611286226005e-05,4.2317611286226005e-05
41385.6,1.5435890707656767e-05,420.0158065820484,4.1632971458931084e-05,4.1632971458931084e-05
41414.4,1.517671271515489e-05,420.0155506795623,4.095894965787692e-05,4.095894965787692e-05
41443.200000000004,1.492173356587904e-05,420.0152987489646,4.029538941749699e-05,4.029538941749699e-05
41472.0,1.467088803823981e-05,420.0150507316713,3.964213643328226e-05,3.964213643328226e-05
41500.8,1.4424111873268981e-05,420.01480656990924,3.899903853647859e-05,3.899903853647859e-05
41529.6,1.4181341761669722e-05,420.01456620670535,3.8365945665639935e-05,3.8365945665639935e-05
41558.4,1.3942515330618837e-05,420.0143295858764,3.774270983967873e-05,3.774270983967873e-05
41587.200000000004,1.3707571130479676e-05,420.01409665201925,3.712918513226378e-05,3.712918513226378e-05
41616.0,1.3476448622368288e-05,420.0138673505006,3.6525227644721006e-05,3.6525227644721006e-05
41644.8,1.3249088165114721e-05,420.0136416274472,3.593069548013183e-05,3.593069548013183e-05
41673.6,1.3025431003060093e-05,420.0134194297367,3.5345448719527756e-05,3.5345448719527756e-05
41702.4,1.2805419253497979e-05,420.01320070498684,3.476934939329382e-05,3.476934939329382e-05
41731.200000000004,1.2588995894488623e-05,420.0129854015471,3.4202261459010064e-05,3.4202261459010064e-05
41760.0,1.2376104753224353e-05,420.0127734684887,3.3644050775400274e-05,3.3644050775400274e-05
41788.8,1.2166690493435324e-05,420.0125648555953,3.309458507747844e-05,3.309458507747844e-05
41817.6,1.1960698604358469e-05,420.01235951335434,3.2553733954090814e-05,3.2553733954090814e-05
41846.4,1.1758075388712197e-05,420.01215739294724,3.202136882201431e-05,3.202136882201431e-05
41875.200000000004,1.1558767951522932e-05,420.0119584462407,3.1497362902899666e-05,3.1497362902899666e-05
41904.0,1.1362724188685857e-05,420.01176262577815,3.098159120066372e-05,3.098159120066372e-05
41932.8,1.1169892776022781e-05,420.0115698847706,3.0473930477983394e-05,3.0473930477983394e-05
41961.6,1.0980223158002333e-05,420.01138017708786,2.9974259232340487e-05,2.9974259232340487e-05
41990.4,1.0793665537295595e-05,420.0111934572506,2.9482457675809493e-05,2.9482457675809493e-05
42019.200000000004,1.0610170863762443e-05,420.01100968042107,2.8998407710054373e-05,2.8998407710054373e-05
42048.0,1.0429690824060533e-05,420.0108288023954,2.852199290656553e-05,2.852199290656553e-05
42076.8,1.0252177830951585e-05,420.01065077959487,2.8053098483303476e-05,2.8053098483303476e-05
42105.6,1.0077585013496097e-05,420.01047556905786,2.7591611283588347e-05,2.7591611283588347e-05
42134.4,9.905866206413511e-06,420.01030312843216,2.713741975588769e-05,2.713741975588769e-05
42163.200000000004,9.736975940489686e-06,420.0101334159662,2.6690413930759627e-05,2.6690413930759627e-05
42192.0,9.570869432310087e-06,420.00996639050203,2.6250485402137807e-05,2.6250485402137807e-05
42220.8,9.407502574685302e-06,420.00980201146666,2.5817527304873475e-05,2.5817527304873475e-05
42249.6,9.246831927076655e-06,420.00964023886496,2.539143429572101e-05,2.539143429572101e-05
42278.4,9.088814706093031e-06,420.0094810332718,2.4972102532826282e-05,2.4972102532826282e-05
42307.200000000004,8.93340877579217e-06,420.0093243558249,2.455942965671225e-05,2.455942965671225e-05
42336.0,8.780572639047475e-06,420.00917016821654,2.4153314768719282e-05,2.4153314768719282e-05
42364.8,8.630265427761042e-06,420.0090184326872,2.3753658413937067e-05,2.3753658413937067e-05
42393.6,8.482446894265794e-06,420.00886911201746,2.3360362560243844e-05,2.3360362560243844e-05
42422.4,8.337077402390773e-06,420.0087221695213,2.297333058019027e-05,2.297333058019027e-05
42451.200000000004,8.194117918615183e-06,420.0085775690392,2.2592467233033045e-05,2.2592467233033045e-05
42480.0,8.05353000336434e-06,420.00843527493043,2.221767864497188e-05,2.221767864497188e-05
42508.8,7.91527580244789e-06,420.0082952520669,2.1848872291781976e-05,2.1848872291781976e-05
42537.6,7.77931803888843e-06,420.00815746582566,2.1485956980248746e-05,2.1485956980248746e-05
42566.4,7.645620004324716e-06,420.00802188208263,2.112884283080033e-05,2.112884283080033e-05
42595.200000000004,7.5141455511065436e-06,420.0078884672056,2.0777441259541162e-05,2.0777441259541162e-05
42624.0,7.384859083804278e-06,420.00775718804795,2.0431664961633098e-05,2.0431664961633098e-05
42652.8,7.257725551712489e-06,420.00762801194185,2.0091427893179274e-05,2.0091427893179274e-05
42681.6,7.132710440341807e-06,420.007500906692,1.9756645254904658e-05,1.9756645254904658e-05
42710.4,7.009779764366397e-06,420.007375840569,1.9427233474938227e-05,1.9427233474938227e-05
42739.200000000004,6.88890005947123e-06,420.0072527823036,1.9103110192942685e-05,1.9103110192942685e-05
42768.0,6.770038374997777e-06,420.0071317010801,1.878419424334581e-05,1.878419424334581e-05
42796.8,6.65316226635924e-06,420.00701256652997,1.8470405638721544e-05,1.8470405638721544e-05
42825.6,6.5382397877043925e-06,420.0068953487267,1.8161665555416895e-05,1.8161665555416895e-05
42854.4,6.425239484812214e-06,420.0067800181786,1.7857896315286086e-05,1.7857896315286086e-05
42883.200000000004,6.31413038796895e-06,420.00666654582415,1.7559021373263804e-05,1.7559021373263804e-05
42912.0,6.2048820044187875e-06,420.0065549030252,1.726496529909937e-05,1.726496529909937e-05
42940.8,6.097464311951326e-06,420.00644506156175,1.6975653764331112e-05,1.6975653764331112e-05
42969.6,5.991847751760633e-06,420.0063369936257,1.669101352506857e-05,1.669101352506857e-05
42998.4,5.888003221642275e-06,420.0062306718164,1.6410972410613766e-05,1.6410972410613766e-05
43027.200000000004,5.785902069669325e-06,420.0061260691334,1.613545930459651e-05,1.613545930459651e-05
43056.0,5.685516087016196e-06,420.0060231589726,1.5864404134344275e-05,1.5864404134344275e-05
43084.8,5.586817501865882e-06,420.0059219151197,1.5597737854113573e-05,1.5597737854113573e-05
43113.6,5.489778972997345e-06,420.0058223117455,1.533539243221403e-05,1.533539243221403e-05
43142.4,5.394373583177854e-06,420.0057243234002,1.5077300836635276e-05,1.5077300836635276e-05
43171.200000000004,5.300574833247482e-06,420.0056279250087,1.4823397021721877e-05,1.4823397021721877e-05
43200.0,5.208356635635908e-06,420.0055330918648,1.4573615913949932e-05,1.4573615913949932e-05
