time_s,state_of_charge,outlet_temperature_c,storage_heat_mw,deliverable_power_mw
0.0,1.0,400.0,0.5208,0.5208
72.0,0.9917612695315582,399.9999999999815,0.5207999999998797,0.5207999999998797
144.0,0.9835225390631301,399.999999999846,0.5207999999989975,0.5207999999989975
216.0,0.9752838085947633,399.99999999925257,0.5207999999951342,0.5207999999951342
288.0,0.9670450781266027,399.99999999725037,0.5207999999820999,0.5207999999820999
360.0,0.9588063476590297,399.99999999154403,0.5207999999449516,0.5207999999449516
432.0,0.9505676171929414,399.9999999771301,0.5207999998511168,0.5207999998511168
504.0,0.9423288867302723,399.99999994392584,0.5207999996349573,0.5207999996349573
576.0,0.9340901562749226,399.99999987285344,0.5207999991722759,0.5207999991722759
648.0,0.9258514258343215,399.9999997296396,0.5207999982399539,0.5207999982399539
720.0,0.9176126954219679,399.9999994553527,0.5207999964543459,0.5207999964543459
792.0,0.9093739650614092,399.9999989524111,0.5207999931801962,0.5207999931801962
864.0,0.9011352347922948,399.99999806446425,0.5207999873996623,0.5207999873996623
936.0,0.8928965046793345,399.99999654817367,0.5207999775286106,0.5207999775286106
1008.0,0.8846577748252417,399.9999940345092,0.5207999611646549,0.5207999611646549
1080.0,0.8764190453890351,399.99998997673396,0.520799934748538,0.520799934748538
1152.0,0.8681803166114069,399.99998358178624,0.5207998931174284,0.5207998931174284
1224.0,0.8599415888492528,399.9999737212962,0.5207998289256384,0.5207998289256384
1296.0,0.8517028626219003,399.99995881801095,0.5207997319052513,0.5207997319052513
1368.0,0.8434641386720477,399.9999367029563,0.5207995879362455,0.5207995879362455
1440.0,0.8352254180449459,399.9999044382678,0.5207993778931232,0.5207993778931232
1512.0,0.8269867021899212,399.99985810028346,0.5207990762328453,0.5207990762328453
1584.0,0.8187479930889098,399.9997925172318,0.5207986492871791,0.5207986492871791
1656.0,0.8105092934172836,399.9997009556994,0.520798053221603,0.520798053221603
1728.0,0.8022706067428387,399.9995747500261,0.52079723162267,0.52079723162267
1800.0,0.7940319377694238,399.9994028688843,0.5207961126764369,0.5207961126764369
1872.0,0.7857932926322344,399.99917141356224,0.5207946059022901,0.5207946059022901
1944.0,0.7775546792523294,399.9988630429012,0.5207925984092866,0.5207925984092866
2016.0,0.7693161077583827,399.99845632044736,0.5207899506461123,0.5207899506461123
2088.0,0.7610775909840525,399.99792498017,0.5207864916209068,0.5207864916209068
2160.0,0.7528391450496323,399.9972371080747,0.5207820135735665,0.5207820135735665
2232.0,0.7446007900367988,399.99635423819916,0.5207762660906765,0.5207762660906765
2304.0,0.7363625507652963,399.9952303628047,0.5207689496618586,0.5207689496618586
2376.0,0.7281244576802554,399.99381085806425,0.5207597086859983,0.5207597086859983
2448.0,0.7198865478585539,399.99203132817246,0.5207481239464027,0.5207481239464027
2520.0,0.7116488661421329,399.9898163725431,0.5207337045852556,0.5207337045852556
2592.0,0.7034114664055263,399.9870782825864,0.5207158796196376,0.5207158796196376
2664.0,0.6951744129639906,399.98371567644375,0.5206939890536488,0.5206939890536488
2736.0,0.6869377821275662,399.9796120819595,0.5206672746535563,0.5206672746535563
2808.0,0.6787016639051471,399.97463448006306,0.5206348704652105,0.5206348704652105
2880.0,0.6704661638611927,399.9686318225676,0.5205957931649151,0.5205957931649151
2952.0,0.6622314051260987,399.961433540132,0.5205489323462594,0.5205489323462594
3024.0,0.6539975305594458,399.952848057748,0.5204930408559394,0.5204930408559394
3096.0,0.6457647050634223,399.94266133654656,0.5204267253009182,0.5204267253009182
3168.0,0.6375331180416411,399.93063546195646,0.5203484368573366,0.5203484368573366
3240.0,0.6293029859964181,399.9165072992376,0.5202564625180367,0.5202564625180367
3312.0,0.6210745552553296,399.89998723813517,0.52014891692026,0.52014891692026
3384.0,0.612848104815588,399.8807580488346,0.5200237348979132,0.5200237348979132
3456.0,0.6046239492924808,399.85847387150636,0.5198786649035064,0.5198786649035064
3528.0,0.5964024419558348,399.8327593615179,0.5197112634434815,0.5197112634434815
3600.0,0.5881839778362672,399.8032090118371,0.5195188906670596,0.5195188906670596
3672.0,0.5799689968808424,399.7693866732532,0.5192987072428785,0.5192987072428785
3744.0,0.5717579871357699,399.73082529181,0.519047672649683,0.519047672649683
3816.0,0.5635514879319385,399.6870268812793,0.5187625449971281,0.5187625449971281
3888.0,0.5553500930474361,399.63746274662793,0.5184398824805478,0.5184398824805478
3960.0,0.5471544538197868,399.5815739722578,0.5180760465593982,0.5180760465593982
4032.0,0.5389652821794744,399.5187721863601,0.5176672069332041,0.5176672069332041
4104.0,0.5307833535754196,399.4484406100516,0.5172093483714358,0.5172093483714358
4176.0,0.52260950976249,399.3699353970847,0.5166982794350214,0.5166982794350214
4248.0,0.5144446614208309,399.2825872668843,0.5161296431074169,0.5161296431074169
4320.0,0.5062897905768549,399.1857034305097,0.5154989293326182,0.5154989293326182
4392.0,0.4981459527960941,399.0785698059035,0.5148014894364318,0.5148014894364318
4464.0,0.4900142791188379,398.9604535155256,0.5140325523860718,0.5140325523860718
4536.0,0.4818959777105156,398.8306056562198,0.5131872428219909,0.5131872428219909
4608.0,0.4737923352001683,398.6882643279679,0.512260600775071,0.512260600775071
4680.0,0.46570471768203514,398.5326579051032,0.5112476029622217,0.5112476029622217
4752.0,0.4576345713572844,398.36300853061084,0.5101431855342766,0.5101431855342766
4824.0,0.4495834227951889,398.17853581139343,0.5089422681321712,0.5089422681321712
4896.0,0.4415528787955917,397.97846068984757,0.5076397790909076,0.5076397790909076
4968.0,0.43354462583727543,397.7620094648288,0.5062306816160355,0.5062306816160355
5040.0,0.4255604290998302,397.5284179330931,0.5047100007444363,0.5047100007444363
5112.0,0.41760213104975935,397.2769356206344,0.5030728508903298,0.5030728508903298
5184.0,0.40967164958485464,397.0068300719909,0.501314463768661,0.501314463768661
5256.0,0.40177097573426296,396.71739116460276,0.499430216481564,0.499430216481564
5328.0,0.39390217091511714,396.40793541466377,0.49741565954946115,0.49741565954946115
5400.0,0.38606736375009204,396.0778102406357,0.4952665446665384,0.4952665446665384
5472.0,0.37826874645372316,395.726398150681,0.4929788519609334,0.4929788519609334
5544.0,0.3705085707987488,395.3531208207149,0.4905488165428538,0.4905488165428538
5616.0,0.3627891436770912,394.9574430305719,0.487972954129023,0.487972954129023
5688.0,0.35511282227331725,394.5388764269054,0.48524808553915416,0.48524808553915416
5760.0,0.3474820088715078,394.0969830828896,0.4823713598696113,0.4823713598696113
5832.0,0.3398991453193629,393.63137882652256,0.4793402761606619,0.4793402761606619
5904.0,0.33236670717607353,393.14173631134514,0.4761527033868569,0.4761527033868569
5976.0,0.32488719757294915,392.6277878056357,0.47280689861468844,0.47280689861468844
6048.0,0.3174631408180072,392.0893276786055,0.4693015231877219,0.4693015231877219
6120.0,0.3100970757776681,391.5262145647616,0.46563565681659785,0.46563565681659785
6192.0,0.3027915490703488,390.9383731903951,0.46180880946947217,0.46180880946947217
6264.0,0.295549108108109,390.32579584905716,0.4578209309773621,0.4578209309773621
6336.0,0.2883722940235385,389.6885435158679,0.45367241828829985,0.45367241828829985
6408.0,0.2812636345198173,389.02674659353374,0.44936412032390466,0.44936412032390466
6480.0,0.274225636682298,388.3406052859882,0.4448973404117832,0.4448973404117832
6552.0,0.2672607797900647,387.63038959859585,0.440273836286859,0.440273836286859
6624.0,0.2603715081657352,386.8964389668232,0.43549581767401907,0.43549581767401907
6696.0,0.25356022410127144,386.13916151817403,0.430565941483313,0.430565941483313
6768.0,0.24682928089678557,385.3590329749662,0.4254873046670301,0.4254873046670301
6840.0,0.2401809760482787,384.5565952081728,0.4202634348052048,0.4202634348052048
6912.0,0.23361754461893505,383.73245445504614,0.4148982785023504,0.4148982785023504
6984.0,0.22714115282705089,382.887279215557,0.40939618769327596,0.40939618769327596
7056.0,0.2207538918819049,382.0217978448078,0.40376190396969874,0.40376190396969874
7128.0,0.214457772096919,381.13679586049403,0.39800054105181615,0.39800054105181615
7200.0,0.20825471730731257,380.23311298618773,0.39211756554008215,0.39211756554008215
7272.0,0.2021465596171677,379.31163995268923,0.3861187760920069,0.3861187760920069
7344.0,0.1961350344984011,378.37331508093035,0.3800102811768566,0.3800102811768566
7416.0,0.19022177626161682,377.41912067091846,0.37379847556767914,0.37379847556767914
7488.0,0.184408313916215,376.4500792219752,0.36749001573505863,0.36749001573505863
7560.0,0.17869606743447386,375.46724951005956,0.36109179431048777,0.36109179431048777
7632.0,0.17308634443163626,374.4717225482657,0.3546109137892096,0.3546109137892096
7704.0,0.16758033727133675,373.46461745667074,0.3480546596429265,0.3480546596429265
7776.0,0.1621791206030223,372.4470772675712,0.3414304730118886,0.3414304730118886
7848.0,0.156883649335374,371.42026469181144,0.3347459231436925,0.3347459231436925
7920.0,0.1516947570471443,370.385357871379,0.32800867974267706,0.32800867974267706
7992.0,0.14661315483430457,369.34354614273224,0.3212264853891869,0.3212264853891869
8064.0,0.1416394305899659,368.2960258344586,0.3144071281823254,0.3144071281823254
8136.0,0.13677404871121604,367.24399612183396,0.30755841475313905,0.30755841475313905
8208.0,0.13201735022480368,366.1886549597093,0.3006881437877076,0.3006881437877076
8280.0,0.1273695533215295,365.1311951138724,0.29380408019130944,0.29380408019130944
8352.0,0.12283075428726842,364.072800309667,0.2869139300159322,0.2869139300159322
8424.0,0.118400928816763,363.01464151519747,0.2800253162639355,0.2800253162639355
8496.0,0.11407993369469924,361.9578733749255,0.273145755670765,0.273145755670765
8568.0,0.10986750882711199,360.9036308078958,0.2662826365594017,0.2662826365594017
8640.0,0.10576327960486338,359.85302578322165,0.25944319784877296,0.25944319784877296
8712.0,0.10176675957980673,358.8071442838369,0.25263450928777836,0.25263450928777836
8784.0,0.09787735343328248,357.76704346789006,0.2458634529759643,0.2458634529759643
8856.0,0.09409436021579219,356.7337490355352,0.23913670622133415,0.23913670622133415
8928.0,0.09041697683606474,355.70825280727723,0.2324607257753748,0.2324607257753748
9000.0,0.08684430177725534,354.69151051845853,0.22584173347516504,0.22584173347516504
9072.0,0.08337533901770239,353.68443983295737,0.21928570331255245,0.21928570331255245
9144.0,0.08000900213350141,352.6879185776971,0.21279834994080796,0.21279834994080796
9216.0,0.07674411856013677,351.70278319816407,0.2063851186200481,0.2063851186200481
9288.0,0.07357943399052662,350.7298274337947,0.20005117659400348,0.20005117659400348
9360.0,0.07051361688708628,349.7698012108373,0.19380140588255063,0.19380140588255063
9432.0,0.06754526308578002,348.8234097491194,0.18764039746676714,0.18764039746676714
9504.0,0.06467290047061278,347.8913128780623,0.18157244683618565,0.18157244683618565
9576.0,0.061894993697594436,346.97412455628705,0.1756015508614287,0.1756015508614287
9648.0,0.05920994894788627,346.07241258825104,0.16973140594951427,0.16973140594951427
9720.0,0.056616118690597794,345.18669853054223,0.16396540743382992,0.16396540743382992
9792.0,0.05411180643653485,344.31745777974015,0.1583066501461084,0.1583066501461084
9864.0,0.051695271465098884,343.46511983312973,0.15275793011367458,0.15275793011367458
9936.0,0.04936473350748711,342.63006871302235,0.14732174732177553,0.14732174732177553
10008.0,0.04711837737034345,341.8126435450006,0.1420003094779538,0.1420003094779538
10080.0,0.044954357485041216,341.0131392800488,0.13679553671311762,0.13679553671311762
10152.0,0.04287080236884031,340.23180755026726,0.13170906715223987,0.13170906715223987
10224.0,0.04086581898524326,339.46885764768643,0.12674226328643867,0.12674226328643867
10296.0,0.038937496991960766,338.72445761558595,0.12189621907746451,0.12189621907746451
10368.0,0.037083912865998825,337.99873544169736,0.11717176772544982,0.11717176772544982
10440.0,0.0353031338964608,337.291780342702,0.11256949003099001,0.11256949003099001
10512.0,0.033593222036745383,336.6036441295402,0.1080897232833068,0.1080897232833068
10584.0,0.031952237608880406,335.934342643206,0.10373257060727092,0.10373257060727092
10656.0,0.030378242853774464,335.2838572509185,0.09949791070347953,0.09949791070347953
10728.0,0.02886930532218252,334.65213639282547,0.0953854079172938,0.0953854079172938
10800.0,0.027423501102164672,334.0390971696988,0.09139452257473904,0.09139452257473904
10872.0,0.026038917879761442,333.4446269624347,0.08752452152544997,0.08752452152544997
10944.0,0.024713657830518872,332.8685850745456,0.0837744888352918,0.0837744888352918
11016.0,0.02344584034036028,332.310804389243,0.08014333657397195,0.08014333657397195
11088.0,0.022233604555122466,331.77109303314296,0.07662981564576068,0.07662981564576068
11160.0,0.021075111758849328,331.249236039078,0.07323252661439796,0.07323252661439796
11232.0,0.019968547581659477,330.7449970009658,0.06994993047628724,0.06994993047628724
11304.0,0.018912124038684433,330.2581197141629,0.0667803593392004,0.0667803593392004
11376.0,0.01790408140219677,329.788329795217,0.06372202696686273,0.06372202696686273
11448.0,0.016942689909628994,329.3353362754164,0.060773039152960825,0.060773039152960825
11520.0,0.016026251310706466,328.8988331630248,0.05793140389129138,0.05793140389129138
11592.0,0.01515310025739767,328.47850096956927,0.05519504131189593,0.05519504131189593
11664.0,0.014321605540809036,328.07400819603066,0.052561793356159604,0.052561793356159604
11736.0,0.013530171179536686,327.685012775246,0.05002943316685132,0.05002943316685132
11808.0,0.012777237364314522,327.3111634672961,0.04759567417209778,0.04759567417209778
11880.0,0.012061281264089042,326.9521012050865,0.045258178845112976,0.045258178845112976
11952.0,0.011380817698893132,326.6074603877618,0.04301456712432944,0.04301456712432944
12024.0,0.01073439968509206,326.276870119999,0.04086242448119342,0.04086242448119342
12096.0,0.010120618858736524,325.95995539561955,0.03879930962548323,0.03879930962548323
12168.0,0.009538105782879223,325.6563382243296,0.03682276184038571,0.03682276184038571
12240.0,0.008985530144797733,325.36563870075014,0.03493030794188341,0.03493030794188341
12312.0,0.008461600849120999,325.08747601522924,0.03311946885914237,0.03311946885914237
12384.0,0.007965066012873218,324.82146940623676,0.031387765834601296,0.031387765834601296
12456.0,0.00749471286844335,324.5672390544303,0.029732726244341087,0.029732726244341087
12528.0,0.00704936758045063,324.3244069187469,0.028151889041042242,0.028151889041042242
12600.0,0.006627894982414866,324.0925975151175,0.02664280982341504,0.02664280982341504
12672.0,0.006229198239055651,323.871438638625,0.025203065537448895,0.025203065537448895
12744.0,0.005852218439940254,323.66056203012823,0.023830258816134795,0.023830258816134795
12816.0,0.005495934130074753,323.459603988554,0.022522021965486683,0.022522021965486683
12888.0,0.005159360782894202,323.26820593022086,0.02127602060573779,0.02127602060573779
12960.0,0.004841550220950664,323.0860148966983,0.020089956977506037,0.020089956977506037
13032.0,0.004541589989432736,322.9126840128293,0.018961572923518667,0.018961572923518667
13104.0,0.004258602687470174,322.74787289664727,0.0178886525571737,0.0178886525571737
13176.0,0.003991745261989947,322.59124802300596,0.0168690246297688,0.0168690246297688
13248.0,0.0037402082686965915,322.44248304281314,0.015900564608713523,0.015900564608713523
13320.0,0.0035032151045484503,322.30125905981345,0.014981196479385537,0.014981196479385537
13392.0,0.003280021215896287,322.16726486690845,0.014108894283574034,0.014108894283574034
13464.0,0.0030699132862446097,322.04019714403,0.01328168340763532,0.01328168340763532
13536.0,0.0028722084073849333,321.91976061959656,0.0124976416335736,0.0124976416335736
13608.0,0.0026862532374427915,321.8056681975909,0.011754899966316604,0.011754899966316604
13680.0,0.0025114231491687954,321.6976410522852,0.011051643250376508,0.011051643250376508
13752.0,0.0023471213715990855,321.59540869262923,0.010386110589016319,0.010386110589016319
13824.0,0.0021927781280052417,321.4987089982878,0.009756595578853462,0.009756595578853462
13896.0,0.0020478497728494455,321.4072882292838,0.009161446372637402,0.009161446372637402
13968.0,0.0019118179302688018,321.3209010111631,0.008599065582671607,0.008599065582671607
14040.0,0.00178418863641546,321.23931029755,0.008067910037050444,0.008067910037050444
14112.0,0.0016644914877938697,321.16228731191313,0.0075664904005544945,0.0075664904005544945
14184.0,0.0015522787975546335,321.0896114703031,0.007093370671673257,0.007093370671673257
14256.0,0.001447124761529987,321.02107028676596,0.0066471675668464125,0.0066471675668464125
14328.0,0.0013486246356240743,320.9564592630708,0.006226549802591078,0.006226549802591078
14400.0,0.0012563939260149697,320.8955817643266,0.005830237285766214,0.005830237285766214
14472.0,0.001170067593462414,320.83824888199314,0.00545700022177533,0.00545700022177533
14544.0,0.0010892992728743962,320.78427928572324,0.005105658150058318,0.005105658150058318
14616.0,0.0010137605091408357,320.73349906540227,0.0047750789157687806,0.0047750789157687806
14688.0,0.000943140010110809,320.6857415646813,0.00446417758607513,0.00446417758607513
14760.0,0.000877142917463493,320.64084720722633,0.0041719153190434045,0.0041719153190434045
14832.0,0.0008154900961037728,320.5986633168405,0.003897298192631567,0.003897298192631567
14904.0,0.0007579174426012984,320.5590439325395,0.0036393760008322073,0.0036393760008322073
14976.0,0.0007041752130897249,320.5218496195989,0.0033972410235889993,0.0033972410235889993
15048.0,0.0006540273709423899,320.48694727751695,0.003170026776635325,0.003170026776635325
15120.0,0.0006072509544510243,320.4542099457753,0.002956906746997136,0.002956906746997136
15192.0,0.0005636354646513976,320.42351660821384,0.0027570931194721296,0.0027570931194721296
15264.0,0.000522982273360477,320.394751996772,0.002569835498985821,0.002569835498985821
15336.0,0.0004851040514186898,320.3678063952897,0.002394419633335793,0.002394419633335793
15408.0,0.00044982421706602063,320.34257544400174,0.002230166140451318,0.002230166140451318
15480.0,0.0004169764043213128,320.31895994530424,0.0020764292439306243,0.0020764292439306243
15552.0,0.00038640395118021826,320.29686567131506,0.0019325955202610457,0.0019325955202610457
15624.0,0.0003579594073971424,320.2762031737037,0.0017980826608112205,0.0017980826608112205
15696.0,0.00033150406157408707,320.25688759621045,0.0016723382513300108,0.0016723382513300108
15768.0,0.0003069074872426737,320.2388384902347,0.0015548385714277946,0.0015548385714277946
15840.0,0.0002840471075860148,320.2219796338229,0.0014450874161871547,0.0014450874161871547
15912.0,0.0002628077784225031,320.20623885434946,0.0013426149418150162,0.0013426149418150162
15984.0,0.00024308138904395571,320.19154785513956,0.0012469765369585411,0.0012469765369585411
16056.0,0.00022476648048123238,320.1778420462529,0.0011577517211065079,0.0011577517211065079
16128.0,0.0002077678807490886,320.1650603796056,0.0010745430712325878,0.0010745430712325878
16200.0,0.00019199635660838873,320.1531451885822,0.000996975177670035,0.000996975177670035
16272.0,0.0001773682813719737,320.14204203225444,0.0009246936299763871,0.0009246936299763871
16344.0,0.0001638053182683439,320.1316995443005,0.0008573640333961799,0.0008573640333961799
16416.0,0.0001512341188747478,320.12206928668917,0.0007946710563464847,0.0007946710563464847
16488.0,0.00013958603612239883,320.1131056081729,0.000736317509205403,0.000736317509205403
16560.0,0.0001287968513777383,320.1047655076099,0.0006820234545404339,0.0006820234545404339
16632.0,0.00011880651510165304,320.09700850211874,0.0006315253487929982,0.0006315253487929982
16704.0,0.00010955890059060042,320.08979650004744,0.0005845752153088438,0.0005845752153088438
16776.0,0.00010100157030755666,320.0830936787274,0.0005409398485152434,0.0005409398485152434
16848.0,9.308555431406007e-05,320.0768663669632,0.0005004000489304446,0.0005004000489304446
16920.0,8.576514032288401e-05,320.0710829322021,0.00046274988863568867,0.00046274988863568867
16992.0,7.899767489502882e-05,320.0657136723097,0.0004277960067361357,0.0004277960067361357
17064.0,7.274337531678573e-05,320.06073071187245,0.0003953569342896628,0.0003953569342896628
17136.0,6.696515169875442e-05,320.0561079029384,0.0003652624481288478,0.0003652624481288478
17208.0,6.162843884965506e-05,320.05182073009706,0.0003373529529318802,0.0003373529529318802
17280.0,5.670103748946552e-05,320.0478462197967,0.0003114788908766775,0.0003114788908766775
17352.0,5.2152964376077873e-05,320.0441628537889,0.0002875001781658608,0.0002875001781658608
17424.0,4.795631093311516e-05,320.04075048658814,0.0002652856676887774,0.0002652856676887774
17496.0,4.408510997548482e-05,320.0375902668278,0.00024471263704901614,0.00024471263704901614
17568.0,4.0515210145924995e-05,320.03466456239533,0.00022566630119363082,0.00022566630119363082
17640.0,3.722415768487832e-05,320.0319568892217,0.00020803934883328962,0.00020803934883328962
17712.0,3.419108516947256e-05,320.02945184360476,0.00019173150186699444,0.00019173150186699444
17784.0,3.139660687172584e-05,320.0271350379409,0.00017664909699540714,0.00017664909699540714
17856.0,2.8822720396660314e-05,320.02499303974247,0.0001627046887234741,0.0001627046887234741
17928.0,2.6452714275487952e-05,320.02301331381585,0.00014981667294119747,0.00014981667294119747
18000.0,2.4271081200008704e-05,320.0211841674788,0.00013790893028694484,0.00013790893028694484
18072.0,2.2263436598944877e-05,320.0194946986946,0.00012691048850175832,0.00012691048850175832
18144.0,2.0416442266955635e-05,320.0179347470034,0.00011675520299200628,0.00011675520299200628
18216.0,1.8717734771622012e-05,320.01649484713283,0.00010738145483474283,0.00010738145483474283
18288.0,1.7155858373659445e-05,320.0151661851714,9.873186546569115e-05,9.873186546569115e-05
18360.0,1.5720202207817414e-05,320.0139405571919,9.07530273193703e-05,9.07530273193703e-05
18432.0,1.4400941485089355e-05,320.0128103302138,8.339524969199601e-05,8.339524969199601e-05
18504.0,1.3188982484191271e-05,320.0117684053959,7.661231912738969e-05,7.661231912738969e-05
18576.0,1.2075911115580254e-05,320.01080818335515,7.036127364204163e-05,7.036127364204163e-05
18648.0,1.1053944848407136e-05,320.0099235315092,6.460219012471782e-05,6.460219012471782e-05
18720.0,1.0115887802449848e-05,320.00910875334273,5.929798426117145e-05,5.929798426117145e-05
18792.0,9.25508881700386e-06,320.00835855950396,5.441422237078484e-05,5.441422237078484e-05
18864.0,8.465402316860303e-06,320.00766804063676,4.99189445452987e-05,4.99189445452987e-05
18936.0,7.741151807597623e-06,320.00703264186035,4.578249851086923e-05,4.578249851086923e-05
19008.0,7.077095836837065e-06,320.00644813881036,4.197738365541682e-05,4.197738365541682e-05
19080.0,6.4683962721447755e-06,320.00591061515894,3.8478104684692765e-05,3.8478104684692765e-05
19152.0,5.91058874871413e-06,320.0054164415339,3.526103438566281e-05,3.526103438566281e-05
19224.0,5.399555152290598e-06,320.0049622557617,3.2304285008740405e-05,3.2304285008740405e-05
19296.0,4.931498007810228e-06,320.00454494436053,2.9587587787063966e-05,2.9587587787063966e-05
19368.0,4.502916652428811e-06,320.0041616252139,2.7092180142466303e-05,2.7092180142466303e-05
19440.0,4.1105850782458e-06,320.00380963135956,2.4800700150727834e-05,2.4800700150727834e-05
19512.0,3.7515313360121267e-06,320.00348649582685,2.2697087832784177e-05,2.2697087832784177e-05
19584.0,3.423018398962878e-06,320.0031899374655,2.076649290035732e-05,2.076649290035732e-05
19656.0,3.122526389308711e-06,320.00291784770525,1.8995188561166288e-05,1.8995188561166288e-05
19728.0,2.847736078961061e-06,320.00266827819314,1.7370491037349892e-05,1.7370491037349892e-05
19800.0,2.596513577771304e-06,320.0024394292544,1.588068444629357e-05,1.588068444629357e-05
19872.0,2.366896130220872e-06,320.00222963912944,1.4514950732647662e-05,1.4514950732647662e-05
19944.0,2.157078946294034e-06,320.0020373739372,1.32633043310733e-05,1.32633043310733e-05
20016.0,1.9654029953039025e-06,320.00186121832286,1.2116531281807851e-05,1.2116531281807851e-05
20088.0,1.7903436962727206e-06,320.0016998667451,1.1066132510780449e-05,1.1066132510780449e-05
20160.0,1.630500444738432e-06,320.00155211536463,1.0104271023753313e-05,1.0104271023753313e-05
20232.0,1.4845869163040108e-06,320.0014168544952,9.223722763594537e-06,9.223722763594537e-06
20304.0,1.3514220935329056e-06,320.0012930615812,8.417830893479844e-06,8.417830893479844e-06
20376.0,1.2299219652644488e-06,320.0011797946691,7.680463295834557e-06,7.680463295834557e-06
20448.0,1.1190918508150626e-06,320.00107618633905,7.005973067205673e-06,7.005973067205673e-06
20520.0,1.0180193046751392e-06,320.00098143806804,6.389161822928599e-06,6.389161822928599e-06
20592.0,9.258675603671858e-07,320.000894814996,5.825245623972819e-06,5.825245623972819e-06
20664.0,8.418694742797225e-07,320.0008156410675,5.309823349452358e-06,5.309823349452358e-06
20736.0,7.653219340398221e-07,320.0007432945246,4.838847355309213e-06,4.838847355309213e-06
20808.0,6.955806971413445e-07,320.00067720372743,4.408596265598703e-06,4.408596265598703e-06
20880.0,6.320556285125851e-07,320.0006168432792,4.015649747616407e-06,4.015649747616407e-06
20952.0,5.742063079988512e-07,320.00056173043623,3.656865139868728e-06,3.656865139868728e-06
21024.0,5.21537980546772e-07,320.0005114217831,3.329355807809975e-06,3.329355807809975e-06
21096.0,4.735978222499406e-07,320.00046551015345,3.0304710989383922e-06,3.0304710989383922e-06
21168.0,4.2997150170510953e-07,320.00042362178124,2.757777795857237e-06,2.757777795857237e-06
21240.0,3.9028001086791015e-07,320.0003854136649,2.509042958506029e-06,2.509042958506029e-06
21312.0,3.5417674807251144e-07,320.00035057112984,2.282218055278236e-06,2.282218055278236e-06
21384.0,3.213448333024785e-07,320.0003188055755,2.075424296433539e-06,2.075424296433539e-06
21456.0,2.9149463679461734e-07,320.0002898523933,1.886939080252432e-06,1.886939080252432e-06
21528.0,2.643615066243464e-07,320.00026346904406,1.7151834768128538e-06,1.7151834768128538e-06
21600.0,2.3970367848569045e-07,320.00023943328193,1.5587106653873662e-06,1.5587106653873662e-06
21672.0,2.1730035485919764e-07,320.0002175415161,1.4161952699532775e-06,1.4161952699532775e-06
21744.0,1.9694993930379593e-07,320.0001976072989,1.286423515845172e-06,1.286423515845172e-06
21816.0,1.784684147532521e-07,320.00017945993045,1.1682841472315886e-06,1.1682841472315886e-06
21888.0,1.61687853898115e-07,320.0001629431743,1.06076006471028e-06,1.06076006471028e-06
21960.0,1.464550521851231e-07,320.0001479140713,9.629206042012583e-07,9.629206042012583e-07
22032.0,1.3263027245729392e-07,320.00013424184897,8.73914436784844e-07,8.73914436784844e-07
22104.0,1.2008609347164015e-07,320.00012180691544,7.92963019545141e-07,7.92963019545141e-07
22176.0,1.0870635417676127e-07,320.00011049993407,7.193545707752947e-07,7.193545707752947e-07
22248.0,9.838518485184238e-08,320.0001002209718,6.524385262486021e-07,6.524385262486021e-07
22320.0,8.902611972385653e-08,320.0000908787149,5.916204339996511e-07,5.916204339996511e-07
22392.0,8.054128339005874e-08,320.00008238974897,5.363572657824988e-07,5.363572657824988e-07
22464.0,7.285064557452725e-08,320.0000746778953,4.86153098579507e-07,4.86153098579507e-07
22536.0,6.588133880107826e-08,320.0000676736028,4.405551543192132e-07,4.405551543192132e-07
22608.0,5.956703322729205e-08,320.0000613133877,3.991501537672093e-07,3.991501537672093e-07
22680.0,5.3847365016023553e-08,320.0000555393197,3.615609712682044e-07,3.615609712682044e-07
22752.0,4.8667412844702357e-08,320.0000502985505,3.274435636956241e-07,3.274435636956241e-07
22824.0,4.397721930122867e-08,320.00004554288006,2.964841491854031e-07,2.964841491854031e-07
22896.0,3.9731352939537e-08,320.0000412283596,2.6839662085194507e-07,2.6839662085194507e-07
22968.0,3.5888507956931194e-08,320.00003731492666,2.4292017254310847e-07,2.4292017254310847e-07
23040.0,3.241113879325526e-08,320.00003376607117,2.1981712331239577e-07,2.1981712331239577e-07
23112.0,2.9265125531138572e-08,320.0000305485286,1.9887092136571027e-07,1.9887092136571027e-07
23184.0,2.6419468445242306e-08,320.0000276319995,1.798843167512132e-07,1.798843167512132e-07
23256.0,2.3846009497484033e-08,320.00002498889165,1.626776846597977e-07,1.626776846597977e-07
23328.0,2.1519177652870608e-08,320.0000225940852,1.4708749452552184e-07,1.4708749452552184e-07
23400.0,1.9415756434227683e-08,320.00002042471596,1.329649008727074e-07,1.329649008727074e-07
23472.0,1.7514672010611384e-08,320.00001845997883,1.2017446220056627e-07,1.2017446220056627e-07
23544.0,1.579679965324575e-08,320.00001668094643,1.0859296126170648e-07,1.0859296126170648e-07
23616.0,1.4244787562909496e-08,320.000015070404,9.810833006497432e-08,9.810833006497432e-08
23688.0,1.2842896009288952e-08,320.0000136126984,8.861866665085927e-08,8.861866665085927e-08
23760.0,1.1576850716215229e-08,320.00001229359987,8.003133512829663e-08,8.003133512829663e-08
23832.0,1.0433709249129088e-08,320.00001110017536,7.226214157185496e-08,7.226214157185496e-08
23904.0,9.401739286193135e-09,320.0000100206736,6.523458503920665e-08,6.523458503920665e-08
23976.0,8.47030800867047e-09,320.0000090444194,5.8879170387058364e-08,5.8879170387058364e-08
24048.0,7.629781012568367e-09,320.00000816171746,5.313278066523708e-08,5.313278066523708e-08
24120.0,6.8714305455543284e-09,320.0000073637646,4.79381076087293e-08,4.79381076087293e-08
24192.0,6.187351666140373e-09,320.00000664256925,4.3243125795697777e-08,4.3243125795697777e-08
24264.0,5.57038662730378e-09,320.0000059908786,3.900061972274216e-08,3.900061972274216e-08
24336.0,5.014055316814728e-09,320.0000054021118,3.5167747885225256e-08,3.5167747885225256e-08
24408.0,4.512492270352233e-09,320.0000048702987,3.170564460276637e-08,3.170564460276637e-08
24480.0,4.0603897770608214e-09,320.000004390025,2.85790629203575e-08,2.85790629203575e-08
24552.0,3.6529457275894974e-09,320.00000395638114,2.5756041192721567e-08,2.5756041192721567e-08
24624.0,3.2858162938864018e-09,320.0000035649163,2.320760519353371e-08,2.320760519353371e-08
24696.0,2.9550731741884353e-09,320.0000032115969,2.0907495758137884e-08,2.0907495758137884e-08
24768.0,2.6571644078871056e-09,320.00000289276755,1.8831916779049606e-08,1.8831916779049606e-08
24840.0,2.388879116479882e-09,320.00000260511706,1.6959312065409903e-08,1.6959312065409903e-08
24912.0,2.147315263734797e-09,320.00000234564607,1.5270155894313575e-08,1.5270155894313575e-08
24984.0,1.92985043614021e-09,320.0000021116387,1.3746767985480801e-08,1.3746767985480801e-08
25056.0,1.7341155002831832e-09,320.0000019006362,1.2373141797752396e-08,1.2373141797752396e-08
25128.0,1.557970516618318e-09,320.00000171041296,1.1134788367712645e-08,1.1134788367712645e-08
25200.0,1.3994830509699627e-09,320.00000153895496,1.0018596800591695e-08,1.0018596800591695e-08
25272.0,1.2569081202788848e-09,320.00000138444,9.012704382485026e-09,9.012704382485026e-09
25344.0,1.1286707316729756e-09,320.0000012452198,8.106380754497877e-09,8.106380754497877e-09
25416.0,1.013349132210846e-09,320.0000011198036,7.289921338156091e-09,7.289921338156091e-09
25488.0,9.096606518805508e-10,320.00000100684366,6.554552232387323e-09,6.554552232387323e-09
25560.0,8.164479373202532e-10,320.0000009051215,5.892341031312754e-09,5.892341031312754e-09
25632.0,7.326671396347741e-10,320.00000081353585,5.296118373507852e-09,5.296118373507852e-09
25704.0,6.573768302504747e-10,320.0000007310917,4.759406892276274e-09,4.759406892276274e-09
25776.0,5.897280538835178e-10,320.00000065689005,4.276354236480984e-09,4.276354236480984e-09
25848.0,5.289556424458606e-10,320.0000005901188,3.841673492388509e-09,3.841673492388509e-09
25920.0,4.743698842608944e-10,320.0000005300448,3.4505917466276516e-09,3.4505917466276516e-09
25992.0,4.253493123992092e-10,320.00000047600594,3.0987986491481935e-09,3.0987986491481935e-09
26064.0,3.8133395469103915e-10,320.0000004274045,2.7824031172940524e-09,2.7824031172940524e-09
26136.0,3.418192590414192e-10,320.00000038370115,2.4978944804843197e-09,2.4978944804843197e-09
26208.0,3.063510308170205e-10,320.00000034440916,2.242103624894298e-09,2.242103624894298e-09
26280.0,2.745202462976152e-10,320.0000003090895,2.0121726493016467e-09,2.0121726493016467e-09
26352.0,2.459584341789203e-10,320.00000027734615,1.8055234107805517e-09,1.8055234107805517e-09
26424.0,2.203342118337126e-10,320.0000002488218,1.61982977090247e-09,1.61982977090247e-09
26496.0,1.973491823026855e-10,320.0000002231946,1.452996872899348e-09,1.452996872899348e-09
26568.0,1.767348788037324e-10,320.0000002001742,1.3031341279656771e-09,1.3031341279656771e-09
26640.0,1.5824976302576256e-10,320.00000017949907,1.1685389330295949e-09,1.1685389330295949e-09
26712.0,1.4167666720547698e-10,320.0000001609333,1.0476759479161046e-09,1.0476759479161046e-09
26784.0,1.2682021850182648e-10,320.0000001442647,9.391630334221191e-10,9.391630334221191e-10
26856.0,1.1350463648196751e-10,320.0000001293017,8.417542289862468e-10,8.417542289862468e-10
26928.0,1.0157209883851737e-10,320.00000011587224,7.543282811184327e-10,7.543282811184327e-10
27000.0,9.088064549137349e-11,320.0000001038211,6.758753215763136e-10,6.758753215763136e-10
27072.0,8.130263308835732e-11,320.00000009300857,6.054857658455149e-10,6.054857658455149e-10
27144.0,7.272363393194189e-11,320.00000008330915,5.423425420758577e-10,5.423425420758577e-10
27216.0,6.504049952443817e-11,320.00000007460943,4.857073992070582e-10,4.857073992070582e-10
27288.0,5.8160845711620256e-11,320.0000000668079,4.349194267661005e-10,4.349194267661005e-10
27360.0,5.2001524992874824e-11,320.00000005981275,3.8938099294227867e-10,3.8938099294227867e-10
27432.0,4.648805804107518e-11,320.0000000535418,3.4855700448588324e-10,3.4855700448588324e-10
27504.0,4.155342601727363e-11,320.000000047921,3.1196565544178154e-10,3.1196565544178154e-10
27576.0,3.713757292281834e-11,320.0000000428837,2.7917287638956625e-10,2.7917287638956625e-10
27648.0,3.3186588850362606e-11,320.00000003837005,2.4978900398764383e-10,2.4978900398764383e-10
27720.0,2.965199912722355e-11,320.0000000343263,2.2346434036535357e-10,2.2346434036535357e-10
27792.0,2.649042715594129e-11,320.0000000307041,1.9988360236311565e-10,1.9988360236311565e-10
27864.0,2.3663008005975446e-11,320.00000002746,1.7876444132980395e-10,1.7876444132980395e-10
27936.0,2.1134749032430272e-11,320.000000024555,1.5985300251486478e-10,1.5985300251486478e-10
28008.0,1.887435227099565e-11,320.00000002195407,1.4292096466306247e-10,1.4292096466306247e-10
28080.0,1.685373479863175e-11,320.0000000196258,1.2776405981185234e-10,1.2776405981185234e-10
28152.0,1.504776229918369e-11,320.0000000175419,1.1419763268349926e-10,1.1419763268349926e-10
28224.0,1.3433822810474319e-11,320.00000001567685,1.020562706344208e-10,1.020562706344208e-10
28296.0,1.1991702306591225e-11,320.00000001400815,9.119306355387379e-11,9.119306355387379e-11
28368.0,1.0703282812926974e-11,320.00000001251533,8.147479320541606e-11,8.147479320541606e-11
28440.0,9.552400159819734e-12,320.00000001117996,7.278156317624962e-11,7.278156317624962e-11
28512.0,8.524542250718187e-12,320.0000000099856,6.500642882656393e-11,6.500642882656393e-11
28584.0,7.606706731603591e-12,320.00000000891765,5.805391708690877e-11,5.805391708690877e-11
28656.0,6.7871346331668005e-12,320.0000000079628,5.1837806154253486e-11,5.1837806154253486e-11
28728.0,6.055576897068385e-12,320.00000000710924,4.628112549198704e-11,4.628112549198704e-11
28800.0,5.4025126947107375e-12,320.0000000063463,4.131430557663407e-11,4.131430557663407e-11
28872.0,4.8197000595771e-12,320.00000000566445,3.6875547948511666e-11,3.6875547948511666e-11
28944.0,4.299678702550511e-12,320.0000000050552,3.290934500910225e-11,3.290934500910225e-11
29016.0,3.835663212300773e-12,320.00000000451087,2.936573991974001e-11,2.936573991974001e-11
29088.0,3.4217208632336484e-12,320.0000000040247,2.620069665226765e-11,2.620069665226765e-11
29160.0,3.05252281068984e-12,320.00000000359034,2.3373139583782176e-11,2.3373139583782176e-11
29232.0,2.7232198301848053e-12,320.00000000320256,2.084865400320268e-11,2.084865400320268e-11
29304.0,2.429619933952114e-12,320.00000000285627,1.8594305402075407e-11,1.8594305402075407e-11
29376.0,2.1679041423647878e-12,320.0000000025472,1.6582339981141558e-11,1.6582339981141558e-11
29448.0,1.9346087012263268e-12,320.0000000022713,1.47861140931127e-11,1.47861140931127e-11
29520.0,1.7266606510167799e-12,320.000000002025,1.3182684597268235e-11,1.3182684597268235e-11
29592.0,1.5413600786368228e-12,320.00000000180523,1.1752068758141832e-11,1.1752068758141832e-11
29664.0,1.376202389849007e-12,320.0000000016092,1.0475764042894299e-11,1.0475764042894299e-11
29736.0,1.229073907592181e-12,320.0000000014343,9.33711817197036e-12,9.33711817197036e-12
29808.0,1.09794961952248e-12,320.00000000127824,8.321329119098663e-12,8.321329119098663e-12
29880.0,9.812308887030188e-13,320.0000000011391,7.415445111291774e-12,7.415445111291774e-12
29952.0,8.773013108004008e-13,320.000000001015,6.607624527532607e-12,6.607624527532607e-12
30024.0,7.847398539367432e-13,320.0000000009044,5.8875059494312155e-12,5.8875059494312155e-12
30096.0,7.023386988204138e-13,320.00000000080576,5.245468059911218e-12,5.245468059911218e-12
30168.0,6.289965233515691e-13,320.0000000007179,4.67336974452337e-12,4.67336974452337e-12
30240.0,5.637185983250812e-13,320.00000000063955,4.163439939475211e-12,4.163439939475211e-12
30312.0,5.056345739676332e-13,320.00000000056974,3.7090177329446305e-12,3.7090177329446305e-12
30384.0,4.5398065129133604e-13,320.0000000005075,3.3038122637663036e-12,3.3038122637663036e-12
30456.0,4.0801081401728e-13,320.00000000045213,2.943382924058824e-12,2.943382924058824e-12
30528.0,3.6712107785136677e-13,320.0000000004028,2.6221789539704333e-12,2.6221789539704333e-12
30600.0,3.3076084107948847e-13,320.0000000003588,2.3357597456197252e-12,2.3357597456197252e-12
30672.0,2.9841497553068703e-13,320.0000000003197,2.0811648937524296e-12,2.0811648937524296e-12
30744.0,2.6971048072174157e-13,320.00000000028484,1.854323841143923e-12,1.854323841143923e-12
30816.0,2.4416773647789715e-13,320.0000000002538,1.6522761825399358e-12,1.6522761825399358e-12
30888.0,2.2146701770864656e-13,320.0000000002262,1.4724315633429796e-12,1.4724315633429796e-12
30960.0,2.01270854895674e-13,320.0000000002017,1.312939730269136e-12,1.312939730269136e-12
31032.0,1.833305236284103e-13,320.00000000017974,1.170100176750566e-12,1.170100176750566e-12
31104.0,1.674329414765847e-13,320.0000000001603,1.0435428521304857e-12,1.0435428521304857e-12
31176.0,1.5331159366441492e-13,320.000000000143,9.310474524681921e-13,9.310474524681921e-13
31248.0,1.4082444437897222e-13,320.00000000012767,8.3113377513655e-13,8.3113377513655e-13
31320.0,1.2968723441666543e-13,320.00000000011397,7.419515668516397e-13,7.419515668516397e-13
31392.0,1.1984671135348267e-13,320.0000000001018,6.627607262998935e-13,6.627607262998935e-13
31464.0,1.1108972385304688e-13,320.000000000091,5.924511015109602e-13,5.924511015109602e-13
31536.0,1.0334519850119706e-13,320.0000000000814,5.299125405144877e-13,5.299125405144877e-13
31608.0,9.650657302815422e-14,320.00000000007293,4.747749926536926e-13,4.747749926536926e-13
31680.0,9.041397531837235e-14,320.00000000006537,4.255582553014392e-13,4.255582553014392e-13
31752.0,8.49786028423495e-14,320.0000000000586,3.8152222714415983e-13,3.8152222714415983e-13
31824.0,8.02182000278946e-14,320.00000000005264,3.4266690818185455e-13,3.4266690818185455e-13
31896.0,7.597293304063171e-14,320.00000000004735,3.0825219710095554e-13,3.0825219710095554e-13
31968.0,7.22250038591138e-14,320.00000000004263,2.7753799258789515e-13,2.7753799258789515e-13
32040.0,6.888563675065792e-14,320.0000000000385,2.505242946426733e-13,2.505242946426733e-13
32112.0,6.593702986569996e-14,320.00000000003473,2.2610095129493856e-13,2.2610095129493856e-13
32184.0,6.336145026078205e-14,320.0000000000315,2.0500806385825853e-13,2.0500806385825853e-13
32256.0,6.107006095334908e-14,320.00000000002854,1.857654297054978e-13,1.857654297054978e-13
32328.0,5.906288874022016e-14,320.0000000000259,1.6874309949344025e-13,1.6874309949344025e-13
32400.0,5.728663143186223e-14,320.0000000000237,1.543111238788697e-13,1.543111238788697e-13
32472.0,5.5723506319296236e-14,320.0000000000217,1.4135935089143458e-13,1.4135935089143458e-13
32544.0,5.43025012382333e-14,320.0000000000199,1.2951772987435107e-13,1.2951772987435107e-13
32616.0,5.3076880097036334e-14,320.0000000000183,1.19156311484403e-13,1.19156311484403e-13
32688.0,5.201112341515137e-14,320.00000000001694,1.1027509572159033e-13,1.1027509572159033e-13
32760.0,5.105193283116237e-14,320.0000000000157,1.021339812723454e-13,1.021339812723454e-13
32832.0,5.02170910540484e-14,320.0000000000146,9.510301879345207e-14,9.510301879345207e-14
32904.0,4.948883834353248e-14,320.0000000000137,8.91822082849103e-14,8.91822082849103e-14
32976.0,4.883161310977347e-14,320.0000000000128,8.326139777636854e-14,8.326139777636854e-14
33048.0,4.8263209546101486e-14,320.00000000001205,7.845073923817836e-14,7.845073923817836e-14
33120.0,4.77658564278885e-14,320.00000000001137,7.401013135677204e-14,7.401013135677204e-14
33192.0,4.732178635862351e-14,320.00000000001074,6.993957413214958e-14,6.993957413214958e-14
33264.0,4.693101847889155e-14,320.00000000001023,6.660911822109483e-14,6.660911822109483e-14
33336.0,4.6593522163756534e-14,320.0000000000097,6.327866231004009e-14,6.327866231004009e-14
33408.0,4.6273800901366574e-14,320.0000000000093,6.068830771255306e-14,6.068830771255306e-14
33480.0,4.6025122428201564e-14,320.0000000000089,5.809795311506605e-14,5.809795311506605e-14
33552.0,4.5811974919941587e-14,320.00000000000864,5.6247699831146744e-14,5.6247699831146744e-14
33624.0,4.563434689223559e-14,320.00000000000836,5.4397446547227445e-14,5.4397446547227445e-14
33696.0,4.5492246001317596e-14,320.00000000000813,5.291724392009201e-14,5.291724392009201e-14
33768.0,4.5350148938516606e-14,320.00000000000796,5.1807091949740424e-14,5.1807091949740424e-14
33840.0,4.52258077878756e-14,320.00000000000773,5.0326889322604986e-14,5.0326889322604986e-14
33912.0,4.513700143025663e-14,320.0000000000076,4.9586788009037264e-14,4.9586788009037264e-14
33984.0,4.506594332856361e-14,320.00000000000745,4.847663603868568e-14,4.847663603868568e-14
34056.0,4.4994900539338635e-14,320.0000000000074,4.8106585381901826e-14,4.8106585381901826e-14
34128.0,4.4923850093879636e-14,320.0000000000073,4.7366484068334104e-14,4.7366484068334104e-14
34200.0,4.487056704493165e-14,320.0000000000072,4.699643341155024e-14,4.699643341155024e-14
34272.0,4.483503990814365e-14,320.0000000000071,4.625633209798252e-14,4.625633209798252e-14
34344.0,4.481727633974965e-14,320.00000000000705,4.588628144119866e-14,4.588628144119866e-14
34416.0,4.479951659947266e-14,320.00000000000705,4.588628144119866e-14,4.588628144119866e-14
34488.0,4.4781756859195667e-14,320.00000000000705,4.588628144119866e-14,4.588628144119866e-14
34560.0,4.4763989462684646e-14,320.00000000000693,4.5146180127630944e-14,4.5146180127630944e-14
34632.0,4.4763989462684646e-14,320.00000000000693,4.5146180127630944e-14,4.5146180127630944e-14
34704.0,4.4763989462684646e-14,320.00000000000693,4.5146180127630944e-14,4.5146180127630944e-14
34776.0,4.4763989462684646e-14,320.00000000000693,4.5146180127630944e-14,4.5146180127630944e-14
34848.0,4.4763989462684646e-14,320.00000000000693,4.5146180127630944e-14,4.5146180127630944e-14
34920.0,4.4763989462684646e-14,320.00000000000693,4.5146180127630944e-14,4.5146180127630944e-14
34992.0,4.4763989462684646e-14,320.00000000000693,4.5146180127630944e-14,4.5146180127630944e-14
35064.0,4.4763989462684646e-14,320.00000000000693,4.5146180127630944e-14,4.5146180127630944e-14
35136.0,4.4763989462684646e-14,320.00000000000693,4.5146180127630944e-14,4.5146180127630944e-14
35208.0,4.4763989462684646e-14,320.00000000000693,4.5146180127630944e-14,4.5146180127630944e-14
35280.0,4.4763989462684646e-14,320.00000000000693,4.5146180127630944e-14,4.5146180127630944e-14
35352.0,4.4763989462684646e-14,320.00000000000693,4.5146180127630944e-14,4.5146180127630944e-14
35424.0,4.4763989462684646e-14,320.00000000000693,4.5146180127630944e-14,4.5146180127630944e-14
35496.0,4.4763989462684646e-14,320.00000000000693,4.5146180127630944e-14,4.5146180127630944e-14
35568.0,4.4763989462684646e-14,320.00000000000693,4.5146180127630944e-14,4.5146180127630944e-14
35640.0,4.4763989462684646e-14,320.00000000000693,4.5146180127630944e-14,4.5146180127630944e-14
35712.0,4.4763989462684646e-14,320.00000000000693,4.5146180127630944e-14,4.5146180127630944e-14
35784.0,4.4763989462684646e-14,320.00000000000693,4.5146180127630944e-14,4.5146180127630944e-14
35856.0,4.4763989462684646e-14,320.00000000000693,4.5146180127630944e-14,4.5146180127630944e-14
35928.0,4.4763989462684646e-14,320.00000000000693,4.5146180127630944e-14,4.5146180127630944e-14
36000.0,4.4763989462684646e-14,320.00000000000693,4.5146180127630944e-14,4.5146180127630944e-14
36072.0,4.4763989462684646e-14,320.00000000000693,4.5146180127630944e-14,4.5146180127630944e-14
36144.0,4.4763989462684646e-14,320.00000000000693,4.5146180127630944e-14,4.5146180127630944e-14
36216.0,4.4763989462684646e-14,320.00000000000693,4.5146180127630944e-14,4.5146180127630944e-14
36288.0,4.4763989462684646e-14,320.00000000000693,4.5146180127630944e-14,4.5146180127630944e-14
36360.0,4.4763989462684646e-14,320.00000000000693,4.5146180127630944e-14,4.5146180127630944e-14
36432.0,4.4763989462684646e-14,320.00000000000693,4.5146180127630944e-14,4.5146180127630944e-14
36504.0,4.4763989462684646e-14,320.00000000000693,4.5146180127630944e-14,4.5146180127630944e-14
36576.0,4.4763989462684646e-14,320.00000000000693,4.5146180127630944e-14,4.5146180127630944e-14
36648.0,4.4763989462684646e-14,320.00000000000693,4.5146180127630944e-14,4.5146180127630944e-14
36720.0,4.4763989462684646e-14,320.00000000000693,4.5146180127630944e-14,4.5146180127630944e-14
36792.0,4.4763989462684646e-14,320.00000000000693,4.5146180127630944e-14,4.5146180127630944e-14
36864.0,4.4763989462684646e-14,320.00000000000693,4.5146180127630944e-14,4.5146180127630944e-14
36936.0,4.4763989462684646e-14,320.00000000000693,4.5146180127630944e-14,4.5146180127630944e-14
37008.0,4.4763989462684646e-14,320.00000000000693,4.5146180127630944e-14,4.5146180127630944e-14
37080.0,4.4763989462684646e-14,320.00000000000693,4.5146180127630944e-14,4.5146180127630944e-14
37152.0,4.4763989462684646e-14,320.00000000000693,4.5146180127630944e-14,4.5146180127630944e-14
37224.0,4.4763989462684646e-14,320.00000000000693,4.5146180127630944e-14,4.5146180127630944e-14
37296.0,4.4763989462684646e-14,320.00000000000693,4.5146180127630944e-14,4.5146180127630944e-14
37368.0,4.4763989462684646e-14,320.00000000000693,4.5146180127630944e-14,4.5146180127630944e-14
37440.0,4.4763989462684646e-14,320.00000000000693,4.5146180127630944e-14,4.5146180127630944e-14
37512.0,4.4763989462684646e-14,320.00000000000693,4.5146180127630944e-14,4.5146180127630944e-14
37584.0,4.4763989462684646e-14,320.00000000000693,4.5146180127630944e-14,4.5146180127630944e-14
37656.0,4.4763989462684646e-14,320.00000000000693,4.5146180127630944e-14,4.5146180127630944e-14
37728.0,4.4763989462684646e-14,320.00000000000693,4.5146180127630944e-14,4.5146180127630944e-14
37800.0,4.4763989462684646e-14,320.00000000000693,4.5146180127630944e-14,4.5146180127630944e-14
37872.0,4.4763989462684646e-14,320.00000000000693,4.5146180127630944e-14,4.5146180127630944e-14
37944.0,4.4763989462684646e-14,320.00000000000693,4.5146180127630944e-14,4.5146180127630944e-14
38016.0,4.4763989462684646e-14,320.00000000000693,4.5146180127630944e-14,4.5146180127630944e-14
38088.0,4.4763989462684646e-14,320.00000000000693,4.5146180127630944e-14,4.5146180127630944e-14
38160.0,4.4763989462684646e-14,320.00000000000693,4.5146180127630944e-14,4.5146180127630944e-14
38232.0,4.4763989462684646e-14,320.00000000000693,4.5146180127630944e-14,4.5146180127630944e-14
38304.0,4.4763989462684646e-14,320.00000000000693,4.5146180127630944e-14,4.5146180127630944e-14
38376.0,4.4763989462684646e-14,320.00000000000693,4.5146180127630944e-14,4.5146180127630944e-14
38448.0,4.4763989462684646e-14,320.00000000000693,4.5146180127630944e-14,4.5146180127630944e-14
38520.0,4.4763989462684646e-14,320.00000000000693,4.5146180127630944e-14,4.5146180127630944e-14
38592.0,4.4763989462684646e-14,320.00000000000693,4.5146180127630944e-14,4.5146180127630944e-14
38664.0,4.4763989462684646e-14,320.00000000000693,4.5146180127630944e-14,4.5146180127630944e-14
38736.0,4.4763989462684646e-14,320.00000000000693,4.5146180127630944e-14,4.5146180127630944e-14
38808.0,4.4763989462684646e-14,320.00000000000693,4.5146180127630944e-14,4.5146180127630944e-14
38880.0,4.4763989462684646e-14,320.00000000000693,4.5146180127630944e-14,4.5146180127630944e-14
38952.0,4.4763989462684646e-14,320.00000000000693,4.5146180127630944e-14,4.5146180127630944e-14
39024.0,4.4763989462684646e-14,320.00000000000693,4.5146180127630944e-14,4.5146180127630944e-14
39096.0,4.4763989462684646e-14,320.00000000000693,4.5146180127630944e-14,4.5146180127630944e-14
39168.0,4.4763989462684646e-14,320.00000000000693,4.5146180127630944e-14,4.5146180127630944e-14
39240.0,4.4763989462684646e-14,320.00000000000693,4.5146180127630944e-14,4.5146180127630944e-14
39312.0,4.4763989462684646e-14,320.00000000000693,4.5146180127630944e-14,4.5146180127630944e-14
39384.0,4.4763989462684646e-14,320.00000000000693,4.5146180127630944e-14,4.5146180127630944e-14
39456.0,4.4763989462684646e-14,320.00000000000693,4.5146180127630944e-14,4.5146180127630944e-14
39528.0,4.4763989462684646e-14,320.00000000000693,4.5146180127630944e-14,4.5146180127630944e-14
39600.0,4.4763989462684646e-14,320.00000000000693,4.5146180127630944e-14,4.5146180127630944e-14
39672.0,4.4763989462684646e-14,320.00000000000693,4.5146180127630944e-14,4.5146180127630944e-14
39744.0,4.4763989462684646e-14,320.00000000000693,4.5146180127630944e-14,4.5146180127630944e-14
39816.0,4.4763989462684646e-14,320.00000000000693,4.5146180127630944e-14,4.5146180127630944e-14
39888.0,4.4763989462684646e-14,320.00000000000693,4.5146180127630944e-14,4.5146180127630944e-14
39960.0,4.4763989462684646e-14,320.00000000000693,4.5146180127630944e-14,4.5146180127630944e-14
40032.0,4.4763989462684646e-14,320.00000000000693,4.5146180127630944e-14,4.5146180127630944e-14
40104.0,4.4763989462684646e-14,320.00000000000693,4.5146180127630944e-14,4.5146180127630944e-14
40176.0,4.4763989462684646e-14,320.00000000000693,4.5146180127630944e-14,4.5146180127630944e-14
40248.0,4.4763989462684646e-14,320.00000000000693,4.5146180127630944e-14,4.5146180127630944e-14
40320.0,4.4763989462684646e-14,320.00000000000693,4.5146180127630944e-14,4.5146180127630944e-14
40392.0,4.4763989462684646e-14,320.00000000000693,4.5146180127630944e-14,4.5146180127630944e-14
40464.0,4.4763989462684646e-14,320.00000000000693,4.5146180127630944e-14,4.5146180127630944e-14
40536.0,4.4763989462684646e-14,320.00000000000693,4.5146180127630944e-14,4.5146180127630944e-14
40608.0,4.4763989462684646e-14,320.00000000000693,4.5146180127630944e-14,4.5146180127630944e-14
40680.0,4.4763989462684646e-14,320.00000000000693,4.5146180127630944e-14,4.5146180127630944e-14
40752.0,4.4763989462684646e-14,320.00000000000693,4.5146180127630944e-14,4.5146180127630944e-14
40824.0,4.4763989462684646e-14,320.00000000000693,4.5146180127630944e-14,4.5146180127630944e-14
40896.0,4.4763989462684646e-14,320.00000000000693,4.5146180127630944e-14,4.5146180127630944e-14
40968.0,4.4763989462684646e-14,320.00000000000693,4.5146180127630944e-14,4.5146180127630944e-14
41040.0,4.4763989462684646e-14,320.00000000000693,4.5146180127630944e-14,4.5146180127630944e-14
41112.0,4.4763989462684646e-14,320.00000000000693,4.5146180127630944e-14,4.5146180127630944e-14
41184.0,4.4763989462684646e-14,320.00000000000693,4.5146180127630944e-14,4.5146180127630944e-14
41256.0,4.4763989462684646e-14,320.00000000000693,4.5146180127630944e-14,4.5146180127630944e-14
41328.0,4.4763989462684646e-14,320.00000000000693,4.5146180127630944e-14,4.5146180127630944e-14
41400.0,4.4763989462684646e-14,320.00000000000693,4.5146180127630944e-14,4.5146180127630944e-14
41472.0,4.4763989462684646e-14,320.00000000000693,4.5146180127630944e-14,4.5146180127630944e-14
41544.0,4.4763989462684646e-14,320.00000000000693,4.5146180127630944e-14,4.5146180127630944e-14
41616.0,4.4763989462684646e-14,320.00000000000693,4.5146180127630944e-14,4.5146180127630944e-14
41688.0,4.4763989462684646e-14,320.00000000000693,4.5146180127630944e-14,4.5146180127630944e-14
41760.0,4.4763989462684646e-14,320.00000000000693,4.5146180127630944e-14,4.5146180127630944e-14
41832.0,4.4763989462684646e-14,320.00000000000693,4.5146180127630944e-14,4.5146180127630944e-14
41904.0,4.4763989462684646e-14,320.00000000000693,4.5146180127630944e-14,4.5146180127630944e-14
41976.0,4.4763989462684646e-14,320.00000000000693,4.5146180127630944e-14,4.5146180127630944e-14
42048.0,4.4763989462684646e-14,320.00000000000693,4.5146180127630944e-14,4.5146180127630944e-14
42120.0,4.4763989462684646e-14,320.00000000000693,4.5146180127630944e-14,4.5146180127630944e-14
42192.0,4.4763989462684646e-14,320.00000000000693,4.5146180127630944e-14,4.5146180127630944e-14
42264.0,4.4763989462684646e-14,320.00000000000693,4.5146180127630944e-14,4.5146180127630944e-14
42336.0,4.4763989462684646e-14,320.00000000000693,4.5146180127630944e-14,4.5146180127630944e-14
42408.0,4.4763989462684646e-14,320.00000000000693,4.5146180127630944e-14,4.5146180127630944e-14
42480.0,4.4763989462684646e-14,320.00000000000693,4.5146180127630944e-14,4.5146180127630944e-14
42552.0,4.4763989462684646e-14,320.00000000000693,4.5146180127630944e-14,4.5146180127630944e-14
42624.0,4.4763989462684646e-14,320.00000000000693,4.5146180127630944e-14,4.5146180127630944e-14
42696.0,4.4763989462684646e-14,320.00000000000693,4.5146180127630944e-14,4.5146180127630944e-14
42768.0,4.4763989462684646e-14,320.00000000000693,4.5146180127630944e-14,4.5146180127630944e-14
42840.0,4.4763989462684646e-14,320.00000000000693,4.5146180127630944e-14,4.5146180127630944e-14
42912.0,4.4763989462684646e-14,320.00000000000693,4.5146180127630944e-14,4.5146180127630944e-14
42984.0,4.4763989462684646e-14,320.00000000000693,4.5146180127630944e-14,4.5146180127630944e-14
43056.0,4.4763989462684646e-14,320.00000000000693,4.5146180127630944e-14,4.5146180127630944e-14
43128.0,4.4763989462684646e-14,320.00000000000693,4.5146180127630944e-14,4.5146180127630944e-14
43200.0,4.4763989462684646e-14,320.00000000000693,4.5146180127630944e-14,4.5146180127630944e-14
43272.0,4.4763989462684646e-14,320.00000000000693,4.5146180127630944e-14,4.5146180127630944e-14
43344.0,4.4763989462684646e-14,320.00000000000693,4.5146180127630944e-14,4.5146180127630944e-14
43416.0,4.4763989462684646e-14,320.00000000000693,4.5146180127630944e-14,4.5146180127630944e-14
43488.0,4.4763989462684646e-14,320.00000000000693,4.5146180127630944e-14,4.5146180127630944e-14
43560.0,4.4763989462684646e-14,320.00000000000693,4.5146180127630944e-14,4.5146180127630944e-14
43632.0,4.4763989462684646e-14,320.00000000000693,4.5146180127630944e-14,4.5146180127630944e-14
43704.0,4.4763989462684646e-14,320.00000000000693,4.5146180127630944e-14,4.5146180127630944e-14
43776.0,4.4763989462684646e-14,320.00000000000693,4.5146180127630944e-14,4.5146180127630944e-14
43848.0,4.4763989462684646e-14,320.00000000000693,4.5146180127630944e-14,4.5146180127630944e-14
43920.0,4.4763989462684646e-14,320.00000000000693,4.5146180127630944e-14,4.5146180127630944e-14
43992.0,4.4763989462684646e-14,320.00000000000693,4.5146180127630944e-14,4.5146180127630944e-14
44064.0,4.4763989462684646e-14,320.00000000000693,4.5146180127630944e-14,4.5146180127630944e-14
44136.0,4.4763989462684646e-14,320.00000000000693,4.5146180127630944e-14,4.5146180127630944e-14
44208.0,4.4763989462684646e-14,320.00000000000693,4.5146180127630944e-14,4.5146180127630944e-14
44280.0,4.4763989462684646e-14,320.00000000000693,4.5146180127630944e-14,4.5146180127630944e-14
44352.0,4.4763989462684646e-14,320.00000000000693,4.5146180127630944e-14,4.5146180127630944e-14
44424.0,4.4763989462684646e-14,320.00000000000693,4.5146180127630944e-14,4.5146180127630944e-14
44496.0,4.4763989462684646e-14,320.00000000000693,4.5146180127630944e-14,4.5146180127630944e-14
44568.0,4.4763989462684646e-14,320.00000000000693,4.5146180127630944e-14,4.5146180127630944e-14
44640.0,4.4763989462684646e-14,320.00000000000693,4.5146180127630944e-14,4.5146180127630944e-14
44712.0,4.4763989462684646e-14,320.00000000000693,4.5146180127630944e-14,4.5146180127630944e-14
44784.0,4.4763989462684646e-14,320.00000000000693,4.5146180127630944e-14,4.5146180127630944e-14
44856.0,4.4763989462684646e-14,320.00000000000693,4.5146180127630944e-14,4.5146180127630944e-14
44928.0,4.4763989462684646e-14,320.00000000000693,4.5146180127630944e-14,4.5146180127630944e-14
45000.0,4.4763989462684646e-14,320.00000000000693,4.5146180127630944e-14,4.5146180127630944e-14
45072.0,4.4763989462684646e-14,320.00000000000693,4.5146180127630944e-14,4.5146180127630944e-14
45144.0,4.4763989462684646e-14,320.00000000000693,4.5146180127630944e-14,4.5146180127630944e-14
45216.0,4.4763989462684646e-14,320.00000000000693,4.5146180127630944e-14,4.5146180127630944e-14
45288.0,4.4763989462684646e-14,320.00000000000693,4.5146180127630944e-14,4.5146180127630944e-14
45360.0,4.4763989462684646e-14,320.00000000000693,4.5146180127630944e-14,4.5146180127630944e-14
45432.0,4.4763989462684646e-14,320.00000000000693,4.5146180127630944e-14,4.5146180127630944e-14
45504.0,4.4763989462684646e-14,320.00000000000693,4.5146180127630944e-14,4.5146180127630944e-14
45576.0,4.4763989462684646e-14,320.00000000000693,4.5146180127630944e-14,4.5146180127630944e-14
45648.0,4.4763989462684646e-14,320.00000000000693,4.5146180127630944e-14,4.5146180127630944e-14
45720.0,4.4763989462684646e-14,320.00000000000693,4.5146180127630944e-14,4.5146180127630944e-14
45792.0,4.4763989462684646e-14,320.00000000000693,4.5146180127630944e-14,4.5146180127630944e-14
45864.0,4.4763989462684646e-14,320.00000000000693,4.5146180127630944e-14,4.5146180127630944e-14
45936.0,4.4763989462684646e-14,320.00000000000693,4.5146180127630944e-14,4.5146180127630944e-14
46008.0,4.4763989462684646e-14,320.00000000000693,4.5146180127630944e-14,4.5146180127630944e-14
46080.0,4.4763989462684646e-14,320.00000000000693,4.5146180127630944e-14,4.5146180127630944e-14
46152.0,4.4763989462684646e-14,320.00000000000693,4.5146180127630944e-14,4.5146180127630944e-14
46224.0,4.4763989462684646e-14,320.00000000000693,4.5146180127630944e-14,4.5146180127630944e-14
46296.0,4.4763989462684646e-14,320.00000000000693,4.5146180127630944e-14,4.5146180127630944e-14
46368.0,4.4763989462684646e-14,320.00000000000693,4.5146180127630944e-14,4.5146180127630944e-14
46440.0,4.4763989462684646e-14,320.00000000000693,4.5146180127630944e-14,4.5146180127630944e-14
46512.0,4.4763989462684646e-14,320.00000000000693,4.5146180127630944e-14,4.5146180127630944e-14
46584.0,4.4763989462684646e-14,320.00000000000693,4.5146180127630944e-14,4.5146180127630944e-14
46656.0,4.4763989462684646e-14,320.00000000000693,4.5146180127630944e-14,4.5146180127630944e-14
46728.0,4.4763989462684646e-14,320.00000000000693,4.5146180127630944e-14,4.5146180127630944e-14
46800.0,4.4763989462684646e-14,320.00000000000693,4.5146180127630944e-14,4.5146180127630944e-14
46872.0,4.4763989462684646e-14,320.00000000000693,4.5146180127630944e-14,4.5146180127630944e-14
46944.0,4.4763989462684646e-14,320.00000000000693,4.5146180127630944e-14,4.5146180127630944e-14
47016.0,4.4763989462684646e-14,320.00000000000693,4.5146180127630944e-14,4.5146180127630944e-14
47088.0,4.4763989462684646e-14,320.00000000000693,4.5146180127630944e-14,4.5146180127630944e-14
47160.0,4.4763989462684646e-14,320.00000000000693,4.5146180127630944e-14,4.5146180127630944e-14
47232.0,4.4763989462684646e-14,320.00000000000693,4.5146180127630944e-14,4.5146180127630944e-14
47304.0,4.4763989462684646e-14,320.00000000000693,4.5146180127630944e-14,4.5146180127630944e-14
47376.0,4.4763989462684646e-14,320.00000000000693,4.5146180127630944e-14,4.5146180127630944e-14
47448.0,4.4763989462684646e-14,320.00000000000693,4.5146180127630944e-14,4.5146180127630944e-14
47520.0,4.4763989462684646e-14,320.00000000000693,4.5146180127630944e-14,4.5146180127630944e-14
47592.0,4.4763989462684646e-14,320.00000000000693,4.5146180127630944e-14,4.5146180127630944e-14
47664.0,4.4763989462684646e-14,320.00000000000693,4.5146180127630944e-14,4.5146180127630944e-14
47736.0,4.4763989462684646e-14,320.00000000000693,4.5146180127630944e-14,4.5146180127630944e-14
47808.0,4.4763989462684646e-14,320.00000000000693,4.5146180127630944e-14,4.5146180127630944e-14
47880.0,4.4763989462684646e-14,320.00000000000693,4.5146180127630944e-14,4.5146180127630944e-14
47952.0,4.4763989462684646e-14,320.00000000000693,4.5146180127630944e-14,4.5146180127630944e-14
48024.0,4.4763989462684646e-14,320.00000000000693,4.5146180127630944e-14,4.5146180127630944e-14
48096.0,4.4763989462684646e-14,320.00000000000693,4.5146180127630944e-14,4.5146180127630944e-14
48168.0,4.4763989462684646e-14,320.00000000000693,4.5146180127630944e-14,4.5146180127630944e-14
48240.0,4.4763989462684646e-14,320.00000000000693,4.5146180127630944e-14,4.5146180127630944e-14
48312.0,4.4763989462684646e-14,320.00000000000693,4.5146180127630944e-14,4.5146180127630944e-14
48384.0,4.4763989462684646e-14,320.00000000000693,4.5146180127630944e-14,4.5146180127630944e-14
48456.0,4.4763989462684646e-14,320.00000000000693,4.5146180127630944e-14,4.5146180127630944e-14
48528.0,4.4763989462684646e-14,320.00000000000693,4.5146180127630944e-14,4.5146180127630944e-14
48600.0,4.4763989462684646e-14,320.00000000000693,4.5146180127630944e-14,4.5146180127630944e-14
48672.0,4.4763989462684646e-14,320.00000000000693,4.5146180127630944e-14,4.5146180127630944e-14
48744.0,4.4763989462684646e-14,320.00000000000693,4.5146180127630944e-14,4.5146180127630944e-14
48816.0,4.4763989462684646e-14,320.00000000000693,4.5146180127630944e-14,4.5146180127630944e-14
48888.0,4.4763989462684646e-14,320.00000000000693,4.5146180127630944e-14,4.5146180127630944e-14
48960.0,4.4763989462684646e-14,320.00000000000693,4.5146180127630944e-14,4.5146180127630944e-14
49032.0,4.4763989462684646e-14,320.00000000000693,4.5146180127630944e-14,4.5146180127630944e-14
49104.0,4.4763989462684646e-14,320.00000000000693,4.5146180127630944e-14,4.5146180127630944e-14
49176.0,4.4763989462684646e-14,320.00000000000693,4.5146180127630944e-14,4.5146180127630944e-14
49248.0,4.4763989462684646e-14,320.00000000000693,4.5146180127630944e-14,4.5146180127630944e-14
49320.0,4.4763989462684646e-14,320.00000000000693,4.5146180127630944e-14,4.5146180127630944e-14
49392.0,4.4763989462684646e-14,320.00000000000693,4.5146180127630944e-14,4.5146180127630944e-14
49464.0,4.4763989462684646e-14,320.00000000000693,4.5146180127630944e-14,4.5146180127630944e-14
49536.0,4.4763989462684646e-14,320.00000000000693,4.5146180127630944e-14,4.5146180127630944e-14
49608.0,4.4763989462684646e-14,320.00000000000693,4.5146180127630944e-14,4.5146180127630944e-14
49680.0,4.4763989462684646e-14,320.00000000000693,4.5146180127630944e-14,4.5146180127630944e-14
49752.0,4.4763989462684646e-14,320.00000000000693,4.5146180127630944e-14,4.5146180127630944e-14
49824.0,4.4763989462684646e-14,320.00000000000693,4.5146180127630944e-14,4.5146180127630944e-14
49896.0,4.4763989462684646e-14,320.00000000000693,4.5146180127630944e-14,4.5146180127630944e-14
49968.0,4.4763989462684646e-14,320.00000000000693,4.5146180127630944e-14,4.5146180127630944e-14
50040.0,4.4763989462684646e-14,320.00000000000693,4.5146180127630944e-14,4.5146180127630944e-14
50112.0,4.4763989462684646e-14,320.00000000000693,4.5146180127630944e-14,4.5146180127630944e-14
50184.0,4.4763989462684646e-14,320.00000000000693,4.5146180127630944e-14,4.5146180127630944e-14
50256.0,4.4763989462684646e-14,320.00000000000693,4.5146180127630944e-14,4.5146180127630944e-14
50328.0,4.4763989462684646e-14,320.00000000000693,4.5146180127630944e-14,4.5146180127630944e-14
50400.0,4.4763989462684646e-14,320.00000000000693,4.5146180127630944e-14,4.5146180127630944e-14
50472.0,4.4763989462684646e-14,320.00000000000693,4.5146180127630944e-14,4.5146180127630944e-14
50544.0,4.4763989462684646e-14,320.00000000000693,4.5146180127630944e-14,4.5146180127630944e-14
50616.0,4.4763989462684646e-14,320.00000000000693,4.5146180127630944e-14,4.5146180127630944e-14
50688.0,4.4763989462684646e-14,320.00000000000693,4.5146180127630944e-14,4.5146180127630944e-14
50760.0,4.4763989462684646e-14,320.00000000000693,4.5146180127630944e-14,4.5146180127630944e-14
50832.0,4.4763989462684646e-14,320.00000000000693,4.5146180127630944e-14,4.5146180127630944e-14
50904.0,4.4763989462684646e-14,320.00000000000693,4.5146180127630944e-14,4.5146180127630944e-14
50976.0,4.4763989462684646e-14,320.00000000000693,4.5146180127630944e-14,4.5146180127630944e-14
51048.0,4.4763989462684646e-14,320.00000000000693,4.5146180127630944e-14,4.5146180127630944e-14
51120.0,4.4763989462684646e-14,320.00000000000693,4.5146180127630944e-14,4.5146180127630944e-14
51192.0,4.4763989462684646e-14,320.00000000000693,4.5146180127630944e-14,4.5146180127630944e-14
51264.0,4.4763989462684646e-14,320.00000000000693,4.5146180127630944e-14,4.5146180127630944e-14
51336.0,4.4763989462684646e-14,320.00000000000693,4.5146180127630944e-14,4.5146180127630944e-14
51408.0,4.4763989462684646e-14,320.00000000000693,4.5146180127630944e-14,4.5146180127630944e-14
51480.0,4.4763989462684646e-14,320.00000000000693,4.5146180127630944e-14,4.5146180127630944e-14
51552.0,4.4763989462684646e-14,320.00000000000693,4.5146180127630944e-14,4.5146180127630944e-14
51624.0,4.4763989462684646e-14,320.00000000000693,4.5146180127630944e-14,4.5146180127630944e-14
51696.0,4.4763989462684646e-14,320.00000000000693,4.5146180127630944e-14,4.5146180127630944e-14
51768.0,4.4763989462684646e-14,320.00000000000693,4.5146180127630944e-14,4.5146180127630944e-14
51840.0,4.4763989462684646e-14,320.00000000000693,4.5146180127630944e-14,4.5146180127630944e-14
51912.0,4.4763989462684646e-14,320.00000000000693,4.5146180127630944e-14,4.5146180127630944e-14
51984.0,4.4763989462684646e-14,320.00000000000693,4.5146180127630944e-14,4.5146180127630944e-14
52056.0,4.4763989462684646e-14,320.00000000000693,4.5146180127630944e-14,4.5146180127630944e-14
52128.0,4.4763989462684646e-14,320.00000000000693,4.5146180127630944e-14,4.5146180127630944e-14
52200.0,4.4763989462684646e-14,320.00000000000693,4.5146180127630944e-14,4.5146180127630944e-14
52272.0,4.4763989462684646e-14,320.00000000000693,4.5146180127630944e-14,4.5146180127630944e-14
52344.0,4.4763989462684646e-14,320.00000000000693,4.5146180127630944e-14,4.5146180127630944e-14
52416.0,4.4763989462684646e-14,320.00000000000693,4.5146180127630944e-14,4.5146180127630944e-14
52488.0,4.4763989462684646e-14,320.00000000000693,4.5146180127630944e-14,4.5146180127630944e-14
52560.0,4.4763989462684646e-14,320.00000000000693,4.5146180127630944e-14,4.5146180127630944e-14
52632.0,4.4763989462684646e-14,320.00000000000693,4.5146180127630944e-14,4.5146180127630944e-14
52704.0,4.4763989462684646e-14,320.00000000000693,4.5146180127630944e-14,4.5146180127630944e-14
52776.0,4.4763989462684646e-14,320.00000000000693,4.5146180127630944e-14,4.5146180127630944e-14
52848.0,4.4763989462684646e-14,320.00000000000693,4.5146180127630944e-14,4.5146180127630944e-14
52920.0,4.4763989462684646e-14,320.00000000000693,4.5146180127630944e-14,4.5146180127630944e-14
52992.0,4.4763989462684646e-14,320.00000000000693,4.5146180127630944e-14,4.5146180127630944e-14
53064.0,4.4763989462684646e-14,320.00000000000693,4.5146180127630944e-14,4.5146180127630944e-14
53136.0,4.4763989462684646e-14,320.00000000000693,4.5146180127630944e-14,4.5146180127630944e-14
53208.0,4.4763989462684646e-14,320.00000000000693,4.5146180127630944e-14,4.5146180127630944e-14
53280.0,4.4763989462684646e-14,320.00000000000693,4.5146180127630944e-14,4.5146180127630944e-14
53352.0,4.4763989462684646e-14,320.00000000000693,4.5146180127630944e-14,4.5146180127630944e-14
53424.0,4.4763989462684646e-14,320.00000000000693,4.5146180127630944e-14,4.5146180127630944e-14
53496.0,4.4763989462684646e-14,320.00000000000693,4.5146180127630944e-14,4.5146180127630944e-14
53568.0,4.4763989462684646e-14,320.00000000000693,4.5146180127630944e-14,4.5146180127630944e-14
53640.0,4.4763989462684646e-14,320.00000000000693,4.5146180127630944e-14,4.5146180127630944e-14
53712.0,4.4763989462684646e-14,320.00000000000693,4.5146180127630944e-14,4.5146180127630944e-14
53784.0,4.4763989462684646e-14,320.00000000000693,4.5146180127630944e-14,4.5146180127630944e-14
53856.0,4.4763989462684646e-14,320.00000000000693,4.5146180127630944e-14,4.5146180127630944e-14
53928.0,4.4763989462684646e-14,320.00000000000693,4.5146180127630944e-14,4.5146180127630944e-14
54000.0,4.4763989462684646e-14,320.00000000000693,4.5146180127630944e-14,4.5146180127630944e-14
54072.0,4.4763989462684646e-14,320.00000000000693,4.5146180127630944e-14,4.5146180127630944e-14
54144.0,4.4763989462684646e-14,320.00000000000693,4.5146180127630944e-14,4.5146180127630944e-14
54216.0,4.4763989462684646e-14,320.00000000000693,4.5146180127630944e-14,4.5146180127630944e-14
54288.0,4.4763989462684646e-14,320.00000000000693,4.5146180127630944e-14,4.5146180127630944e-14
54360.0,4.4763989462684646e-14,320.00000000000693,4.5146180127630944e-14,4.5146180127630944e-14
54432.0,4.4763989462684646e-14,320.00000000000693,4.5146180127630944e-14,4.5146180127630944e-14
54504.0,4.4763989462684646e-14,320.00000000000693,4.5146180127630944e-14,4.5146180127630944e-14
54576.0,4.4763989462684646e-14,320.00000000000693,4.5146180127630944e-14,4.5146180127630944e-14
54648.0,4.4763989462684646e-14,320.00000000000693,4.5146180127630944e-14,4.5146180127630944e-14
54720.0,4.4763989462684646e-14,320.00000000000693,4.5146180127630944e-14,4.5146180127630944e-14
54792.0,4.4763989462684646e-14,320.00000000000693,4.5146180127630944e-14,4.5146180127630944e-14
54864.0,4.4763989462684646e-14,320.00000000000693,4.5146180127630944e-14,4.5146180127630944e-14
54936.0,4.4763989462684646e-14,320.00000000000693,4.5146180127630944e-14,4.5146180127630944e-14
55008.0,4.4763989462684646e-14,320.00000000000693,4.5146180127630944e-14,4.5146180127630944e-14
55080.0,4.4763989462684646e-14,320.00000000000693,4.5146180127630944e-14,4.5146180127630944e-14
55152.0,4.4763989462684646e-14,320.00000000000693,4.5146180127630944e-14,4.5146180127630944e-14
55224.0,4.4763989462684646e-14,320.00000000000693,4.5146180127630944e-14,4.5146180127630944e-14
55296.0,4.4763989462684646e-14,320.00000000000693,4.5146180127630944e-14,4.5146180127630944e-14
55368.0,4.4763989462684646e-14,320.00000000000693,4.5146180127630944e-14,4.5146180127630944e-14
55440.0,4.4763989462684646e-14,320.00000000000693,4.5146180127630944e-14,4.5146180127630944e-14
55512.0,4.4763989462684646e-14,320.00000000000693,4.5146180127630944e-14,4.5146180127630944e-14
55584.0,4.4763989462684646e-14,320.00000000000693,4.5146180127630944e-14,4.5146180127630944e-14
55656.0,4.4763989462684646e-14,320.00000000000693,4.5146180127630944e-14,4.5146180127630944e-14
55728.0,4.4763989462684646e-14,320.00000000000693,4.5146180127630944e-14,4.5146180127630944e-14
55800.0,4.4763989462684646e-14,320.00000000000693,4.5146180127630944e-14,4.5146180127630944e-14
55872.0,4.4763989462684646e-14,320.00000000000693,4.5146180127630944e-14,4.5146180127630944e-14
55944.0,4.4763989462684646e-14,320.00000000000693,4.5146180127630944e-14,4.5146180127630944e-14
56016.0,4.4763989462684646e-14,320.00000000000693,4.5146180127630944e-14,4.5146180127630944e-14
56088.0,4.4763989462684646e-14,320.00000000000693,4.5146180127630944e-14,4.5146180127630944e-14
56160.0,4.4763989462684646e-14,320.00000000000693,4.5146180127630944e-14,4.5146180127630944e-14
56232.0,4.4763989462684646e-14,320.00000000000693,4.5146180127630944e-14,4.5146180127630944e-14
56304.0,4.4763989462684646e-14,320.00000000000693,4.5146180127630944e-14,4.5146180127630944e-14
56376.0,4.4763989462684646e-14,320.00000000000693,4.5146180127630944e-14,4.5146180127630944e-14
56448.0,4.4763989462684646e-14,320.00000000000693,4.5146180127630944e-14,4.5146180127630944e-14
56520.0,4.4763989462684646e-14,320.00000000000693,4.5146180127630944e-14,4.5146180127630944e-14
56592.0,4.4763989462684646e-14,320.00000000000693,4.5146180127630944e-14,4.5146180127630944e-14
56664.0,4.4763989462684646e-14,320.00000000000693,4.5146180127630944e-14,4.5146180127630944e-14
56736.0,4.4763989462684646e-14,320.00000000000693,4.5146180127630944e-14,4.5146180127630944e-14
56808.0,4.4763989462684646e-14,320.00000000000693,4.5146180127630944e-14,4.5146180127630944e-14
56880.0,4.4763989462684646e-14,320.00000000000693,4.5146180127630944e-14,4.5146180127630944e-14
56952.0,4.4763989462684646e-14,320.00000000000693,4.5146180127630944e-14,4.5146180127630944e-14
57024.0,4.4763989462684646e-14,320.00000000000693,4.5146180127630944e-14,4.5146180127630944e-14
57096.0,4.4763989462684646e-14,320.00000000000693,4.5146180127630944e-14,4.5146180127630944e-14
57168.0,4.4763989462684646e-14,320.00000000000693,4.5146180127630944e-14,4.5146180127630944e-14
57240.0,4.4763989462684646e-14,320.00000000000693,4.5146180127630944e-14,4.5146180127630944e-14
57312.0,4.4763989462684646e-14,320.00000000000693,4.5146180127630944e-14,4.5146180127630944e-14
57384.0,4.4763989462684646e-14,320.00000000000693,4.5146180127630944e-14,4.5146180127630944e-14
57456.0,4.4763989462684646e-14,320.00000000000693,4.5146180127630944e-14,4.5146180127630944e-14
57528.0,4.4763989462684646e-14,320.00000000000693,4.5146180127630944e-14,4.5146180127630944e-14
57600.0,4.4763989462684646e-14,320.00000000000693,4.5146180127630944e-14,4.5146180127630944e-14
57672.0,4.4763989462684646e-14,320.00000000000693,4.5146180127630944e-14,4.5146180127630944e-14
57744.0,4.4763989462684646e-14,320.00000000000693,4.5146180127630944e-14,4.5146180127630944e-14
57816.0,4.4763989462684646e-14,320.00000000000693,4.5146180127630944e-14,4.5146180127630944e-14
57888.0,4.4763989462684646e-14,320.00000000000693,4.5146180127630944e-14,4.5146180127630944e-14
57960.0,4.4763989462684646e-14,320.00000000000693,4.5146180127630944e-14,4.5146180127630944e-14
58032.0,4.4763989462684646e-14,320.00000000000693,4.5146180127630944e-14,4.5146180127630944e-14
58104.0,4.4763989462684646e-14,320.00000000000693,4.5146180127630944e-14,4.5146180127630944e-14
58176.0,4.4763989462684646e-14,320.00000000000693,4.5146180127630944e-14,4.5146180127630944e-14
58248.0,4.4763989462684646e-14,320.00000000000693,4.5146180127630944e-14,4.5146180127630944e-14
58320.0,4.4763989462684646e-14,320.00000000000693,4.5146180127630944e-14,4.5146180127630944e-14
58392.0,4.4763989462684646e-14,320.00000000000693,4.5146180127630944e-14,4.5146180127630944e-14
58464.0,4.4763989462684646e-14,320.00000000000693,4.5146180127630944e-14,4.5146180127630944e-14
58536.0,4.4763989462684646e-14,320.00000000000693,4.5146180127630944e-14,4.5146180127630944e-14
58608.0,4.4763989462684646e-14,320.00000000000693,4.5146180127630944e-14,4.5146180127630944e-14
58680.0,4.4763989462684646e-14,320.00000000000693,4.5146180127630944e-14,4.5146180127630944e-14
58752.0,4.4763989462684646e-14,320.00000000000693,4.5146180127630944e-14,4.5146180127630944e-14
58824.0,4.4763989462684646e-14,320.00000000000693,4.5146180127630944e-14,4.5146180127630944e-14
58896.0,4.4763989462684646e-14,320.00000000000693,4.5146180127630944e-14,4.5146180127630944e-14
58968.0,4.4763989462684646e-14,320.00000000000693,4.5146180127630944e-14,4.5146180127630944e-14
59040.0,4.4763989462684646e-14,320.00000000000693,4.5146180127630944e-14,4.5146180127630944e-14
59112.0,4.4763989462684646e-14,320.00000000000693,4.5146180127630944e-14,4.5146180127630944e-14
59184.0,4.4763989462684646e-14,320.00000000000693,4.5146180127630944e-14,4.5146180127630944e-14
59256.0,4.4763989462684646e-14,320.00000000000693,4.5146180127630944e-14,4.5146180127630944e-14
59328.0,4.4763989462684646e-14,320.00000000000693,4.5146180127630944e-14,4.5146180127630944e-14
59400.0,4.4763989462684646e-14,320.00000000000693,4.5146180127630944e-14,4.5146180127630944e-14
59472.0,4.4763989462684646e-14,320.00000000000693,4.5146180127630944e-14,4.5146180127630944e-14
59544.0,4.4763989462684646e-14,320.00000000000693,4.5146180127630944e-14,4.5146180127630944e-14
59616.0,4.4763989462684646e-14,320.00000000000693,4.5146180127630944e-14,4.5146180127630944e-14
59688.0,4.4763989462684646e-14,320.00000000000693,4.5146180127630944e-14,4.5146180127630944e-14
59760.0,4.4763989462684646e-14,320.00000000000693,4.5146180127630944e-14,4.5146180127630944e-14
59832.0,4.4763989462684646e-14,320.00000000000693,4.5146180127630944e-14,4.5146180127630944e-14
59904.0,4.4763989462684646e-14,320.00000000000693,4.5146180127630944e-14,4.5146180127630944e-14
59976.0,4.4763989462684646e-14,320.00000000000693,4.5146180127630944e-14,4.5146180127630944e-14
60048.0,4.4763989462684646e-14,320.00000000000693,4.5146180127630944e-14,4.5146180127630944e-14
60120.0,4.4763989462684646e-14,320.00000000000693,4.5146180127630944e-14,4.5146180127630944e-14
60192.0,4.4763989462684646e-14,320.00000000000693,4.5146180127630944e-14,4.5146180127630944e-14
60264.0,4.4763989462684646e-14,320.00000000000693,4.5146180127630944e-14,4.5146180127630944e-14
60336.0,4.4763989462684646e-14,320.00000000000693,4.5146180127630944e-14,4.5146180127630944e-14
60408.0,4.4763989462684646e-14,320.00000000000693,4.5146180127630944e-14,4.5146180127630944e-14
60480.0,4.4763989462684646e-14,320.00000000000693,4.5146180127630944e-14,4.5146180127630944e-14
60552.0,4.4763989462684646e-14,320.00000000000693,4.5146180127630944e-14,4.5146180127630944e-14
60624.0,4.4763989462684646e-14,320.00000000000693,4.5146180127630944e-14,4.5146180127630944e-14
60696.0,4.4763989462684646e-14,320.00000000000693,4.5146180127630944e-14,4.5146180127630944e-14
60768.0,4.4763989462684646e-14,320.00000000000693,4.5146180127630944e-14,4.5146180127630944e-14
60840.0,4.4763989462684646e-14,320.00000000000693,4.5146180127630944e-14,4.5146180127630944e-14
60912.0,4.4763989462684646e-14,320.00000000000693,4.5146180127630944e-14,4.5146180127630944e-14
60984.0,4.4763989462684646e-14,320.00000000000693,4.5146180127630944e-14,4.5146180127630944e-14
61056.0,4.4763989462684646e-14,320.00000000000693,4.5146180127630944e-14,4.5146180127630944e-14
61128.0,4.4763989462684646e-14,320.00000000000693,4.5146180127630944e-14,4.5146180127630944e-14
61200.0,4.4763989462684646e-14,320.00000000000693,4.5146180127630944e-14,4.5146180127630944e-14
61272.0,4.4763989462684646e-14,320.00000000000693,4.5146180127630944e-14,4.5146180127630944e-14
61344.0,4.4763989462684646e-14,320.00000000000693,4.5146180127630944e-14,4.5146180127630944e-14
61416.0,4.4763989462684646e-14,320.00000000000693,4.5146180127630944e-14,4.5146180127630944e-14
61488.0,4.4763989462684646e-14,320.00000000000693,4.5146180127630944e-14,4.5146180127630944e-14
61560.0,4.4763989462684646e-14,320.00000000000693,4.5146180127630944e-14,4.5146180127630944e-14
61632.0,4.4763989462684646e-14,320.00000000000693,4.5146180127630944e-14,4.5146180127630944e-14
61704.0,4.4763989462684646e-14,320.00000000000693,4.5146180127630944e-14,4.5146180127630944e-14
61776.0,4.4763989462684646e-14,320.00000000000693,4.5146180127630944e-14,4.5146180127630944e-14
61848.0,4.4763989462684646e-14,320.00000000000693,4.5146180127630944e-14,4.5146180127630944e-14
61920.0,4.4763989462684646e-14,320.00000000000693,4.5146180127630944e-14,4.5146180127630944e-14
61992.0,4.4763989462684646e-14,320.00000000000693,4.5146180127630944e-14,4.5146180127630944e-14
62064.0,4.4763989462684646e-14,320.00000000000693,4.5146180127630944e-14,4.5146180127630944e-14
62136.0,4.4763989462684646e-14,320.00000000000693,4.5146180127630944e-14,4.5146180127630944e-14
62208.0,4.4763989462684646e-14,320.00000000000693,4.5146180127630944e-14,4.5146180127630944e-14
62280.0,4.4763989462684646e-14,320.00000000000693,4.5146180127630944e-14,4.5146180127630944e-14
62352.0,4.4763989462684646e-14,320.00000000000693,4.5146180127630944e-14,4.5146180127630944e-14
62424.0,4.4763989462684646e-14,320.00000000000693,4.5146180127630944e-14,4.5146180127630944e-14
62496.0,4.4763989462684646e-14,320.00000000000693,4.5146180127630944e-14,4.5146180127630944e-14
62568.0,4.4763989462684646e-14,320.00000000000693,4.5146180127630944e-14,4.5146180127630944e-14
62640.0,4.4763989462684646e-14,320.00000000000693,4.5146180127630944e-14,4.5146180127630944e-14
62712.0,4.4763989462684646e-14,320.00000000000693,4.5146180127630944e-14,4.5146180127630944e-14
62784.0,4.4763989462684646e-14,320.00000000000693,4.5146180127630944e-14,4.5146180127630944e-14
62856.0,4.4763989462684646e-14,320.00000000000693,4.5146180127630944e-14,4.5146180127630944e-14
62928.0,4.4763989462684646e-14,320.00000000000693,4.5146180127630944e-14,4.5146180127630944e-14
63000.0,4.4763989462684646e-14,320.00000000000693,4.5146180127630944e-14,4.5146180127630944e-14
63072.0,4.4763989462684646e-14,320.00000000000693,4.5146180127630944e-14,4.5146180127630944e-14
63144.0,4.4763989462684646e-14,320.00000000000693,4.5146180127630944e-14,4.5146180127630944e-14
63216.0,4.4763989462684646e-14,320.00000000000693,4.5146180127630944e-14,4.5146180127630944e-14
63288.0,4.4763989462684646e-14,320.00000000000693,4.5146180127630944e-14,4.5146180127630944e-14
63360.0,4.4763989462684646e-14,320.00000000000693,4.5146180127630944e-14,4.5146180127630944e-14
63432.0,4.4763989462684646e-14,320.00000000000693,4.5146180127630944e-14,4.5146180127630944e-14
63504.0,4.4763989462684646e-14,320.00000000000693,4.5146180127630944e-14,4.5146180127630944e-14
63576.0,4.4763989462684646e-14,320.00000000000693,4.5146180127630944e-14,4.5146180127630944e-14
63648.0,4.4763989462684646e-14,320.00000000000693,4.5146180127630944e-14,4.5146180127630944e-14
63720.0,4.4763989462684646e-14,320.00000000000693,4.5146180127630944e-14,4.5146180127630944e-14
63792.0,4.4763989462684646e-14,320.00000000000693,4.5146180127630944e-14,4.5146180127630944e-14
63864.0,4.4763989462684646e-14,320.00000000000693,4.5146180127630944e-14,4.5146180127630944e-14
63936.0,4.4763989462684646e-14,320.00000000000693,4.5146180127630944e-14,4.5146180127630944e-14
64008.0,4.4763989462684646e-14,320.00000000000693,4.5146180127630944e-14,4.5146180127630944e-14
64080.0,4.4763989462684646e-14,320.00000000000693,4.5146180127630944e-14,4.5146180127630944e-14
64152.0,4.4763989462684646e-14,320.00000000000693,4.5146180127630944e-14,4.5146180127630944e-14
64224.0,4.4763989462684646e-14,320.00000000000693,4.5146180127630944e-14,4.5146180127630944e-14
64296.0,4.4763989462684646e-14,320.00000000000693,4.5146180127630944e-14,4.5146180127630944e-14
64368.0,4.4763989462684646e-14,320.00000000000693,4.5146180127630944e-14,4.5146180127630944e-14
64440.0,4.4763989462684646e-14,320.00000000000693,4.5146180127630944e-14,4.5146180127630944e-14
64512.0,4.4763989462684646e-14,320.00000000000693,4.5146180127630944e-14,4.5146180127630944e-14
64584.0,4.4763989462684646e-14,320.00000000000693,4.5146180127630944e-14,4.5146180127630944e-14
64656.0,4.4763989462684646e-14,320.00000000000693,4.5146180127630944e-14,4.5146180127630944e-14
64728.0,4.4763989462684646e-14,320.00000000000693,4.5146180127630944e-14,4.5146180127630944e-14
64800.0,4.4763989462684646e-14,320.00000000000693,4.5146180127630944e-14,4.5146180127630944e-14
64872.0,4.4763989462684646e-14,320.00000000000693,4.5146180127630944e-14,4.5146180127630944e-14
64944.0,4.4763989462684646e-14,320.00000000000693,4.5146180127630944e-14,4.5146180127630944e-14
65016.0,4.4763989462684646e-14,320.00000000000693,4.5146180127630944e-14,4.5146180127630944e-14
65088.0,4.4763989462684646e-14,320.00000000000693,4.5146180127630944e-14,4.5146180127630944e-14
65160.0,4.4763989462684646e-14,320.00000000000693,4.5146180127630944e-14,4.5146180127630944e-14
65232.0,4.4763989462684646e-14,320.00000000000693,4.5146180127630944e-14,4.5146180127630944e-14
65304.0,4.4763989462684646e-14,320.00000000000693,4.5146180127630944e-14,4.5146180127630944e-14
65376.0,4.4763989462684646e-14,320.00000000000693,4.5146180127630944e-14,4.5146180127630944e-14
65448.0,4.4763989462684646e-14,320.00000000000693,4.5146180127630944e-14,4.5146180127630944e-14
65520.0,4.4763989462684646e-14,320.00000000000693,4.5146180127630944e-14,4.5146180127630944e-14
65592.0,4.4763989462684646e-14,320.00000000000693,4.5146180127630944e-14,4.5146180127630944e-14
65664.0,4.4763989462684646e-14,320.00000000000693,4.5146180127630944e-14,4.5146180127630944e-14
65736.0,4.4763989462684646e-14,320.00000000000693,4.5146180127630944e-14,4.5146180127630944e-14
65808.0,4.4763989462684646e-14,320.00000000000693,4.5146180127630944e-14,4.5146180127630944e-14
65880.0,4.4763989462684646e-14,320.00000000000693,4.5146180127630944e-14,4.5146180127630944e-14
65952.0,4.4763989462684646e-14,320.00000000000693,4.5146180127630944e-14,4.5146180127630944e-14
66024.0,4.4763989462684646e-14,320.00000000000693,4.5146180127630944e-14,4.5146180127630944e-14
66096.0,4.4763989462684646e-14,320.00000000000693,4.5146180127630944e-14,4.5146180127630944e-14
66168.0,4.4763989462684646e-14,320.00000000000693,4.5146180127630944e-14,4.5146180127630944e-14
66240.0,4.4763989462684646e-14,320.00000000000693,4.5146180127630944e-14,4.5146180127630944e-14
66312.0,4.4763989462684646e-14,320.00000000000693,4.5146180127630944e-14,4.5146180127630944e-14
66384.0,4.4763989462684646e-14,320.00000000000693,4.5146180127630944e-14,4.5146180127630944e-14
66456.0,4.4763989462684646e-14,320.00000000000693,4.5146180127630944e-14,4.5146180127630944e-14
66528.0,4.4763989462684646e-14,320.00000000000693,4.5146180127630944e-14,4.5146180127630944e-14
66600.0,4.4763989462684646e-14,320.00000000000693,4.5146180127630944e-14,4.5146180127630944e-14
66672.0,4.4763989462684646e-14,320.00000000000693,4.5146180127630944e-14,4.5146180127630944e-14
66744.0,4.4763989462684646e-14,320.00000000000693,4.5146180127630944e-14,4.5146180127630944e-14
66816.0,4.4763989462684646e-14,320.00000000000693,4.5146180127630944e-14,4.5146180127630944e-14
66888.0,4.4763989462684646e-14,320.00000000000693,4.5146180127630944e-14,4.5146180127630944e-14
66960.0,4.4763989462684646e-14,320.00000000000693,4.5146180127630944e-14,4.5146180127630944e-14
67032.0,4.4763989462684646e-14,320.00000000000693,4.5146180127630944e-14,4.5146180127630944e-14
67104.0,4.4763989462684646e-14,320.00000000000693,4.5146180127630944e-14,4.5146180127630944e-14
67176.0,4.4763989462684646e-14,320.00000000000693,4.5146180127630944e-14,4.5146180127630944e-14
67248.0,4.4763989462684646e-14,320.00000000000693,4.5146180127630944e-14,4.5146180127630944e-14
67320.0,4.4763989462684646e-14,320.00000000000693,4.5146180127630944e-14,4.5146180127630944e-14
67392.0,4.4763989462684646e-14,320.00000000000693,4.5146180127630944e-14,4.5146180127630944e-14
67464.0,4.4763989462684646e-14,320.00000000000693,4.5146180127630944e-14,4.5146180127630944e-14
67536.0,4.4763989462684646e-14,320.00000000000693,4.5146180127630944e-14,4.5146180127630944e-14
67608.0,4.4763989462684646e-14,320.00000000000693,4.5146180127630944e-14,4.5146180127630944e-14
67680.0,4.4763989462684646e-14,320.00000000000693,4.5146180127630944e-14,4.5146180127630944e-14
67752.0,4.4763989462684646e-14,320.00000000000693,4.5146180127630944e-14,4.5146180127630944e-14
67824.0,4.4763989462684646e-14,320.00000000000693,4.5146180127630944e-14,4.5146180127630944e-14
67896.0,4.4763989462684646e-14,320.00000000000693,4.5146180127630944e-14,4.5146180127630944e-14
67968.0,4.4763989462684646e-14,320.00000000000693,4.5146180127630944e-14,4.5146180127630944e-14
68040.0,4.4763989462684646e-14,320.00000000000693,4.5146180127630944e-14,4.5146180127630944e-14
68112.0,4.4763989462684646e-14,320.00000000000693,4.5146180127630944e-14,4.5146180127630944e-14
68184.0,4.4763989462684646e-14,320.00000000000693,4.5146180127630944e-14,4.5146180127630944e-14
68256.0,4.4763989462684646e-14,320.00000000000693,4.5146180127630944e-14,4.5146180127630944e-14
68328.0,4.4763989462684646e-14,320.00000000000693,4.5146180127630944e-14,4.5146180127630944e-14
68400.0,4.4763989462684646e-14,320.00000000000693,4.5146180127630944e-14,4.5146180127630944e-14
68472.0,4.4763989462684646e-14,320.00000000000693,4.5146180127630944e-14,4.5146180127630944e-14
68544.0,4.4763989462684646e-14,320.00000000000693,4.5146180127630944e-14,4.5146180127630944e-14
68616.0,4.4763989462684646e-14,320.00000000000693,4.5146180127630944e-14,4.5146180127630944e-14
68688.0,4.4763989462684646e-14,320.00000000000693,4.5146180127630944e-14,4.5146180127630944e-14
68760.0,4.4763989462684646e-14,320.00000000000693,4.5146180127630944e-14,4.5146180127630944e-14
68832.0,4.4763989462684646e-14,320.00000000000693,4.5146180127630944e-14,4.5146180127630944e-14
68904.0,4.4763989462684646e-14,320.00000000000693,4.5146180127630944e-14,4.5146180127630944e-14
68976.0,4.4763989462684646e-14,320.00000000000693,4.5146180127630944e-14,4.5146180127630944e-14
69048.0,4.4763989462684646e-14,320.00000000000693,4.5146180127630944e-14,4.5146180127630944e-14
69120.0,4.4763989462684646e-14,320.00000000000693,4.5146180127630944e-14,4.5146180127630944e-14
69192.0,4.4763989462684646e-14,320.00000000000693,4.5146180127630944e-14,4.5146180127630944e-14
69264.0,4.4763989462684646e-14,320.00000000000693,4.5146180127630944e-14,4.5146180127630944e-14
69336.0,4.4763989462684646e-14,320.00000000000693,4.5146180127630944e-14,4.5146180127630944e-14
69408.0,4.4763989462684646e-14,320.00000000000693,4.5146180127630944e-14,4.5146180127630944e-14
69480.0,4.4763989462684646e-14,320.00000000000693,4.5146180127630944e-14,4.5146180127630944e-14
69552.0,4.4763989462684646e-14,320.00000000000693,4.5146180127630944e-14,4.5146180127630944e-14
69624.0,4.4763989462684646e-14,320.00000000000693,4.5146180127630944e-14,4.5146180127630944e-14
69696.0,4.4763989462684646e-14,320.00000000000693,4.5146180127630944e-14,4.5146180127630944e-14
69768.0,4.4763989462684646e-14,320.00000000000693,4.5146180127630944e-14,4.5146180127630944e-14
69840.0,4.4763989462684646e-14,320.00000000000693,4.5146180127630944e-14,4.5146180127630944e-14
69912.0,4.4763989462684646e-14,320.00000000000693,4.5146180127630944e-14,4.5146180127630944e-14
69984.0,4.4763989462684646e-14,320.00000000000693,4.5146180127630944e-14,4.5146180127630944e-14
70056.0,4.4763989462684646e-14,320.00000000000693,4.5146180127630944e-14,4.5146180127630944e-14
70128.0,4.4763989462684646e-14,320.00000000000693,4.5146180127630944e-14,4.5146180127630944e-14
70200.0,4.4763989462684646e-14,320.00000000000693,4.5146180127630944e-14,4.5146180127630944e-14
70272.0,4.4763989462684646e-14,320.00000000000693,4.5146180127630944e-14,4.5146180127630944e-14
70344.0,4.4763989462684646e-14,320.00000000000693,4.5146180127630944e-14,4.5146180127630944e-14
70416.0,4.4763989462684646e-14,320.00000000000693,4.5146180127630944e-14,4.5146180127630944e-14
70488.0,4.4763989462684646e-14,320.00000000000693,4.5146180127630944e-14,4.5146180127630944e-14
70560.0,4.4763989462684646e-14,320.00000000000693,4.5146180127630944e-14,4.5146180127630944e-14
70632.0,4.4763989462684646e-14,320.00000000000693,4.5146180127630944e-14,4.5146180127630944e-14
70704.0,4.4763989462684646e-14,320.00000000000693,4.5146180127630944e-14,4.5146180127630944e-14
70776.0,4.4763989462684646e-14,320.00000000000693,4.5146180127630944e-14,4.5146180127630944e-14
70848.0,4.4763989462684646e-14,320.00000000000693,4.5146180127630944e-14,4.5146180127630944e-14
70920.0,4.4763989462684646e-14,320.00000000000693,4.5146180127630944e-14,4.5146180127630944e-14
70992.0,4.4763989462684646e-14,320.00000000000693,4.5146180127630944e-14,4.5146180127630944e-14
71064.0,4.4763989462684646e-14,320.00000000000693,4.5146180127630944e-14,4.5146180127630944e-14
71136.0,4.4763989462684646e-14,320.00000000000693,4.5146180127630944e-14,4.5146180127630944e-14
71208.0,4.4763989462684646e-14,320.00000000000693,4.5146180127630944e-14,4.5146180127630944e-14
71280.0,4.4763989462684646e-14,320.00000000000693,4.5146180127630944e-14,4.5146180127630944e-14
71352.0,4.4763989462684646e-14,320.00000000000693,4.5146180127630944e-14,4.5146180127630944e-14
71424.0,4.4763989462684646e-14,320.00000000000693,4.5146180127630944e-14,4.5146180127630944e-14
71496.0,4.4763989462684646e-14,320.00000000000693,4.5146180127630944e-14,4.5146180127630944e-14
71568.0,4.4763989462684646e-14,320.00000000000693,4.5146180127630944e-14,4.5146180127630944e-14
71640.0,4.4763989462684646e-14,320.00000000000693,4.5146180127630944e-14,4.5146180127630944e-14
71712.0,4.4763989462684646e-14,320.00000000000693,4.5146180127630944e-14,4.5146180127630944e-14
71784.0,4.4763989462684646e-14,320.00000000000693,4.5146180127630944e-14,4.5146180127630944e-14
71856.0,4.4763989462684646e-14,320.00000000000693,4.5146180127630944e-14,4.5146180127630944e-14
71928.0,4.4763989462684646e-14,320.00000000000693,4.5146180127630944e-14,4.5146180127630944e-14
72000.0,4.4763989462684646e-14,320.00000000000693,4.5146180127630944e-14,4.5146180127630944e-14
72072.0,4.4763989462684646e-14,320.00000000000693,4.5146180127630944e-14,4.5146180127630944e-14
72144.0,4.4763989462684646e-14,320.00000000000693,4.5146180127630944e-14,4.5146180127630944e-14
72216.0,4.4763989462684646e-14,320.00000000000693,4.5146180127630944e-14,4.5146180127630944e-14
72288.0,4.4763989462684646e-14,320.00000000000693,4.5146180127630944e-14,4.5146180127630944e-14
72360.0,4.4763989462684646e-14,320.00000000000693,4.5146180127630944e-14,4.5146180127630944e-14
72432.0,4.4763989462684646e-14,320.00000000000693,4.5146180127630944e-14,4.5146180127630944e-14
72504.0,4.4763989462684646e-14,320.00000000000693,4.5146180127630944e-14,4.5146180127630944e-14
72576.0,4.4763989462684646e-14,320.00000000000693,4.5146180127630944e-14,4.5146180127630944e-14
72648.0,4.4763989462684646e-14,320.00000000000693,4.5146180127630944e-14,4.5146180127630944e-14
72720.0,4.4763989462684646e-14,320.00000000000693,4.5146180127630944e-14,4.5146180127630944e-14
72792.0,4.4763989462684646e-14,320.00000000000693,4.5146180127630944e-14,4.5146180127630944e-14
72864.0,4.4763989462684646e-14,320.00000000000693,4.5146180127630944e-14,4.5146180127630944e-14
72936.0,4.4763989462684646e-14,320.00000000000693,4.5146180127630944e-14,4.5146180127630944e-14
73008.0,4.4763989462684646e-14,320.00000000000693,4.5146180127630944e-14,4.5146180127630944e-14
73080.0,4.4763989462684646e-14,320.00000000000693,4.5146180127630944e-14,4.5146180127630944e-14
73152.0,4.4763989462684646e-14,320.00000000000693,4.5146180127630944e-14,4.5146180127630944e-14
73224.0,4.4763989462684646e-14,320.00000000000693,4.5146180127630944e-14,4.5146180127630944e-14
73296.0,4.4763989462684646e-14,320.00000000000693,4.5146180127630944e-14,4.5146180127630944e-14
73368.0,4.4763989462684646e-14,320.00000000000693,4.5146180127630944e-14,4.5146180127630944e-14
73440.0,4.4763989462684646e-14,320.00000000000693,4.5146180127630944e-14,4.5146180127630944e-14
73512.0,4.4763989462684646e-14,320.00000000000693,4.5146180127630944e-14,4.5146180127630944e-14
73584.0,4.4763989462684646e-14,320.00000000000693,4.5146180127630944e-14,4.5146180127630944e-14
73656.0,4.4763989462684646e-14,320.00000000000693,4.5146180127630944e-14,4.5146180127630944e-14
73728.0,4.4763989462684646e-14,320.00000000000693,4.5146180127630944e-14,4.5146180127630944e-14
73800.0,4.4763989462684646e-14,320.00000000000693,4.5146180127630944e-14,4.5146180127630944e-14
73872.0,4.4763989462684646e-14,320.00000000000693,4.5146180127630944e-14,4.5146180127630944e-14
73944.0,4.4763989462684646e-14,320.00000000000693,4.5146180127630944e-14,4.5146180127630944e-14
74016.0,4.4763989462684646e-14,320.00000000000693,4.5146180127630944e-14,4.5146180127630944e-14
74088.0,4.4763989462684646e-14,320.00000000000693,4.5146180127630944e-14,4.5146180127630944e-14
74160.0,4.4763989462684646e-14,320.00000000000693,4.5146180127630944e-14,4.5146180127630944e-14
74232.0,4.4763989462684646e-14,320.00000000000693,4.5146180127630944e-14,4.5146180127630944e-14
74304.0,4.4763989462684646e-14,320.00000000000693,4.5146180127630944e-14,4.5146180127630944e-14
74376.0,4.4763989462684646e-14,320.00000000000693,4.5146180127630944e-14,4.5146180127630944e-14
74448.0,4.4763989462684646e-14,320.00000000000693,4.5146180127630944e-14,4.5146180127630944e-14
74520.0,4.4763989462684646e-14,320.00000000000693,4.5146180127630944e-14,4.5146180127630944e-14
74592.0,4.4763989462684646e-14,320.00000000000693,4.5146180127630944e-14,4.5146180127630944e-14
74664.0,4.4763989462684646e-14,320.00000000000693,4.5146180127630944e-14,4.5146180127630944e-14
74736.0,4.4763989462684646e-14,320.00000000000693,4.5146180127630944e-14,4.5146180127630944e-14
74808.0,4.4763989462684646e-14,320.00000000000693,4.5146180127630944e-14,4.5146180127630944e-14
74880.0,4.4763989462684646e-14,320.00000000000693,4.5146180127630944e-14,4.5146180127630944e-14
74952.0,4.4763989462684646e-14,320.00000000000693,4.5146180127630944e-14,4.5146180127630944e-14
75024.0,4.4763989462684646e-14,320.00000000000693,4.5146180127630944e-14,4.5146180127630944e-14
75096.0,4.4763989462684646e-14,320.00000000000693,4.5146180127630944e-14,4.5146180127630944e-14
75168.0,4.4763989462684646e-14,320.00000000000693,4.5146180127630944e-14,4.5146180127630944e-14
75240.0,4.4763989462684646e-14,320.00000000000693,4.5146180127630944e-14,4.5146180127630944e-14
75312.0,4.4763989462684646e-14,320.00000000000693,4.5146180127630944e-14,4.5146180127630944e-14
75384.0,4.4763989462684646e-14,320.00000000000693,4.5146180127630944e-14,4.5146180127630944e-14
75456.0,4.4763989462684646e-14,320.00000000000693,4.5146180127630944e-14,4.5146180127630944e-14
75528.0,4.4763989462684646e-14,320.00000000000693,4.5146180127630944e-14,4.5146180127630944e-14
75600.0,4.4763989462684646e-14,320.00000000000693,4.5146180127630944e-14,4.5146180127630944e-14
75672.0,4.4763989462684646e-14,320.00000000000693,4.5146180127630944e-14,4.5146180127630944e-14
75744.0,4.4763989462684646e-14,320.00000000000693,4.5146180127630944e-14,4.5146180127630944e-14
75816.0,4.4763989462684646e-14,320.00000000000693,4.5146180127630944e-14,4.5146180127630944e-14
75888.0,4.4763989462684646e-14,320.00000000000693,4.5146180127630944e-14,4.5146180127630944e-14
75960.0,4.4763989462684646e-14,320.00000000000693,4.5146180127630944e-14,4.5146180127630944e-14
76032.0,4.4763989462684646e-14,320.00000000000693,4.5146180127630944e-14,4.5146180127630944e-14
76104.0,4.4763989462684646e-14,320.00000000000693,4.5146180127630944e-14,4.5146180127630944e-14
76176.0,4.4763989462684646e-14,320.00000000000693,4.5146180127630944e-14,4.5146180127630944e-14
76248.0,4.4763989462684646e-14,320.00000000000693,4.5146180127630944e-14,4.5146180127630944e-14
76320.0,4.4763989462684646e-14,320.00000000000693,4.5146180127630944e-14,4.5146180127630944e-14
76392.0,4.4763989462684646e-14,320.00000000000693,4.5146180127630944e-14,4.5146180127630944e-14
76464.0,4.4763989462684646e-14,320.00000000000693,4.5146180127630944e-14,4.5146180127630944e-14
76536.0,4.4763989462684646e-14,320.00000000000693,4.5146180127630944e-14,4.5146180127630944e-14
76608.0,4.4763989462684646e-14,320.00000000000693,4.5146180127630944e-14,4.5146180127630944e-14
76680.0,4.4763989462684646e-14,320.00000000000693,4.5146180127630944e-14,4.5146180127630944e-14
76752.0,4.4763989462684646e-14,320.00000000000693,4.5146180127630944e-14,4.5146180127630944e-14
76824.0,4.4763989462684646e-14,320.00000000000693,4.5146180127630944e-14,4.5146180127630944e-14
76896.0,4.4763989462684646e-14,320.00000000000693,4.5146180127630944e-14,4.5146180127630944e-14
76968.0,4.4763989462684646e-14,320.00000000000693,4.5146180127630944e-14,4.5146180127630944e-14
77040.0,4.4763989462684646e-14,320.00000000000693,4.5146180127630944e-14,4.5146180127630944e-14
77112.0,4.4763989462684646e-14,320.00000000000693,4.5146180127630944e-14,4.5146180127630944e-14
77184.0,4.4763989462684646e-14,320.00000000000693,4.5146180127630944e-14,4.5146180127630944e-14
77256.0,4.4763989462684646e-14,320.00000000000693,4.5146180127630944e-14,4.5146180127630944e-14
77328.0,4.4763989462684646e-14,320.00000000000693,4.5146180127630944e-14,4.5146180127630944e-14
77400.0,4.4763989462684646e-14,320.00000000000693,4.5146180127630944e-14,4.5146180127630944e-14
77472.0,4.4763989462684646e-14,320.00000000000693,4.5146180127630944e-14,4.5146180127630944e-14
77544.0,4.4763989462684646e-14,320.00000000000693,4.5146180127630944e-14,4.5146180127630944e-14
77616.0,4.4763989462684646e-14,320.00000000000693,4.5146180127630944e-14,4.5146180127630944e-14
77688.0,4.4763989462684646e-14,320.00000000000693,4.5146180127630944e-14,4.5146180127630944e-14
77760.0,4.4763989462684646e-14,320.00000000000693,4.5146180127630944e-14,4.5146180127630944e-14
77832.0,4.4763989462684646e-14,320.00000000000693,4.5146180127630944e-14,4.5146180127630944e-14
77904.0,4.4763989462684646e-14,320.00000000000693,4.5146180127630944e-14,4.5146180127630944e-14
77976.0,4.4763989462684646e-14,320.00000000000693,4.5146180127630944e-14,4.5146180127630944e-14
78048.0,4.4763989462684646e-14,320.00000000000693,4.5146180127630944e-14,4.5146180127630944e-14
78120.0,4.4763989462684646e-14,320.00000000000693,4.5146180127630944e-14,4.5146180127630944e-14
78192.0,4.4763989462684646e-14,320.00000000000693,4.5146180127630944e-14,4.5146180127630944e-14
78264.0,4.4763989462684646e-14,320.00000000000693,4.5146180127630944e-14,4.5146180127630944e-14
78336.0,4.4763989462684646e-14,320.00000000000693,4.5146180127630944e-14,4.5146180127630944e-14
78408.0,4.4763989462684646e-14,320.00000000000693,4.5146180127630944e-14,4.5146180127630944e-14
78480.0,4.4763989462684646e-14,320.00000000000693,4.5146180127630944e-14,4.5146180127630944e-14
78552.0,4.4763989462684646e-14,320.00000000000693,4.5146180127630944e-14,4.5146180127630944e-14
78624.0,4.4763989462684646e-14,320.00000000000693,4.5146180127630944e-14,4.5146180127630944e-14
78696.0,4.4763989462684646e-14,320.00000000000693,4.5146180127630944e-14,4.5146180127630944e-14
78768.0,4.4763989462684646e-14,320.00000000000693,4.5146180127630944e-14,4.5146180127630944e-14
78840.0,4.4763989462684646e-14,320.00000000000693,4.5146180127630944e-14,4.5146180127630944e-14
78912.0,4.4763989462684646e-14,320.00000000000693,4.5146180127630944e-14,4.5146180127630944e-14
78984.0,4.4763989462684646e-14,320.00000000000693,4.5146180127630944e-14,4.5146180127630944e-14
79056.0,4.4763989462684646e-14,320.00000000000693,4.5146180127630944e-14,4.5146180127630944e-14
79128.0,4.4763989462684646e-14,320.00000000000693,4.5146180127630944e-14,4.5146180127630944e-14
79200.0,4.4763989462684646e-14,320.00000000000693,4.5146180127630944e-14,4.5146180127630944e-14
79272.0,4.4763989462684646e-14,320.00000000000693,4.5146180127630944e-14,4.5146180127630944e-14
79344.0,4.4763989462684646e-14,320.00000000000693,4.5146180127630944e-14,4.5146180127630944e-14
79416.0,4.4763989462684646e-14,320.00000000000693,4.5146180127630944e-14,4.5146180127630944e-14
79488.0,4.4763989462684646e-14,320.00000000000693,4.5146180127630944e-14,4.5146180127630944e-14
79560.0,4.4763989462684646e-14,320.00000000000693,4.5146180127630944e-14,4.5146180127630944e-14
79632.0,4.4763989462684646e-14,320.00000000000693,4.5146180127630944e-14,4.5146180127630944e-14
79704.0,4.4763989462684646e-14,320.00000000000693,4.5146180127630944e-14,4.5146180127630944e-14
79776.0,4.4763989462684646e-14,320.00000000000693,4.5146180127630944e-14,4.5146180127630944e-14
79848.0,4.4763989462684646e-14,320.00000000000693,4.5146180127630944e-14,4.5146180127630944e-14
79920.0,4.4763989462684646e-14,320.00000000000693,4.5146180127630944e-14,4.5146180127630944e-14
79992.0,4.4763989462684646e-14,320.00000000000693,4.5146180127630944e-14,4.5146180127630944e-14
80064.0,4.4763989462684646e-14,320.00000000000693,4.5146180127630944e-14,4.5146180127630944e-14
80136.0,4.4763989462684646e-14,320.00000000000693,4.5146180127630944e-14,4.5146180127630944e-14
80208.0,4.4763989462684646e-14,320.00000000000693,4.5146180127630944e-14,4.5146180127630944e-14
80280.0,4.4763989462684646e-14,320.00000000000693,4.5146180127630944e-14,4.5146180127630944e-14
80352.0,4.4763989462684646e-14,320.00000000000693,4.5146180127630944e-14,4.5146180127630944e-14
80424.0,4.4763989462684646e-14,320.00000000000693,4.5146180127630944e-14,4.5146180127630944e-14
80496.0,4.4763989462684646e-14,320.00000000000693,4.5146180127630944e-14,4.5146180127630944e-14
80568.0,4.4763989462684646e-14,320.00000000000693,4.5146180127630944e-14,4.5146180127630944e-14
80640.0,4.4763989462684646e-14,320.00000000000693,4.5146180127630944e-14,4.5146180127630944e-14
80712.0,4.4763989462684646e-14,320.00000000000693,4.5146180127630944e-14,4.5146180127630944e-14
80784.0,4.4763989462684646e-14,320.00000000000693,4.5146180127630944e-14,4.5146180127630944e-14
80856.0,4.4763989462684646e-14,320.00000000000693,4.5146180127630944e-14,4.5146180127630944e-14
80928.0,4.4763989462684646e-14,320.00000000000693,4.5146180127630944e-14,4.5146180127630944e-14
81000.0,4.4763989462684646e-14,320.00000000000693,4.5146180127630944e-14,4.5146180127630944e-14
81072.0,4.4763989462684646e-14,320.00000000000693,4.5146180127630944e-14,4.5146180127630944e-14
81144.0,4.4763989462684646e-14,320.00000000000693,4.5146180127630944e-14,4.5146180127630944e-14
81216.0,4.4763989462684646e-14,320.00000000000693,4.5146180127630944e-14,4.5146180127630944e-14
81288.0,4.4763989462684646e-14,320.00000000000693,4.5146180127630944e-14,4.5146180127630944e-14
81360.0,4.4763989462684646e-14,320.00000000000693,4.5146180127630944e-14,4.5146180127630944e-14
81432.0,4.4763989462684646e-14,320.00000000000693,4.5146180127630944e-14,4.5146180127630944e-14
81504.0,4.4763989462684646e-14,320.00000000000693,4.5146180127630944e-14,4.5146180127630944e-14
81576.0,4.4763989462684646e-14,320.00000000000693,4.5146180127630944e-14,4.5146180127630944e-14
81648.0,4.4763989462684646e-14,320.00000000000693,4.5146180127630944e-14,4.5146180127630944e-14
81720.0,4.4763989462684646e-14,320.00000000000693,4.5146180127630944e-14,4.5146180127630944e-14
81792.0,4.4763989462684646e-14,320.00000000000693,4.5146180127630944e-14,4.5146180127630944e-14
81864.0,4.4763989462684646e-14,320.00000000000693,4.5146180127630944e-14,4.5146180127630944e-14
81936.0,4.4763989462684646e-14,320.00000000000693,4.5146180127630944e-14,4.5146180127630944e-14
82008.0,4.4763989462684646e-14,320.00000000000693,4.5146180127630944e-14,4.5146180127630944e-14
82080.0,4.4763989462684646e-14,320.00000000000693,4.5146180127630944e-14,4.5146180127630944e-14
82152.0,4.4763989462684646e-14,320.00000000000693,4.5146180127630944e-14,4.5146180127630944e-14
82224.0,4.4763989462684646e-14,320.00000000000693,4.5146180127630944e-14,4.5146180127630944e-14
82296.0,4.4763989462684646e-14,320.00000000000693,4.5146180127630944e-14,4.5146180127630944e-14
82368.0,4.4763989462684646e-14,320.00000000000693,4.5146180127630944e-14,4.5146180127630944e-14
82440.0,4.4763989462684646e-14,320.00000000000693,4.5146180127630944e-14,4.5146180127630944e-14
82512.0,4.4763989462684646e-14,320.00000000000693,4.5146180127630944e-14,4.5146180127630944e-14
82584.0,4.4763989462684646e-14,320.00000000000693,4.5146180127630944e-14,4.5146180127630944e-14
82656.0,4.4763989462684646e-14,320.00000000000693,4.5146180127630944e-14,4.5146180127630944e-14
82728.0,4.4763989462684646e-14,320.00000000000693,4.5146180127630944e-14,4.5146180127630944e-14
82800.0,4.4763989462684646e-14,320.00000000000693,4.5146180127630944e-14,4.5146180127630944e-14
82872.0,4.4763989462684646e-14,320.00000000000693,4.5146180127630944e-14,4.5146180127630944e-14
82944.0,4.4763989462684646e-14,320.00000000000693,4.5146180127630944e-14,4.5146180127630944e-14
83016.0,4.4763989462684646e-14,320.00000000000693,4.5146180127630944e-14,4.5146180127630944e-14
83088.0,4.4763989462684646e-14,320.00000000000693,4.5146180127630944e-14,4.5146180127630944e-14
83160.0,4.4763989462684646e-14,320.00000000000693,4.5146180127630944e-14,4.5146180127630944e-14
83232.0,4.4763989462684646e-14,320.00000000000693,4.5146180127630944e-14,4.5146180127630944e-14
83304.0,4.4763989462684646e-14,320.00000000000693,4.5146180127630944e-14,4.5146180127630944e-14
83376.0,4.4763989462684646e-14,320.00000000000693,4.5146180127630944e-14,4.5146180127630944e-14
83448.0,4.4763989462684646e-14,320.00000000000693,4.5146180127630944e-14,4.5146180127630944e-14
83520.0,4.4763989462684646e-14,320.00000000000693,4.5146180127630944e-14,4.5146180127630944e-14
83592.0,4.4763989462684646e-14,320.00000000000693,4.5146180127630944e-14,4.5146180127630944e-14
83664.0,4.4763989462684646e-14,320.00000000000693,4.5146180127630944e-14,4.5146180127630944e-14
83736.0,4.4763989462684646e-14,320.00000000000693,4.5146180127630944e-14,4.5146180127630944e-14
83808.0,4.4763989462684646e-14,320.00000000000693,4.5146180127630944e-14,4.5146180127630944e-14
83880.0,4.4763989462684646e-14,320.00000000000693,4.5146180127630944e-14,4.5146180127630944e-14
83952.0,4.4763989462684646e-14,320.00000000000693,4.5146180127630944e-14,4.5146180127630944e-14
84024.0,4.4763989462684646e-14,320.00000000000693,4.5146180127630944e-14,4.5146180127630944e-14
84096.0,4.4763989462684646e-14,320.00000000000693,4.5146180127630944e-14,4.5146180127630944e-14
84168.0,4.4763989462684646e-14,320.00000000000693,4.5146180127630944e-14,4.5146180127630944e-14
84240.0,4.4763989462684646e-14,320.00000000000693,4.5146180127630944e-14,4.5146180127630944e-14
84312.0,4.4763989462684646e-14,320.00000000000693,4.5146180127630944e-14,4.5146180127630944e-14
84384.0,4.4763989462684646e-14,320.00000000000693,4.5146180127630944e-14,4.5146180127630944e-14
84456.0,4.4763989462684646e-14,320.00000000000693,4.5146180127630944e-14,4.5146180127630944e-14
84528.0,4.4763989462684646e-14,320.00000000000693,4.5146180127630944e-14,4.5146180127630944e-14
84600.0,4.4763989462684646e-14,320.00000000000693,4.5146180127630944e-14,4.5146180127630944e-14
84672.0,4.4763989462684646e-14,320.00000000000693,4.5146180127630944e-14,4.5146180127630944e-14
84744.0,4.4763989462684646e-14,320.00000000000693,4.5146180127630944e-14,4.5146180127630944e-14
84816.0,4.4763989462684646e-14,320.00000000000693,4.5146180127630944e-14,4.5146180127630944e-14
84888.0,4.4763989462684646e-14,320.00000000000693,4.5146180127630944e-14,4.5146180127630944e-14
84960.0,4.4763989462684646e-14,320.00000000000693,4.5146180127630944e-14,4.5146180127630944e-14
85032.0,4.4763989462684646e-14,320.00000000000693,4.5146180127630944e-14,4.5146180127630944e-14
85104.0,4.4763989462684646e-14,320.00000000000693,4.5146180127630944e-14,4.5146180127630944e-14
85176.0,4.4763989462684646e-14,320.00000000000693,4.5146180127630944e-14,4.5146180127630944e-14
85248.0,4.4763989462684646e-14,320.00000000000693,4.5146180127630944e-14,4.5146180127630944e-14
85320.0,4.4763989462684646e-14,320.00000000000693,4.5146180127630944e-14,4.5146180127630944e-14
85392.0,4.4763989462684646e-14,320.00000000000693,4.5146180127630944e-14,4.5146180127630944e-14
85464.0,4.4763989462684646e-14,320.00000000000693,4.5146180127630944e-14,4.5146180127630944e-14
85536.0,4.4763989462684646e-14,320.00000000000693,4.5146180127630944e-14,4.5146180127630944e-14
85608.0,4.4763989462684646e-14,320.00000000000693,4.5146180127630944e-14,4.5146180127630944e-14
85680.0,4.4763989462684646e-14,320.00000000000693,4.5146180127630944e-14,4.5146180127630944e-14
85752.0,4.4763989462684646e-14,320.00000000000693,4.5146180127630944e-14,4.5146180127630944e-14
85824.0,4.4763989462684646e-14,320.00000000000693,4.5146180127630944e-14,4.5146180127630944e-14
85896.0,4.4763989462684646e-14,320.00000000000693,4.5146180127630944e-14,4.5146180127630944e-14
85968.0,4.4763989462684646e-14,320.00000000000693,4.5146180127630944e-14,4.5146180127630944e-14
86040.0,4.4763989462684646e-14,320.00000000000693,4.5146180127630944e-14,4.5146180127630944e-14
86112.0,4.4763989462684646e-14,320.00000000000693,4.5146180127630944e-14,4.5146180127630944e-14
86184.0,4.4763989462684646e-14,320.00000000000693,4.5146180127630944e-14,4.5146180127630944e-14
86256.0,4.4763989462684646e-14,320.00000000000693,4.5146180127630944e-14,4.5146180127630944e-14
86328.0,4.4763989462684646e-14,320.00000000000693,4.5146180127630944e-14,4.5146180127630944e-14
86400.0,4.4763989462684646e-14,320.00000000000693,4.5146180127630944e-14,4.5146180127630944e-14
86472.0,4.4763989462684646e-14,320.00000000000693,4.5146180127630944e-14,4.5146180127630944e-14
86544.0,4.4763989462684646e-14,320.00000000000693,4.5146180127630944e-14,4.5146180127630944e-14
86616.0,4.4763989462684646e-14,320.00000000000693,4.5146180127630944e-14,4.5146180127630944e-14
86688.0,4.4763989462684646e-14,320.00000000000693,4.5146180127630944e-14,4.5146180127630944e-14
86760.0,4.4763989462684646e-14,320.00000000000693,4.5146180127630944e-14,4.5146180127630944e-14
86832.0,4.4763989462684646e-14,320.00000000000693,4.5146180127630944e-14,4.5146180127630944e-14
86904.0,4.4763989462684646e-14,320.00000000000693,4.5146180127630944e-14,4.5146180127630944e-14
86976.0,4.4763989462684646e-14,320.00000000000693,4.5146180127630944e-14,4.5146180127630944e-14
87048.0,4.4763989462684646e-14,320.00000000000693,4.5146180127630944e-14,4.5146180127630944e-14
87120.0,4.4763989462684646e-14,320.00000000000693,4.5146180127630944e-14,4.5146180127630944e-14
87192.0,4.4763989462684646e-14,320.00000000000693,4.5146180127630944e-14,4.5146180127630944e-14
87264.0,4.4763989462684646e-14,320.00000000000693,4.5146180127630944e-14,4.5146180127630944e-14
87336.0,4.4763989462684646e-14,320.00000000000693,4.5146180127630944e-14,4.5146180127630944e-14
87408.0,4.4763989462684646e-14,320.00000000000693,4.5146180127630944e-14,4.5146180127630944e-14
87480.0,4.4763989462684646e-14,320.00000000000693,4.5146180127630944e-14,4.5146180127630944e-14
87552.0,4.4763989462684646e-14,320.00000000000693,4.5146180127630944e-14,4.5146180127630944e-14
87624.0,4.4763989462684646e-14,320.00000000000693,4.5146180127630944e-14,4.5146180127630944e-14
87696.0,4.4763989462684646e-14,320.00000000000693,4.5146180127630944e-14,4.5146180127630944e-14
87768.0,4.4763989462684646e-14,320.00000000000693,4.5146180127630944e-14,4.5146180127630944e-14
87840.0,4.4763989462684646e-14,320.00000000000693,4.5146180127630944e-14,4.5146180127630944e-14
87912.0,4.4763989462684646e-14,320.00000000000693,4.5146180127630944e-14,4.5146180127630944e-14
87984.0,4.4763989462684646e-14,320.00000000000693,4.5146180127630944e-14,4.5146180127630944e-14
88056.0,4.4763989462684646e-14,320.00000000000693,4.5146180127630944e-14,4.5146180127630944e-14
88128.0,4.4763989462684646e-14,320.00000000000693,4.5146180127630944e-14,4.5146180127630944e-14
88200.0,4.4763989462684646e-14,320.00000000000693,4.5146180127630944e-14,4.5146180127630944e-14
88272.0,4.4763989462684646e-14,320.00000000000693,4.5146180127630944e-14,4.5146180127630944e-14
88344.0,4.4763989462684646e-14,320.00000000000693,4.5146180127630944e-14,4.5146180127630944e-14
88416.0,4.4763989462684646e-14,320.00000000000693,4.5146180127630944e-14,4.5146180127630944e-14
88488.0,4.4763989462684646e-14,320.00000000000693,4.5146180127630944e-14,4.5146180127630944e-14
88560.0,4.4763989462684646e-14,320.00000000000693,4.5146180127630944e-14,4.5146180127630944e-14
88632.0,4.4763989462684646e-14,320.00000000000693,4.5146180127630944e-14,4.5146180127630944e-14
88704.0,4.4763989462684646e-14,320.00000000000693,4.5146180127630944e-14,4.5146180127630944e-14
88776.0,4.4763989462684646e-14,320.00000000000693,4.5146180127630944e-14,4.5146180127630944e-14
88848.0,4.4763989462684646e-14,320.00000000000693,4.5146180127630944e-14,4.5146180127630944e-14
88920.0,4.4763989462684646e-14,320.00000000000693,4.5146180127630944e-14,4.5146180127630944e-14
88992.0,4.4763989462684646e-14,320.00000000000693,4.5146180127630944e-14,4.5146180127630944e-14
89064.0,4.4763989462684646e-14,320.00000000000693,4.5146180127630944e-14,4.5146180127630944e-14
89136.0,4.4763989462684646e-14,320.00000000000693,4.5146180127630944e-14,4.5146180127630944e-14
89208.0,4.4763989462684646e-14,320.00000000000693,4.5146180127630944e-14,4.5146180127630944e-14
89280.0,4.4763989462684646e-14,320.00000000000693,4.5146180127630944e-14,4.5146180127630944e-14
89352.0,4.4763989462684646e-14,320.00000000000693,4.5146180127630944e-14,4.5146180127630944e-14
89424.0,4.4763989462684646e-14,320.00000000000693,4.5146180127630944e-14,4.5146180127630944e-14
89496.0,4.4763989462684646e-14,320.00000000000693,4.5146180127630944e-14,4.5146180127630944e-14
89568.0,4.4763989462684646e-14,320.00000000000693,4.5146180127630944e-14,4.5146180127630944e-14
89640.0,4.4763989462684646e-14,320.00000000000693,4.5146180127630944e-14,4.5146180127630944e-14
89712.0,4.4763989462684646e-14,320.00000000000693,4.5146180127630944e-14,4.5146180127630944e-14
89784.0,4.4763989462684646e-14,320.00000000000693,4.5146180127630944e-14,4.5146180127630944e-14
89856.0,4.4763989462684646e-14,320.00000000000693,4.5146180127630944e-14,4.5146180127630944e-14
89928.0,4.4763989462684646e-14,320.00000000000693,4.5146180127630944e-14,4.5146180127630944e-14
90000.0,4.4763989462684646e-14,320.00000000000693,4.5146180127630944e-14,4.5146180127630944e-14
90072.0,4.4763989462684646e-14,320.00000000000693,4.5146180127630944e-14,4.5146180127630944e-14
90144.0,4.4763989462684646e-14,320.00000000000693,4.5146180127630944e-14,4.5146180127630944e-14
90216.0,4.4763989462684646e-14,320.00000000000693,4.5146180127630944e-14,4.5146180127630944e-14
90288.0,4.4763989462684646e-14,320.00000000000693,4.5146180127630944e-14,4.5146180127630944e-14
90360.0,4.4763989462684646e-14,320.00000000000693,4.5146180127630944e-14,4.5146180127630944e-14
90432.0,4.4763989462684646e-14,320.00000000000693,4.5146180127630944e-14,4.5146180127630944e-14
90504.0,4.4763989462684646e-14,320.00000000000693,4.5146180127630944e-14,4.5146180127630944e-14
90576.0,4.4763989462684646e-14,320.00000000000693,4.5146180127630944e-14,4.5146180127630944e-14
90648.0,4.4763989462684646e-14,320.00000000000693,4.5146180127630944e-14,4.5146180127630944e-14
90720.0,4.4763989462684646e-14,320.00000000000693,4.5146180127630944e-14,4.5146180127630944e-14
90792.0,4.4763989462684646e-14,320.00000000000693,4.5146180127630944e-14,4.5146180127630944e-14
90864.0,4.4763989462684646e-14,320.00000000000693,4.5146180127630944e-14,4.5146180127630944e-14
90936.0,4.4763989462684646e-14,320.00000000000693,4.5146180127630944e-14,4.5146180127630944e-14
91008.0,4.4763989462684646e-14,320.00000000000693,4.5146180127630944e-14,4.5146180127630944e-14
91080.0,4.4763989462684646e-14,320.00000000000693,4.5146180127630944e-14,4.5146180127630944e-14
91152.0,4.4763989462684646e-14,320.00000000000693,4.5146180127630944e-14,4.5146180127630944e-14
91224.0,4.4763989462684646e-14,320.00000000000693,4.5146180127630944e-14,4.5146180127630944e-14
91296.0,4.4763989462684646e-14,320.00000000000693,4.5146180127630944e-14,4.5146180127630944e-14
91368.0,4.4763989462684646e-14,320.00000000000693,4.5146180127630944e-14,4.5146180127630944e-14
91440.0,4.4763989462684646e-14,320.00000000000693,4.5146180127630944e-14,4.5146180127630944e-14
91512.0,4.4763989462684646e-14,320.00000000000693,4.5146180127630944e-14,4.5146180127630944e-14
91584.0,4.4763989462684646e-14,320.00000000000693,4.5146180127630944e-14,4.5146180127630944e-14
91656.0,4.4763989462684646e-14,320.00000000000693,4.5146180127630944e-14,4.5146180127630944e-14
91728.0,4.4763989462684646e-14,320.00000000000693,4.5146180127630944e-14,4.5146180127630944e-14
91800.0,4.4763989462684646e-14,320.00000000000693,4.5146180127630944e-14,4.5146180127630944e-14
91872.0,4.4763989462684646e-14,320.00000000000693,4.5146180127630944e-14,4.5146180127630944e-14
91944.0,4.4763989462684646e-14,320.00000000000693,4.5146180127630944e-14,4.5146180127630944e-14
92016.0,4.4763989462684646e-14,320.00000000000693,4.5146180127630944e-14,4.5146180127630944e-14
92088.0,4.4763989462684646e-14,320.00000000000693,4.5146180127630944e-14,4.5146180127630944e-14
92160.0,4.4763989462684646e-14,320.00000000000693,4.5146180127630944e-14,4.5146180127630944e-14
92232.0,4.4763989462684646e-14,320.00000000000693,4.5146180127630944e-14,4.5146180127630944e-14
92304.0,4.4763989462684646e-14,320.00000000000693,4.5146180127630944e-14,4.5146180127630944e-14
92376.0,4.4763989462684646e-14,320.00000000000693,4.5146180127630944e-14,4.5146180127630944e-14
92448.0,4.4763989462684646e-14,320.00000000000693,4.5146180127630944e-14,4.5146180127630944e-14
92520.0,4.4763989462684646e-14,320.00000000000693,4.5146180127630944e-14,4.5146180127630944e-14
92592.0,4.4763989462684646e-14,320.00000000000693,4.5146180127630944e-14,4.5146180127630944e-14
92664.0,4.4763989462684646e-14,320.00000000000693,4.5146180127630944e-14,4.5146180127630944e-14
92736.0,4.4763989462684646e-14,320.00000000000693,4.5146180127630944e-14,4.5146180127630944e-14
92808.0,4.4763989462684646e-14,320.00000000000693,4.5146180127630944e-14,4.5146180127630944e-14
92880.0,4.4763989462684646e-14,320.00000000000693,4.5146180127630944e-14,4.5146180127630944e-14
92952.0,4.4763989462684646e-14,320.00000000000693,4.5146180127630944e-14,4.5146180127630944e-14
93024.0,4.4763989462684646e-14,320.00000000000693,4.5146180127630944e-14,4.5146180127630944e-14
93096.0,4.4763989462684646e-14,320.00000000000693,4.5146180127630944e-14,4.5146180127630944e-14
93168.0,4.4763989462684646e-14,320.00000000000693,4.5146180127630944e-14,4.5146180127630944e-14
93240.0,4.4763989462684646e-14,320.00000000000693,4.5146180127630944e-14,4.5146180127630944e-14
93312.0,4.4763989462684646e-14,320.00000000000693,4.5146180127630944e-14,4.5146180127630944e-14
93384.0,4.4763989462684646e-14,320.00000000000693,4.5146180127630944e-14,4.5146180127630944e-14
93456.0,4.4763989462684646e-14,320.00000000000693,4.5146180127630944e-14,4.5146180127630944e-14
93528.0,4.4763989462684646e-14,320.00000000000693,4.5146180127630944e-14,4.5146180127630944e-14
93600.0,4.4763989462684646e-14,320.00000000000693,4.5146180127630944e-14,4.5146180127630944e-14
93672.0,4.4763989462684646e-14,320.00000000000693,4.5146180127630944e-14,4.5146180127630944e-14
93744.0,4.4763989462684646e-14,320.00000000000693,4.5146180127630944e-14,4.5146180127630944e-14
93816.0,4.4763989462684646e-14,320.00000000000693,4.5146180127630944e-14,4.5146180127630944e-14
93888.0,4.4763989462684646e-14,320.00000000000693,4.5146180127630944e-14,4.5146180127630944e-14
93960.0,4.4763989462684646e-14,320.00000000000693,4.5146180127630944e-14,4.5146180127630944e-14
94032.0,4.4763989462684646e-14,320.00000000000693,4.5146180127630944e-14,4.5146180127630944e-14
94104.0,4.4763989462684646e-14,320.00000000000693,4.5146180127630944e-14,4.5146180127630944e-14
94176.0,4.4763989462684646e-14,320.00000000000693,4.5146180127630944e-14,4.5146180127630944e-14
94248.0,4.4763989462684646e-14,320.00000000000693,4.5146180127630944e-14,4.5146180127630944e-14
94320.0,4.4763989462684646e-14,320.00000000000693,4.5146180127630944e-14,4.5146180127630944e-14
94392.0,4.4763989462684646e-14,320.00000000000693,4.5146180127630944e-14,4.5146180127630944e-14
94464.0,4.4763989462684646e-14,320.00000000000693,4.5146180127630944e-14,4.5146180127630944e-14
94536.0,4.4763989462684646e-14,320.00000000000693,4.5146180127630944e-14,4.5146180127630944e-14
94608.0,4.4763989462684646e-14,320.00000000000693,4.5146180127630944e-14,4.5146180127630944e-14
94680.0,4.4763989462684646e-14,320.00000000000693,4.5146180127630944e-14,4.5146180127630944e-14
94752.0,4.4763989462684646e-14,320.00000000000693,4.5146180127630944e-14,4.5146180127630944e-14
94824.0,4.4763989462684646e-14,320.00000000000693,4.5146180127630944e-14,4.5146180127630944e-14
94896.0,4.4763989462684646e-14,320.00000000000693,4.5146180127630944e-14,4.5146180127630944e-14
94968.0,4.4763989462684646e-14,320.00000000000693,4.5146180127630944e-14,4.5146180127630944e-14
95040.0,4.4763989462684646e-14,320.00000000000693,4.5146180127630944e-14,4.5146180127630944e-14
95112.0,4.4763989462684646e-14,320.00000000000693,4.5146180127630944e-14,4.5146180127630944e-14
95184.0,4.4763989462684646e-14,320.00000000000693,4.5146180127630944e-14,4.5146180127630944e-14
95256.0,4.4763989462684646e-14,320.00000000000693,4.5146180127630944e-14,4.5146180127630944e-14
95328.0,4.4763989462684646e-14,320.00000000000693,4.5146180127630944e-14,4.5146180127630944e-14
95400.0,4.4763989462684646e-14,320.00000000000693,4.5146180127630944e-14,4.5146180127630944e-14
95472.0,4.4763989462684646e-14,320.00000000000693,4.5146180127630944e-14,4.5146180127630944e-14
95544.0,4.4763989462684646e-14,320.00000000000693,4.5146180127630944e-14,4.5146180127630944e-14
95616.0,4.4763989462684646e-14,320.00000000000693,4.5146180127630944e-14,4.5146180127630944e-14
95688.0,4.4763989462684646e-14,320.00000000000693,4.5146180127630944e-14,4.5146180127630944e-14
95760.0,4.4763989462684646e-14,320.00000000000693,4.5146180127630944e-14,4.5146180127630944e-14
95832.0,4.4763989462684646e-14,320.00000000000693,4.5146180127630944e-14,4.5146180127630944e-14
95904.0,4.4763989462684646e-14,320.00000000000693,4.5146180127630944e-14,4.5146180127630944e-14
95976.0,4.4763989462684646e-14,320.00000000000693,4.5146180127630944e-14,4.5146180127630944e-14
96048.0,4.4763989462684646e-14,320.00000000000693,4.5146180127630944e-14,4.5146180127630944e-14
96120.0,4.4763989462684646e-14,320.00000000000693,4.5146180127630944e-14,4.5146180127630944e-14
96192.0,4.4763989462684646e-14,320.00000000000693,4.5146180127630944e-14,4.5146180127630944e-14
96264.0,4.4763989462684646e-14,320.00000000000693,4.5146180127630944e-14,4.5146180127630944e-14
96336.0,4.4763989462684646e-14,320.00000000000693,4.5146180127630944e-14,4.5146180127630944e-14
96408.0,4.4763989462684646e-14,320.00000000000693,4.5146180127630944e-14,4.5146180127630944e-14
96480.0,4.4763989462684646e-14,320.00000000000693,4.5146180127630944e-14,4.5146180127630944e-14
96552.0,4.4763989462684646e-14,320.00000000000693,4.5146180127630944e-14,4.5146180127630944e-14
96624.0,4.4763989462684646e-14,320.00000000000693,4.5146180127630944e-14,4.5146180127630944e-14
96696.0,4.4763989462684646e-14,320.00000000000693,4.5146180127630944e-14,4.5146180127630944e-14
96768.0,4.4763989462684646e-14,320.00000000000693,4.5146180127630944e-14,4.5146180127630944e-14
96840.0,4.4763989462684646e-14,320.00000000000693,4.5146180127630944e-14,4.5146180127630944e-14
96912.0,4.4763989462684646e-14,320.00000000000693,4.5146180127630944e-14,4.5146180127630944e-14
96984.0,4.4763989462684646e-14,320.00000000000693,4.5146180127630944e-14,4.5146180127630944e-14
97056.0,4.4763989462684646e-14,320.00000000000693,4.5146180127630944e-14,4.5146180127630944e-14
97128.0,4.4763989462684646e-14,320.00000000000693,4.5146180127630944e-14,4.5146180127630944e-14
97200.0,4.4763989462684646e-14,320.00000000000693,4.5146180127630944e-14,4.5146180127630944e-14
97272.0,4.4763989462684646e-14,320.00000000000693,4.5146180127630944e-14,4.5146180127630944e-14
97344.0,4.4763989462684646e-14,320.00000000000693,4.5146180127630944e-14,4.5146180127630944e-14
97416.0,4.4763989462684646e-14,320.00000000000693,4.5146180127630944e-14,4.5146180127630944e-14
97488.0,4.4763989462684646e-14,320.00000000000693,4.5146180127630944e-14,4.5146180127630944e-14
97560.0,4.4763989462684646e-14,320.00000000000693,4.5146180127630944e-14,4.5146180127630944e-14
97632.0,4.4763989462684646e-14,320.00000000000693,4.5146180127630944e-14,4.5146180127630944e-14
97704.0,4.4763989462684646e-14,320.00000000000693,4.5146180127630944e-14,4.5146180127630944e-14
97776.0,4.4763989462684646e-14,320.00000000000693,4.5146180127630944e-14,4.5146180127630944e-14
97848.0,4.4763989462684646e-14,320.00000000000693,4.5146180127630944e-14,4.5146180127630944e-14
97920.0,4.4763989462684646e-14,320.00000000000693,4.5146180127630944e-14,4.5146180127630944e-14
97992.0,4.4763989462684646e-14,320.00000000000693,4.5146180127630944e-14,4.5146180127630944e-14
98064.0,4.4763989462684646e-14,320.00000000000693,4.5146180127630944e-14,4.5146180127630944e-14
98136.0,4.4763989462684646e-14,320.00000000000693,4.5146180127630944e-14,4.5146180127630944e-14
98208.0,4.4763989462684646e-14,320.00000000000693,4.5146180127630944e-14,4.5146180127630944e-14
98280.0,4.4763989462684646e-14,320.00000000000693,4.5146180127630944e-14,4.5146180127630944e-14
98352.0,4.4763989462684646e-14,320.00000000000693,4.5146180127630944e-14,4.5146180127630944e-14
98424.0,4.4763989462684646e-14,320.00000000000693,4.5146180127630944e-14,4.5146180127630944e-14
98496.0,4.4763989462684646e-14,320.00000000000693,4.5146180127630944e-14,4.5146180127630944e-14
98568.0,4.4763989462684646e-14,320.00000000000693,4.5146180127630944e-14,4.5146180127630944e-14
98640.0,4.4763989462684646e-14,320.00000000000693,4.5146180127630944e-14,4.5146180127630944e-14
98712.0,4.4763989462684646e-14,320.00000000000693,4.5146180127630944e-14,4.5146180127630944e-14
98784.0,4.4763989462684646e-14,320.00000000000693,4.5146180127630944e-14,4.5146180127630944e-14
98856.0,4.4763989462684646e-14,320.00000000000693,4.5146180127630944e-14,4.5146180127630944e-14
98928.0,4.4763989462684646e-14,320.00000000000693,4.5146180127630944e-14,4.5146180127630944e-14
99000.0,4.4763989462684646e-14,320.00000000000693,4.5146180127630944e-14,4.5146180127630944e-14
99072.0,4.4763989462684646e-14,320.00000000000693,4.5146180127630944e-14,4.5146180127630944e-14
99144.0,4.4763989462684646e-14,320.00000000000693,4.5146180127630944e-14,4.5146180127630944e-14
99216.0,4.4763989462684646e-14,320.00000000000693,4.5146180127630944e-14,4.5146180127630944e-14
99288.0,4.4763989462684646e-14,320.00000000000693,4.5146180127630944e-14,4.5146180127630944e-14
99360.0,4.4763989462684646e-14,320.00000000000693,4.5146180127630944e-14,4.5146180127630944e-14
99432.0,4.4763989462684646e-14,320.00000000000693,4.5146180127630944e-14,4.5146180127630944e-14
99504.0,4.4763989462684646e-14,320.00000000000693,4.5146180127630944e-14,4.5146180127630944e-14
99576.0,4.4763989462684646e-14,320.00000000000693,4.5146180127630944e-14,4.5146180127630944e-14
99648.0,4.4763989462684646e-14,320.00000000000693,4.5146180127630944e-14,4.5146180127630944e-14
99720.0,4.4763989462684646e-14,320.00000000000693,4.5146180127630944e-14,4.5146180127630944e-14
99792.0,4.4763989462684646e-14,320.00000000000693,4.5146180127630944e-14,4.5146180127630944e-14
99864.0,4.4763989462684646e-14,320.00000000000693,4.5146180127630944e-14,4.5146180127630944e-14
99936.0,4.4763989462684646e-14,320.00000000000693,4.5146180127630944e-14,4.5146180127630944e-14
100008.0,4.4763989462684646e-14,320.00000000000693,4.5146180127630944e-14,4.5146180127630944e-14
100080.0,4.4763989462684646e-14,320.00000000000693,4.5146180127630944e-14,4.5146180127630944e-14
100152.0,4.4763989462684646e-14,320.00000000000693,4.5146180127630944e-14,4.5146180127630944e-14
100224.0,4.4763989462684646e-14,320.00000000000693,4.5146180127630944e-14,4.5146180127630944e-14
100296.0,4.4763989462684646e-14,320.00000000000693,4.5146180127630944e-14,4.5146180127630944e-14
100368.0,4.4763989462684646e-14,320.00000000000693,4.5146180127630944e-14,4.5146180127630944e-14
100440.0,4.4763989462684646e-14,320.00000000000693,4.5146180127630944e-14,4.5146180127630944e-14
100512.0,4.4763989462684646e-14,320.00000000000693,4.5146180127630944e-14,4.5146180127630944e-14
100584.0,4.4763989462684646e-14,320.00000000000693,4.5146180127630944e-14,4.5146180127630944e-14
100656.0,4.4763989462684646e-14,320.00000000000693,4.5146180127630944e-14,4.5146180127630944e-14
100728.0,4.4763989462684646e-14,320.00000000000693,4.5146180127630944e-14,4.5146180127630944e-14
100800.0,4.4763989462684646e-14,320.00000000000693,4.5146180127630944e-14,4.5146180127630944e-14
100872.0,4.4763989462684646e-14,320.00000000000693,4.5146180127630944e-14,4.5146180127630944e-14
100944.0,4.4763989462684646e-14,320.00000000000693,4.5146180127630944e-14,4.5146180127630944e-14
101016.0,4.4763989462684646e-14,320.00000000000693,4.5146180127630944e-14,4.5146180127630944e-14
101088.0,4.4763989462684646e-14,320.00000000000693,4.5146180127630944e-14,4.5146180127630944e-14
101160.0,4.4763989462684646e-14,320.00000000000693,4.5146180127630944e-14,4.5146180127630944e-14
101232.0,4.4763989462684646e-14,320.00000000000693,4.5146180127630944e-14,4.5146180127630944e-14
101304.0,4.4763989462684646e-14,320.00000000000693,4.5146180127630944e-14,4.5146180127630944e-14
101376.0,4.4763989462684646e-14,320.00000000000693,4.5146180127630944e-14,4.5146180127630944e-14
101448.0,4.4763989462684646e-14,320.00000000000693,4.5146180127630944e-14,4.5146180127630944e-14
101520.0,4.4763989462684646e-14,320.00000000000693,4.5146180127630944e-14,4.5146180127630944e-14
101592.0,4.4763989462684646e-14,320.00000000000693,4.5146180127630944e-14,4.5146180127630944e-14
101664.0,4.4763989462684646e-14,320.00000000000693,4.5146180127630944e-14,4.5146180127630944e-14
101736.0,4.4763989462684646e-14,320.00000000000693,4.5146180127630944e-14,4.5146180127630944e-14
101808.0,4.4763989462684646e-14,320.00000000000693,4.5146180127630944e-14,4.5146180127630944e-14
101880.0,4.4763989462684646e-14,320.00000000000693,4.5146180127630944e-14,4.5146180127630944e-14
101952.0,4.4763989462684646e-14,320.00000000000693,4.5146180127630944e-14,4.5146180127630944e-14
102024.0,4.4763989462684646e-14,320.00000000000693,4.5146180127630944e-14,4.5146180127630944e-14
102096.0,4.4763989462684646e-14,320.00000000000693,4.5146180127630944e-14,4.5146180127630944e-14
102168.0,4.4763989462684646e-14,320.00000000000693,4.5146180127630944e-14,4.5146180127630944e-14
102240.0,4.4763989462684646e-14,320.00000000000693,4.5146180127630944e-14,4.5146180127630944e-14
102312.0,4.4763989462684646e-14,320.00000000000693,4.5146180127630944e-14,4.5146180127630944e-14
102384.0,4.4763989462684646e-14,320.00000000000693,4.5146180127630944e-14,4.5146180127630944e-14
102456.0,4.4763989462684646e-14,320.00000000000693,4.5146180127630944e-14,4.5146180127630944e-14
102528.0,4.4763989462684646e-14,320.00000000000693,4.5146180127630944e-14,4.5146180127630944e-14
102600.0,4.4763989462684646e-14,320.00000000000693,4.5146180127630944e-14,4.5146180127630944e-14
102672.0,4.4763989462684646e-14,320.00000000000693,4.5146180127630944e-14,4.5146180127630944e-14
102744.0,4.4763989462684646e-14,320.00000000000693,4.5146180127630944e-14,4.5146180127630944e-14
102816.0,4.4763989462684646e-14,320.00000000000693,4.5146180127630944e-14,4.5146180127630944e-14
102888.0,4.4763989462684646e-14,320.00000000000693,4.5146180127630944e-14,4.5146180127630944e-14
102960.0,4.4763989462684646e-14,320.00000000000693,4.5146180127630944e-14,4.5146180127630944e-14
103032.0,4.4763989462684646e-14,320.00000000000693,4.5146180127630944e-14,4.5146180127630944e-14
103104.0,4.4763989462684646e-14,320.00000000000693,4.5146180127630944e-14,4.5146180127630944e-14
103176.0,4.4763989462684646e-14,320.00000000000693,4.5146180127630944e-14,4.5146180127630944e-14
103248.0,4.4763989462684646e-14,320.00000000000693,4.5146180127630944e-14,4.5146180127630944e-14
103320.0,4.4763989462684646e-14,320.00000000000693,4.5146180127630944e-14,4.5146180127630944e-14
103392.0,4.4763989462684646e-14,320.00000000000693,4.5146180127630944e-14,4.5146180127630944e-14
103464.0,4.4763989462684646e-14,320.00000000000693,4.5146180127630944e-14,4.5146180127630944e-14
103536.0,4.4763989462684646e-14,320.00000000000693,4.5146180127630944e-14,4.5146180127630944e-14
103608.0,4.4763989462684646e-14,320.00000000000693,4.5146180127630944e-14,4.5146180127630944e-14
103680.0,4.4763989462684646e-14,320.00000000000693,4.5146180127630944e-14,4.5146180127630944e-14
103752.0,4.4763989462684646e-14,320.00000000000693,4.5146180127630944e-14,4.5146180127630944e-14
103824.0,4.4763989462684646e-14,320.00000000000693,4.5146180127630944e-14,4.5146180127630944e-14
103896.0,4.4763989462684646e-14,320.00000000000693,4.5146180127630944e-14,4.5146180127630944e-14
103968.0,4.4763989462684646e-14,320.00000000000693,4.5146180127630944e-14,4.5146180127630944e-14
104040.0,4.4763989462684646e-14,320.00000000000693,4.5146180127630944e-14,4.5146180127630944e-14
104112.0,4.4763989462684646e-14,320.00000000000693,4.5146180127630944e-14,4.5146180127630944e-14
104184.0,4.4763989462684646e-14,320.00000000000693,4.5146180127630944e-14,4.5146180127630944e-14
104256.0,4.4763989462684646e-14,320.00000000000693,4.5146180127630944e-14,4.5146180127630944e-14
104328.0,4.4763989462684646e-14,320.00000000000693,4.5146180127630944e-14,4.5146180127630944e-14
104400.0,4.4763989462684646e-14,320.00000000000693,4.5146180127630944e-14,4.5146180127630944e-14
104472.0,4.4763989462684646e-14,320.00000000000693,4.5146180127630944e-14,4.5146180127630944e-14
104544.0,4.4763989462684646e-14,320.00000000000693,4.5146180127630944e-14,4.5146180127630944e-14
104616.0,4.4763989462684646e-14,320.00000000000693,4.5146180127630944e-14,4.5146180127630944e-14
104688.0,4.4763989462684646e-14,320.00000000000693,4.5146180127630944e-14,4.5146180127630944e-14
104760.0,4.4763989462684646e-14,320.00000000000693,4.5146180127630944e-14,4.5146180127630944e-14
104832.0,4.4763989462684646e-14,320.00000000000693,4.5146180127630944e-14,4.5146180127630944e-14
104904.0,4.4763989462684646e-14,320.00000000000693,4.5146180127630944e-14,4.5146180127630944e-14
104976.0,4.4763989462684646e-14,320.00000000000693,4.5146180127630944e-14,4.5146180127630944e-14
105048.0,4.4763989462684646e-14,320.00000000000693,4.5146180127630944e-14,4.5146180127630944e-14
105120.0,4.4763989462684646e-14,320.00000000000693,4.5146180127630944e-14,4.5146180127630944e-14
105192.0,4.4763989462684646e-14,320.00000000000693,4.5146180127630944e-14,4.5146180127630944e-14
105264.0,4.4763989462684646e-14,320.00000000000693,4.5146180127630944e-14,4.5146180127630944e-14
105336.0,4.4763989462684646e-14,320.00000000000693,4.5146180127630944e-14,4.5146180127630944e-14
105408.0,4.4763989462684646e-14,320.00000000000693,4.5146180127630944e-14,4.5146180127630944e-14
105480.0,4.4763989462684646e-14,320.00000000000693,4.5146180127630944e-14,4.5146180127630944e-14
105552.0,4.4763989462684646e-14,320.00000000000693,4.5146180127630944e-14,4.5146180127630944e-14
105624.0,4.4763989462684646e-14,320.00000000000693,4.5146180127630944e-14,4.5146180127630944e-14
105696.0,4.4763989462684646e-14,320.00000000000693,4.5146180127630944e-14,4.5146180127630944e-14
105768.0,4.4763989462684646e-14,320.00000000000693,4.5146180127630944e-14,4.5146180127630944e-14
105840.0,4.4763989462684646e-14,320.00000000000693,4.5146180127630944e-14,4.5146180127630944e-14
105912.0,4.4763989462684646e-14,320.00000000000693,4.5146180127630944e-14,4.5146180127630944e-14
105984.0,4.4763989462684646e-14,320.00000000000693,4.5146180127630944e-14,4.5146180127630944e-14
106056.0,4.4763989462684646e-14,320.00000000000693,4.5146180127630944e-14,4.5146180127630944e-14
106128.0,4.4763989462684646e-14,320.00000000000693,4.5146180127630944e-14,4.5146180127630944e-14
106200.0,4.4763989462684646e-14,320.00000000000693,4.5146180127630944e-14,4.5146180127630944e-14
106272.0,4.4763989462684646e-14,320.00000000000693,4.5146180127630944e-14,4.5146180127630944e-14
106344.0,4.4763989462684646e-14,320.00000000000693,4.5146180127630944e-14,4.5146180127630944e-14
106416.0,4.4763989462684646e-14,320.00000000000693,4.5146180127630944e-14,4.5146180127630944e-14
106488.0,4.4763989462684646e-14,320.00000000000693,4.5146180127630944e-14,4.5146180127630944e-14
106560.0,4.4763989462684646e-14,320.00000000000693,4.5146180127630944e-14,4.5146180127630944e-14
106632.0,4.4763989462684646e-14,320.00000000000693,4.5146180127630944e-14,4.5146180127630944e-14
106704.0,4.4763989462684646e-14,320.00000000000693,4.5146180127630944e-14,4.5146180127630944e-14
106776.0,4.4763989462684646e-14,320.00000000000693,4.5146180127630944e-14,4.5146180127630944e-14
106848.0,4.4763989462684646e-14,320.00000000000693,4.5146180127630944e-14,4.5146180127630944e-14
106920.0,4.4763989462684646e-14,320.00000000000693,4.5146180127630944e-14,4.5146180127630944e-14
106992.0,4.4763989462684646e-14,320.00000000000693,4.5146180127630944e-14,4.5146180127630944e-14
107064.0,4.4763989462684646e-14,320.00000000000693,4.5146180127630944e-14,4.5146180127630944e-14
107136.0,4.4763989462684646e-14,320.00000000000693,4.5146180127630944e-14,4.5146180127630944e-14
107208.0,4.4763989462684646e-14,320.00000000000693,4.5146180127630944e-14,4.5146180127630944e-14
107280.0,4.4763989462684646e-14,320.00000000000693,4.5146180127630944e-14,4.5146180127630944e-14
107352.0,4.4763989462684646e-14,320.00000000000693,4.5146180127630944e-14,4.5146180127630944e-14
107424.0,4.4763989462684646e-14,320.00000000000693,4.5146180127630944e-14,4.5146180127630944e-14
107496.0,4.4763989462684646e-14,320.00000000000693,4.5146180127630944e-14,4.5146180127630944e-14
107568.0,4.4763989462684646e-14,320.00000000000693,4.5146180127630944e-14,4.5146180127630944e-14
107640.0,4.4763989462684646e-14,320.00000000000693,4.5146180127630944e-14,4.5146180127630944e-14
107712.0,4.4763989462684646e-14,320.00000000000693,4.5146180127630944e-14,4.5146180127630944e-14
107784.0,4.4763989462684646e-14,320.00000000000693,4.5146180127630944e-14,4.5146180127630944e-14
107856.0,4.4763989462684646e-14,320.00000000000693,4.5146180127630944e-14,4.5146180127630944e-14
107928.0,4.4763989462684646e-14,320.00000000000693,4.5146180127630944e-14,4.5146180127630944e-14
108000.0,4.4763989462684646e-14,320.00000000000693,4.5146180127630944e-14,4.5146180127630944e-14
