time_s,state_of_charge,outlet_temperature_c,deliverable_power_mw
0.0,1.0,400.0,0.16275
72.0,0.9979403173828888,400.0,0.16275
144.0,0.9958806347657778,400.0,0.16275
216.0,0.9938209521486668,400.0,0.16275
288.0,0.9917612695315556,400.0,0.16275
360.0,0.9897015869144449,400.0,0.16275
432.0,0.9876419042973337,400.0,0.16275
504.0,0.9855822216802227,400.0,0.16275
576.0,0.9835225390631117,400.0,0.16275
648.0,0.9814628564460005,400.0,0.16275
720.0,0.9794031738288893,400.0,0.16275
792.0,0.9773434912117783,400.0,0.16275
864.0,0.9752838085946673,399.99999999999994,0.16274999999999992
936.0,0.9732241259775564,399.9999999999999,0.16274999999999984
1008.0,0.9711644433604452,399.9999999999999,0.16274999999999984
1080.0,0.9691047607433342,399.9999999999999,0.16274999999999984
1152.0,0.9670450781262232,399.9999999999999,0.16274999999999984
1224.0,0.964985395509112,399.9999999999999,0.16274999999999984
1296.0,0.962925712892001,399.9999999999999,0.16274999999999984
1368.0,0.96086603027489,399.9999999999999,0.16274999999999984
1440.0,0.9588063476577788,399.99999999999983,0.1627499999999997
1512.0,0.9567466650406676,399.99999999999983,0.1627499999999997
1584.0,0.9546869824235571,399.9999999999998,0.16274999999999962
1656.0,0.9526272998064457,399.99999999999966,0.16274999999999945
1728.0,0.9505676171893347,399.9999999999996,0.16274999999999937
1800.0,0.9485079345722237,399.9999999999994,0.16274999999999898
1872.0,0.9464482519551127,399.9999999999991,0.1627499999999985
1944.0,0.9443885693380016,399.9999999999987,0.16274999999999787
2016.0,0.9423288867208908,399.9999999999982,0.16274999999999704
2088.0,0.9402692041037798,399.99999999999756,0.162749999999996
2160.0,0.9382095214866688,399.9999999999966,0.16274999999999445
2232.0,0.9361498388695579,399.9999999999954,0.1627499999999925
2304.0,0.9340901562524472,399.9999999999937,0.16274999999998974
2376.0,0.9320304736353364,399.9999999999914,0.16274999999998602
2448.0,0.9299707910182256,399.9999999999884,0.16274999999998113
2520.0,0.9279111084011149,399.9999999999844,0.16274999999997464
2592.0,0.9258514257840045,399.9999999999792,0.16274999999996614
2664.0,0.9237917431668942,399.9999999999722,0.16274999999995476
2736.0,0.9217320605497841,399.99999999996317,0.16274999999994005
2808.0,0.9196723779326742,399.9999999999515,0.1627499999999211
2880.0,0.9176126953155649,399.99999999993634,0.1627499999998964
2952.0,0.9155530126984562,399.9999999999169,0.16274999999986475
3024.0,0.9134933300813479,399.99999999989205,0.16274999999982434
3096.0,0.9114336474642403,399.99999999986034,0.1627499999997727
3168.0,0.9093739648471338,399.99999999982003,0.1627499999997071
3240.0,0.9073142822300287,399.9999999997692,0.1627499999996244
3312.0,0.9052545996129252,399.9999999997051,0.16274999999952006
3384.0,0.903194916995824,399.99999999962466,0.16274999999938913
3456.0,0.901135234378725,399.99999999952416,0.16274999999922557
3528.0,0.8990755517616298,399.99999999939894,0.16274999999902176
3600.0,0.897015869144538,399.99999999924336,0.16274999999876855
3672.0,0.8949561865274516,399.99999999905094,0.1627499999984554
3744.0,0.8928965039103711,399.99999999881334,0.1627499999980687
3816.0,0.890836821293298,399.9999999985213,0.16274999999759338
3888.0,0.8887771386762343,399.99999999816293,0.16274999999701018
3960.0,0.8867174560591818,399.999999997725,0.16274999999629747
4032.0,0.884657773442143,399.99999999719086,0.1627499999954281
4104.0,0.882598090825121,399.9999999965414,0.16274999999437118
4176.0,0.8805384082081193,399.999999995754,0.16274999999308967
4248.0,0.8784787255911423,399.9999999948015,0.16274999999153944
4320.0,0.8764190429741946,399.99999999365247,0.16274999998966938
4392.0,0.8743593603572826,399.99999999226964,0.16274999998741882
4464.0,0.8722996777404133,399.99999999060964,0.16274999998471718
4536.0,0.870239995123595,399.9999999886215,0.16274999998148146
4608.0,0.8681803125068382,399.999999986246,0.16274999997761538
4680.0,0.8661206298901541,399.9999999834139,0.1627499999730061
4752.0,0.8640609472735569,399.999999980045,0.16274999996752323
4824.0,0.8620012646570623,399.9999999760461,0.16274999996101508
4896.0,0.8599415820406899,399.9999999713095,0.16274999995330616
4968.0,0.8578818994244617,399.9999999657106,0.16274999994419395
5040.0,0.8558222168084036,399.99999995910565,0.16274999993344447
5112.0,0.8537625341925457,399.99999995132936,0.16274999992078854
5184.0,0.8517028515769228,399.99999994219166,0.16274999990591693
5256.0,0.8496431689615761,399.9999999314746,0.16274999988847488
5328.0,0.8475834863465525,399.9999999189282,0.16274999986805566
5400.0,0.845523803731906,399.999999904267,0.1627499998441945
5472.0,0.8434641211177003,399.99999988716496,0.16274999981636096
5544.0,0.8414044385040068,399.9999998672506,0.16274999978395036
5616.0,0.8393447558909095,399.99999984410067,0.16274999974627385
5688.0,0.837285073278504,399.99999981723505,0.16274999970255002
5760.0,0.8352253906668998,399.9999997861081,0.16274999965189094
5832.0,0.8331657080562228,399.9999997501024,0.16274999959329167
5904.0,0.831106025446616,399.9999997085189,0.1627499995256145
5976.0,0.8290463428382442,399.9999996605681,0.1627499994475746
6048.0,0.8269866602312935,399.99999960535945,0.1627499993577225
6120.0,0.8249269776259769,399.99999954188957,0.16274999925442526
6192.0,0.8228672950225363,399.99999946902943,0.1627499991358454
6264.0,0.8208076124212462,399.9999993855107,0.16274999899991865
6336.0,0.818747929822417,399.99999928991,0.16274999884432856
6408.0,0.8166882472264013,399.9999991806323,0.16274999866647907
6480.0,0.8146285646335972,399.99999905589203,0.1627499984634643
6552.0,0.8125688820444542,399.9999989136935,0.16274999823203617
6624.0,0.8105091994594792,399.99999875180805,0.1627499979685676
6696.0,0.8084495168792428,399.99999856775065,0.16274999766901418
6768.0,0.8063898343043876,399.9999983587528,0.1627499973288702
6840.0,0.8043301517356344,399.9999981217347,0.16274999694312317
6912.0,0.8022704691737931,399.9999978532735,0.16274999650620262
6984.0,0.8002107866197709,399.9999975495696,0.16274999601192458
7056.0,0.7981511040745837,399.99999720641006,0.16274999545343238
7128.0,0.7960914215393674,399.9999968191281,0.16274999482313102
7200.0,0.7940317390153911,399.9999963825606,0.16274999411261737
7272.0,0.7919720565040705,399.99999589100076,0.16274999331260373
7344.0,0.7899123740069837,399.99999533814764,0.16274999241283528
7416.0,0.7878526915258875,399.9999947170518,0.16274999140200175
7488.0,0.7857930090627364,399.9999940200555,0.16274999026764034
7560.0,0.7837333266197012,399.99999323873004,0.16274998899603316
7632.0,0.7816736441991918,399.99999236380637,0.16274998757209486
7704.0,0.7796139618038803,399.9999913851018,0.16274998597925316
7776.0,0.777554279436726,399.9999902914406,0.16274998419931958
7848.0,0.7754945971010048,399.9999890705686,0.16274998221235035
7920.0,0.7734349148003362,399.99998770906166,0.16274997999649785
7992.0,0.7713752325387205,399.99998619222805,0.16274997752785114
8064.0,0.7693155503205701,399.999984504003,0.1627499747802649
8136.0,0.767255868150749,399.999982626836,0.16274997172517564
8208.0,0.7651961860346151,399.9999805415709,0.16274996833140662
8280.0,0.7631365039780642,399.9999782273168,0.16274996456495808
8352.0,0.7610768219875779,399.9999756613114,0.1627499603887843
8424.0,0.7590171400702757,399.99997281877387,0.1627499557625545
8496.0,0.7569574582339708,399.999969672749,0.16274995064239897
8568.0,0.7548977764872317,399.9999661939407,0.16274994498063844
8640.0,0.7528380948394449,399.9999623505351,0.1627499387254959
8712.0,0.7507784133008863,399.99995810801215,0.16274993182078978
8784.0,0.7487187318827954,399.9999534289458,0.16274992420560927
8856.0,0.7466590505974546,399.99994827279085,0.16274991581396708
8928.0,0.7445993694582778,399.99994259565864,0.16274990657443442
9000.0,0.7425396884798996,399.9999363500774,0.162749896409751
9072.0,0.7404800076782767,399.9999294847394,0.16274988523641343
9144.0,0.7384203270707921,399.99992194423294,0.1627498729642391
9216.0,0.7363606466763679,399.9999136687592,0.16274985949590554
9288.0,0.7343009665155871,399.99990459383247,0.16274984472646237
9360.0,0.7322412866108216,399.999894649964,0.16274982854281642
9432.0,0.7301816069863694,399.999883762328,0.16274981082318885
9504.0,0.7281219276686018,399.9998718504097,0.1627497914365418
9576.0,0.7260622486861191,399.99985882763434,0.16274977024197487
9648.0,0.7240025700699162,399.999844600976,0.16274974708808848
9720.0,0.7219428918535605,399.9998290705467,0.16274972181231476
9792.0,0.7198832140733782,399.999812129164,0.16274969424021443
9864.0,0.7178235367686548,399.99979366189604,0.1627496641847358
9936.0,0.7157638599818466,399.99977354558473,0.16274963144543916
10008.0,0.7137041837588053,399.9997516483443,0.1627495958076803
10080.0,0.7116445081490168,399.99972782903626,0.1627495570417565
10152.0,0.7095848332058526,399.9997019367187,0.16274951490200965
10224.0,0.7075251589868382,399.99967381006957,0.16274946912588822
10296.0,0.7054654855539348,399.99964327678344,0.16274941943296506
10368.0,0.703405812973839,399.99961015293945,0.16274936552390895
10440.0,0.7013461413182986,399.999574242342,0.16274930707941163
10512.0,0.6992864706644464,399.99953533583147,0.16274924375906571
10584.0,0.6972268010951528,399.9994932105643,0.1627491752001934
10656.0,0.6951671326993968,399.9994476292626,0.16274910101662485
10728.0,0.6931074655726583,399.99939833943154,0.16274902079742484
10800.0,0.691047799817331,399.9993450725439,0.1627489341055652
10872.0,0.6889881355431563,399.99928754319114,0.1627488404765436
10944.0,0.6869284728676812,399.99922544820026,0.16274873941694593
11016.0,0.6848688119167394,399.9991584657147,0.16274863040295065
11088.0,0.6828091528249567,399.9990862542401,0.16274851287877581
11160.0,0.6807494957362819,399.9990084516526,0.16274838625506466
11232.0,0.6786898408045448,399.99892467417004,0.16274824990721176
11304.0,0.6766301881940413,399.99883451528416,0.16274810317362495
11376.0,0.674570538080147,399.99873754465426,0.1627479453539248
11448.0,0.6725108906499598,399.9986333069604,0.16274777570707807
11520.0,0.6704512461029738,399.99852132071726,0.16274759344946732
11592.0,0.6683916046517856,399.9984010770451,0.1627473977528909
11664.0,0.6663319665228304,399.99827203840044,0.16274718774249672
11736.0,0.6642723319571554,399.9981336372631,0.16274696249464568
11808.0,0.6622127012112258,399.9979852747807,0.1627467210347056
11880.0,0.6601530745577673,399.9978263193698,0.16274646233477433
11952.0,0.6580934522866467,399.9976561052718,0.16274618531132984
12024.0,0.6560338347057889,399.99747393106577,0.16274588882280952
12096.0,0.6539742221421362,399.9972790581343,0.1627455716671136
12168.0,0.6519146149426449,399.99707070908596,0.1627452325790374
12240.0,0.6498550134753263,399.99684806613,0.16274487022762654
12312.0,0.64779541813033,399.9966102694053,0.16274448321345716
12384.0,0.6457358293210708,399.9963564152646,0.16274407006584313
12456.0,0.6436762474854014,399.9960855545086,0.16274362923996277
12528.0,0.6416166730868322,399.99579669057727,0.16274315911391452
12600.0,0.6395571066157985,399.99548877769064,0.1627426579856915
12672.0,0.6374975485909757,399.9951607189446,0.16274212407008232
12744.0,0.6354379995606476,399.9948113643595,0.16274155549549513
12816.0,0.633378460104123,399.99443950888076,0.16274095030070343
12888.0,0.6313189308332062,399.99404389033384,0.16274030643151832
12960.0,0.6292594123937227,399.9936231873318,0.16273962173738254
13032.0,0.6271999054670978,399.993176017137,0.16273889396789043
13104.0,0.6251404107719924,399.99270093347604,0.16273812076923225
13176.0,0.6230809290659963,399.99219642431007,0.16273729968056463
13248.0,0.6210214611473808,399.99166090955873,0.16273642813030684
13320.0,0.6189620078569082,399.99109273878065,0.1627355034323655
13392.0,0.6169025700797074,399.99049018880874,0.16273452278228623
13464.0,0.6148431487472047,399.98985146134333,0.16273348325333628
13536.0,0.6127837448391235,399.98917468050183,0.16273238179251673
13608.0,0.6107243593855457,399.98845789032686,0.16273121521650696
13680.0,0.6086649934690377,399.9876990522545,0.16272998020754426
13752.0,0.6066056482268442,399.98689604254173,0.16272867330923668
13824.0,0.6045463248531472,399.9860466496553,0.162727290922314
13896.0,0.602487024601397,399.9851485716242,0.1627258293003184
13968.0,0.6004277487867068,399.9841994133551,0.16272428454523544
14040.0,0.5983684987883213,399.98319668391287,0.16272265260306817
14112.0,0.5963092760521561,399.9821377937687,0.16272092925935852
14184.0,0.5942500820934068,399.98102005201525,0.16271911013465482
14256.0,0.5921909184992316,399.9798406635524,0.16271719067993154
14328.0,0.5901317869315066,399.97859672624435,0.1627151661719627
14400.0,0.5880726891296573,399.97728522805,0.16271303170865137
14472.0,0.5860136269135604,399.9759030441286,0.16271078220431928
14544.0,0.5839546021865245,399.9744469339226,0.16270841238495903
14616.0,0.5818956169383446,399.97291353821964,0.16270591678345248
14688.0,0.579836673248433,399.9712993761966,0.16270328973475998
14760.0,0.5777777732890268,399.969600842446,0.1627005253710809
14832.0,0.5757189193284729,399.96781420399014,0.16269761761699394
14904.0,0.5736601137345885,399.96593559728194,0.16269456018457634
14976.0,0.5716013589781018,399.96396102519833,0.16269134656851028
15048.0,0.5695426576361668,399.96188635402586,0.16268797004117708
15120.0,0.5674840123959592,399.9597073104428,0.16268442364774566
15192.0,0.5654254260583478,399.9574194785009,0.16268070020126024
15264.0,0.5633669015416438,399.95501829660793,0.1626767922777294
15336.0,0.5613084418854292,399.9524990545153,0.1626726922112236
15408.0,0.5592500502544605,399.9498568903132,0.16266839208898473
15480.0,0.557191729942651,399.9470867874366,0.16266388374655308
15552.0,0.5551334843771293,399.9441835716851,0.16265915876291745
15624.0,0.5530753171223738,399.94114190825894,0.16265420845569142
15696.0,0.5510172318844231,399.93795629881686,0.16264902387632443
15768.0,0.5489592325151624,399.9346210785556,0.16264359580534926
15840.0,0.5469013230166831,399.93113041331816,0.1626379147476753
15912.0,0.5448435075457168,399.9274782967311,0.16263197092792991
15984.0,0.5427857904181423,399.92365854737665,0.1626257542858555
16056.0,0.5407281761135642,399.91966480600155,0.16261925447176753
16128.0,0.5386706692799612,399.9154905327675,0.1626124608420791
16200.0,0.5366132747384065,399.9111290045458,0.1626053624548983
16272.0,0.5345559974878544,399.90657331226083,0.1625979480657045
16344.0,0.5324988427099948,399.9018163582856,0.16259020612310982
16416.0,0.5304418157741738,399.8968508538921,0.16258212476470937
16488.0,0.5283849222423774,399.8916693167628,0.1625736918130314
16560.0,0.5263281678742778,399.88626406856457,0.16256489477158886
16632.0,0.5242715586323419,399.8806272325905,0.162555720821041
16704.0,0.5222151006869956,399.8747507314716,0.16254615681547
16776.0,0.5201588004218497,399.86862628496516,0.1625361892787808
16848.0,0.5181026644389756,399.86224540782075,0.16252580440122827
16920.0,0.5160466995642369,399.8555994077293,0.16251498803607944
16992.0,0.5139909128526722,399.8486793833587,0.16250372569641625
17064.0,0.5119353115939231,399.8414762224798,0.16249200255208587
17136.0,0.5098799033177109,399.83398060018703,0.1624798034268044
17208.0,0.5078246957993547,399.82618297721655,0.16246711279541992
17280.0,0.5057696970653318,399.81807359836694,0.1624539147813422
17352.0,0.5037149153988739,399.8096424910254,0.16244019315414382
17424.0,0.5016603593456018,399.8008794638032,0.1624259313273397
17496.0,0.49960603771918816,399.7917741052852,0.16241111235635164
17568.0,0.49755195960705195,399.7823157828952,0.1623957189366619
17640.0,0.49549813437607965,399.77249364188265,0.16237973340216402
17712.0,0.4934445716783671,399.7622966044337,0.16236313772371583
17784.0,0.4913912814569826,399.75171336890884,0.16234591350789912
17856.0,0.4893382739517455,399.74073240921336,0.16232804199599474
17928.0,0.48728555970501836,399.7293419743012,0.16230950406317518
18000.0,0.48523314956750707,399.71753008781707,0.16229028021792227
18072.0,0.4831810547040675,399.7052845478804,0.16227035060167536
18144.0,0.48112928659951415,399.6925929270127,0.16224969498871317
18216.0,0.47907785706442557,399.67944257221365,0.1622282927862777
18288.0,0.4770267782409457,399.6658206051866,0.16220612303494114
18360.0,0.4749760626085742,399.6517139227183,0.162183164409224
18432.0,0.4729257229899432,399.63710919721495,0.16215939521846734
18504.0,0.4708757725565768,399.621992877397,0.16213479340796363
18576.0,0.4688262248346275,399.6063511891556,0.16210933656035073
18648.0,0.4667770937105874,399.5901701365735,0.16208300189727332
18720.0,0.4647283934369678,399.5734355031121,0.16205576628131493
18792.0,0.4626801386379448,399.55613285296795,0.16202760621820533
18864.0,0.46063234431496514,399.53824753259926,0.16199849785930528
18936.0,0.4585850258523082,399.5197646724263,0.16196841700437375
19008.0,0.45653819902259984,399.50066918870596,0.16193733910461894
19080.0,0.45449187999227353,399.48094578558323,0.16190523926603673
19152.0,0.4524460853269738,399.460578957321,0.16187209225303992
19224.0,0.45040083199689823,399.4395529907087,0.16183787249237844
19296.0,0.4483561373820723,399.41785196765306,0.16180255407735536
19368.0,0.44631201927755254,399.39545976795,0.16176611077233863
19440.0,0.4442684958985541,399.3723600722398,0.1617285160175703
19512.0,0.4422255858854978,399.3485363651469,0.1616897429342766
19584.0,0.4401833083089712,399.32397193860305,0.16164976433007647
19656.0,0.438141682674598,399.29864989535685,0.16160855270469326
19728.0,0.436100728927816,399.2725531526682,0.16156608025596747
19800.0,0.43406046745855065,399.2456644461883,0.16152231888617144
19872.0,0.4320209191057871,399.2179663340261,0.16147724020862742
19944.0,0.4299821051620317,399.1894412009994,0.16143081555462652
20016.0,0.4279440473776589,399.16007126307187,0.16138301598064947
20088.0,0.4259067679651401,399.12983857197474,0.1613338122758889
20160.0,0.4238702896031481,399.0987250200124,0.1612831749700702
20232.0,0.4218346354405328,399.0667123450517,0.16123107434157166
20304.0,0.419799829100165,399.03378213569243,0.16117748042583943
20376.0,0.4177658946826409,398.9999158366209,0.16112236302410055
20448.0,0.4157328567698455,398.965094754141,0.16106569171236443
20520.0,0.41370074042836785,398.9293000618847,0.16100743585071736
20592.0,0.4116695712127658,398.89251280669885,0.16094756459290238
20664.0,0.4096393751686735,398.85471391470605,0.1608860468961841
20736.0,0.4076101788357497,398.8158841975385,0.1608228515314939
20808.0,0.4055820092504601,398.77600435874143,0.1607579470938517
20880.0,0.4035548939486915,398.73505500034526,0.16069130201306192
20952.0,0.4015288609681912,398.69301662960163,0.16062288456467663
21024.0,0.3995039388508303,398.6498696658831,0.16055266288122474
21096.0,0.3974801566446841,398.6055944477411,0.16048060496369865
21168.0,0.39545754390592736,398.56017124012124,0.1604066786932973
21240.0,0.39343613070053934,398.5135802417308,0.16033085184341683
21312.0,0.39141594760581605,398.46580159255626,0.16025309209188532
21384.0,0.3893970257116844,398.41681538152693,0.1601733670334351
21456.0,0.3873793966218161,398.36660165432033,0.16009164419240635
21528.0,0.3853630924545363,398.31514042130567,0.16000789103567498
21600.0,0.38334814584352545,398.26241166562244,0.15992207498580052
21672.0,0.381334589938308,398.2083953513877,0.15983416343438347
21744.0,0.37932245840452805,398.15307143202995,0.15974412375562874
21816.0,0.3773117854240073,398.096419858743,0.15965192332010422
21888.0,0.37530260569458135,398.03842058905695,0.1595575295086902
21960.0,0.37329495442971294,397.9790535955205,0.15946090972670962
22032.0,0.37128886735787975,397.9182988744891,0.159362031418231
22104.0,0.369284380721732,397.85613645501525,0.1592608620805373
22176.0,0.36728153127701924,397.79254640783563,0.1591573692787525
22248.0,0.3652803562912835,397.72750885444697,0.15905152066061243
22320.0,0.36328089354231713,397.66100397626974,0.158943283971379
22392.0,0.3612831813163809,397.593012023891,0.15883262706888257
22464.0,0.3592872584061844,397.52351332638034,0.158719517938684
22536.0,0.3572931641086232,397.45248830067595,0.1586039247093501
22608.0,0.3553009382222735,397.3799174610325,0.1584858156678304
22680.0,0.353310621044642,397.30578142852545,0.15836515927492517
22752.0,0.3513222533691695,397.2300609406066,0.15824192418083727
22824.0,0.34933587648198794,397.1527368607035,0.15811607924079493
22896.0,0.3473515321584279,397.0737901878575,0.1579875935307381
22968.0,0.34536926265927964,396.99320206639425,0.15785643636305663
23040.0,0.3433891107268012,396.9109537956183,0.15772257730236877
23112.0,0.34141111958048004,396.8270268395289,0.15758598618133332
23184.0,0.33943533291254063,396.74140283654765,0.1574466331164813
23256.0,0.33746179488320444,396.6540636092522,0.15730448852405796
23328.0,0.3354905501156972,396.56499117411073,0.15715952313586523
23400.0,0.33352164369100723,396.47416775120865,0.1570117080150921
23472.0,0.33155512114239244,396.3815757739631,0.15686101457212495
23544.0,0.32959102844963867,396.2871978988156,0.15670741458032236
23616.0,0.3276294120330686,396.19101701490075,0.15655088019175098
23688.0,0.3256703187473028,396.09301625367897,0.15639138395286253
23760.0,0.32371379587477433,395.9931789985315,0.15622889882011
23832.0,0.32175989111899583,395.8914888943074,0.15606339817548526
23904.0,0.3198086525975843,395.7879298568178,0.155894855841971
23976.0,0.31786012883504183,395.682486082271,0.15572324609889604
24048.0,0.31591436875529477,395.57514205664006,0.1555485436971817
24120.0,0.31397142167399494,395.46588256495806,0.15537072387446926
24192.0,0.312031337290582,395.35469270053363,0.1551897623701185
24264.0,0.31009416568011205,395.2415578740803,0.15500563544006568
24336.0,0.3081599572848527,395.1264638227539,0.154818319871532
24408.0,0.3062287629056485,395.00939661908996,0.1546277929975689
24480.0,0.3043006336930591,394.8903426798375,0.15443403271143552
24552.0,0.30237562113827204,394.7692887746788,0.15423701748078972
24624.0,0.3004537770637951,394.64622203483384,0.15403672636169208
24696.0,0.2985351536139294,394.52112996153954,0.1538331390124056
24768.0,0.2966198032450285,394.3940004343985,0.15362623570698355
24840.0,0.29470777871554465,394.26482171959356,0.1534159973486385
24912.0,0.29279913307586936,394.1335824779578,0.15320240548287634
24984.0,0.2908939196579676,394.0002717728994,0.15298544231039377
25056.0,0.28899219206481375,393.8648790781713,0.15276509069972383
25128.0,0.28709400415963,393.7273942854828,0.1525413341996232
25200.0,0.2851994100549348,393.58780771194597,0.15231415705119208
25272.0,0.283308464101403,393.4461101073528,0.1520835441997167
25344.0,0.2814212208765427,393.30229266127674,0.15184948130622788
25416.0,0.2795377351731948,393.15634700999425,0.15161195475876565
25488.0,0.2776580619878586,393.00826524322076,0.15137095168334178
25560.0,0.275782256508849,392.8580399106571,0.15112645995459445
25632.0,0.2739103741042905,392.7056640283402,0.1508784682061237
25704.0,0.27204247030995177,392.5511310847952,0.1506269658405042
25776.0,0.2701786008169287,392.3944350469828,0.15037194303896448
25848.0,0.26831882145917824,392.23557036603944,0.1501133907707292
25920.0,0.26646318820091075,392.0745319828043,0.14985130080201395
25992.0,0.2646117571238454,391.91131533312995,0.149585665704669
26064.0,0.26276458441433376,391.7459163529736,0.14931647886446456
26136.0,0.2609217263503602,391.578331483264,0.14904373448901212
26208.0,0.2590832392884199,391.4085576745406,0.1487674276153148
26280.0,0.2572491796502861,391.23659239136305,0.14848755411694337
26352.0,0.25541960390966745,391.06243361648615,0.14820411071083123
26424.0,0.25359456857876655,390.88607985479797,0.1479170949636837
26496.0,0.2517741301947406,390.7075301370187,0.14762650529799795
26568.0,0.24995834530607505,390.52678402315684,0.14733234099768774
26640.0,0.2481472704588736,390.34384160572074,0.14703460221331052
26712.0,0.24634096218307205,390.1587035126832,0.1467332899668919
26784.0,0.24453947697858258,389.9713709101968,0.1464284061563453
26856.0,0.24274287130137384,389.7818455050582,0.1461199535594822
26928.0,0.2409512015494952,389.5901295469191,0.14580793583761087
27000.0,0.23916452404904937,389.3962258302439,0.14549235753872197
27072.0,0.2373828950401223,389.20013769601024,0.14517322410025665
27144.0,0.2356063706626753,389.00186903315387,0.1448505418514579
27216.0,0.23383500694240658,388.80142427975443,0.14452431801530033
27288.0,0.23206885977658948,388.5988084239631,0.1441945607099999
27360.0,0.23030798491989277,388.39402700467076,0.14386127895010167
27432.0,0.2285524379701907,388.18708611191596,0.1435244826471432
27504.0,0.22680227435436978,387.977992387033,0.1431841826098962
27576.0,0.2250575493141375,387.7667530225397,0.14284039054418338
27648.0,0.22331831789184148,387.5533757617652,0.14249311905227288
27720.0,0.2215846349163044,387.33786889821755,0.14214238163184909
27792.0,0.21985655498868206,387.12024127469243,0.14178819267456194
27864.0,0.21813413246835092,386.90050228212266,0.1414305674641546
27936.0,0.21641742145883217,386.6786618581698,0.14106952217417135
28008.0,0.21470647579375834,386.4547304855599,0.1407050738652487
28080.0,0.21300134902288956,386.22871919016177,0.14033724048198826
28152.0,0.21130209439818573,386.0006395388125,0.13996604084941733
28224.0,0.20960876485994148,385.7705036368892,0.13959149466903717
28296.0,0.2079214130229896,385.5383241256298,0.1392136225144625
28368.0,0.20624009116298034,385.30411417920504,0.13883244582665621
28440.0,0.204564851202742,385.06788750154266,0.13844798690876067
28512.0,0.2028957446987302,384.82965832290637,0.13806026892053014
28584.0,0.2012328228275712,384.58944139623304,0.13766931587236927
28656.0,0.19957613637270477,384.3472519932287,0.13727515261897974
28728.0,0.19792573571113567,384.10310590022806,0.13687780485262116
28800.0,0.19628167080029618,383.85701941381797,0.13647729909598874
28872.0,0.19464399116502762,383.60900933623,0.1360736626947143
28944.0,0.19301274588468673,383.3590929705049,0.13566692380949671
29016.0,0.19138798358038195,383.1072881154306,0.1352571114078633
29088.0,0.1897697524023465,382.85361306025834,0.13484425525557045
29160.0,0.18815810001745156,382.59808657920127,0.13442838590765005
29232.0,0.1865530735968684,382.3407279257172,0.13400953469910476
29304.0,0.18495471980388212,382.08155682658105,0.13358773373526067
29376.0,0.18336308478186353,381.82059347574926,0.13316301588178192
29448.0,0.18177821414240422,381.55785852802256,0.1327354147543567
29520.0,0.18020015295362,381.29337309250803,0.13230496470805683
29592.0,0.17862894572862756,381.0271587258881,0.13187170082638291
29664.0,0.17706463641419973,380.7592374254978,0.1314356589099977
29736.0,0.17550726837960318,380.48963162221713,0.1309968754651584
29808.0,0.1739568844056236,380.2183641731819,0.13055538769185354
29880.0,0.17241352667378423,379.9454583543171,0.1301112334716511
29952.0,0.1708772367557602,379.6709378527,0.12966445135526922
30024.0,0.1693480556029936,379.39482675875433,0.12921508054987269
30096.0,0.16782602353651416,379.1171495582839,0.1287631609061071
30168.0,0.16631118023696917,378.83793112434773,0.12830873290487593
30240.0,0.16480356473486604,378.5571967089842,0.12785183764387176
30312.0,0.16330321540103201,378.2749719347875,0.12739251682386668
30384.0,0.16181016993729444,377.991282786343,0.12693081273477322
30456.0,0.16032446536738487,377.7061556015252,0.12646676824148229
30528.0,0.1588461380280705,377.4196170626655,0.1260004267694881
30600.0,0.1573752235605168,377.1316941875937,0.1255318322903088
30672.0,0.15591175690188325,376.84241432055904,0.12506102930670984
30744.0,0.15445577227715612,376.5518051230368,0.12458806283774237
30816.0,0.15300730319122055,376.2598945644245,0.12411297840360085
30888.0,0.15156638242117504,375.9667109126357,0.12363582201031456
30960.0,0.15013304200889083,375.672282724594,0.12315664013427678
31032.0,0.14870731325381764,375.37663883663544,0.12267547970662418
31104.0,0.14728922670603975,375.0798083548227,0.12219238809747397
31176.0,0.14587881215958268,374.7818206451788,0.12170741310002851
31248.0,0.14447609864597385,374.48270532384413,0.12122060291455632
31320.0,0.1430811144280584,374.1824922471638,0.12073200613225908
31392.0,0.14169388699407148,373.8812115017095,0.12024167171903224
31464.0,0.1403144430519693,373.57889339424406,0.11974964899913222
31536.0,0.13894280852402008,373.2755684416303,0.11925598763875332
31608.0,0.1375790085416555,372.97126736069447,0.11876073762953025
31680.0,0.1362230674405847,372.6660210580458,0.11826394927196958
31752.0,0.13487500875617117,372.359860619861,0.11776567315882382
31824.0,0.1335348552190731,372.05281730163625,0.117265960158413
31896.0,0.1322026287511494,371.74492251791537,0.11676486139790727
31968.0,0.13087835046162832,371.43620783199685,0.11626242824657489
32040.0,0.12956204064354487,371.1267049456273,0.11575871229900841
32112.0,0.12825371877044042,370.81644568868563,0.11525376535833587
32184.0,0.12695340349333026,370.5054620088633,0.114747639419425
32256.0,0.12566111263793542,370.1937859613475,0.11424038665209303
32328.0,0.12437686320218139,369.88144969850964,0.11373205938432444
32400.0,0.12310067135396036,369.5684854596088,0.1132227100855133
32472.0,0.1218325524291593,369.25492556051,0.11271239134973002
32544.0,0.12057252092995165,368.9408023834274,0.11220115587902811
32616.0,0.11932059052335232,368.62614836669417,0.11168905646679476
32688.0,0.11807677404003566,368.3109959945659,0.11117614598115605
32760.0,0.11684108347341453,367.99537778706144,0.11066247734844249
32832.0,0.11561352997898,367.67932628984676,0.11014810353672559
32904.0,0.11439412387390023,367.36287406416653,0.10963307753943104
32976.0,0.11318287463687735,367.0460536768274,0.10911745235903658
33048.0,0.11197979090826052,366.72889769023936,0.10860128099086457
33120.0,0.11078488049041411,366.4114386525179,0.10808461640697291
33192.0,0.10959815034833902,366.0937090876524,0.10756751154015433
33264.0,0.10841960661054444,365.77574148574575,0.10705001926805122
33336.0,0.10724925457017065,365.45756829332805,0.10653219239739141
33408.0,0.10608709868635724,365.13922190374996,0.10601408364835306
33480.0,0.10493314258585806,364.8207346476594,0.10549574563906565
33552.0,0.1037873890648984,364.50213878356595,0.1049772308702536
33624.0,0.10264984009127262,364.1834664884958,0.10445859171002693
33696.0,0.10152049680668036,363.86474984874314,0.10393988037882948
33768.0,0.10039935952929807,363.54602085071974,0.10342114893454638
33840.0,0.09928642775658343,363.2273113719081,0.10290244925778046
33912.0,0.09818170016831027,362.90865317192043,0.1023838330373005
33984.0,0.09708517462983024,362.59007788366773,0.10186535175566924
34056.0,0.09599684819555968,362.27161700464245,0.10134705667505559
34128.0,0.09491671711268741,361.9533018883173,0.1008289988232364
34200.0,0.09384477682510098,361.6351637356644,0.10031122897979378
34272.0,0.092781021977528,361.31723358679614,0.09979379766251072
34344.0,0.09172544641988996,360.99954231273387,0.09927675511397437
34416.0,0.09067804321186401,360.6821206073032,0.09876015128838597
34488.0,0.08963880462765046,360.36499897916224,0.09824403583858654
34560.0,0.08860772216094173,360.04820774396313,0.0977284581033
34632.0,0.08758478653009012,359.73177701665094,0.0972134670945994
34704.0,0.08656998768346943,359.41573670390085,0.09669911148559862
34776.0,0.08556331480502864,359.10011649669775,0.0961854395983756
34848.0,0.08456475632003198,358.78494586305857,0.09567249939212782
34920.0,0.08357429990098332,358.47025404090164,0.0951603384515674
34992.0,0.08259193247373015,358.1560700310622,0.09464900397555373
35064.0,0.0816176402237434,357.8424225904589,0.09413854276597187
35136.0,0.08065140860256936,357.52934022541154,0.09362900121685729
35208.0,0.07969322233444955,357.2168511851114,0.09312042530376882
35280.0,0.07874306542310522,356.90498345524713,0.09261286057341471
35352.0,0.07780092115868133,356.5937647517859,0.09210635213353155
35424.0,0.07686677212484709,356.2832225149133,0.09160094464302139
35496.0,0.07594060020604779,355.9733839031307,0.0910966823023452
35568.0,0.07502238659490533,355.6642757875134,0.0905936088441781
35640.0,0.07411211179976164,355.35592474613014,0.09009176752432681
35712.0,0.07320975565236225,355.0483570586231,0.08959120111290907
35784.0,0.07231529731567465,354.74159870095235,0.08909195188579995
35856.0,0.0714287152918385,354.43567534030234,0.08859406161634206
35928.0,0.0705499874302413,354.13061233015355,0.08809757156732491
36000.0,0.06967909093571874,353.8264347055183,0.08760252248323101
36072.0,0.06881600237687208,353.52316717834145,0.08710895458275071
36144.0,0.06796069769449944,353.22083413306717,0.08661690755156683
36216.0,0.06711315221013839,352.9194596223706,0.08612642053540814
36288.0,0.06627334063471271,352.6190673630556,0.08563753213337298
36360.0,0.06544123707728115,352.31968073211834,0.0851502803915226
36432.0,0.0646168150538836,352.0213227629768,0.08466470279674475
36504.0,0.06380004749647916,351.7240161418652,0.08418083627088563
36576.0,0.06299090676197376,351.42778320439453,0.08369871716515209
36648.0,0.062189364641331346,351.132645932278,0.08321838125478248
36720.0,0.06139539236876556,350.8386259502206,0.08273986373398404
36792.0,0.06060896063100701,350.54574452297356,0.08226319921113948
36864.0,0.0598300395766423,350.2540225525515,0.08178842170427753
36936.0,0.059058598825520614,349.9634805756135,0.081315564636811
37008.0,0.05829460747822337,349.6741387610057,0.08084466083353675
37080.0,0.05753803412559277,349.38601690746447,0.08037574251689841
37152.0,0.056788846858316415,349.099134441482,0.07990884130351199
37224.0,0.05604701327656141,348.8135104153295,0.07944398820094879
37296.0,0.055312500499655616,348.52916350523935,0.07898121360477704
37368.0,0.05458527517581251,348.2461120097447,0.0785205472958595
37440.0,0.05386530349189392,347.96437384817546,0.07806201843790556
37512.0,0.053152551183207754,347.6839665593082,0.0776056555752741
37584.0,0.05244698354333656,347.4049073001699,0.0771514866310265
37656.0,0.05174856543399261,347.12721284499435,0.07669953890522829
37728.0,0.05105726129489711,346.85089958432866,0.07624983907349489
37800.0,0.050373035153677026,346.57598352428846,0.07580241318577947
37872.0,0.04969585063577821,346.3024802859615,0.07535728666540235
37944.0,0.04902567097439017,346.030405104957,0.07491448430831757
38016.0,0.04836245902037827,345.7597728310985,0.07447403028261276
38088.0,0.04770617725222066,345.49059792825983,0.07403594812824288
38160.0,0.047056787785945284,345.2228944743415,0.0736002607569908
38232.0,0.04641425238506427,344.95667616138627,0.07316699045265616
38304.0,0.045778532470501905,344.6919562958313,0.07273615887146542
38376.0,0.045149589130512174,344.4287477988952,0.07230778704270192
38448.0,0.04452738313058364,344.16706320709835,0.07188189536955257
38520.0,0.043911874923326676,343.9069146729145,0.07145850363016838
38592.0,0.04330302465834135,343.64831396555104,0.07103763097893433
38664.0,0.042700792192061514,343.39127247185536,0.0706192959479446
38736.0,0.04210513709757247,343.1358011973474,0.0702035164486829
38808.0,0.04151601867439936,342.8819107673742,0.06979030977390155
38880.0,0.04093339595826147,342.6296114283841,0.06937969259969516
38952.0,0.04035722773079242,342.3789130493195,0.06897168098776753
39024.0,0.03978747252921979,342.1298251231264,0.06856629038788824
39096.0,0.039224088656004186,341.8823567683759,0.06816353564053182
39168.0,0.038667034188433404,341.63651673099827,0.06776343097969968
39240.0,0.0381162669881685,341.39231338612547,0.0673659900359192
39312.0,0.03757174471074067,341.14975474004024,0.06697122583941549
39384.0,0.03703342481499477,340.9088484322295,0.0665791508234535
39456.0,0.03650126457247709,340.66960173753984,0.06618977682784609
39528.0,0.03597522107676544,340.43202156843194,0.06580311510262297
39600.0,0.03545525125273868,340.19611447733246,0.06541917631185858
39672.0,0.034941311865783045,339.9618866590805,0.06503797053765352
39744.0,0.034433359530933495,339.72934395346596,0.06465950728426585
39816.0,0.03393135072194707,339.4984918478577,0.06428379548238837
39888.0,0.033435241780306074,339.26933547991933,0.06391084349356872
39960.0,0.032944988924150195,339.0418796404095,0.06354065911476645
40032.0,0.03246054825713285,338.8161287760645,0.06317324958304496
40104.0,0.031981875777202996,338.59208699256044,0.06280862158039212
40176.0,0.03150892738530698,338.3697580575543,0.06244678123866961
40248.0,0.031041658894011663,338.1491454037974,0.06208773414468023
40320.0,0.030580026036044566,337.9302521323242,0.061731485345357634
40392.0,0.03012398447275034,337.7130810157089,0.061378039353066224
40464.0,0.02967348980246183,337.4976345013908,0.06102740015101351
40536.0,0.029228497568783755,337.28391471506444,0.06067957119876738
40608.0,0.02878896326878719,337.07192346413245,0.06033455543787557
40680.0,0.02835484236111417,336.86166224121865,0.05999235529758336
40752.0,0.027926090273990085,336.65313222773915,0.059652972700645464
40824.0,0.02750266241314231,336.4463342975284,0.059316409069227444
40896.0,0.02708451416962503,336.2412690205191,0.05898266533089483
40968.0,0.02667160092754681,336.03793666647186,0.05865174192468296
41040.0,0.026263878071702048,335.836337208754,0.05832363880724714
41112.0,0.02586130099510335,335.6364703281634,0.05799835545908593
41184.0,0.025463825106414487,335.4383354167967,0.05767589089083661
41256.0,0.02507140583728254,335.24193158195845,0.05735624364963739
41328.0,0.024683998649568467,335.04725765010943,0.057039411825553096
41400.0,0.024301559042475464,334.8543121708511,0.056725393058060125
41472.0,0.023924042559572898,334.6630934209455,0.05641418454258876
41544.0,0.023551404795717285,334.4735994083664,0.05610578303711631
41616.0,0.023183601403866997,334.28582787638135,0.05580018486881064
41688.0,0.022820588101791373,334.0997763076609,0.05549738594071807
41760.0,0.022462320678674177,333.9154419284133,0.055197381738492673
41832.0,0.022108755001608898,333.7328217125442,0.05490016733716567
41904.0,0.02175984702198743,333.55191238583575,0.05460573740794768
41976.0,0.021415552781779507,333.37271043014647,0.05431408622506338
42048.0,0.021075828419704706,333.1952120876278,0.054025207672614234
42120.0,0.020740630177294925,333.0194133649565,0.053739095251466716
42192.0,0.020409914404847296,332.84531003757945,0.05345574208616056
42264.0,0.020083637567268418,332.6728976539703,0.0531751409318367
42336.0,0.019761756249807638,332.502171539896,0.052897284181180705
42408.0,0.019444227163681053,332.33312680268904,0.05262216387137641
42480.0,0.01913100715158524,332.1657583355277,0.05234977169107133
42552.0,0.018822053193100576,332.000060821718,0.052080098987346085
42624.0,0.018517322409984303,331.83602873897854,0.051813136772687576
42696.0,0.018216772071353148,331.6736563637253,0.0515488757319629
42768.0,0.01792035959875594,331.51293777535494,0.051287306229390164
42840.0,0.017628042571135785,331.3538668605247,0.051028418315503955
42912.0,0.01733977872968235,331.19643731742707,0.05077220173411255
42984.0,0.017055525982574236,331.04064266005815,0.05051864592924465
43056.0,0.016775242409611285,330.88647622247794,0.05026774005208284
43128.0,0.0164988862667385,330.73393116306,0.05001947296788014
43200.0,0.016226415990459514,330.58300046873063,0.0497738332628591
43272.0,0.01595779020214191,330.43367695919466,0.049530809251089304
43344.0,0.015692967712214498,330.2859532911469,0.049290388981341554
43416.0,0.015431907524255772,330.13982196246803,0.04905256024391673
43488.0,0.015174568838975404,329.995275316403,0.04881731057744592
43560.0,0.014920911058088028,329.85230554572126,0.04858462727566136
43632.0,0.014670893788081382,329.71090469685623,0.04835449739413352
43704.0,0.014424476843877206,329.5710646740247,0.04812690775697517
43776.0,0.014181620252387731,329.4327772433228,0.047901844963507835
43848.0,0.0139422842559669,329.29603403679886,0.04767929539489014
43920.0,0.01370642931575711,329.160826556501,0.04745924522070534
43992.0,0.013474016114932378,329.02714617849887,0.04724168040550691
44064.0,0.013245005561839895,328.894984156878,0.04702658671531898
44136.0,0.013019358793037663,328.76433162770616,0.04681394972409177
44208.0,0.012797037176231877,328.63517961297003,0.046603754820108735
44280.0,0.012578002313113535,328.5075190244817,0.04639598721234401
44352.0,0.012362216042095317,328.38134066775405,0.046190631936769706
44424.0,0.012149640440949155,328.2566352458432,0.04598767386260981
44496.0,0.011940237829346277,328.1333933631584,0.0457870976985403
44568.0,0.011733970771299635,328.01160552923767,0.04558888799883431
44640.0,0.01153080207751035,327.8912621624879,0.04539302916944909
44712.0,0.01133069480761807,327.77235359389016,0.04519950547405623
44784.0,0.01113361227235812,327.6548700706675,0.0450083010400114
44856.0,0.010939518035623813,327.53880175991617,0.044819399864263566
44928.0,0.010748375916437309,327.4241387521984,0.04463278581920292
45000.0,0.010560149990828266,327.31087106509653,0.04444844265844461
45072.0,0.010374804593622656,327.19898864672797,0.04426635402254977
45144.0,0.01019230432014156,327.0884813792198,0.0440865034446802
45216.0,0.010012614027811322,326.9793390821431,0.04390887435618789
45288.0,0.009835698837687657,326.871551515906,0.043733450092137006
45360.0,0.009661524135891717,326.7651083851049,0.04356021389675822
45432.0,0.009490055574962417,326.6599993418341,0.04338914892883503
45504.0,0.009321259075123562,326.5562139889517,0.04322023826701889
45576.0,0.009155100825469007,326.45374188330334,0.04305346491507618
45648.0,0.0089915472850651,326.3525725389024,0.04288881180706365
45720.0,0.008830565183972634,326.2526954300654,0.042726261812431415
45792.0,0.008672121524189688,326.15409999450424,0.04256579774105564
45864.0,0.00851618358051503,326.05677563637335,0.04240740234819762
45936.0,0.008362718901335083,325.9607117292715,0.042251058339389386
46008.0,0.008211695309334847,325.86589761919964,0.04209674837524742
46080.0,0.008063080902132837,325.77232262747185,0.04194445507621044
46152.0,0.007916844052843146,325.6799760535821,0.04179416102720486
46224.0,0.007772953410564794,325.588847178024,0.041645848782234096
46296.0,0.007631377900799108,325.49892526506545,0.04149950086889402
46368.0,0.007492086725797724,325.41019956547615,0.04135509979281243
46440.0,0.007355049364840483,325.32265931921023,0.04121262804201465
46512.0,0.007220235574446364,325.23629375804086,0.0410720680912115
46584.0,0.007087615388517677,325.1510921081499,0.04093340240601396
46656.0,0.006957159118418065,325.06704359267,0.04079661344707046
46728.0,0.006828837352987134,324.98413743418064,0.040661683674128986
46800.0,0.006702620958491414,324.9023628571577,0.04052859555002415
46872.0,0.006578481078513754,324.82170909037603,0.040397331544586995
46944.0,0.006456389133781948,324.74216536926593,0.040267874138480306
47016.0,0.006336316821938049,324.66372093822326,0.04014020582695837
47088.0,0.006218236117248928,324.5863650528726,0.040014309123550196
47160.0,0.006102119270260625,324.5100869822849,0.0398901665636687
47232.0,0.0059879388073955315,324.4348760111481,0.03976776070814354
47304.0,0.005875667530496388,324.36072144189234,0.03964707414667978
47376.0,0.005765278516315474,324.2876125967691,0.039528089501241745
47448.0,0.00565674511595209,324.21553881988444,0.03941078942936193
47520.0,0.005550040954238618,324.1444894791869,0.03929515662737671
47592.0,0.005445139929076662,324.0744539684097,0.03918117383358683
47664.0,0.005342016210724638,324.00542170896836,0.039068823831346
47736.0,0.005240644241037041,323.93738215181247,0.038958089452074796
47808.0,0.005140998732657496,323.8703247792339,0.038848953578203164
47880.0,0.0050430546681667285,323.8042391066296,0.03874139914603968
47952.0,0.004946787299185773,323.73911468422097,0.03863540914856962
48024.0,0.00485217214543626,323.6749410987289,0.03853096663818125
48096.0,0.00475918499375888,323.6117079750051,0.03842805472932083
48168.0,0.004667801897090272,323.5494049776212,0.038326656601078465
48240.0,0.004577999173401173,323.488021812413,0.0382267554997022
48312.0,0.00448975340459507,323.4275482279845,0.0381283347410448
48384.0,0.00440304143536956,323.3679740171675,0.03803137771294013
48456.0,0.004317840372041094,323.30928901844067,0.03793586787751218
48528.0,0.004234127581334373,323.25148311730635,0.03784178877341608
48600.0,0.004151880689137054,323.1945462476268,0.03774912401801265
48672.0,0.00407107757922151,323.13846839291915,0.03765785730947592
48744.0,0.003991696391934067,323.08323958761,0.03756797242883531
48816.0,0.003913715522853359,323.0288499182503,0.037479453241952315
48888.0,0.0038371136214173968,322.9752895246907,0.037392283701434124
48960.0,0.003761869589522549,322.9225486012175,0.037306447848481486
49032.0,0.0036879625800934892,322.87061739764994,0.03722192981467527
49104.0,0.003615371995626835,322.81948622039926,0.037138713823699786
49176.0,0.003544077486706637,322.76914543348994,0.03705678419300487
49248.0,0.0034740589504970642,322.71958545954357,0.03697612533540715
49320.0,0.0034052965292083615,322.6707967807255,0.036896721760630725
49392.0,0.003337770608541003,322.62276993965537,0.03681855807678912
49464.0,0.0032714618161064917,322.5754955402816,0.03674161899180834
49536.0,0.0032063510198267558,322.52896424872023,0.03666588931479217
49608.0,0.003142419326312903,322.4831667940581,0.03659135395732955
49680.0,0.0030796480792243315,322.43809396912275,0.03651799793474727
49752.0,0.0030180188576086307,322.3937366312168,0.036445806367305385
49824.0,0.002957513474223501,322.3500857028199,0.03637476448133941
49896.0,0.002898113973841294,322.3071321722565,0.036304857610347456
49968.0,0.0028398026315379897,322.2648670943317,0.03623607119602483
50040.0,0.002782561950965612,322.22328159093473,0.036168390789246274
50112.0,0.002726374662610364,322.1823668516105,0.036101802050996064
50184.0,0.0026712237220370186,322.14211413410015,0.036036290753248004
50256.0,0.002617092308119717,322.1025147648515,0.0359718427797958
50328.0,0.0025639638212611835,322.0635601394983,0.03590844412703347
50400.0,0.002511821881599269,322.0252417233103,0.03584608090468747
50472.0,0.0024606503272038846,321.9875510516147,0.035784739336502884
50544.0,0.002410433212262641,321.95047973018785,0.03572440576088073
50616.0,0.0023611548052581937,321.91401943561993,0.03566506663147144
50688.0,0.002312799587135794,321.87816191565094,0.0356067085177219
50760.0,0.0022653522494643133,321.8428989894801,0.03554931810537885
50832.0,0.0022187976925882027,321.8082225480488,0.03549288219694938
50904.0,0.0021731210237747644,321.77412455429686,0.03543738771211814
50976.0,0.002128307555353892,321.74059704339356,0.035382821688123026
51048.0,0.0020843428028533726,321.7076321229433,0.03532917128009026
51120.0,0.0020412124831291935,321.6752219731667,0.035276423761328786
51192.0,0.0019989025124922135,321.6433588470574,0.035224566523585944
51264.0,0.0019573990048308504,321.6120350705156,0.035173587077264167
51336.0,0.0019166882697311976,321.581243042458,0.03512347305160044
51408.0,0.0018767568105948979,321.55097523490537,0.03507421219480848
51480.0,0.0018375913227555159,321.5212241930475,0.03502579237418479
51552.0,0.0017991786915935331,321.4919825352871,0.03497820157617974
51624.0,0.0017615059906505527,321.4632429532619,0.03493142790643374
51696.0,0.0017245604797440333,321.4349982118466,0.03488545958978037
51768.0,0.0016883296030820933,321.4072411491336,0.034840284970214935
51840.0,0.0016528009873796,321.3799646763951,0.03479589251083303
51912.0,0.0016179624399755147,321.3531617780252,0.03475227079373601
51984.0,0.00158380194695182,321.32682551146314,0.03470940851990626
52056.0,0.0015503076712559693,321.30094900709855,0.0346672945090529
52128.0,0.0015174679508254095,321.2755254681584,0.03462591769942776
52200.0,0.0014852712967153938,321.2505481705763,0.0345852671476129
52272.0,0.0014537063912313925,321.2260104628458,0.03454533202828155
52344.0,0.001422762086064723,321.201905765856,0.034506101633930635
52416.0,0.0013924274004333665,321.1782275727113,0.03446756537458766
52488.0,0.0013626915192278073,321.154969448536,0.03442971277749235
52560.0,0.0013335437911624946,321.1321250302629,0.03439253348675286
52632.0,0.0013049737269323748,321.10968802640775,0.03435601726297862
52704.0,0.0012769709973765742,321.087652216829,0.03432015398288918
52776.0,0.001249525431647866,321.0660114524731,0.03428493363889998
52848.0,0.001222627015389355,321.0447596551075,0.03425034633868745
52920.0,0.0011962658889184594,321.02389081703876,0.034216382304730585
52992.0,0.0011704323454182841,321.00339900082014,0.03418303187383478
53064.0,0.0011451168291370423,320.98327833894416,0.03415028549663162
53136.0,0.001120309933595344,320.9635230335259,0.034118133737063426
53208.0,0.001096002399802422,320.94412735597257,0.03408656727184536
53280.0,0.0010721851144807957,320.9250856466437,0.034055576889912634
53352.0,0.0010488491083002062,320.9063923144988,0.03402515349184682
53424.0,0.0010259855541202931,320.8880418367364,0.03399528808928852
53496.0,0.0010035857652439283,320.87002875842137,0.03396597180433078
53568.0,0.0009816411936794148,320.85234769210393,0.03393719586889915
53640.0,0.0009601434284130057,320.83499331742854,0.033908951624114954
53712.0,0.0009390841936919583,320.8179603807342,0.033881230519644874
53784.0,0.0009184553473178371,320.8012436946459,0.03385402411303621
53856.0,0.0008982488789506706,320.78483813765826,0.033827324069038815
53928.0,0.0008784569084239614,320.7687386537103,0.03380112215891347
54000.0,0.0008590716840708182,320.75294025175384,0.033775410259729376
54072.0,0.0008400855810616496,320.7374380053139,0.03375018035364836
54144.0,0.0008214910997529091,320.7222270520422,0.033725424527198636
54216.0,0.0008032808640482198,320.707302593264,0.03370113497053714
54288.0,0.0007854476197701413,320.69265989351936,0.033677303976702766
54360.0,0.0007679842330451692,320.6782942800971,0.033653923940858
54432.0,0.0007508836887001392,320.6642011425642,0.033630987359523225
54504.0,0.0007341390886711374,320.6503759322892,0.033608486829800666
54576.0,0.000717743650424756,320.63681416196084,0.03358641504859127
54648.0,0.0007016907053915709,320.6235114051014,0.033564764811802525
54720.0,0.0006859736974130302,320.61046329557587,0.033543529013549726
54792.0,0.0006705861812004397,320.59766552709664,0.033522700645349776
54864.0,0.0006555218208068636,320.5851138527245,0.03350227279530909
54936.0,0.0006407743881121878,320.5728040843652,0.03348223864730437
55008.0,0.0006263377613210609,320.56073209226355,0.033462591480158926
55080.0,0.0006122059234742469,320.54889380449305,0.033443324666812435
55152.0,0.0005983729609724688,320.53728520644364,0.03342443167348703
55224.0,0.0005848330621146704,320.5259023403059,0.033405906058847835
55296.0,0.0005715805156485053,320.5147413045531,0.03338774147316021
55368.0,0.0005586097093347135,320.5037982534214,0.03336993165744332
55440.0,0.0005459151285252134,320.4930693963866,0.03335247044261919
55512.0,0.0005334913547538577,320.48255099764066,0.03333535174866017
55584.0,0.0005213330643417924,320.4722393755656,0.033318569583733026
55656.0,0.0005094350270154803,320.4621309022064,0.033302118043340934
55728.0,0.0004977921045389893,320.45222200274253,0.03328599130946347
55800.0,0.0004863992493593365,320.4425091549584,0.03327018364969475
55872.0,0.00047525150326588377,320.43298888871306,0.033254689416380497
55944.0,0.00046434399606337456,320.42365778540983,0.0332395030457545
56016.0,0.0004536719442584022,320.41451247746454,0.033224619057073544
56088.0,0.0004432306497597848,320.40554964777385,0.03321003205175194
56160.0,0.00043301549859270816,320.3967660291843,0.03319573671249741
56232.0,0.0004230219596262621,320.38815840396,0.03318172780244491
56304.0,0.0004132455833148147,320.37972360325205,0.0331680001642927
56376.0,0.00040368200045299337,320.3714585065673,0.03315454871943829
56448.0,0.0003943269209444323,320.36336004123825,0.03314136846711526
56520.0,0.0003851761325840742,320.35542518189357,0.03312845448353178
56592.0,0.00037622549985420306,320.34765094992946,0.03311580192101019
56664.0,0.00036747096273374565,320.34003441298233,0.033103406007128744
56736.0,0.0003589085355214471,320.3325726844021,0.03309126204386446
56808.0,0.0003505343056723154,320.32526292272723,0.03307936540673857
56880.0,0.0003423444326479574,320.3181023311614,0.0330677115439652
56952.0,0.000334335146779615,320.31108815705096,0.03305629597560043
57024.0,0.0003265027481456794,320.3042176913651,0.033045114292696735
57096.0,0.0003188436054612843,320.2974882681771,0.03303416215645826
57168.0,0.00031135415498219826,320.2908972641478,0.033023435297400566
57240.0,0.00030403089942157834,320.28444209801125,0.03301292951451332
57312.0,0.0002968704068800284,320.2781202300621,0.03300264067442604
57384.0,0.0002898693097885898,320.2719291616457,0.032992564710578355
57456.0,0.0002830243038646094,320.26586643465043,0.03298269762239358
57528.0,0.0002763321470816063,320.2599296310024,0.03297303547445644
57600.0,0.0002697896586508266,320.2541163721627,0.03296357439569477
57672.0,0.0002633937180165825,320.24842431862766,0.03295431057856651
57744.0,0.00025714126386393717,320.2428511694313,0.0329452402782494
57816.0,0.00025102929313905497,320.2373946616508,0.03293635981183667
57888.0,0.000245054860082661,320.2320525699154,0.03292766555753735
57960.0,0.00023921507527589978,320.2268227059174,0.032919153953880585
58032.0,0.0002335071046982371,320.2217029179269,0.03291082149892604
58104.0,0.0002279281687984189,320.21669109030927,0.03290266474947833
58176.0,0.0002224755415772241,320.21178514304586,0.03289468032030713
58248.0,0.00021714654968332735,320.2069830312588,0.032886864883373695
58320.0,0.00021193857151996208,320.20228274473715,0.03287921516705971
58392.0,0.0002068490363650124,320.19768230746894,0.032871727955405695
58464.0,0.00020187542350224292,320.1931797771745,0.03286440008735153
58536.0,0.0001970152613650163,320.1887732448448,0.032857228455984926
58608.0,0.00019226612669121925,320.18446083428205,0.032850210007794034
58680.0,0.000187625643690339,320.1802407016451,0.032843341741927434
58752.0,0.00018309148322212155,320.1761110349978,0.032836620709458926
58824.0,0.00017866136198638514,320.17207005386086,0.03283004401265855
58896.0,0.00017433304172505512,320.16811600876804,0.03282360880426999
58968.0,0.0001701043284343773,320.16424718082567,0.03281731228679378
59040.0,0.00016597307158984983,320.16046188127586,0.03281115171177647
59112.0,0.00016193716338064077,320.15675845106415,0.032805124379106904
59184.0,0.0001579945379565644,320.1531352604101,0.03279922763631748
59256.0,0.0001541431706848809,320.1495907083829,0.03279345887789317
59328.0,0.00015038107741874827,320.1461232224792,0.032787815544584924
59400.0,0.00014670631377576492,320.1427312582073,0.03278229512273234
59472.0,0.00014311697442739987,320.1394132986727,0.032776895143589835
59544.0,0.00013961119239945522,320.13616785416934,0.03277161318266061
59616.0,0.00013618713838194259,320.13299346177433,0.03276644685903773
59688.0,0.00013284302005025738,320.1298886849465,0.032761393834750394
59760.0,0.00012957708139582074,320.1268521131294,0.032756451814118126
59832.0,0.00012638760206769924,320.12388236135774,0.03275161854310973
59904.0,0.00012327289672326659,320.12097806986833,0.0327468918087107
59976.0,0.00012023131438952298,320.11813790371514,0.03274226943829638
60048.0,0.00011726123783388227,320.1153605523877,0.03273774929901098
60120.0,0.00011436108294494253,320.1126447294346,0.03273332929715477
60192.0,0.0001115292981222092,320.10998917209025,0.032729007377576884
60264.0,0.00010876436367631623,320.10739264090626,0.03272478152307493
60336.0,0.00010606479123770304,320.104853919386,0.03272064975380074
60408.0,0.00010342912317525606,320.10237181362453,0.03271661012667392
60480.0,0.0001008559320236196,320.0999451519514,0.032712660734800864
60552.0,9.834381991997403e-05,320.0975727845782,0.032708799706900986
60624.0,9.58914180495715e-05,320.09525358325004,0.032705025206739444
60696.0,9.349738610029552e-05,320.09298644090086,0.03270133543256615
60768.0,9.116041172571144e-05,320.090770271313,0.032697728616561866
60840.0,8.887921001721141e-05,320.08860400878046,0.03269420302429021
60912.0,8.665252298415371e-05,320.08648660777703,0.03269075695415712
60984.0,8.447911904313142e-05,320.08441704262714,0.03268738873687567
61056.0,8.235779251518207e-05,320.0823943071818,0.03268409673493838
61128.0,8.028736313084846e-05,320.08041741449836,0.03268087934209608
61200.0,7.826667554451194e-05,320.0784853965231,0.03267773498284133
61272.0,7.629459885565339e-05,320.0765973037796,0.032674662111901266
61344.0,7.437002613890705e-05,320.0747522050598,0.03267165921373479
61416.0,7.24918739809535e-05,320.0729491871189,0.032668724802036045
61488.0,7.065908202647155e-05,320.07118735437547,0.032665857419246075
61560.0,6.887061253062748e-05,320.06946582861326,0.032663055636068083
61632.0,6.71254499194863e-05,320.0677837486894,0.03266031805099201
61704.0,6.542260035823917e-05,320.06614027024415,0.03265764328982235
61776.0,6.376109132596792e-05,320.06453456541607,0.03265503000521465
61848.0,6.213997119866894e-05,320.0629658225602,0.03265247687621675
61920.0,6.055830883828169e-05,320.0614332459702,0.032649982607816486
61992.0,5.901519319001234e-05,320.0599360556042,0.03264754593049588
62064.0,5.7509732885643796e-05,320.0584734868147,0.032645165599790936
62136.0,5.6041055854199854e-05,320.05704479008153,0.03264284039585769
62208.0,5.460830893887934e-05,320.05564923074877,0.032640569123043625
62280.0,5.3210657521664876e-05,320.05428608876593,0.03263835060946656
62352.0,5.184728515345512e-05,320.0529546584316,0.03263618370659741
62424.0,5.051739319101877e-05,320.0516542481417,0.0326340672888506
62496.0,4.922020044098264e-05,320.05038418014055,0.03263200025317875
62568.0,4.7954942808899936e-05,320.04914379027616,0.03262998151867445
62640.0,4.6720872955868155e-05,320.04793242775844,0.03262801002617686
62712.0,4.551725996024508e-05,320.04674945492127,0.032626084737884364
62784.0,4.4343388985883555e-05,320.0455942469878,0.032624204636972604
62856.0,4.319856095615772e-05,320.0444661918392,0.03262236872721831
62928.0,4.2082092234330147e-05,320.04336468978715,0.03262057603262859
63000.0,4.0993314308786516e-05,320.04228915334903,0.032618825597075546
63072.0,3.993157348496685e-05,320.0412390070269,0.03261711648393626
63144.0,3.889623058168469e-05,320.04021368709004,0.03261544777573905
63216.0,3.788666063449764e-05,320.03921264135994,0.0326138185738133
63288.0,3.690225260332395e-05,320.03823532899906,0.032612227997945976
63360.0,3.5942409085903054e-05,320.03728122030316,0.03261067518604339
63432.0,3.500654603638941e-05,320.03634979649576,0.03260915929379684
63504.0,3.409409248902734e-05,320.0354405495268,0.032607679494354884
63576.0,3.320449028743827e-05,320.0345529818739,0.032606234977999776
63648.0,3.2337193818491407e-05,320.03368660634663,0.03260482495182915
63720.0,3.1491669751325804e-05,320.032840945894,0.0326034486394425
63792.0,3.06673967807952e-05,320.032015533415,0.03260210528063292
63864.0,2.9863865376473065e-05,320.0312099115721,0.03260079413108358
63936.0,2.9080577536222452e-05,320.0304236326075,0.03259951446206869
64008.0,2.831704654342579e-05,320.02965625816245,0.032598265560159385
64080.0,2.7572796730519578e-05,320.0289073590997,0.032597046726934795
64152.0,2.6847363245301384e-05,320.02817651532837,0.03259585727869692
64224.0,2.614029182270692e-05,320.02746331563173,0.03259469654619065
64296.0,2.5451138560939748e-05,320.0267673574981,0.03259356387432816
64368.0,2.4779469701544113e-05,320.02608824695403,0.03259245862191769
64440.0,2.412486141351035e-05,320.02542559840083,0.03259138016139735
64512.0,2.3486899581980703e-05,320.0247790344528,0.03259032787857196
64584.0,2.2865179601111827e-05,320.0241481857794,0.03258930117235594
64656.0,2.225930617020587e-05,320.0235326909489,0.032588299454519354
64728.0,2.166889309485074e-05,320.0229321962752,0.03258732214943785
64800.0,2.1093563090937904e-05,320.02234635566737,0.032586368693848636
64872.0,2.053294759317451e-05,320.02177483048087,0.03258543853660761
64944.0,1.998668656704146e-05,320.02121728937254,0.03258453113845382
65016.0,1.9454428324446255e-05,320.02067340815694,0.03258364597177542
65088.0,1.89358293431949e-05,320.02014286966573,0.03258278252038098
65160.0,1.8430554089874722e-05,320.019625363609,0.03258194027927366
65232.0,1.7938274846058334e-05,320.0191205864398,0.032581118754430746
65304.0,1.745867153836269e-05,320.0186282412198,0.032580317462585225
65376.0,1.699143157158096e-05,320.01814803748846,0.03257953593101247
65448.0,1.6536249665402825e-05,320.0176796911336,0.03257877369731992
65520.0,1.609282769402985e-05,320.01722292426473,0.03257803030924085
65592.0,1.566087452909518e-05,320.0167774650883,0.032577305324431205
65664.0,1.5240105886313289e-05,320.01634304778537,0.03257659831027069
65736.0,1.483024417419026e-05,320.01591941239127,0.03257590884366679
65808.0,1.4431018346731203e-05,320.0155063046775,0.03257523651086263
65880.0,1.4042163758740404e-05,320.01510347603556,0.03257458090724788
65952.0,1.366342202378661e-05,320.0147106833631,0.03257394163717343
66024.0,1.3294540875436597e-05,320.0143276889517,0.03257331831376891
66096.0,1.2935274031365974e-05,320.01395426037715,0.032572710558763804
66168.0,1.2585381059975277e-05,320.0135901703916,0.0325721180023123
66240.0,1.2244627249865572e-05,320.0132351968172,0.03257154028282003
66312.0,1.1912783481960635e-05,320.0128891224422,0.03257097704677464
66384.0,1.1589626104276345e-05,320.0125517349188,0.03257042794858037
66456.0,1.127493680928293e-05,320.0122228266627,0.03256989265039356
66528.0,1.0968502513879065e-05,320.01190219475455,0.03256937082196304
66600.0,1.067011524176338e-05,320.0115896408435,0.03256886214047282
66672.0,1.0379572007991288e-05,320.01128497105213,0.03256836629038735
66744.0,1.0096674706658007e-05,320.01098799588317,0.03256788296329986
66816.0,9.821230000180127e-06,320.0106985301286,0.032567411857784286
66888.0,9.553049211046728e-06,320.0104163927792,0.03256695267924811
66960.0,9.291948216394154e-06,320.01014140693707,0.03256650513979008
67032.0,9.037747344091378e-06,320.00987339972903,0.032566068958059
67104.0,8.790271271311772e-06,320.00961220222194,0.032565643859116214
67176.0,8.549348925449737e-06,320.0093576493396,0.03256522957430023
67248.0,8.314813386547413e-06,320.00910957978095,0.032564825841093506
67320.0,8.086501792474272e-06,320.00886783594,0.032564432402992366
67392.0,7.864255245705885e-06,320.00863226382796,0.03256404900938001
67464.0,7.647918722162804e-06,320.0084027129951,0.03256367541539956
67536.0,7.437340982163684e-06,320.0081790364565,0.03256331138183297
67608.0,7.232374482799113e-06,320.0079610906169,0.03256295667497901
67680.0,7.032875293023261e-06,320.00774873519856,0.03256261106653566
67752.0,6.838703009634067e-06,320.0075418331701,0.032562274333484305
67824.0,6.6497206757753026e-06,320.0073402506762,0.03256194625797548
67896.0,6.465794700682403e-06,320.00714385696966,0.03256162662721813
67968.0,6.286794781648575e-06,320.00695252434366,0.03256131523336931
68040.0,6.1125938272343565e-06,320.00676612806643,0.032561011873428115
68112.0,5.943067882555488e-06,320.0065845463163,0.03256071634912974
68184.0,5.7780960556897935e-06,320.00640766011844,0.03256042846684276
68256.0,5.617560446251373e-06,320.0062353532833,0.032560148037468525
68328.0,5.46134607511917e-06,320.0060675123448,0.03255987487634121
68400.0,5.3093408157821024e-06,320.00590402650204,0.032559608803132065
68472.0,5.161435327442895e-06,320.0057447875597,0.03255934964175342
68544.0,5.01752298924072e-06,320.00558968987156,0.03255909722026596
68616.0,4.877499836161503e-06,320.0054386302839,0.03255885137078703
68688.0,4.7412644961561715e-06,320.0052915080808,0.0325586119294015
68760.0,4.608718128804246e-06,320.0051482249302,0.032558378736073944
68832.0,4.479764365433904e-06,320.00500868483124,0.03255815163456284
68904.0,4.3543092502371415e-06,320.0048727940621,0.03255793047233611
68976.0,4.232261182983085e-06,320.0047404611299,0.03255771510048896
69048.0,4.1135308631174e-06,320.0046115967207,0.03255750537366291
69120.0,3.9980312344652795e-06,320.00448611365096,0.03255730114996693
69192.0,3.885677431977312e-06,320.0043639268199,0.0325571022908994
69264.0,3.776386729132646e-06,320.0042449531628,0.03255690866127248
69336.0,3.6700784867985605e-06,320.0041291116056,0.03255672012913812
69408.0,3.5666741031384173e-06,320.00401632301947,0.03255653656571419
69480.0,3.466096964442865e-06,320.0039065101778,0.03255635784531435
69552.0,3.3682723976311252e-06,320.00379959771266,0.03255618384527735
69624.0,3.2731276230541313e-06,320.003695512073,0.03255601444589885
69696.0,3.180591709144959e-06,320.0035941814836,0.03255584953036457
69768.0,3.0905955275668066e-06,320.00349553590445,0.03255568898468449
69840.0,3.003071709462255e-06,320.0033995069916,0.032555532697628876
69912.0,2.9179546031409806e-06,320.00330602805843,0.0325553805606651
69984.0,2.835180231732808e-06,320.00321503403774,0.03255523246789642
70056.0,2.7546862532376513e-06,320.0031264614447,0.03255508831600126
70128.0,2.676411920132425e-06,320.0030402483408,0.03255494800417469
70200.0,2.6002980407004103e-06,320.00295633429846,0.03255481143407074
70272.0,2.526286941000072e-06,320.0028746603657,0.03255467850974519
70344.0,2.4543224278289552e-06,320.0027951690329,0.03255454913760101
70416.0,2.3843497521137115e-06,320.00271780419905,0.03255442322633396
70488.0,2.316315574040749e-06,320.0026425111394,0.032554300686879395
70560.0,2.250167927991913e-06,320.00256923647356,0.03255418143236072
70632.0,2.1858561887053946e-06,320.00249792813446,0.032554065378038836
70704.0,2.123331038644777e-06,320.0024285353373,0.032553952441261434
70776.0,2.06254443540359e-06,320.0023610085506,0.032553842541416134
70848.0,2.0034495804775843e-06,320.00229529946637,0.03255373559988151
70920.0,1.946000888037005e-06,320.0022313609716,0.032553631539981316
70992.0,1.8901539555107461e-06,320.0021691471204,0.03255353028693847
71064.0,1.8358655336020211e-06,320.0021086131069,0.03255343176783145
71136.0,1.7830934981870813e-06,320.00204971523794,0.032553335911549755
71208.0,1.7317968220006503e-06,320.00199241090746,0.032553242648751896
71280.0,1.6819355472093487e-06,320.0019366585707,0.032553151911823786
71352.0,1.6334707592291025e-06,320.001882417719,0.032553063634837676
71424.0,1.5863645600799916e-06,320.0018296488556,0.03255297775351252
71496.0,1.540580043429198e-06,320.0017783134716,0.03255289420517506
71568.0,1.496081269473752e-06,320.00172837402255,0.0325528129287217
71640.0,1.4528332407825142e-06,320.00167979390534,0.03255273386458094
71712.0,1.4108018787246724e-06,320.00163253743625,0.032552656954677496
71784.0,1.3699540002351084e-06,320.00158656982876,0.03255258214239631
71856.0,1.330257295184483e-06,320.0015418571722,0.03255250937254773
71928.0,1.291680304796572e-06,320.0014983664109,0.032552438591333714
72000.0,1.254192399444566e-06,320.00145606532345,0.03255236974631392
72072.0,1.2177637586318388e-06,320.0014149225032,0.032552302786373985
72144.0,1.182365349516307e-06,320.0013749073384,0.03255223766169325
72216.0,1.1479689076017094e-06,320.0013359899929,0.03255217432371348
72288.0,1.1145469170916601e-06,320.00129814138785,0.032552112725108724
72360.0,1.082072591829716e-06,320.0012613331833,0.03255205281975586
72432.0,1.0505198567189867e-06,320.00122553776026,0.03255199456270483
72504.0,1.0198633296037973e-06,320.00119072820337,0.032551937910150985
72576.0,9.90078303577518e-07,320.0011568782838,0.03255188281940685
72648.0,9.611407299831514e-07,320.0011239624426,0.03255182924887532
72720.0,9.330272010765404e-07,320.00109195577437,0.032551777158022786
72792.0,9.057149340572047e-07,320.00106083401147,0.03255172650735366
72864.0,8.791817549748377e-07,320.0010305735084,0.032551677258384905
72936.0,8.534060829025387e-07,320.0010011512266,0.0325516293736213
73008.0,8.283669148732593e-07,320.0009725447197,0.03255158281653127
73080.0,8.040438109592076e-07,320.00094473211874,0.03255153755152325
73152.0,7.804168797943516e-07,320.0009176921185,0.032551493543922845
73224.0,7.574667644175213e-07,320.00089140396324,0.03255145075995017
73296.0,7.351746282571332e-07,320.00086584743315,0.032551409166697444
73368.0,7.135221419864331e-07,320.0008410028317,0.03255136873210858
73440.0,6.9249147032546e-07,320.00081685097206,0.032551329424957025
73512.0,6.720652591094196e-07,320.0007933731648,0.03255129121482573
73584.0,6.522266226769693e-07,320.0007705512058,0.03255125407208742
73656.0,6.329591321817592e-07,320.00074836736377,0.03255121796788454
73728.0,6.142468033006397e-07,320.0007268043689,0.03255118287411042
73800.0,5.960740846163684e-07,320.0007058454012,0.0325511487633905
73872.0,5.784258467465092e-07,320.00068547407943,0.03255111560906428
73944.0,5.612873707264796e-07,320.00066567445003,0.03255108338516743
74016.0,5.446443378487429e-07,320.00064643097653,0.0325510520664143
74088.0,5.284828188631881e-07,320.00062772852914,0.03255102162818117
74160.0,5.127892636563612e-07,320.0006095523746,0.03255099204648968
74232.0,4.975504918193285e-07,320.00059188816607,0.03255096329799028
74304.0,4.827536822919222e-07,320.00057472193356,0.03255093535994687
74376.0,4.683863644453298e-07,320.0005580400747,0.03255090821022154
74448.0,4.5443640859684173e-07,320.000541829345,0.03255088182725903
74520.0,4.4089201700371846e-07,320.0005260768492,0.03255085619007209
74592.0,4.277417153014304e-07,320.00051077003235,0.032550831278227645
74664.0,4.14974343586588e-07,320.00049589667105,0.03255080707183214
74736.0,4.0257904856546637e-07,320.00048144486544,0.032550783551518504
74808.0,3.905452750634108e-07,320.00046740303065,0.03255076069843239
74880.0,3.788627582799787e-07,320.000453759889,0.03255073849421937
74952.0,3.6752151623950253e-07,320.000440504462,0.03255071692101191
75024.0,3.565118417979671e-07,320.0004276260632,0.03255069596141783
75096.0,3.4582429585704654e-07,320.00041511429004,0.03255067559850704
75168.0,3.3544970002836716e-07,320.00040295901726,0.0325506558158006
75240.0,3.2537912949236933e-07,320.0003911503895,0.032550636597258875
75312.0,3.1560390651492586e-07,320.00037967881434,0.03255061792727034
75384.0,3.061155936618205e-07,320.000368534956,0.032550599790640906
75456.0,2.9690598749260416e-07,320.0003577097281,0.03255058217258251
75528.0,2.87967112166189e-07,320.00034719428777,0.032550565058703344
75600.0,2.7929121354330124e-07,320.00033698002926,0.03255054843499762
75672.0,2.708707529337937e-07,320.0003270585777,0.03255053228783518
75744.0,2.626984014658123e-07,320.00031742178317,0.032550516603952105
75816.0,2.547670346857633e-07,320.0003080617153,0.03255050137044168
75888.0,2.470697265544612e-07,320.000298970657,0.03255048657474429
75960.0,2.3959974449093905e-07,320.00029014109936,0.0325504722046392
76032.0,2.3235054404384968e-07,320.000281565736,0.0325504582482353
76104.0,2.253157637221059e-07,320.000273237458,0.03255044469396286
76176.0,2.1848922007469803e-07,320.0002651493487,0.03255043153056502
76248.0,2.118649031076086e-07,320.0002572946788,0.03255041874708978
76320.0,2.0543697106159114e-07,320.00024966690125,0.03255040633288179
76392.0,1.991997465041243e-07,320.0002422596467,0.03255039427757502
76464.0,1.9314771123161956e-07,320.0002350667188,0.03255038257108485
76536.0,1.8727550250333825e-07,320.00022808208973,0.03255037120360104
76608.0,1.8157790836996326e-07,320.0002212998957,0.03255036016558027
76680.0,1.760498638187595e-07,320.00021471443256,0.03255034944773899
76752.0,1.7068644656390281e-07,320.0002083201522,0.03255033904104768
76824.0,1.654828734581128e-07,320.00020211165736,0.03255032893672235
76896.0,1.6043449628304712e-07,320.0001960836988,0.03255031912621984
76968.0,1.55536798569435e-07,320.0001902311708,0.03255030960123046
77040.0,1.5078539144064337e-07,320.0001845491074,0.03255030035367232
77112.0,1.4617601045088832e-07,320.00017903267894,0.03255029137568498
77184.0,1.4170451210341456e-07,320.0001736771881,0.03255028265962366
77256.0,1.3736687051132747e-07,320.00016847806694,0.032550274198053945
77328.0,1.331591740579965e-07,320.0001634308728,0.03255026598374551
77400.0,1.290776225725748e-07,320.00015853128565,0.0325502580096674
77472.0,1.2511852386636768e-07,320.00015377510437,0.03255025026898235
77544.0,1.212782910327817e-07,320.0001491582437,0.0325502427550416
77616.0,1.1755343946304502e-07,320.00014467673145,0.03255023546138044
77688.0,1.1394058370237373e-07,320.0001403267049,0.03255022838171226
77760.0,1.1043643535345724e-07,320.00013610440845,0.03255022150992476
77832.0,1.07037799897392e-07,320.0001320061904,0.03255021484007492
77904.0,1.0374157409984466e-07,320.00012802850034,0.03255020836638431
77976.0,1.0054474386194717e-07,320.0001241678865,0.03255020208323527
78048.0,9.744438127150638e-08,320.00012042099286,0.032550195985165876
78120.0,9.443764247150583e-08,320.00011678455695,0.032550190066866436
78192.0,9.15217652797225e-08,320.0001132554069,0.032550184323174754
78264.0,8.869406689744484e-08,320.0001098304593,0.03255017874907248
78336.0,8.595194165341902e-08,320.0001065067167,0.03255017333968141
78408.0,8.329285903212363e-08,320.0001032812654,0.03255016809025946
78480.0,8.07143612759519e-08,320.0001001512732,0.03255016299619716
78552.0,7.821406160862537e-08,320.00009711398707,0.03255015805301395
78624.0,7.578964210386025e-08,320.000094166731,0.03255015325635471
78696.0,7.343885173113391e-08,320.00009130690404,0.03255014860198632
78768.0,7.115950481065242e-08,320.00008853197824,0.032550144085794576
78840.0,6.894947847295747e-08,320.0000858394966,0.032550139703780706
78912.0,6.680671180629798e-08,320.0000832270712,0.032550135452058336
78984.0,6.472920333446755e-08,320.0000806923813,0.03255013132685055
79056.0,6.271500977315566e-08,320.00007823317156,0.03255012732448672
79128.0,6.076224418272028e-08,320.00007584725023,0.03255012344139975
79200.0,5.886907454714444e-08,320.0000735324874,0.03255011967412327
79272.0,5.7033722068592136e-08,320.0000712868132,0.03255011601928845
79344.0,5.5254459942028285e-08,320.00006910821645,0.03255011247362227
79416.0,5.352961131225143e-08,320.0000669947427,0.032550109033943786
79488.0,5.1857548474582894e-08,320.00006494449303,0.032550105697162414
79560.0,5.023669120524841e-08,320.00006295562235,0.032550102460275385
79632.0,4.866550534023508e-08,320.0000610263377,0.03255009932036457
79704.0,4.714250154959377e-08,320.00005915489726,0.032550096274595285
79776.0,4.566623434271372e-08,320.00005733960876,0.032550093320213254
79848.0,4.423530023889318e-08,320.00005557882804,0.032550090454542636
79920.0,4.2848337021108735e-08,320.00005387095763,0.03255008767498354
79992.0,4.15040224570002e-08,320.00005221444565,0.03255008497901029
80064.0,4.0201072949202955e-08,320.00005060778466,0.03255008236416953
80136.0,3.8938242895457634e-08,320.0000490495101,0.03255007982807768
80208.0,3.771432309028324e-08,320.00004753819945,0.03255007736841961
80280.0,3.652813997863543e-08,320.0000460724707,0.032550074982946056
80352.0,3.5378554643677944e-08,320.0000446509816,0.03255007266947252
80424.0,3.426446154540463e-08,320.0000432724282,0.03255007042587685
80496.0,3.318478788121981e-08,320.00004193554406,0.03255006825009796
80568.0,3.213849255572802e-08,320.00004063909904,0.032550066140133685
80640.0,3.112456516815304e-08,320.00003938189855,0.032550064094039884
80712.0,3.0142025213103746e-08,320.0000381627821,0.0325500621099279
80784.0,2.9189921067951147e-08,320.00003698062284,0.03255006018596367
80856.0,2.8267329566544832e-08,320.0000358343262,0.032550058320365866
80928.0,2.7373354738191066e-08,320.00003472282924,0.032550056511404586
81000.0,2.6507127114655374e-08,320.0000336450999,0.032550054757400096
81072.0,2.566780323287452e-08,320.0000326001356,0.032550053056720735
81144.0,2.4854564533810513e-08,320.00003158696313,0.0325500514077825
81216.0,2.406661681146989e-08,320.000030604637,0.03255004980904672
81288.0,2.3303189538244143e-08,320.0000296522397,0.03255004825902007
81360.0,2.2563535118556558e-08,320.0000287288797,0.032550046756251755
81432.0,2.184692817864871e-08,320.0000278336918,0.03255004529933336
81504.0,2.115266508662339e-08,320.0000269658357,0.032550043886897556
81576.0,2.0480063224482864e-08,320.00002612449555,0.032550042517616506
81648.0,1.9828460224107823e-08,320.0000253088794,0.032550041190201225
81720.0,1.9197213629868293e-08,320.0000245182182,0.032550039903400114
81792.0,1.858570024130646e-08,320.0000237517654,0.03255003865599821
81864.0,1.799331526055438e-08,320.0000230087962,0.032550037446815776
81936.0,1.7419472327815108e-08,320.00002228860683,0.032550036274707615
82008.0,1.686360256225637e-08,320.0000215905143,0.03255003513856199
82080.0,1.632515395799562e-08,320.00002091385556,0.03255003403729993
82152.0,1.5803591437268284e-08,320.0000202579868,0.03255003296987355
82224.0,1.529839571388089e-08,320.0000196222833,0.03255003193526603
82296.0,1.4809063292920177e-08,320.0000190061384,0.03255003093249027
82368.0,1.4335105778184451e-08,320.0000184089635,0.03255002996058812
82440.0,1.3876049463487539e-08,320.00001783018723,0.032550029018629724
82512.0,1.3431434942036363e-08,320.0000172692548,0.03255002810571216
82584.0,1.3000816662154179e-08,320.00001672562786,0.032550027220959336
82656.0,1.2583762536677264e-08,320.00001619878407,0.03255002636352107
82728.0,1.2179853427708122e-08,320.00001568821637,0.032550025532572135
82800.0,1.178868304006467e-08,320.00001519343255,0.03255002472731147
82872.0,1.1409857335132245e-08,320.0000147139551,0.032550023946961965
82944.0,1.104299405123578e-08,320.0000142493205,0.03255002319076909
83016.0,1.0687722739086557e-08,320.00001379907894,0.032550022458000975
83088.0,1.0343684122515765e-08,320.000013362794,0.03255002174794722
83160.0,1.0010529600868727e-08,320.0000129400421,0.03255002105991851
83232.0,9.687921462317031e-09,320.00001253041216,0.032550020393245796
83304.0,9.375532066761155e-09,320.00001213350555,0.032550019747280286
83376.0,9.073043792336898e-09,320.0000117489352,0.03255001912139205
83448.0,8.780148769260428e-09,320.0000113763257,0.03255001851497005
83520.0,8.49654843559362e-09,320.0000110153127,0.03255001792742139
83592.0,8.221953252973349e-09,320.0000106655427,0.0325500173581707
83664.0,7.956082635740982e-09,320.0000103266727,0.03255001680665979
83736.0,7.698664506692383e-09,320.0000099983701,0.03255001627234735
83808.0,7.449435172798011e-09,320.00000968031213,0.03255001575470799
83880.0,7.208138863461154e-09,320.00000937218556,0.032550015253232
83952.0,6.974527641485715e-09,320.0000090736865,0.03255001476742478
84024.0,6.748361349973093e-09,320.00000878452033,0.03255001429680684
84096.0,6.52940702613589e-09,320.0000085044012,0.032550013840912946
84168.0,6.317438883350614e-09,320.0000082330517,0.03255001339929162
84240.0,6.112238098243678e-09,320.0000079702027,0.03255001297150492
84312.0,5.913592437476537e-09,320.0000077155934,0.032550012557128305
84384.0,5.721296346666896e-09,320.0000074689706,0.03255001215574962
84456.0,5.535150541773041e-09,320.0000072300888,0.0325500117669695
84528.0,5.354961849298286e-09,320.0000069987098,0.03255001139040021
84600.0,5.1805429575665595e-09,320.00000677460264,0.03255001102566579
84672.0,5.011712505494317e-09,320.0000065575433,0.03255001067240174
84744.0,4.8482946208181436e-09,320.0000063473145,0.03255001033025439
84816.0,4.690118831246292e-09,320.0000061437056,0.03255000999888087
84888.0,4.5370200112139165e-09,320.00000594651203,0.032550009677948334
84960.0,4.388838079841156e-09,320.00000575553577,0.03255000936713446
85032.0,4.245417929917146e-09,320.00000557058456,0.03255000906612637
85104.0,4.106609143675263e-09,320.00000539147203,0.03255000877462073
85176.0,3.972266099401336e-09,320.00000521801746,0.03255000849232342
85248.0,3.842247740476631e-09,320.0000050500455,0.03255000821894905
85320.0,3.7164172023965075e-09,320.00000488738624,0.032550007954221104
85392.0,3.594641990413761e-09,320.0000047298747,0.03255000769787111
85464.0,3.4767936418738665e-09,320.00000457735143,0.032550007449639456
85536.0,3.3627477442235537e-09,320.00000442966115,0.032550007209273514
85608.0,3.252383668423287e-09,320.0000042866538,0.032550006976529045
85680.0,3.1455846577268344e-09,320.0000041481838,0.03255000675116912
85752.0,3.042237579152088e-09,320.00000401410966,0.03255000653296348
85824.0,2.9422326746226705e-09,320.00000388429464,0.03255000632168953
85896.0,2.845463774272393e-09,320.000003758606,0.03255000611713126
85968.0,2.7518279233031343e-09,320.0000036369149,0.03255000591907904
86040.0,2.6612254353214845e-09,320.0000035190968,0.03255000572733008
86112.0,2.573559714729855e-09,320.00000340503055,0.03255000554168723
86184.0,2.4887371323776724e-09,320.000003294599,0.03255000536195991
86256.0,2.406667061088516e-09,320.0000031876884,0.03255000518796284
86328.0,2.3272617157190987e-09,320.00000308418873,0.032550005019517166
86400.0,2.250435993398159e-09,320.000002983993,0.03255000485644861
86472.0,2.1761075622715783e-09,320.0000028869977,0.03255000469858879
86544.0,2.104196506330538e-09,320.00000279310257,0.032550004545774426
86616.0,2.034625520600225e-09,320.0000027022102,0.03255000439784714
86688.0,1.967319822612932e-09,320.00000261422656,0.03255000425465373
86760.0,1.9022068679727545e-09,320.0000025290601,0.032550004116045334
86832.0,1.8392163504551268e-09,320.00000244662226,0.03255000398187773
86904.0,1.7782801841973117e-09,320.00000236682723,0.03255000385201132
86976.0,1.7193325569852806e-09,320.00000228959175,0.03255000372631057
87048.0,1.662309575127814e-09,320.00000221483526,0.03255000360464439
87120.0,1.6071494763896333e-09,320.0000021424797,0.032550003486885665
87192.0,1.5537923992564188e-09,320.00000207244915,0.03255000337291099
87264.0,1.5021803650410854e-09,320.0000020046704,0.03255000326260111
87336.0,1.4522572957392256e-09,320.00000193907226,0.032550003155840106
87408.0,1.4039687297967026e-09,320.0000018755859,0.03255000305251604
87480.0,1.3572619997185383e-09,320.00000181414447,0.03255000295252012
87552.0,1.3120861787896901e-09,320.0000017546833,0.032550002855747065
87624.0,1.2683918501639767e-09,320.0000016971396,0.032550002762094736
87696.0,1.2261312489152033e-09,320.00000164145274,0.03255000267146434
87768.0,1.1852580312409269e-09,320.0000015875638,0.03255000258376011
87840.0,1.1457274697392098e-09,320.0000015354159,0.03255000249888936
87912.0,1.1074960981946735e-09,320.00000148495354,0.03255000241676189
87984.0,1.0705219424130137e-09,320.0000014361233,0.03255000233729064
88056.0,1.0347642362833569e-09,320.0000013888733,0.03255000226039125
88128.0,1.0001836700165014e-09,320.00000134315326,0.032550002185981926
88200.0,9.66742088615972e-10,320.0000012989146,0.032550002113983484
88272.0,9.3440256267581e-10,320.00000125610995,0.03255000204431895
88344.0,9.031292996201519e-10,320.0000012146937,0.03255000197691404
88416.0,8.728877324904483e-10,320.0000011746218,0.032550001911696956
88488.0,8.436443424361063e-10,320.00000113585105,0.03255000184859758
88560.0,8.153667295926705e-10,320.00000109834014,0.03255000178754857
88632.0,7.880235066382239e-10,320.00000106204874,0.032550001728484323
88704.0,7.615842632317992e-10,320.00000102693787,0.03255000167134138
88776.0,7.360195304211637e-10,320.00000099296983,0.0325500016160584
88848.0,7.113008873161039e-10,320.0000009601079,0.03255000156257563
88920.0,6.874007478949802e-10,320.00000092831687,0.032550001510835695
88992.0,6.642923609779306e-10,320.00000089756236,0.03255000146078274
89064.0,6.41949987912319e-10,320.0000008678111,0.032550001412362535
89136.0,6.203485827251463e-10,320.00000083903086,0.032550001365522725
89208.0,5.994639877251917e-10,320.0000008111906,0.032550001320212706
89280.0,5.792726845795412e-10,320.00000078426,0.03255000127638317
89352.0,5.597520431566684e-10,320.00000075821004,0.03255000123398683
89424.0,5.408801616236955e-10,320.00000073301214,0.03255000119297726
89496.0,5.226358130791249e-10,320.00000070863905,0.032550001153310054
89568.0,5.049984457251045e-10,320.00000068506426,0.03255000111494209
89640.0,4.879481471259167e-10,320.0000006622618,0.0325500010778311
89712.0,4.714656443840717e-10,320.000000640207,0.03255000104193692
89784.0,4.555323928662743e-10,320.0000006188758,0.032550001007220344
89856.0,4.401302742495583e-10,320.0000005982446,0.03255000097364306
89928.0,4.2524186299012534e-10,320.00000057829106,0.03255000094116871
90000.0,4.108503196806834e-10,320.0000005589931,0.03255000090976131
90072.0,3.9693928456856895e-10,320.00000054032967,0.03255000087938653
90144.0,3.834929662893695e-10,320.00000052228006,0.0325500008500108
90216.0,3.7049599982728234e-10,320.0000005048246,0.03255000082160201
90288.0,3.579337128461415e-10,320.0000004879439,0.03255000079412871
90360.0,3.4579162850473624e-10,320.0000004716194,0.03255000076756055
90432.0,3.340560336804531e-10,320.00000045583306,0.032550000741868305
90504.0,3.227134817999075e-10,320.00000044056736,0.03255000071702338
90576.0,3.117509880046808e-10,320.0000004258056,0.032550000692998585
90648.0,3.011560648775196e-10,320.0000004115312,0.03255000066976699
90720.0,2.909164382290687e-10,320.0000003977284,0.03255000064730297
90792.0,2.8102043763223683e-10,320.00000038438185,0.03255000062558146
90864.0,2.7145674808442456e-10,320.0000003714767,0.03255000060457831
90936.0,2.6221424987127015e-10,320.0000003589986,0.032550000584270204
91008.0,2.5328239178916217e-10,320.0000003469336,0.03255000056463439
91080.0,2.4465088900762507e-10,320.00000033526834,0.03255000054564922
91152.0,2.363097764136174e-10,320.00000032398964,0.032550000527293135
91224.0,2.2824942651674064e-10,320.00000031308497,0.03255000050954578
91296.0,2.204604958943942e-10,320.00000030254216,0.03255000049238737
91368.0,2.129340319645913e-10,320.00000029234934,0.03255000047579855
91440.0,2.0566129532730652e-10,320.000000282495,0.03255000045976065
91512.0,1.9863375971471026e-10,320.0000002729682,0.03255000044425571
91584.0,1.918433429520107e-10,320.0000002637582,0.032550000429266444
91656.0,1.8528217600426845e-10,320.00000025485446,0.032550000414775626
91728.0,1.7894263847290757e-10,320.00000024624717,0.03255000040076726
91800.0,1.7281728772136417e-10,320.00000023792643,0.03255000038722526
91872.0,1.6689901847923342e-10,320.000000229883,0.03255000037413463
91944.0,1.6118093869252485e-10,320.0000002221077,0.032550000361480286
92016.0,1.556563516873599e-10,320.00000021459175,0.03255000034924808
92088.0,1.503188450146103e-10,320.0000002073266,0.03255000033742403
92160.0,1.4516220158611903e-10,320.000000200304,0.032550000325994734
92232.0,1.40180257688653e-10,320.00000019351603,0.032550000314947335
92304.0,1.3536718695982555e-10,320.0000001869549,0.032550000304269064
92376.0,1.3071744738450048e-10,320.0000001806132,0.03255000029394798
92448.0,1.2622544359941457e-10,320.0000001744837,0.032550000283972244
92520.0,1.2188600648655564e-10,320.0000001685593,0.032550000274330304
92592.0,1.1769402037939758e-10,320.0000001628333,0.032550000265011224
92664.0,1.1364451161277414e-10,320.0000001572993,0.03255000025600465
92736.0,1.0973273739048652e-10,320.00000015195076,0.03255000024729986
92808.0,1.0595399060042538e-10,320.0000001467817,0.03255000023888722
92880.0,1.0230390142773455e-10,320.000000141786,0.03255000023075674
92952.0,9.877811800487581e-11,320.0000001369581,0.03255000022289927
93024.0,9.537246598897946e-11,320.00000013229237,0.03255000021530583
93096.0,9.208287766069553e-11,320.00000012778344,0.03255000020796754
93168.0,8.890548062719209e-11,320.00000012342616,0.032550000200876075
93240.0,8.583652694397516e-11,320.00000011921554,0.03255000019402329
93312.0,8.287232187686548e-11,320.00000011514663,0.032550000187401146
93384.0,8.000934833119582e-11,320.0000001112147,0.03255000018100195
93456.0,7.72441780531097e-11,320.0000001074154,0.03255000017481859
93528.0,7.457347159893629e-11,320.00000010374407,0.032550000168843476
93600.0,7.19941736999898e-11,320.0000001001966,0.03255000016306994
93672.0,6.950305149018173e-11,320.0000000967688,0.032550000157491245
93744.0,6.70972628713032e-11,320.0000000934568,0.032550000152100904
93816.0,6.477385923646929e-11,320.0000000902566,0.032550000146892626
93888.0,6.253003398398304e-11,320.0000000871646,0.0325500001418604
93960.0,6.036317595350909e-11,320.0000000841772,0.032550000136998394
94032.0,5.827054960910839e-11,320.0000000812908,0.03255000013230079
94104.0,5.62497392203229e-11,320.0000000785021,0.03255000012776221
94176.0,5.429836448812839e-11,320.0000000758078,0.0325500001233772
94248.0,5.2413956425814645e-11,320.0000000732049,0.03255000011914096
94320.0,5.0594259056367524e-11,320.0000000706902,0.032550000115048286
94392.0,4.883715861467919e-11,320.00000006826065,0.032550000111094206
94464.0,4.7140416944725614e-11,320.00000006591364,0.03255000010727445
94536.0,4.550215113122575e-11,320.00000006364627,0.0325500001035843
94608.0,4.3920247485634095e-11,320.000000061456,0.0325500001000196
94680.0,4.23928407720194e-11,320.00000005934004,0.032550000096575916
94752.0,4.0918065907575104e-11,320.00000005729606,0.03255000009324934
94824.0,3.9494093332803326e-11,320.0000000553216,0.03255000009003592
94896.0,3.8119253272275024e-11,320.0000000534143,0.03255000008693174
94968.0,3.67918582635551e-11,320.000000051572,0.03255000008393341
95040.0,3.5510256359860913e-11,320.0000000497924,0.03255000008103712
95112.0,3.42728666074335e-11,320.0000000480734,0.032550000078239445
95184.0,3.30782857417915e-11,320.000000046413,0.03255000007553714
95256.0,3.192498616495914e-11,320.00000004480927,0.032550000072927084
95328.0,3.081152906617766e-11,320.00000004326034,0.032550000070406204
95400.0,2.973659997966709e-11,320.0000000417642,0.03255000006797128
95472.0,2.8698902187903354e-11,320.00000004031926,0.0325500000656196
95544.0,2.7697138973362398e-11,320.00000003892364,0.03255000006334823
95616.0,2.6730031431854092e-11,320.0000000375757,0.03255000006115448
95688.0,2.5796442740938602e-11,320.00000003627395,0.03255000005903585
95760.0,2.489523603989496e-11,320.0000000350167,0.03255000005698965
95832.0,2.4025327762535476e-11,320.00000003380245,0.03255000005501349
95904.0,2.3185598876785556e-11,320.0000000326299,0.032550000053105134
95976.0,2.2375001358906764e-11,320.0000000314975,0.03255000005126219
96048.0,2.1592540483522103e-11,320.0000000304039,0.03255000004948234
96120.0,2.083725700645393e-11,320.00000002934786,0.03255000004776364
96192.0,2.0108298356809807e-11,320.00000002832803,0.03255000004610387
96264.0,1.9404687530671815e-11,320.0000000273433,0.03255000004450118
96336.0,1.8725554128501124e-11,320.0000000263923,0.03255000004295344
96408.0,1.807009887011046e-11,320.000000025474,0.0325500000414589
96480.0,1.7437451325336047e-11,320.0000000245873,0.0325500000400158
96552.0,1.6826883187873728e-11,320.00000002373105,0.03255000003862228
96624.0,1.6237577429280314e-11,320.0000000229043,0.032550000037276774
96696.0,1.5668805697314236e-11,320.00000002210606,0.03255000003597762
96768.0,1.5119910797366682e-11,320.0000000213353,0.03255000003472324
96840.0,1.459018220201435e-11,320.00000002059113,0.032550000033512064
96912.0,1.4078873841384693e-11,320.0000000198726,0.03255000003234262
96984.0,1.3585452854363299e-11,320.00000001917886,0.03255000003121359
97056.0,1.3109244236835549e-11,320.000000018509,0.03255000003012342
97128.0,1.2649750608886404e-11,320.0000000178623,0.0325500000290709
97200.0,1.2206296989369953e-11,320.000000017238,0.03255000002805483
97272.0,1.1778386021339858e-11,320.00000001663517,0.03255000002707374
97344.0,1.1365467053316496e-11,320.00000001605326,0.03255000002612669
97416.0,1.0966953879886626e-11,320.0000000154915,0.03255000002521238
97488.0,1.0582437935149071e-11,320.0000000149491,0.032550000024329624
97560.0,1.021136865184278e-11,320.0000000144255,0.03255000002347749
97632.0,9.853319631592069e-12,320.0000000139201,0.032550000022654964
97704.0,9.50786459086477e-12,320.00000001343216,0.032550000021860835
97776.0,9.174523932454832e-12,320.00000001296115,0.032550000021094275
97848.0,8.852906869341933e-12,320.00000001250646,0.03255000002035426
97920.0,8.54256930083188e-12,320.0000000120675,0.03255000001963988
97992.0,8.243156009150424e-12,320.0000000116439,0.032550000018950476
98064.0,7.954240680140462e-12,320.00000001123504,0.032550000018285036
98136.0,7.675574570250841e-12,320.00000001084027,0.032550000017642536
98208.0,7.406642608732357e-12,320.00000001045925,0.03255000001702242
98280.0,7.147178345887218e-12,320.0000000100915,0.032550000016423955
98352.0,6.8968797780840244e-12,320.00000000973654,0.032550000015846216
98424.0,6.6553916798922985e-12,320.00000000939383,0.032550000015288454
98496.0,6.422429822733384e-12,320.00000000906317,0.032550000014750315
98568.0,6.197656725604618e-12,320.000000008744,0.032550000014230855
98640.0,5.980805927323854e-12,320.00000000843596,0.03255000001372953
98712.0,5.771628741761692e-12,320.00000000813867,0.032550000013245685
98784.0,5.56980546679633e-12,320.0000000078517,0.03255000001277868
98856.0,5.375140664894261e-12,320.00000000757484,0.03255000001232805
98928.0,5.187350153414237e-12,320.00000000730756,0.03255000001189306
99000.0,5.006256304328549e-12,320.00000000704966,0.032550000011473325
99072.0,4.83153938106234e-12,320.0000000068008,0.03255000001106831
99144.0,4.6630217402754356e-12,320.0000000065606,0.03255000001067735
99216.0,4.500436943754396e-12,320.00000000632883,0.03255000001030018
99288.0,4.3436606541766955e-12,320.00000000610515,0.03255000000993614
99360.0,4.192444204553519e-12,320.0000000058894,0.03255000000958496
99432.0,4.04655662638646e-12,320.00000000568104,0.0325500000092459
99504.0,3.905891399515025e-12,320.0000000054801,0.03255000000891887
99576.0,3.770146531792164e-12,320.0000000052861,0.03255000000860312
99648.0,3.639268717200229e-12,320.000000005099,0.03255000000829866
99720.0,3.5129737539573838e-12,320.0000000049184,0.03255000000800466
99792.0,3.3912438861514664e-12,320.0000000047442,0.0325500000077212
99864.0,3.273812687053389e-12,320.00000000457607,0.032550000007447545
99936.0,3.160573525487263e-12,320.00000000441383,0.03255000000718351
100008.0,3.051348823190906e-12,320.0000000042573,0.03255000000692873
100080.0,2.9460142390136766e-12,320.0000000041063,0.032550000006683025
100152.0,2.8444098587307402e-12,320.0000000039606,0.032550000006445916
100224.0,2.7464291277285537e-12,320.00000000382005,0.03255000000621713
100296.0,2.651983254961965e-12,320.0000000036844,0.03255000000599639
100368.0,2.560876825866173e-12,320.00000000355357,0.03255000000578343
100440.0,2.4730209996305044e-12,320.0000000034274,0.032550000005578054
100512.0,2.3882559768736375e-12,320.0000000033056,0.032550000005379894
100584.0,2.306581696345699e-12,320.0000000031881,0.032550000005188665
100656.0,2.2278205529876863e-12,320.0000000030747,0.032550000005004104
100728.0,2.151830430596213e-12,320.00000000296535,0.03255000000482611
100800.0,2.0785935847434687e-12,320.00000000285996,0.03255000000465459
100872.0,2.007985651310112e-12,320.00000000275816,0.0325500000044889
100944.0,1.9399000756825976e-12,320.00000000266,0.03255000000432913
101016.0,1.8742480208783703e-12,320.00000000256534,0.0325500000041751
101088.0,1.8109229399401186e-12,320.000000002474,0.03255000000402643
101160.0,1.7498359920571713e-12,320.00000000238583,0.032550000003882945
101232.0,1.6910226967100823e-12,320.00000000230085,0.03255000000374463
101304.0,1.634287696755804e-12,320.0000000022189,0.03255000000361123
101376.0,1.5795954152920284e-12,320.0000000021398,0.03255000000348254
101448.0,1.526874847810699e-12,320.0000000020636,0.03255000000335849
101520.0,1.4760371458449114e-12,320.0000000019901,0.03255000000323887
101592.0,1.4270290225175996e-12,320.0000000019191,0.032550000003123324
101664.0,1.3797439385276869e-12,320.00000000185065,0.032550000003011934
101736.0,1.3342173635902061e-12,320.00000000178466,0.032550000002904526
101808.0,1.2902894791832495e-12,320.00000000172093,0.032550000002800825
101880.0,1.247942494941604e-12,320.0000000016596,0.032550000002701
101952.0,1.2071408990409497e-12,320.0000000016004,0.0325500000026047
102024.0,1.167760338846294e-12,320.0000000015433,0.032550000002511716
102096.0,1.129836345322543e-12,320.0000000014883,0.03255000000242217
102168.0,1.0932623408874485e-12,320.0000000014352,0.03255000000233576
102240.0,1.0580383064004261e-12,320.0000000013839,0.03255000000225231
102312.0,1.0240399389920045e-12,320.0000000013345,0.03255000000217192
102384.0,9.912672080372486e-13,320.0000000012869,0.0325500000020944
102456.0,9.597201403329766e-13,320.00000000124095,0.032550000002019644
102528.0,9.293276394963254e-13,320.0000000011966,0.03255000000194748
102600.0,9.000542396403794e-13,320.000000001154,0.0325500000018781
102672.0,8.717755460208592e-13,320.0000000011127,0.032550000001810936
102744.0,8.445448952803513e-13,320.00000000107303,0.03255000000174636
102816.0,8.183267105165463e-13,320.00000000103466,0.03255000000168391
102888.0,7.930499680808044e-13,320.0000000009978,0.03255000000162387
102960.0,7.686791599769227e-13,320.0000000009622,0.03255000000156596
103032.0,7.451964805272199e-13,320.00000000092786,0.032550000001510086
103104.0,7.22548661995216e-13,320.0000000008948,0.03255000000145624
103176.0,7.007357082090283e-13,320.0000000008628,0.03255000000140425
103248.0,6.796865687231976e-13,320.0000000008321,0.032550000001354204
103320.0,6.594545189304379e-13,320.00000000080234,0.03255000000130582
103392.0,6.399152291644591e-13,320.00000000077375,0.03255000000125928
103464.0,6.211042227339325e-13,320.0000000007462,0.03255000000121441
103536.0,6.029859763301867e-13,320.0000000007196,0.032550000001171114
103608.0,5.855249628164341e-13,320.00000000069394,0.0325500000011294
103680.0,5.686856397434185e-13,320.0000000006692,0.03255000000108915
103752.0,5.52432510599288e-13,320.0000000006454,0.03255000000105039
103824.0,5.368188431205224e-13,320.00000000062244,0.03255000000101301
103896.0,5.217913504300569e-13,320.0000000006003,0.03255000000097703
103968.0,5.072789935667834e-13,320.00000000057895,0.03255000000094224
104040.0,4.933350440952988e-13,320.0000000005584,0.032550000000908755
104112.0,4.799062227947723e-13,320.00000000053853,0.03255000000087647
104184.0,4.669214907040961e-13,320.00000000051944,0.03255000000084538
104256.0,4.544341155597497e-13,320.00000000050096,0.032550000000815316
104328.0,4.4242632613710517e-13,320.00000000048317,0.03255000000078636
104400.0,4.308626259243108e-13,320.00000000046606,0.032550000000758514
104472.0,4.1972523604050443e-13,320.0000000004496,0.03255000000073168
104544.0,4.0899638143294096e-13,320.00000000043366,0.03255000000070578
104616.0,3.9864056558976857e-13,320.00000000041837,0.03255000000068089
104688.0,3.8869329650719025e-13,320.0000000004036,0.03255000000065684
104760.0,3.79065767827587e-13,320.00000000038943,0.03255000000063381
104832.0,3.698290070277157e-13,320.0000000003756,0.03255000000061132
104904.0,3.6089423454677635e-13,320.0000000003624,0.03255000000058977
104976.0,3.52314706636898e-13,320.00000000034964,0.03255000000056905
105048.0,3.4400164373728077e-13,320.00000000033737,0.03255000000054906
105120.0,3.3606158514900143e-13,320.0000000003255,0.032550000000529725
105192.0,3.284057398269092e-13,320.00000000031406,0.032550000000511135
105264.0,3.2101633654637595e-13,320.0000000003031,0.032550000000493275
105336.0,3.138933944479868e-13,320.00000000029246,0.032550000000475976
105408.0,3.0705463116273147e-13,320.0000000002822,0.03255000000045932
105480.0,3.004823328877373e-13,320.0000000002724,0.03255000000044332
105552.0,2.9415870542967406e-13,320.0000000002629,0.03255000000042787
105624.0,2.880304887082959e-13,320.0000000002538,0.03255000000041307
105696.0,2.821154156670607e-13,320.00000000024494,0.03255000000039864
105768.0,2.764667923236185e-13,320.00000000023647,0.032550000000384854
105840.0,2.710313164884363e-13,320.0000000002283,0.03255000000037153
105912.0,2.6579124756182217e-13,320.0000000002205,0.032550000000358854
105984.0,2.6074655491883997e-13,320.0000000002129,0.03255000000034646
106056.0,2.5586173439140384e-13,320.00000000020555,0.03255000000033453
106128.0,2.511900728565787e-13,320.00000000019844,0.03255000000032296
106200.0,2.466960431775765e-13,320.00000000019173,0.032550000000312045
106272.0,2.4234412587384343e-13,320.00000000018514,0.03255000000030131
106344.0,2.381875733693912e-13,320.00000000017883,0.03255000000029105
106416.0,2.341553849842822e-13,320.00000000017275,0.032550000000281146
106488.0,2.30283053402251e-13,320.00000000016695,0.03255000000027171
106560.0,2.2657059393576587e-13,320.0000000001613,0.03255000000026255
106632.0,2.229647197077618e-13,320.00000000015586,0.03255000000025367
106704.0,2.1953645819499565e-13,320.0000000001507,0.03255000000024525
106776.0,2.161792662682736e-13,320.00000000014563,0.03255000000023702
106848.0,2.1296415609188442e-13,320.00000000014074,0.03255000000022906
106920.0,2.0987340237860436e-13,320.0000000001361,0.03255000000022148
106992.0,2.0690699364408226e-13,320.0000000001316,0.032550000000214165
107064.0,2.040293797828281e-13,320.0000000001272,0.032550000000207045
107136.0,2.0132940160551407e-13,320.000000000123,0.0325500000002002
107208.0,1.9871824509828696e-13,320.00000000011903,0.03255000000019372
107280.0,1.9617816200522094e-13,320.00000000011516,0.03255000000018743
107352.0,1.9378014152190283e-13,320.0000000001114,0.03255000000018132
107424.0,1.9145319828086278e-13,320.00000000010783,0.032550000000175494
107496.0,1.891973131415157e-13,320.0000000001044,0.03255000000016994
107568.0,1.8701247461951067e-13,320.00000000010107,0.03255000000016449
107640.0,1.849519581075616e-13,320.0000000000978,0.032550000000159215
107712.0,1.8298026326569951e-13,320.0000000000947,0.03255000000015413
107784.0,1.8106187826960448e-13,320.00000000009175,0.03255000000014932
107856.0,1.7923228814677743e-13,320.0000000000889,0.03255000000014469
107928.0,1.7745598872913234e-13,320.0000000000862,0.032550000000140245
108000.0,1.7575075506941434e-13,320.0000000000835,0.0325500000001359
