time_s,state_of_charge,outlet_temperature_c,deliverable_power_mw
0.0,1.0,400.0,0.3255
72.0,0.9958806347657776,399.99999999999994,0.32549999999999985
144.0,0.9917612695315556,399.9999999999999,0.3254999999999997
216.0,0.9876419042973337,399.9999999999999,0.3254999999999997
288.0,0.9835225390631117,399.99999999999983,0.3254999999999994
360.0,0.9794031738288898,399.9999999999995,0.3254999999999983
432.0,0.9752838085946678,399.9999999999987,0.32549999999999574
504.0,0.9711644433604457,399.9999999999969,0.3254999999999898
576.0,0.9670450781262242,399.99999999999295,0.3254999999999771
648.0,0.9629257128920031,399.999999999985,0.32549999999995116
720.0,0.9588063476577826,399.9999999999695,0.32549999999990065
792.0,0.9546869824235638,399.99999999994054,0.32549999999980644
864.0,0.9505676171893472,399.99999999988864,0.3254999999996375
936.0,0.9464482519551355,399.99999999979826,0.32549999999934337
1008.0,0.942328886720932,399.99999999964484,0.32549999999884394
1080.0,0.9382095214867412,399.99999999939075,0.32549999999801693
1152.0,0.9340901562525716,399.9999999989788,0.325499999996676
1224.0,0.929970791018436,399.9999999983243,0.32549999999454565
1296.0,0.9258514257843528,399.9999999973033,0.3254999999912222
1368.0,0.9217320605503502,399.99999999573663,0.3254999999861227
1440.0,0.9176126953164695,399.9999999933698,0.32549999997841866
1512.0,0.9134933300827706,399.99999998984464,0.3254999999669443
1584.0,0.9093739648493381,399.99999998466404,0.32549999995008144
1656.0,0.9052545996162927,399.9999999771445,0.32549999992560535
1728.0,0.9011352343838032,399.99999996635654,0.32549999989049055
1800.0,0.8970158691521019,399.9999999510477,0.32549999984066025
1872.0,0.8928965039215074,399.9999999295458,0.3254999997706717
1944.0,0.8887771386924532,399.9999998996376,0.3254999996733204
2016.0,0.8846577734655218,399.9999998584167,0.3254999995391463
2088.0,0.8805384082414901,399.9999998020964,0.3254999993558238
2160.0,0.8764190430213882,399.9999997257786,0.32549999910740934
2232.0,0.8722996778065698,399.9999996231722,0.32549999877342545
2304.0,0.8681803125988019,399.99999948624964,0.32549999832774257
2376.0,0.8640609474003753,399.9999993048334,0.32549999773723276
2448.0,0.8599415822142417,399.9999990660982,0.3254999969601497
2520.0,0.8558222170441802,399.99999875397566,0.32549999594419077
2592.0,0.8517028518950001,399.99999834844675,0.32549999462419416
2664.0,0.8475834867727885,399.9999978247047,0.3254999929194137
2736.0,0.8434641216852075,399.9999971521667,0.32549999073030267
2808.0,0.83934475664185,399.9999962933178,0.3254999879347494
2880.0,0.8352253916546687,399.9999952023574,0.32549998438367334
2952.0,0.8311060267384807,399.99999382362887,0.325499979895912
3024.0,0.8269866619115716,399.9999920897976,0.32549997425229127
3096.0,0.8228672971964022,399.9999899197517,0.32549996718879187
3168.0,0.818747932620445,399.99998721618863,0.325499958388694
3240.0,0.8146285682171581,399.99998386285245,0.32549994747358474
3312.0,0.810509204027124,399.9999797213833,0.32549993399310256
3384.0,0.8063898400993724,399.9999746277354,0.32549991741327877
3456.0,0.8022704764929114,399.9999683881209,0.3254998971033336
3528.0,0.7981511132784949,399.99996077443063,0.3254998723207717
3600.0,0.7940317505406557,399.99995151908047,0.3254998421946069
3672.0,0.7899123883800344,399.9999403092337,0.3254998057065557
3744.0,0.785793026916044,399.9999267803388,0.3254997616700028
3816.0,0.7816736662899021,399.9999105089275,0.325499708706559
3888.0,0.7775543066680778,399.99989100461084,0.3254996452200083
3960.0,0.7734349482461936,399.9998677012106,0.3254995693674404
4032.0,0.7693155912534331,399.9998399469599,0.32549947902735454
4104.0,0.7651962359575036,399.99980699370764,0.3254993717645184
4176.0,0.7610768826702102,399.9997679850558,0.3254992447913567
4248.0,0.756957531753699,399.9997219433626,0.32549909492564527
4320.0,0.7528381836274304,399.99966775553787,0.32549891854427576
4392.0,0.7487188387759531,399.99960415756226,0.32549871153286514
4464.0,0.7445994977575402,399.9995297176565,0.3254984692309719
4536.0,0.7404801612137684,399.99944281803187,0.32549818637269373
4608.0,0.7363608298801122,399.9993416351512,0.3254978570224172
4680.0,0.7322415045976346,399.99922411843056,0.3254974745054915
4752.0,0.7281221863258592,399.99908796731745,0.3254970313336183
4824.0,0.7240028761569081,399.99893060667927,0.32549651912474103
4896.0,0.7198835753309983,399.9987491604417,0.3254959285172378
4968.0,0.7157642852533892,399.99854042341957,0.3254952490782307
5040.0,0.7116450075128737,399.99830083128785,0.32549446920584196
5112.0,0.707525743901917,399.9980264286436,0.3254935760252349
5184.0,0.7034064964385387,399.99771283511666,0.32549255527830473
5256.0,0.6992872673900427,399.99735520949463,0.325491391206905
5328.0,0.6951680592986967,399.9969482118307,0.325490066429509
5400.0,0.6910488750094713,399.9964859635136,0.3254885618112367
5472.0,0.6869297176999373,399.9959620052873,0.3254868563272102
5544.0,0.6828105909124316,399.9953692532149,0.3254849269192145
5616.0,0.6786914985885976,399.99469995259193,0.3254827483456867
5688.0,0.6745724451064008,399.993945629824,0.3254802930250771
5760.0,0.6704534353197287,399.99309704229574,0.3254775308726726
5832.0,0.6663344746006707,399.9921441262655,0.3254744291309941
5904.0,0.6622155688845842,399.9910759428366,0.32547095219393307
5976.0,0.658096724718033,399.9898806220638,0.32546706142481774
6048.0,0.6539779493097015,399.98854530526927,0.3254627149686515
6120.0,0.6498592505843639,399.9870560856516,0.32545786755879597
6192.0,0.6457406372399954,399.9853979472893,0.32545247031842667
6264.0,0.6416221188081006,399.9835547026478,0.3254464705571185
6336.0,0.6375037057173311,399.9815089287163,0.32543981156297164
6408.0,0.6333854093604536,399.9792419019143,0.325432432390731
6480.0,0.6292672421647285,399.97673353191664,0.32542426764638865
6552.0,0.6251492176657382,399.9739622945655,0.3254152472688108
6624.0,0.6210313505847128,399.97090516404614,0.3254052963089702
6696.0,0.6169136569093726,399.9675375445178,0.32539433470740553
6768.0,0.6127961539783101,399.9638332014056,0.32538227707057515
6840.0,0.6086788605689171,399.9597641925662,0.32536903244680293
6912.0,0.6045617969888486,399.95530079955984,0.3253545041025673
6984.0,0.6004449851710105,399.95041145926416,0.32533858929990483
7056.0,0.5963284487720365,399.94506269608166,0.3253211790757458
7128.0,0.592212213274211,399.93921905499985,0.3253021580240245
7200.0,0.5880963060907848,399.93284303577366,0.3252814040814433
7272.0,0.5839807566746035,399.9258950285055,0.3252587883177855
7344.0,0.5798655966299691,399.91833325090914,0.32523417473170924
7416.0,0.575750859827629,399.91011368754664,0.3252074200529643
7488.0,0.5716365825227785,399.90119003133486,0.32517837355199497
7560.0,0.5675228034759409,399.89151362762055,0.3251468768579049
7632.0,0.5634095640765819,399.8810334211284,0.3251127637857729
7704.0,0.5592969084692893,399.8696959060851,0.325075860174307
7776.0,0.555184883682344,399.8574450798246,0.325035983734829
7848.0,0.5510735397584839,399.8442224001804,0.3249929439125872
7920.0,0.546962929887652,399.82996674696466,0.32494654176136994
7992.0,0.542853110541501,399.81461438783435,0.32489656983240084
8064.0,0.5387441416094155,399.7980989488366,0.3248428120784631
8136.0,0.5346360865357946,399.7803513899226,0.32478504377419803
8208.0,0.5305290124583263,399.7612999857082,0.3247230314534802
8280.0,0.5264229903469657,399.7408703117534,0.32465653286475726
8352.0,0.5223180951433259,399.7189852366187,0.32458529694519395
8424.0,0.5182144059001642,399.69556491995155,0.32450906381444233
8496.0,0.5141120059206465,399.67052681683396,0.32442756478879453
8568.0,0.5100109828970527,399.6437856886161,0.32434052241644545
8640.0,0.5059114290485801,399.6152536204406,0.32424765053453425
8712.0,0.5018134412578907,399.5848400456471,0.32414865434858137
8784.0,0.4977171212060377,399.5524517772292,0.324043230534881
8856.0,0.4936225755054023,399.5179930464951,0.3239310673663416
8928.0,0.4895299158302608,399.481365549067,0.3238118448622131
9000.0,0.48543925904460095,399.4424684983281,0.3236852349620579
9072.0,0.48135072732679657,399.4011986864107,0.32355090172426676
9144.0,0.4772644482907507,399.35745055279,0.3234085015493315
9216.0,0.47318055510311346,399.3111162605314,0.32325768342802963
9288.0,0.46909918659617705,399.2620857802086,0.3230980892145791
9360.0,0.4650204873760557,399.21024698149245,0.3229293539247579
9432.0,0.46094460792575676,399.15548573237925,0.3227511060588944
9504.0,0.4568717047027496,399.0976860060081,0.3225629679495563
9576.0,0.45280194023065035,399.03672999498696,0.32236455613368253
9648.0,0.4487354831846356,398.9724982331242,0.3221554817488193
9720.0,0.44467250847021456,398.9048697244378,0.321935350953045
9792.0,0.4406131972949929,398.8337220792856,0.3217037653680747
9864.0,0.4365577372330663,398.75893165744014,0.32146032254496765
9936.0,0.43250632228170227,398.68037371790166,0.3212046164517699
10008.0,0.42845915290997166,398.597922575223,0.3209362379823508
10080.0,0.42441643609900825,398.51145176209275,0.3206547754856119
10152.0,0.42037838537358924,398.4208341979029,0.32035981531417385
10224.0,0.41634522082474146,398.3259423630023,0.32005094239157245
10296.0,0.4123171691231004,398.2266484783173,0.3197277407969229
10368.0,0.40829446352276033,398.1228246899988,0.31938979436594617
10440.0,0.40427734385537656,398.01434325873714,0.31903668730718937
10512.0,0.40026605651429814,397.9010767533641,0.31866800483220026
10584.0,0.39626085442853226,397.7828982483487,0.3182833337983751
10656.0,0.39226199702635856,397.65968152477114,0.3178822633631301
10728.0,0.38826975018843946,397.5313012743492,0.31746438564800655
10800.0,0.3842843861902881,397.39763330607474,0.31702929641127325
10872.0,0.380306183633988,397.2585547550071,0.31657659572754804
10944.0,0.37633542736907155,397.1139442927565,0.31610588867292244
11016.0,0.3723724084024996,396.9636823391856,0.31561678601404913
11088.0,0.3684174237977015,396.8076512748446,0.3151089048996192
11160.0,0.3644707765626637,396.6457356536521,0.3145818695526375
11232.0,0.36053277552707996,396.477822415327,0.31403531196188944
11304.0,0.3566037352086014,396.3038010970756,0.31346887257098116
11376.0,0.35268397566825066,396.12356404403323,0.3128822009633282
11448.0,0.3487738223550889,395.9370066179627,0.31227495654146864
11520.0,0.3448736059402538,395.7440274037117,0.31164680919908155
11592.0,0.3409836621405044,395.54452841293414,0.3109974399841006
11664.0,0.3371043315314458,395.3384152845856,0.3103265417513262
11736.0,0.3332359593506168,395.1255974817098,0.3096338198029654
11808.0,0.32937889529066455,394.90598848403846,0.30891899251554517
11880.0,0.3255334932828376,394.67950597593875,0.3081817919516806
11952.0,0.32170011127106657,394.4460720292511,0.3074219644552124
12024.0,0.3178791109769151,394.20561328057335,0.30663927122826623
12096.0,0.3140708576557108,393.9580611025591,0.3058334888888299
12168.0,0.31027571984418467,393.7033517688146,0.30500441000749157
12240.0,0.30649406909997085,393.4414266119934,0.3041518436220385
12312.0,0.30272627973333466,393.1722321747024,0.3032756157286563
12384.0,0.29897272853152046,392.89572035285863,0.30237556974855484
12456.0,0.295233794476123,392.6118485311445,0.30145156696887543
12528.0,0.2915098584539087,392.3205797102391,0.3005034869568282
12600.0,0.287801302961524,392.0218826255176,0.2995312279460598
12672.0,0.2841085118045458,391.7157318569368,0.29853470719432934
12744.0,0.2804318697913412,391.40210792984425,0.29751386131164304
12816.0,0.2767717624222156,391.0809974064727,0.29646864655806865
12888.0,0.2731285755743404,390.75239296790704,0.29539903911053744
12960.0,0.26950269518296066,390.416293486332,0.2943050352980106
13032.0,0.2658945069193913,390.07270408739515,0.29318665180447123
13104.0,0.2623043958663184,389.7216362025451,0.29204392583928424
13176.0,0.2587327461909273,389.3631076112292,0.2908769152745511
13248.0,0.25517994081638534,388.99714247285885,0.28968569874915556
13320.0,0.25164636109220867,388.62377134847947,0.2884703757393007
13392.0,0.24813238646404528,388.24303121210374,0.2872310665953977
13464.0,0.24463839414340732,387.85496545169394,0.28596791254526377
13536.0,0.24116475877788524,387.45962385980346,0.28468107566366024
13608.0,0.2377118521223751,387.05706261391316,0.2833707388082874
13680.0,0.23428004271184594,386.6473442465199,0.28203710552242217
13752.0,0.2308696955361693,386.2305376050641,0.2806803999044837
13824.0,0.22748117171753188,385.8067178017994,0.27930086644485697
13896.0,0.22411482819093964,385.37596615373616,0.2778987698304112
13968.0,0.22077101738831753,384.9383701128114,0.27647439471720114
14040.0,0.21745008692670004,384.4940231864568,0.27502804547191684
14112.0,0.21415237930099487,384.0430248487612,0.2735600458827177
14184.0,0.21087823158179606,383.5854804424424,0.27207073884015004
14256.0,0.2076279751187044,383.12150107186096,0.2705604859889075
14328.0,0.2044019352496059,382.65120348732995,0.269029667351259
14400.0,0.2012004310163415,382.17470996099104,0.26747868092302585
14472.0,0.19802377488718784,381.69214815454205,0.2659079422430344
14544.0,0.19487227248655223,381.2036509791197,0.2643178839370346
14616.0,0.19174622233227143,380.70935644765484,0.2627089552371165
14688.0,0.18864591558088248,380.2094075200288,0.26108162147769365
14760.0,0.1855716357812204,379.7039519413763,0.2594363635691799
14832.0,0.18252365863667616,379.1931420738875,0.2577736774505038
14904.0,0.17950225177643211,378.6771347224744,0.25609407352165425
14976.0,0.17650767453597022,378.15609095467676,0.25439807605747283
15048.0,0.17354017774713115,377.6301759151871,0.2526862226039341
15120.0,0.17060000353798063,377.0995586353874,0.2509590633581859
15192.0,0.16768738514271977,376.56441183828935,0.24921716053363183
15264.0,0.16480254672185535,376.0249117392792,0.24746108771135383
15336.0,0.16194570319282592,375.4812378430715,0.24569142917919767
15408.0,0.15911706007125662,374.9335727372772,0.24390877925983726
15480.0,0.15631681332299752,374.38210188299263,0.242113741629141
15552.0,0.1535451492270777,373.82701340282097,0.24030692862618225
15624.0,0.1508022442496848,373.2684978667301,0.23848896055620653
15696.0,0.14808826492926225,372.70674807615507,0.23666046498788473
15768.0,0.14540336777279295,372.14195884675,0.2348220760461713
15840.0,0.14274769916331917,371.5743267901865,0.23297443370205703
15912.0,0.14012139527872544,371.0040500953983,0.23111818306052156
15984.0,0.13752458202179485,370.43132830965993,0.2292539736479431
16056.0,0.13495737496152685,369.8563621198856,0.22738245870022764
16128.0,0.13241987928568538,369.279353134526,0.22550429445288211
16200.0,0.1299121897645278,368.7005036664323,0.2236201394342372
16272.0,0.12743439072564625,368.12001651705,0.2217306537629977
16344.0,0.12498655603983434,367.5380947622946,0.21983649845126885
16416.0,0.122568749117876,366.9549415404525,0.21793833471417295
16488.0,0.12018102291813346,366.3707598424394,0.2160368232871402
16560.0,0.1178234199647979,365.7857523047371,0.2141326237519193
16632.0,0.11549597237664853,365.20012100532125,0.21222639387232067
16704.0,0.11319870190614935,364.6140672628741,0.2103187889406551
16776.0,0.11093161998870232,364.0277914395738,0.20841046113581263
16848.0,0.10869472780185607,363.44149274772764,0.20650205889385345
16920.0,0.10648801633426064,362.85536906051374,0.20459422629197221
16992.0,0.10431146646414301,362.26961672707563,0.20268760244663117
17064.0,0.10216504904706812,361.6844303922031,0.20078282092662117
17136.0,0.10004872501273672,361.1000028208196,0.19888050918176783
17208.0,0.0979624454705633,360.5165247274796,0.19698128798794604
17280.0,0.09590615182376533,359.9341846110683,0.19508577090902735
17352.0,0.09387977589168743,359.35316859488046,0.19319456377633587
17424.0,0.09188324004007492,358.7736602722395,0.1913082641861396
17496.0,0.08991645731900341,358.1958405578064,0.18942746101565977
17568.0,0.08797933160816555,357.6198875447111,0.18755273395803465
17640.0,0.08607175776920789,357.04597636762753,0.1856846530766276
17712.0,0.08419362180480688,356.4742790718954,0.18382377837901956
17784.0,0.08234480102416848,355.90496448878275,0.18197065941098786
17856.0,0.08052516421462996,355.33819811696435,0.18012583487071895
17928.0,0.07873457181904175,354.774142010282,0.1782898322434679
18000.0,0.0769728761186021,354.2129546718359,0.17646316745682591
18072.0,0.07523992142081773,353.65479095444437,0.1746463445567164
18144.0,0.07353554425226094,353.0998019674969,0.17283985540420235
18216.0,0.07185957355579274,352.54813499021213,0.17104417939314048
18288.0,0.07021183089192361,351.99993339129907,0.16925978318867846
18360.0,0.0685921306439803,351.4553365550105,0.16748712048655914
18432.0,0.06700028022675461,350.91447981356345,0.16572663179314903
18504.0,0.06543608029830436,350.37749438589134,0.1639787442260763
18576.0,0.06389932497458503,349.8445073226822,0.16224387133533055
18648.0,0.062389802046590795,349.3156414576447,0.16052241294463346
18720.0,0.060907293199687386,348.7910153649376,0.1588147550128719
18792.0,0.05945157423482393,348.2707433226839,0.15712126951533617
18864.0,0.05802241529131449,347.7549352824861,0.1554423143444922
18936.0,0.05661958107088515,347.243696844847,0.15377823322997705
19008.0,0.05524283106268791,346.73712924039523,0.15212935567748648
19080.0,0.05389191976898788,346.2353293168032,0.15049599692619436
19152.0,0.052566596931237566,345.7383895312819,0.14887845792432253
19224.0,0.05126660775625623,345.24639794852794,0.14727702532245845
19296.0,0.049991693142241785,344.7594382439906,0.14569197148418936
19368.0,0.04874158990434604,344.27758971232396,0.14412355451361447
19440.0,0.04751603099955708,343.80092728088135,0.1425720182992688
19512.0,0.046314745750633185,343.3295215281049,0.1410375925739815
19584.0,0.04513746006884602,342.8634387066588,0.13952049299017447
19656.0,0.04398389667529639,342.4027407711504,0.13802092121009446
19728.0,0.042853775320575056,341.9474854102801,0.13653906501046167
19800.0,0.04174681300254763,341.49772608325736,0.1350750984010027
19872.0,0.04066272418205326,341.05351206031776,0.1336291817563343
19944.0,0.03960122099631537,340.6148884671722,0.13220146196064547
20016.0,0.03856201346986845,340.1818963332218,0.13079207256463696
20088.0,0.03754480972281866,339.75457264336353,0.1294011339541483
20160.0,0.036549316176259034,339.3329503932178,0.12802875352992393
20232.0,0.03557523775467561,338.9170586476028,0.1266750258979471
20304.0,0.03462227808518224,338.5069226020844,0.12534003306978467
20376.0,0.03369013969343845,338.1025636474256,0.12402384467237032
20448.0,0.03277852419610715,337.7039994367657,0.12272651816667231
20520.0,0.03188713248972184,337.3112439553548,0.12144809907467995
20592.0,0.031015664935839998,336.92430759267353,0.12018862121415234
20664.0,0.03016382154236964,336.5431972167665,0.11894810694057492
20736.0,0.029331302140961735,336.1679162506232,0.11772656739577848
20808.0,0.028517806560373716,335.79846475043865,0.11652400276267781
20880.0,0.027723034795714568,335.4348394855892,0.11534040252559279
20952.0,0.02694668717349157,335.0770340201617,0.11417574573562635
21024.0,0.026188464512387714,334.7250387958769,0.11303000128057936
21096.0,0.02544806827970487,334.3788412162508,0.11190312815889637
21168.0,0.024725200743418066,334.0384257318384,0.11079507575713399
21240.0,0.024019565119791725,333.70377392641257,0.10970578413047291
21312.0,0.023330865716518573,333.3748646039282,0.10863518428578625
21384.0,0.0226588080713469,333.05167387613,0.10758319846680314
21456.0,0.02200309908617091,332.7341752506635,0.10654974044090967
21528.0,0.02136344715656562,332.4223397195536,0.10553471578714689
21600.0,0.02073956229675286,332.11613584791826,0.10453802218497393
21672.0,0.020131156259994162,331.81552986279047,0.10355954970338298
21744.0,0.0195379426544112,331.5204857419236,0.10259918108996134
21816.0,0.018959637054239788,331.2309653024612,0.10165679205951117
21888.0,0.018395957106531056,330.94692828935666,0.10073225158185593
21960.0,0.017846622633318838,330.66833246343015,0.09982542216846513
22032.0,0.01731135572927649,330.39513368895905,0.09893616015756171
22104.0,0.016789880854892834,330.12728602069683,0.09806431599736817
22176.0,0.016281924925202383,329.86474179022576,0.09720973452718486
22248.0,0.01578721739410691,329.6074516915486,0.09637225525599066
22320.0,0.015305490334334782,329.3553648658311,0.0955517126382803
22392.0,0.014836478513084037,329.1084289852119,0.09474793634686474
22464.0,0.014379919463402066,328.8665903355988,0.0939607515423741
22536.0,0.013935553551358474,328.62979389837864,0.09318997913922246
22608.0,0.013503124039069734,328.397983430967,0.0924354360677975
22680.0,0.013082377143639143,328.1711015461339,0.09169693553266589
22752.0,0.012673062092079043,327.94908979004197,0.0909742872665866
22824.0,0.01227493117228308,327.7318887189396,0.09026729778014846
22896.0,0.011887739780122291,327.5194379744559,0.08957577060685398
22968.0,0.011511246462737941,327.31167635744725,0.08889950654349081
23040.0,0.011145212958109009,327.1085419003506,0.08823830388564116
23112.0,0.010789404230973288,326.9099719380014,0.08759195865819447
23184.0,0.01044358850518272,326.7159031768799,0.08696026484074415
23256.0,0.010107537292575682,326.5262717627504,0.08634301458775259
23328.0,0.009781025418450762,326.34101334666485,0.0857399984433941
23400.0,0.009463831043727538,326.1600631493031,0.08515100555098154
23472.0,0.009155735683881167,325.9833560236289,0.08457582385691212
23544.0,0.0088565242247381,325.8108265158393,0.084014240309057
23616.0,0.008565984935222598,325.642408924595,0.08346604104955664
23688.0,0.008283909477142143,325.4780373585144,0.08293101160196446
23760.0,0.008010092912102456,325.31764579192617,0.08240893705271968
23832.0,0.007744333705641894,325.16116811886957,0.08189960222692044
23904.0,0.0074864337286749405,325.00853820534115,0.08140279185838545
23976.0,0.007236198256336793,324.8596899397854,0.08091829075400156
24048.0,0.006993435964317706,324.71455728183156,0.08044588395236173
24120.0,0.006757958922778087,324.57307430928,0.07998535687670641
24192.0,0.006529582587934261,324.4351752633453,0.07953649548218891
24264.0,0.0063081257914031,324.30079459216444,0.07909908639749524
24336.0,0.006093410727395954,324.1698669925813,0.0786729170608522
24408.0,0.005885262937848658,324.04232745022085,0.07825777585046888
24480.0,0.005683511295575395,323.9181112778665,0.07785345220945546
24552.0,0.00548798798553294,323.7971541521612,0.0774597367652848
24624.0,0.005298528484280419,323.67939214864685,0.07707642144384551
24696.0,0.005114971537719137,323.5647617751655,0.07670329957816369
24768.0,0.004937159137196411,323.4532000036422,0.07634016601185545
24840.0,0.004764936494053931,323.3446443002755,0.07598681719739672
24912.0,0.004598152012703373,323.23903265415686,0.07564305128928057
24984.0,0.004436657262306852,323.1363036043492,0.07530866823215672
25056.0,0.004280306947141766,323.0363962654477,0.07498346984403229
25128.0,0.004128958875725842,322.93925035165387,0.07466725989463334
25200.0,0.0039824739287773895,322.84480619939126,0.07435984417901854
25272.0,0.003840716026085353,322.7530047884925,0.07406103058654305
25344.0,0.003703552092359202,322.6637877619894,0.07377062916527549
25416.0,0.0035708520221313673,322.5770974445366,0.07348845218196666
25488.0,0.0034424886437784104,322.4928768595023,0.07321431417767998
25560.0,0.0033183376827303833,322.41106974475736,0.07294803201918519
25632.0,0.0031982777239314883,322.33162056719743,0.07268942494622765
25704.0,0.003082190173616926,322.2544745360304,0.07243831461477891
25776.0,0.002969959220467401,322.1795776148636,0.07219452513638103
25848.0,0.0028614717962011497,322.1068765326261,0.07195788311369787
25920.0,0.00275661753566175,322.03631879335734,0.07172821767237814
25992.0,0.002655288736458586,321.9678526849002,0.07150536048935018
26064.0,0.002557380318214432,321.90142728653024,0.07128914581765593
26136.0,0.0024627897814726695,321.8369924755571,0.07107941050793838
26208.0,0.00237141716631672,321.7744989329316,0.0708759940266923
26280.0,0.0022831650107488013,321.71389814789353,0.07067873847139344
26352.0,0.0021979383088786717,321.655142421694,0.07048748858261394
26424.0,0.002115644468965002,321.5981848704262,0.07030209175323736
26496.0,0.002036193271356319,321.54297942699833,0.07012239803487956
26568.0,0.001959496826372184,321.48948084228186,0.06994826014162747
26640.0,0.0018854695321661287,321.4376446854686,0.06977953345120037
26712.0,0.0018140280326095822,321.3874273436699,0.06961607600364556
26784.0,0.0017450911752334248,321.33878602078715,0.06945774849766219
26856.0,0.0016785799692636166,321.29167873569014,0.0693044142846714
26928.0,0.001614417543784784,321.2460643197309,0.06915593936072413
27000.0,0.0015525291060646056,321.2019024136248,0.0690121923563487
27072.0,0.0014928419000693615,321.1591534637305,0.06887304452444273
27144.0,0.0014352851652006842,321.1177787177573,0.06873836972629997
27216.0,0.00137979009528202,321.07774021992907,0.06860804441586912
27288.0,0.0013262897978187592,321.03900080563415,0.06848194762233914
27360.0,0.0012747192535611596,321.0015240955889,0.06835996093114179
27432.0,0.0012250152763899388,320.9652744895416,0.06824196846345801
27504.0,0.0011771164735484684,320.9302171595459,0.06812785685432196
27576.0,0.0011309632062431467,320.89631804282595,0.06801751522939847
27648.0,0.001086497550629588,320.8635438342625,0.06791083518052439
27720.0,0.0010436632592045645,320.8318619785235,0.06780771074009391
27792.0,0.0010024057226205656,320.80124066186215,0.06770803835436132
27864.0,0.000962671931937907,320.7716488036076,0.06761171685574276
27936.0,0.0009244104413301881,320.7430560473703,0.06751864743419038
28008.0,0.0008875713312558574,320.7154327519844,0.06742873360770921
28080.0,0.0008521061721086375,320.6887499822082,0.06734188119208771
28152.0,0.0008179679883583384,320.66297949920454,0.06725799826991077
28224.0,0.0007851112231921283,320.63809375081945,0.06717699515891731
28296.0,0.0007534917036654126,320.61406586168084,0.06709878437977114
28368.0,0.0007230666063717514,320.5908696231331,0.06702328062329815
28440.0,0.0006937944236372498,320.5684794830288,0.06695040071725873
28512.0,0.000665634930248322,320.5468705353928,0.06688006359270365
28584.0,0.0006385491507163797,320.52601850997587,0.06681219024997147
28656.0,0.0006124993270862484,320.50589976171466,0.06674670372438121
28728.0,0.0005874488872904434,320.486491260113,0.06668352905166776
28800.0,0.0005633624140539755,320.46777057855985,0.06662259323321232
28872.0,0.0005402056143518541,320.44971588359704,0.06656382520110836
28944.0,0.0005179452894206556,320.4323059241516,0.06650715578311343
29016.0,0.000496549305325824,320.4155200207455,0.06645251766752652
29088.0,0.00047598656408563087,320.3993380546947,0.06639984536803117
29160.0,0.00045622697535063544,320.3837404573093,0.06634907518854169
29232.0,0.0004372414286385243,320.3687081991075,0.06630014518809496
29304.0,0.0004190017661235276,320.35422277905195,0.0662529951458141
29376.0,0.00040148075597861934,320.34026621382003,0.0662075665259842
29448.0,0.0003846520662670721,320.3268210271178,0.06616380244326836
29520.0,0.00036849023938230073,320.31387023904597,0.06612164762809462
29592.0,0.0003529706670317668,320.30139735552694,0.0660810483922402
29664.0,0.000338069565761995,320.2893863578009,0.06604195259464186
29736.0,0.0003237639530203125,320.2778216919992,0.06600430960745733
29808.0,0.00031003162374933365,320.26668825880085,0.06596807028239679
29880.0,0.0002968511275091806,320.25597140318047,0.06593318691735242
29952.0,0.0002842017461226584,320.2456569042529,0.06589961322334313
30024.0,0.0002720634718380948,320.2357309652203,0.06586730429179202
30096.0,0.000260416986004708,320.22618020342793,0.06583621656215792
30168.0,0.0002492436382530784,320.21699164053325,0.06580630778993574
30240.0,0.00023852542617685123,320.20815269279257,0.06577753701503981
30312.0,0.00022824497550772986,320.1996511614702,0.06574986453058541
30384.0,0.00021838552077805767,320.1914752233734,0.06572325185208043
30456.0,0.0002089308864638466,320.1836134215177,0.0656976616870401
30528.0,0.00019986546860216087,320.1760546559244,0.06567305790503397
30600.0,0.00019117421687468304,320.1687881745543,0.06564940550817432
30672.0,0.00018284261715121035,320.1618035643798,0.06562667060205622
30744.0,0.00017485667448610017,320.1550907425978,0.06560482036715581
30816.0,0.00016720289655929767,320.14863994798515,0.06558382303069166
30888.0,0.00015986827755496455,320.14244173239905,0.0655636478389589
30960.0,0.00015284028247088753,320.13648695242284,0.06554426503013634
31032.0,0.00014610683184946546,320.13076676116,0.06552564580757572
31104.0,0.00013965628692494555,320.1252726001748,0.06550776231356902
31176.0,0.00013347743517692538,320.11999619158377,0.06549058760360515
31248.0,0.00012755947628331792,320.1149295302955,0.0654740956211119
31320.0,0.0001218920084664017,320.11006487640077,0.06545826117268451
31392.0,0.00011646501522147616,320.105394747713,0.06544305990380574
31464.0,0.00011126885242275714,320.1009119124579,0.06542846827505043
31536.0,0.0001062942357980399,320.0966093821141,0.06541446353878133
31608.0,0.00010153222876377976,320.0924804044024,0.06540102371632983
31680.0,9.697423061405479e-05,320.08851845642414,0.06538812757566058
31752.0,9.261196505475845e-05,320.08471723794827,0.06537575460952162
31824.0,8.843746907632616e-05,320.08107066484496,0.06536388501407034
31896.0,8.444308215653971e-05,320.07757286266667,0.06535249966798001
31968.0,8.062143578660676e-05,320.0742181603741,0.06534158011201761
32040.0,7.696544331323213e-05,320.07100108420644,0.06533110852909198
32112.0,7.346829008822514e-05,320.0679163516952,0.06532106772476788
32184.0,7.012342391944397e-05,320.0649588658181,0.06531144110823786
32256.0,6.69245458158118e-05,320.06212370929507,0.06530221267375544
32328.0,6.386560101857067e-05,320.05940613902123,0.06529336698251412
32400.0,6.0940770311987824e-05,320.05680158063774,0.06528488914497584
32472.0,5.814446160719054e-05,320.05430562323704,0.06527676480363657
32544.0,5.54713017913134e-05,320.0519140142021,0.06526898011622788
32616.0,5.2916128835759064e-05,320.04962265417714,0.0652615217393466
32688.0,5.0473984156822066e-05,320.04742759216794,0.06525437681250662
32760.0,4.8140105221818695e-05,320.04532502077006,0.06524753294260656
32832.0,4.590991839493284e-05,320.04331127152216,0.06524097818880462
32904.0,4.377903201506788e-05,320.0413828103845,0.06523470104780156
32976.0,4.1743229701406e-05,320.03953623333757,0.06522869043951379
33048.0,3.979846387820206e-05,320.0377682621012,0.06522293569313949
33120.0,3.7940849515258844e-05,320.0360757399713,0.06521742653360657
33192.0,3.61666580758066e-05,320.0344556277714,0.06521215306839598
33264.0,3.447231166720336e-05,320.03290499991755,0.06520710577473163
33336.0,3.285437738912705e-05,320.03142104059503,0.06520227548713683
33408.0,3.130956187238591e-05,320.03000104004303,0.06519765338534007
33480.0,2.9834706003851273e-05,320.0286423909464,0.06519323098253055
33552.0,2.8426779831635155e-05,320.02734258493246,0.06518900011395513
33624.0,2.708287764557247e-05,320.02609920916916,0.06518495292584561
33696.0,2.5800213227503027e-05,320.02490994306453,0.06518108186467504
33768.0,2.4576115266822142e-05,320.0237725550636,0.06517737966673202
33840.0,2.3408022935510018e-05,320.0226848995415,0.06517383934800759
33912.0,2.2293481618589338e-05,320.02164491378966,0.06517045419438533
33984.0,2.1230138795037578e-05,320.02065061509467,0.06516721775213313
34056.0,2.0215740064855276e-05,320.01970009790585,0.06516412381868356
34128.0,1.9248125316534957e-05,320.01879153109047,0.06516116643369949
34200.0,1.832522503256791e-05,320.0179231552741,0.0651583398704172
34272.0,1.7445056726896624e-05,320.0170932802647,0.0651556386272616
34344.0,1.660572151104356e-05,320.016300282557,0.06515305741972298
34416.0,1.5805400784796225e-05,320.015542602917,0.06515059117249478
34488.0,1.5042353047042155e-05,320.014818744043,0.06514823501185996
34560.0,1.431491082341534e-05,320.0141272683026,0.06514598425832502
34632.0,1.3621477706401272e-05,320.01346679554155,0.06514383441948773
34704.0,1.2960525504898895e-05,320.0128360009654,0.06514178118314244
34776.0,1.2330591499260722e-05,320.01223361308985,0.06513982041060745
34848.0,1.1730275798293825e-05,320.01165841175896,0.0651379481302754
34920.0,1.1158238794579863e-05,320.0111092262288,0.06513616053137483
34992.0,1.0613198715823427e-05,320.0105849333154,0.06513445395794158
35064.0,1.0093929268089061e-05,320.01008445560456,0.06513282490299283
35136.0,9.599257368032272e-06,320.0096067597223,0.06513127000289615
35208.0,9.128060960979969e-06,320.0091508546645,0.0651297860319329
35280.0,8.679266922710852e-06,320.0087157901822,0.065128369897043
35352.0,8.251849040939676e-06,320.00830065522416,0.06512701863275465
35424.0,7.844826074177792e-06,320.0079045764318,0.0651257293962856
35496.0,7.457259886193764e-06,320.00752671668704,0.06512449946281632
35568.0,7.088253651473426e-06,320.0071662737104,0.06512332622092744
35640.0,6.7369501314846e-06,320.00682247870907,0.06512220716819801
35712.0,6.402530017215171e-06,320.0064945950718,0.06512113990695866
35784.0,6.084210337009643e-06,320.0061819171099,0.06512012214019282
35856.0,5.7812429268250295e-06,320.00588376884485,0.06511915166759
35928.0,5.4929129605796526e-06,320.0055995028366,0.06511822638173319
36000.0,5.218537538569772e-06,320.00532849905625,0.06511734426442808
36072.0,4.957464332675202e-06,320.00507016379856,0.06511650338316433
36144.0,4.709070283877372e-06,320.00482392863375,0.06511570188770288
36216.0,4.472760353617479e-06,320.0045892493983,0.06511493800679144
36288.0,4.247966323968115e-06,320.00436560522195,0.06511421004499744
36360.0,4.0341456464579465e-06,320.004152497591,0.06511351637965873
36432.0,3.830780337258283e-06,320.00394944944617,0.06511285545794727
36504.0,3.637375917435051e-06,320.0037560043139,0.06511222579404179
36576.0,3.4534603959030126e-06,320.00357172547024,0.06511162596640563
36648.0,3.2785832938574926e-06,320.00339619513585,0.06511105461516718
36720.0,3.1123147091725255e-06,320.0032290137013,0.06511051043959769
36792.0,2.9542444192036525e-06,320.00306979898204,0.06510999219568654
36864.0,2.8039810205554143e-06,320.00291818550136,0.06510949869380692
36936.0,2.661151103984288e-06,320.00277382380057,0.06510902879647085
37008.0,2.5253984641891746e-06,320.00263637977577,0.06510858141617011
37080.0,2.3963833415565532e-06,320.00250553404004,0.06510815551330033
37152.0,2.273781696235869e-06,320.00238098131075,0.06510775009416649
37224.0,2.157284512002915e-06,320.0022624298193,0.06510736420906191
37296.0,2.046597129858835e-06,320.0021496007453,0.06510699695042604
37368.0,1.9414386089846098e-06,320.0020422276722,0.06510664745107293
37440.0,1.8415411153703616e-06,320.00194005606375,0.06510631488248748
37512.0,1.746649335455141e-06,320.00184284276196,0.06510599845319018
37584.0,1.6565199153989596e-06,320.00175035550467,0.06510569740716769
37656.0,1.5709209238911003e-06,320.0016623724616,0.06510541102236259
37728.0,1.4896313380323224e-06,320.0015786817896,0.06510513860922523
37800.0,1.4124405505690572e-06,320.00149908120557,0.06510487950932412
37872.0,1.3391478994196398e-06,320.00142337757575,0.06510463309400906
37944.0,1.269562216278473e-06,320.0013513865228,0.06510439876313172
38016.0,1.203501395470264e-06,320.0012829320475,0.06510417594381462
38088.0,1.14079198108222e-06,320.00121784616636,0.0651039640892715
38160.0,1.0812687722148759e-06,320.00115596856426,0.06510376267767667
38232.0,1.0247744453031966e-06,320.00109714626063,0.06510357121107836
38304.0,9.711591927263692e-07,320.0010412332895,0.06510338921435742
38376.0,9.202803776356033e-07,320.00098809039304,0.06510321623422934
38448.0,8.720022036670344e-07,320.000937584727,0.06510305183828642
38520.0,8.261953989720497e-07,320.0008895895791,0.06510289561408003
38592.0,7.827369146177228e-07,320.00084398409876,0.06510274716824148
38664.0,7.41509636078973e-07,320.0008006530378,0.06510260612563804
38736.0,7.024021075019667e-07,320.0007594865025,0.0651024721285656
38808.0,6.653082681534482e-07,320.00072037971563,0.06510234483597438
38880.0,6.301272007709243e-07,320.00068323278833,0.06510222392272602
38952.0,5.967628912107403e-07,320.0006479505028,0.06510210907888664
39024.0,5.651239983626518e-07,320.0006144421022,0.06510200000904258
39096.0,5.351236351844973e-07,320.00058262109104,0.06510189643165133
39168.0,5.066791586892542e-07,320.0005524050433,0.06510179807841601
39240.0,4.7971197014599e-07,320.00052371541943,0.06510170469369025
39312.0,4.541473240203958e-07,320.0004964773901,0.06510161603390469
39384.0,4.299141452990257e-07,320.0004706196684,0.06510153186702071
39456.0,4.069448558911451e-07,320.0004460743491,0.06510145197200631
39528.0,3.851752077443867e-07,320.00042277675453,0.065101376138336
39600.0,3.645441246825059e-07,320.00040066528726,0.06510130416551003
39672.0,3.4499355090435223e-07,320.0003796812896,0.06510123586259761
39744.0,3.264683068716711e-07,320.00035976890814,0.06510117104779599
39816.0,3.0891595100634737e-07,320.00034087496584,0.06510110954801382
39888.0,2.922866484565806e-07,320.00032294883806,0.06510105119846789
39960.0,2.7653304588514724e-07,320.00030594233505,0.06510099584230057
40032.0,2.6161015167535646e-07,320.0002898095893,0.06510094333021309
40104.0,2.4747522210528405e-07,320.0002745069476,0.0651008935201145
40176.0,2.3408765238911508e-07,320.0002599928688,0.06510084627678792
40248.0,2.2140887326080632e-07,320.0002462278246,0.06510080147156913
40320.0,2.0940225189163148e-07,320.0002331742064,0.06510075898204187
40392.0,1.9803299779919658e-07,320.0002207962351,0.06510071869174529
40464.0,1.8726807317967658e-07,320.00020905987515,0.0651006804898936
40536.0,1.7707610700562555e-07,320.00019793275317,0.06510064427111156
40608.0,1.674273138843275e-07,320.0001873840793,0.06510060993517816
40680.0,1.5829341600711526e-07,320.00017738457274,0.06510057738678426
40752.0,1.4964756927248122e-07,320.0001679063902,0.06510054653530002
40824.0,1.4146429294483114e-07,320.0001589230578,0.06510051729455321
40896.0,1.3371940199470542e-07,320.00015040940644,0.06510048958261798
40968.0,1.2638994373823642e-07,320.0001423415091,0.06510046332161214
41040.0,1.194541366254307e-07,320.0001346966222,0.06510043843750521
41112.0,1.1289131197762836e-07,320.0001274531289,0.06510041485993465
41184.0,1.0668185899303807e-07,320.00012059048487,0.06510039252202825
41256.0,1.008071723279244e-07,320.00011408916714,0.06510037136023904
41328.0,9.524960164959342e-08,320.00010793062523,0.06510035131418514
41400.0,8.999240435125113e-08,320.00010209723365,0.06510033232649554
41472.0,8.501969995434381e-08,320.00009657224814,0.06510031434266769
41544.0,8.031642706836184e-08,320.0000913397622,0.06510029731092598
41616.0,7.586830230547858e-08,320.0000863846672,0.06510028118209178
41688.0,7.166178105926501e-08,320.00008169261315,0.0651002659094558
41760.0,6.768402059343789e-08,320.0000772499722,0.06510025144865954
41832.0,6.392284442679314e-08,320.0000730438033,0.06510023775757974
41904.0,6.03667088677418e-08,320.00006906181864,0.06510022479621966
41976.0,5.700467098749184e-08,320.00006529235156,0.06510021252660435
42048.0,5.3826358121038755e-08,320.00006172432654,0.0651002009126829
42120.0,5.082193889552432e-08,320.00005834722987,0.06510018992023323
42192.0,4.79820958931116e-08,320.000055151082,0.0651001795167719
42264.0,4.529799943252074e-08,320.0000521264112,0.06510016967146852
42336.0,4.2761282718780643e-08,320.000049264229,0.06510016035506541
42408.0,4.036401798734226e-08,320.0000465560054,0.0651001515397975
42480.0,3.809869438918249e-08,320.00004399364695,0.06510014319932084
42552.0,3.5958196515323675e-08,320.0000415694747,0.06510013530864021
42624.0,3.393578388045957e-08,320.00003927620367,0.06510012784404293
42696.0,3.202507200535599e-08,320.00003710692306,0.06510012078303457
42768.0,3.0220013765827544e-08,320.00003505507794,0.06510011410427871
42840.0,2.8514882517604112e-08,320.00003311445124,0.06510010778753879
42912.0,2.6904254813209508e-08,320.00003127914687,0.06510010181362305
42984.0,2.5382995374235294e-08,320.00002954357336,0.0651000961643313
43056.0,2.3946241832936968e-08,320.0000279024291,0.06510009082240675
43128.0,2.2589390717329806e-08,320.0000263506872,0.0651000857714869
43200.0,2.1308083862346103e-08,320.0000248835821,0.06510008099605978
43272.0,2.00981957627028e-08,320.00002349659604,0.06510007648142012
43344.0,1.895582142288478e-08,320.00002218544665,0.06510007221362886
43416.0,1.78772649532977e-08,320.0000209460748,0.06510006817947352
43488.0,1.6859028326426806e-08,320.00001977463376,0.06510006436643287
43560.0,1.5897801482655693e-08,320.0000186674782,0.06510006076264145
43632.0,1.4990452098871975e-08,320.00001762115323,0.06510005735685377
43704.0,1.41340163161832e-08,320.0000166323861,0.06510005413841682
43776.0,1.332569021367964e-08,320.0000156980756,0.06510005109723599
43848.0,1.2562820784736765e-08,320.00001481528375,0.0651000482237486
43920.0,1.1842898618685403e-08,320.0000139812276,0.06510004550889582
43992.0,1.1163550049731758e-08,320.0000131932712,0.06510004294409767
44064.0,1.0522529731778166e-08,320.00001244891763,0.06510004052122689
44136.0,9.917714314971729e-09,320.0000117458025,0.06510003823258717
44208.0,9.34709555351635e-09,320.0000110816866,0.06510003607088982
44280.0,8.808774568399977e-09,320.0000104544496,0.06510003402923338
44352.0,8.300955647951346e-09,320.000009862084,0.0651000321010835
44424.0,7.82194116768527e-09,320.00000930268914,0.06510003028025314
44496.0,7.370125977194964e-09,320.00000877446564,0.06510002856088566
44568.0,6.94399276407889e-09,320.0000082757103,0.06510002693743698
44640.0,6.542107044526414e-09,320.00000780481076,0.06510002540465903
44712.0,6.1631132559069845e-09,320.0000073602413,0.06510002395758538
44784.0,5.805729782515448e-09,320.0000069405577,0.06510002259151526
44856.0,5.468745616848037e-09,320.0000065443934,0.06510002130200047
44928.0,5.151016344503833e-09,320.0000061704554,0.06510002008483226
45000.0,4.851460378890121e-09,320.00000581752,0.06510001893602757
45072.0,4.569055923541188e-09,320.0000054844297,0.06510001785181874
45144.0,4.302837597139855e-09,320.00000517008954,0.06510001682864144
45216.0,4.05189305865769e-09,320.00000487346347,0.06510001586312358
45288.0,3.815360840195829e-09,320.00000459357165,0.06510001495207571
45360.0,3.5924268654825306e-09,320.00000432948735,0.06510001409248134
45432.0,3.3823222472213132e-09,320.0000040803341,0.06510001328148757
45504.0,3.184320942387979e-09,320.0000038452832,0.06510001251639673
45576.0,2.9977370878025414e-09,320.00000362355047,0.06510001179465677
45648.0,2.821923010647841e-09,320.00000341439517,0.06510001111385627
45720.0,2.6562672746339824e-09,320.00000321711656,0.06510001047171439
45792.0,2.5001922995691507e-09,320.0000030310521,0.0651000098660745
45864.0,2.353153011588722e-09,320.0000028555759,0.06510000929489947
45936.0,2.214634658110029e-09,320.0000026900957,0.0651000087562615
46008.0,2.0841512803453996e-09,320.00000253405227,0.06510000824834014
46080.0,1.9612442212849063e-09,320.00000238691683,0.06510000776941428
46152.0,1.8454804734586526e-09,320.0000022481896,0.0651000073178572
46224.0,1.7364514536065662e-09,320.0000021173985,0.06510000689213205
46296.0,1.6337715459011814e-09,320.0000019940972,0.0651000064907864
46368.0,1.5370766809884963e-09,320.00000187786424,0.06510000611244808
46440.0,1.4460234301455155e-09,320.00000176830133,0.06510000575582084
46512.0,1.3602877439482223e-09,320.00000166503213,0.06510000541967959
46584.0,1.27956385106815e-09,320.0000015677011,0.06510000510286701
46656.0,1.2035631925118738e-09,320.0000014759727,0.06510000480429108
46728.0,1.132013693345329e-09,320.00000138952976,0.06510000452291935
46800.0,1.064658554679287e-09,320.0000013080728,0.06510000425777696
46872.0,1.0012556498688114e-09,320.0000012313189,0.06510000400794298
46944.0,9.415765119707172e-10,320.000001159001,0.06510000377254822
47016.0,8.854057476300332e-10,320.000001090867,0.06510000355077204
47088.0,8.325402376198929e-10,320.0000010266788,0.06510000334183941
47160.0,7.82788302110774e-10,320.00000096621153,0.06510000314501853
47232.0,7.359691853738892e-10,320.00000090925295,0.06510000295961835
47304.0,6.919127185872921e-10,320.0000008556028,0.06510000278498719
47376.0,6.504581115648686e-10,320.0000008050719,0.06510000262050909
47448.0,6.114540241704528e-10,320.000000757482,0.06510000246560387
47520.0,5.74757677894408e-10,320.00000071266436,0.06510000231972249
47592.0,5.402345540720265e-10,320.00000067046017,0.06510000218234785
47664.0,5.077577720552761e-10,320.0000006307195,0.06510000205299202
47736.0,4.772077695719284e-10,320.0000005933006,0.06510000193119354
47808.0,4.4847176974960093e-10,320.0000005580701,0.06510000181651816
47880.0,4.2144374568432304e-10,320.000000524902,0.06510000170855608
47952.0,3.9602354992232576e-10,320.00000049367725,0.06510000160691945
48024.0,3.721168435933457e-10,320.00000046428397,0.06510000151124433
48096.0,3.4963481204040625e-10,320.0000004366161,0.06510000142118547
48168.0,3.2849377414381237e-10,320.0000004105742,0.06510000133641908
48240.0,3.086148624314516e-10,320.00000038606396,0.06510000125663819
48312.0,2.899236325597413e-10,320.00000036299673,0.06510000118155436
48384.0,2.723502229330888e-10,320.0000003412888,0.06510000111089503
48456.0,2.5582860866847206e-10,320.0000003208612,0.06510000104440322
48528.0,2.402968150109157e-10,320.0000003016396,0.06510000098183691
48600.0,2.2569631312333826e-10,320.000000283554,0.06510000092296832
48672.0,2.1197200239188997e-10,320.00000026653794,0.06510000086758098
48744.0,1.9907197954932907e-10,320.00000025052935,0.06510000081547304
48816.0,1.8694737880673424e-10,320.0000002354694,0.06510000076645281
48888.0,1.7555230079540306e-10,320.0000002213026,0.06510000072034006
48960.0,1.6484342174920682e-10,320.0000002079768,0.06510000067696456
49032.0,1.5477995801573478e-10,320.0000001954429,0.06510000063616667
49104.0,1.453234883402197e-10,320.0000001836543,0.06510000059779482
49176.0,1.3643791854511967e-10,320.00000017256747,0.0651000005617071
49248.0,1.2808919706036768e-10,320.0000001621412,0.06510000052776957
49320.0,1.2024535068019583e-10,320.0000001523366,0.06510000049585567
49392.0,1.1287625346830864e-10,320.0000001431173,0.06510000046584678
49464.0,1.0595348479480484e-10,320.00000013444867,0.06510000043763042
49536.0,9.945041801237854e-11,320.00000012629846,0.06510000041110149
49608.0,9.334188311312901e-11,320.00000011863597,0.06510000038616007
49680.0,8.760427311856526e-11,320.00000011143237,0.06510000036271237
49752.0,8.221534891386864e-11,320.00000010466067,0.06510000034067048
49824.0,7.7154221300575e-11,320.00000009829523,0.06510000031995099
49896.0,7.240113795242546e-11,320.0000000923122,0.06510000030047614
49968.0,6.793764317646668e-11,320.0000000866887,0.06510000028217176
50040.0,6.374627597449738e-11,320.00000008140347,0.06510000026496829
50112.0,5.981069453351553e-11,320.0000000764365,0.06510000024880078
50184.0,5.611546291742926e-11,320.0000000717689,0.06510000023360779
50256.0,5.26460332690353e-11,320.00000006738276,0.06510000021933088
50328.0,4.938883468911093e-11,320.0000000632614,0.0651000002059158
50400.0,4.633102463450308e-11,320.00000005938904,0.06510000019331132
50472.0,4.3460542090161905e-11,320.0000000557509,0.06510000018146914
50544.0,4.076605432437301e-11,320.00000005233284,0.06510000017034338
50616.0,3.823692134630824e-11,320.00000004912187,0.06510000015989167
50688.0,3.586316039420125e-11,320.0000000461055,0.06510000015007349
50760.0,3.363526834942919e-11,320.0000000432722,0.06510000014085109
50832.0,3.1544434776833646e-11,320.000000040611,0.06510000013218875
50904.0,2.9582257856922906e-11,320.00000003811147,0.06510000012405283
50976.0,2.774097516679264e-11,320.000000035764,0.06510000011641183
51048.0,2.601321512798056e-11,320.0000000335594,0.0651000001092358
51120.0,2.4392050147875107e-11,320.00000003148904,0.06510000010249682
51192.0,2.287101465508009e-11,320.000000029545,0.06510000009616895
51264.0,2.144401585282364e-11,320.00000002771964,0.06510000009022741
51336.0,2.010522757778131e-11,320.00000002600564,0.06510000008464835
51408.0,1.8849285393079018e-11,320.0000000243964,0.06510000007941028
51480.0,1.7671162450032628e-11,320.00000002288573,0.06510000007449304
51552.0,1.6566027207335543e-11,320.0000000214675,0.06510000006987667
51624.0,1.552943894132641e-11,320.0000000201361,0.065100000065543
51696.0,1.4557258901350347e-11,320.0000000188864,0.06510000006147522
51768.0,1.3645454921990935e-11,320.00000001771343,0.06510000005765722
51840.0,1.2790385586570916e-11,320.0000000166124,0.06510000005407328
51912.0,1.1988462799743154e-11,320.00000001557913,0.06510000005071008
51984.0,1.1236542524745417e-11,320.0000000146093,0.06510000004755336
52056.0,1.0531409693510603e-11,320.0000000136994,0.06510000004459147
52128.0,9.870257761763506e-12,320.0000000128455,0.06510000004181203
52200.0,9.250386758983038e-12,320.0000000120441,0.06510000003920353
52272.0,8.669256613560492e-12,320.00000001129223,0.06510000003675621
52344.0,8.124433797016344e-12,320.0000000105868,0.06510000003446004
52416.0,7.613662424211243e-12,320.000000009925,0.06510000003230579
52488.0,7.1348819824613625e-12,320.0000000093041,0.06510000003028477
52560.0,6.686103059293849e-12,320.00000000872166,0.06510000002838899
52632.0,6.2654427815369265e-12,320.0000000081753,0.06510000002661052
52704.0,5.87117812899378e-12,320.0000000076628,0.06510000002494234
52776.0,5.5016749261063875e-12,320.00000000718205,0.06510000002337758
52848.0,5.155405559586501e-12,320.0000000067313,0.06510000002191033
52920.0,4.830877962423248e-12,320.0000000063085,0.06510000002053411
52992.0,4.526759905268249e-12,320.00000000591194,0.06510000001924338
53064.0,4.241825763152187e-12,320.0000000055401,0.06510000001803294
53136.0,3.974849884308933e-12,320.0000000051914,0.06510000001689799
53208.0,3.724713209867067e-12,320.0000000048644,0.06510000001583355
53280.0,3.4903854758284394e-12,320.0000000045578,0.0651000000148357
53352.0,3.2708187120482597e-12,320.0000000042704,0.06510000001390022
53424.0,3.065142518987693e-12,320.0000000040009,0.065100000013023
53496.0,2.8724509661429928e-12,320.00000000374826,0.06510000001220058
53568.0,2.6919447541863036e-12,320.00000000351145,0.06510000001142977
53640.0,2.5228955959540556e-12,320.00000000328953,0.06510000001070741
53712.0,2.3645219250618495e-12,320.0000000030814,0.06510000001003004
53784.0,2.2162375514089152e-12,320.0000000028864,0.06510000000939521
53856.0,2.077349749421526e-12,320.00000000270353,0.0651000000088
53928.0,1.947290081082958e-12,320.0000000025322,0.06510000000824231
54000.0,1.825507914054166e-12,320.0000000023716,0.06510000000771962
54072.0,1.7114348332871264e-12,320.0000000022212,0.06510000000723004
54144.0,1.604644516968501e-12,320.0000000020801,0.06510000000677081
54216.0,1.504710673909887e-12,320.00000000194797,0.06510000000634063
54288.0,1.4111359586493049e-12,320.0000000018243,0.06510000000593802
54360.0,1.323511797629342e-12,320.0000000017083,0.06510000000556056
54432.0,1.2414651520856073e-12,320.00000000159963,0.0651000000052068
54504.0,1.1646763428649973e-12,320.0000000014979,0.0651000000048756
54576.0,1.0927545293535575e-12,320.00000000140244,0.06510000000456494
54648.0,1.0254865908398467e-12,320.00000000131314,0.06510000000427427
54720.0,9.62517286580921e-13,320.00000000122947,0.06510000000400191
54792.0,9.035801285978175e-13,320.00000000115114,0.06510000000374695
54864.0,8.48390949561753e-13,320.00000000107775,0.06510000000350809
54936.0,7.967365598551803e-13,320.00000000100897,0.0651000000032842
55008.0,7.484216099912869e-13,320.00000000094457,0.06510000000307456
55080.0,7.032151467841314e-13,320.0000000008842,0.06510000000287806
55152.0,6.60957347883689e-13,320.00000000082775,0.06510000000269434
55224.0,6.213994735669226e-13,320.00000000077495,0.06510000000252245
55296.0,5.843816861713393e-13,320.00000000072544,0.0651000000023613
55368.0,5.497619001184889e-13,320.0000000006791,0.0651000000022105
55440.0,5.173979800644005e-13,320.0000000006356,0.06510000000206896
55512.0,4.870768052976333e-13,320.00000000059504,0.06510000000193684
55584.0,4.58727306232143e-13,320.00000000055695,0.06510000000181287
55656.0,4.322251378891719e-13,320.00000000052137,0.06510000000169705
55728.0,4.074815130516856e-13,320.00000000048806,0.06510000000158862
55800.0,3.843897967156824e-13,320.0000000004569,0.06510000000148723
55872.0,3.6273689496654024e-13,320.0000000004277,0.06510000000139213
55944.0,3.4248725387065204e-13,320.00000000040035,0.06510000000130313
56016.0,3.2356982681067585e-13,320.00000000037477,0.06510000000121988
56088.0,3.0586027263597075e-13,320.00000000035084,0.06510000000114198
56160.0,2.893408316062595e-13,320.0000000003285,0.06510000000106926
56232.0,2.7386939900250745e-13,320.0000000003075,0.065100000001001
56304.0,2.5941045151604335e-13,320.00000000028797,0.06510000000093734
56376.0,2.458929387014083e-13,320.00000000026967,0.06510000000087776
56448.0,2.3328131428122913e-13,320.00000000025244,0.0651000000008217
56520.0,2.2146902747007804e-13,320.0000000002364,0.06510000000076951
56592.0,2.1043830321520996e-13,320.00000000022135,0.06510000000072048
56664.0,2.0015362586418794e-13,320.00000000020736,0.06510000000067498
56736.0,1.9052616991880788e-13,320.00000000019423,0.06510000000063224
56808.0,1.8153817181067576e-13,320.0000000001819,0.06510000000059209
56880.0,1.731363446627267e-13,320.0000000001704,0.0651000000005547
56952.0,1.6530294021903465e-13,320.0000000001597,0.06510000000051974
57024.0,1.5800242751469466e-13,320.00000000014967,0.06510000000048717
57096.0,1.5118149670393961e-13,320.00000000014023,0.06510000000045646
57168.0,1.4478688387840658e-13,320.0000000001314,0.06510000000042777
57240.0,1.388363219815535e-13,320.0000000001231,0.06510000000040077
57312.0,1.3325879119285743e-13,320.0000000001155,0.06510000000037597
57384.0,1.2805429916855247e-13,320.0000000001083,0.06510000000035247
57456.0,1.2324057119586244e-13,320.00000000010164,0.06510000000033082
57528.0,1.1867552169633741e-13,320.0000000000954,0.06510000000031048
57600.0,1.1448349182061837e-13,320.0000000000895,0.06510000000029141
57672.0,1.1055790781457535e-13,320.000000000084,0.06510000000027347
57744.0,1.0689877733444238e-13,320.00000000007896,0.06510000000025701
57816.0,1.0345279053445236e-13,320.0000000000742,0.06510000000024146
57888.0,1.0027322663543628e-13,320.0000000000697,0.06510000000022684
57960.0,9.728909644180734e-14,320.0000000000656,0.06510000000021351
58032.0,9.450030807875724e-14,320.00000000006156,0.06510000000020039
58104.0,9.192471698948829e-14,320.000000000058,0.06510000000018873
58176.0,8.954449835573428e-14,320.00000000005457,0.06510000000017763
58248.0,8.730639209724928e-14,320.00000000005144,0.06510000000016745
58320.0,8.521037141721427e-14,320.0000000000485,0.06510000000015782
58392.0,8.325648608115033e-14,320.00000000004576,0.06510000000014894
58464.0,8.144465569860024e-14,320.00000000004314,0.06510000000014043
58536.0,7.972165847048825e-14,320.00000000004076,0.06510000000013266
58608.0,7.817630075443325e-14,320.00000000003854,0.06510000000012545
58680.0,7.671975322411426e-14,320.0000000000365,0.06510000000011879
58752.0,7.533426379548827e-14,320.0000000000345,0.06510000000011232
58824.0,7.401981715608729e-14,320.0000000000327,0.06510000000010639
58896.0,7.281194044269927e-14,320.0000000000309,0.06510000000010066
58968.0,7.169286625881319e-14,320.00000000002933,0.06510000000009547
59040.0,7.068040411022724e-14,320.0000000000279,0.06510000000009085
59112.0,6.972120969812125e-14,320.0000000000265,0.06510000000008621
59184.0,6.883305807524022e-14,320.0000000000251,0.06510000000008179
59256.0,6.799822012624326e-14,320.000000000024,0.06510000000007808
59328.0,6.725218470674826e-14,320.0000000000229,0.06510000000007457
59400.0,6.652391285564726e-14,320.0000000000219,0.06510000000007123
59472.0,6.58666991062393e-14,320.0000000000209,0.06510000000006809
59544.0,6.522722595652326e-14,320.00000000001995,0.06510000000006494
59616.0,6.467658213312826e-14,320.0000000000191,0.06510000000006216
59688.0,6.416145779028726e-14,320.0000000000183,0.06510000000005958
59760.0,6.366410467207427e-14,320.00000000001756,0.06510000000005717
59832.0,6.322003077469226e-14,320.0000000000169,0.06510000000005496
59904.0,6.281147635786422e-14,320.0000000000162,0.06510000000005273
59976.0,6.243847204652628e-14,320.0000000000157,0.06510000000005108
60048.0,6.208321599111427e-14,320.0000000000151,0.06510000000004922
60120.0,6.176348324437327e-14,320.0000000000146,0.06510000000004755
60192.0,6.146151789414327e-14,320.0000000000141,0.06510000000004589
60264.0,6.115955254391328e-14,320.00000000001364,0.0651000000000444
60336.0,6.08931143304713e-14,320.00000000001324,0.06510000000004311
60408.0,6.06621994257003e-14,320.0000000000129,0.065100000000042
60480.0,6.044905191744032e-14,320.00000000001256,0.06510000000004089
60552.0,6.025366032134031e-14,320.0000000000122,0.06510000000003978
60624.0,6.005826872524032e-14,320.0000000000119,0.06510000000003867
60696.0,5.98806368694173e-14,320.0000000000116,0.06510000000003775
60768.0,5.972076858198829e-14,320.0000000000113,0.06510000000003682
60840.0,5.956091177891032e-14,320.00000000001114,0.06510000000003627
60912.0,5.943657445638633e-14,320.0000000000109,0.06510000000003552
60984.0,5.931223330574532e-14,320.00000000001063,0.0651000000000346
61056.0,5.922342312000933e-14,320.0000000000105,0.06510000000003423
61128.0,5.913461293427335e-14,320.00000000001035,0.06510000000003367
61200.0,5.902803535202634e-14,320.0000000000102,0.06510000000003312
61272.0,5.893921751005633e-14,320.00000000000995,0.06510000000003238
61344.0,5.886817089271434e-14,320.00000000000983,0.06510000000003201
61416.0,5.881488401564935e-14,320.0000000000098,0.06510000000003183
61488.0,5.876160096670136e-14,320.0000000000097,0.06510000000003163
61560.0,5.869054669312535e-14,320.00000000000955,0.06510000000003108
61632.0,5.865501955633736e-14,320.00000000000944,0.06510000000003072
61704.0,5.861950007578338e-14,320.00000000000944,0.06510000000003072
61776.0,5.858396911087835e-14,320.00000000000927,0.06510000000003016
61848.0,5.856620937060137e-14,320.00000000000927,0.06510000000003016
61920.0,5.854844580220737e-14,320.0000000000092,0.06510000000002998
61992.0,5.853068223381337e-14,320.00000000000915,0.06510000000002979
62064.0,5.851292249353637e-14,320.00000000000915,0.06510000000002979
62136.0,5.849516275325939e-14,320.00000000000915,0.06510000000002979
62208.0,5.847739918486538e-14,320.0000000000091,0.0651000000000296
62280.0,5.845963561647137e-14,320.00000000000904,0.06510000000002941
62352.0,5.845963561647137e-14,320.00000000000904,0.06510000000002941
62424.0,5.845963561647137e-14,320.00000000000904,0.06510000000002941
62496.0,5.845963561647137e-14,320.00000000000904,0.06510000000002941
62568.0,5.845963561647137e-14,320.00000000000904,0.06510000000002941
62640.0,5.845963561647137e-14,320.00000000000904,0.06510000000002941
62712.0,5.845963561647137e-14,320.00000000000904,0.06510000000002941
62784.0,5.845963561647137e-14,320.00000000000904,0.06510000000002941
62856.0,5.845963561647137e-14,320.00000000000904,0.06510000000002941
62928.0,5.845963561647137e-14,320.00000000000904,0.06510000000002941
63000.0,5.845963561647137e-14,320.00000000000904,0.06510000000002941
63072.0,5.845963561647137e-14,320.00000000000904,0.06510000000002941
63144.0,5.845963561647137e-14,320.00000000000904,0.06510000000002941
63216.0,5.845963561647137e-14,320.00000000000904,0.06510000000002941
63288.0,5.845963561647137e-14,320.00000000000904,0.06510000000002941
63360.0,5.845963561647137e-14,320.00000000000904,0.06510000000002941
63432.0,5.845963561647137e-14,320.00000000000904,0.06510000000002941
63504.0,5.845963561647137e-14,320.00000000000904,0.06510000000002941
63576.0,5.845963561647137e-14,320.00000000000904,0.06510000000002941
63648.0,5.845963561647137e-14,320.00000000000904,0.06510000000002941
63720.0,5.845963561647137e-14,320.00000000000904,0.06510000000002941
63792.0,5.845963561647137e-14,320.00000000000904,0.06510000000002941
63864.0,5.845963561647137e-14,320.00000000000904,0.06510000000002941
63936.0,5.845963561647137e-14,320.00000000000904,0.06510000000002941
64008.0,5.845963561647137e-14,320.00000000000904,0.06510000000002941
64080.0,5.845963561647137e-14,320.00000000000904,0.06510000000002941
64152.0,5.845963561647137e-14,320.00000000000904,0.06510000000002941
64224.0,5.845963561647137e-14,320.00000000000904,0.06510000000002941
64296.0,5.845963561647137e-14,320.00000000000904,0.06510000000002941
64368.0,5.845963561647137e-14,320.00000000000904,0.06510000000002941
64440.0,5.845963561647137e-14,320.00000000000904,0.06510000000002941
64512.0,5.845963561647137e-14,320.00000000000904,0.06510000000002941
64584.0,5.845963561647137e-14,320.00000000000904,0.06510000000002941
64656.0,5.845963561647137e-14,320.00000000000904,0.06510000000002941
64728.0,5.845963561647137e-14,320.00000000000904,0.06510000000002941
64800.0,5.845963561647137e-14,320.00000000000904,0.06510000000002941
64872.0,5.845963561647137e-14,320.00000000000904,0.06510000000002941
64944.0,5.845963561647137e-14,320.00000000000904,0.06510000000002941
65016.0,5.845963561647137e-14,320.00000000000904,0.06510000000002941
65088.0,5.845963561647137e-14,320.00000000000904,0.06510000000002941
65160.0,5.845963561647137e-14,320.00000000000904,0.06510000000002941
65232.0,5.845963561647137e-14,320.00000000000904,0.06510000000002941
65304.0,5.845963561647137e-14,320.00000000000904,0.06510000000002941
65376.0,5.845963561647137e-14,320.00000000000904,0.06510000000002941
65448.0,5.845963561647137e-14,320.00000000000904,0.06510000000002941
65520.0,5.845963561647137e-14,320.00000000000904,0.06510000000002941
65592.0,5.845963561647137e-14,320.00000000000904,0.06510000000002941
65664.0,5.845963561647137e-14,320.00000000000904,0.06510000000002941
65736.0,5.845963561647137e-14,320.00000000000904,0.06510000000002941
65808.0,5.845963561647137e-14,320.00000000000904,0.06510000000002941
65880.0,5.845963561647137e-14,320.00000000000904,0.06510000000002941
65952.0,5.845963561647137e-14,320.00000000000904,0.06510000000002941
66024.0,5.845963561647137e-14,320.00000000000904,0.06510000000002941
66096.0,5.845963561647137e-14,320.00000000000904,0.06510000000002941
66168.0,5.845963561647137e-14,320.00000000000904,0.06510000000002941
66240.0,5.845963561647137e-14,320.00000000000904,0.06510000000002941
66312.0,5.845963561647137e-14,320.00000000000904,0.06510000000002941
66384.0,5.845963561647137e-14,320.00000000000904,0.06510000000002941
66456.0,5.845963561647137e-14,320.00000000000904,0.06510000000002941
66528.0,5.845963561647137e-14,320.00000000000904,0.06510000000002941
66600.0,5.845963561647137e-14,320.00000000000904,0.06510000000002941
66672.0,5.845963561647137e-14,320.00000000000904,0.06510000000002941
66744.0,5.845963561647137e-14,320.00000000000904,0.06510000000002941
66816.0,5.845963561647137e-14,320.00000000000904,0.06510000000002941
66888.0,5.845963561647137e-14,320.00000000000904,0.06510000000002941
66960.0,5.845963561647137e-14,320.00000000000904,0.06510000000002941
67032.0,5.845963561647137e-14,320.00000000000904,0.06510000000002941
67104.0,5.845963561647137e-14,320.00000000000904,0.06510000000002941
67176.0,5.845963561647137e-14,320.00000000000904,0.06510000000002941
67248.0,5.845963561647137e-14,320.00000000000904,0.06510000000002941
67320.0,5.845963561647137e-14,320.00000000000904,0.06510000000002941
67392.0,5.845963561647137e-14,320.00000000000904,0.06510000000002941
67464.0,5.845963561647137e-14,320.00000000000904,0.06510000000002941
67536.0,5.845963561647137e-14,320.00000000000904,0.06510000000002941
67608.0,5.845963561647137e-14,320.00000000000904,0.06510000000002941
67680.0,5.845963561647137e-14,320.00000000000904,0.06510000000002941
67752.0,5.845963561647137e-14,320.00000000000904,0.06510000000002941
67824.0,5.845963561647137e-14,320.00000000000904,0.06510000000002941
67896.0,5.845963561647137e-14,320.00000000000904,0.06510000000002941
67968.0,5.845963561647137e-14,320.00000000000904,0.06510000000002941
68040.0,5.845963561647137e-14,320.00000000000904,0.06510000000002941
68112.0,5.845963561647137e-14,320.00000000000904,0.06510000000002941
68184.0,5.845963561647137e-14,320.00000000000904,0.06510000000002941
68256.0,5.845963561647137e-14,320.00000000000904,0.06510000000002941
68328.0,5.845963561647137e-14,320.00000000000904,0.06510000000002941
68400.0,5.845963561647137e-14,320.00000000000904,0.06510000000002941
68472.0,5.845963561647137e-14,320.00000000000904,0.06510000000002941
68544.0,5.845963561647137e-14,320.00000000000904,0.06510000000002941
68616.0,5.845963561647137e-14,320.00000000000904,0.06510000000002941
68688.0,5.845963561647137e-14,320.00000000000904,0.06510000000002941
68760.0,5.845963561647137e-14,320.00000000000904,0.06510000000002941
68832.0,5.845963561647137e-14,320.00000000000904,0.06510000000002941
68904.0,5.845963561647137e-14,320.00000000000904,0.06510000000002941
68976.0,5.845963561647137e-14,320.00000000000904,0.06510000000002941
69048.0,5.845963561647137e-14,320.00000000000904,0.06510000000002941
69120.0,5.845963561647137e-14,320.00000000000904,0.06510000000002941
69192.0,5.845963561647137e-14,320.00000000000904,0.06510000000002941
69264.0,5.845963561647137e-14,320.00000000000904,0.06510000000002941
69336.0,5.845963561647137e-14,320.00000000000904,0.06510000000002941
69408.0,5.845963561647137e-14,320.00000000000904,0.06510000000002941
69480.0,5.845963561647137e-14,320.00000000000904,0.06510000000002941
69552.0,5.845963561647137e-14,320.00000000000904,0.06510000000002941
69624.0,5.845963561647137e-14,320.00000000000904,0.06510000000002941
69696.0,5.845963561647137e-14,320.00000000000904,0.06510000000002941
69768.0,5.845963561647137e-14,320.00000000000904,0.06510000000002941
69840.0,5.845963561647137e-14,320.00000000000904,0.06510000000002941
69912.0,5.845963561647137e-14,320.00000000000904,0.06510000000002941
69984.0,5.845963561647137e-14,320.00000000000904,0.06510000000002941
70056.0,5.845963561647137e-14,320.00000000000904,0.06510000000002941
70128.0,5.845963561647137e-14,320.00000000000904,0.06510000000002941
70200.0,5.845963561647137e-14,320.00000000000904,0.06510000000002941
70272.0,5.845963561647137e-14,320.00000000000904,0.06510000000002941
70344.0,5.845963561647137e-14,320.00000000000904,0.06510000000002941
70416.0,5.845963561647137e-14,320.00000000000904,0.06510000000002941
70488.0,5.845963561647137e-14,320.00000000000904,0.06510000000002941
70560.0,5.845963561647137e-14,320.00000000000904,0.06510000000002941
70632.0,5.845963561647137e-14,320.00000000000904,0.06510000000002941
70704.0,5.845963561647137e-14,320.00000000000904,0.06510000000002941
70776.0,5.845963561647137e-14,320.00000000000904,0.06510000000002941
70848.0,5.845963561647137e-14,320.00000000000904,0.06510000000002941
70920.0,5.845963561647137e-14,320.00000000000904,0.06510000000002941
70992.0,5.845963561647137e-14,320.00000000000904,0.06510000000002941
71064.0,5.845963561647137e-14,320.00000000000904,0.06510000000002941
71136.0,5.845963561647137e-14,320.00000000000904,0.06510000000002941
71208.0,5.845963561647137e-14,320.00000000000904,0.06510000000002941
71280.0,5.845963561647137e-14,320.00000000000904,0.06510000000002941
71352.0,5.845963561647137e-14,320.00000000000904,0.06510000000002941
71424.0,5.845963561647137e-14,320.00000000000904,0.06510000000002941
71496.0,5.845963561647137e-14,320.00000000000904,0.06510000000002941
71568.0,5.845963561647137e-14,320.00000000000904,0.06510000000002941
71640.0,5.845963561647137e-14,320.00000000000904,0.06510000000002941
71712.0,5.845963561647137e-14,320.00000000000904,0.06510000000002941
71784.0,5.845963561647137e-14,320.00000000000904,0.06510000000002941
71856.0,5.845963561647137e-14,320.00000000000904,0.06510000000002941
71928.0,5.845963561647137e-14,320.00000000000904,0.06510000000002941
72000.0,5.845963561647137e-14,320.00000000000904,0.06510000000002941
72072.0,5.845963561647137e-14,320.00000000000904,0.06510000000002941
72144.0,5.845963561647137e-14,320.00000000000904,0.06510000000002941
72216.0,5.845963561647137e-14,320.00000000000904,0.06510000000002941
72288.0,5.845963561647137e-14,320.00000000000904,0.06510000000002941
72360.0,5.845963561647137e-14,320.00000000000904,0.06510000000002941
72432.0,5.845963561647137e-14,320.00000000000904,0.06510000000002941
72504.0,5.845963561647137e-14,320.00000000000904,0.06510000000002941
72576.0,5.845963561647137e-14,320.00000000000904,0.06510000000002941
72648.0,5.845963561647137e-14,320.00000000000904,0.06510000000002941
72720.0,5.845963561647137e-14,320.00000000000904,0.06510000000002941
72792.0,5.845963561647137e-14,320.00000000000904,0.06510000000002941
72864.0,5.845963561647137e-14,320.00000000000904,0.06510000000002941
72936.0,5.845963561647137e-14,320.00000000000904,0.06510000000002941
73008.0,5.845963561647137e-14,320.00000000000904,0.06510000000002941
73080.0,5.845963561647137e-14,320.00000000000904,0.06510000000002941
73152.0,5.845963561647137e-14,320.00000000000904,0.06510000000002941
73224.0,5.845963561647137e-14,320.00000000000904,0.06510000000002941
73296.0,5.845963561647137e-14,320.00000000000904,0.06510000000002941
73368.0,5.845963561647137e-14,320.00000000000904,0.06510000000002941
73440.0,5.845963561647137e-14,320.00000000000904,0.06510000000002941
73512.0,5.845963561647137e-14,320.00000000000904,0.06510000000002941
73584.0,5.845963561647137e-14,320.00000000000904,0.06510000000002941
73656.0,5.845963561647137e-14,320.00000000000904,0.06510000000002941
73728.0,5.845963561647137e-14,320.00000000000904,0.06510000000002941
73800.0,5.845963561647137e-14,320.00000000000904,0.06510000000002941
73872.0,5.845963561647137e-14,320.00000000000904,0.06510000000002941
73944.0,5.845963561647137e-14,320.00000000000904,0.06510000000002941
74016.0,5.845963561647137e-14,320.00000000000904,0.06510000000002941
74088.0,5.845963561647137e-14,320.00000000000904,0.06510000000002941
74160.0,5.845963561647137e-14,320.00000000000904,0.06510000000002941
74232.0,5.845963561647137e-14,320.00000000000904,0.06510000000002941
74304.0,5.845963561647137e-14,320.00000000000904,0.06510000000002941
74376.0,5.845963561647137e-14,320.00000000000904,0.06510000000002941
74448.0,5.845963561647137e-14,320.00000000000904,0.06510000000002941
74520.0,5.845963561647137e-14,320.00000000000904,0.06510000000002941
74592.0,5.845963561647137e-14,320.00000000000904,0.06510000000002941
74664.0,5.845963561647137e-14,320.00000000000904,0.06510000000002941
74736.0,5.845963561647137e-14,320.00000000000904,0.06510000000002941
74808.0,5.845963561647137e-14,320.00000000000904,0.06510000000002941
74880.0,5.845963561647137e-14,320.00000000000904,0.06510000000002941
74952.0,5.845963561647137e-14,320.00000000000904,0.06510000000002941
75024.0,5.845963561647137e-14,320.00000000000904,0.06510000000002941
75096.0,5.845963561647137e-14,320.00000000000904,0.06510000000002941
75168.0,5.845963561647137e-14,320.00000000000904,0.06510000000002941
75240.0,5.845963561647137e-14,320.00000000000904,0.06510000000002941
75312.0,5.845963561647137e-14,320.00000000000904,0.06510000000002941
75384.0,5.845963561647137e-14,320.00000000000904,0.06510000000002941
75456.0,5.845963561647137e-14,320.00000000000904,0.06510000000002941
75528.0,5.845963561647137e-14,320.00000000000904,0.06510000000002941
75600.0,5.845963561647137e-14,320.00000000000904,0.06510000000002941
75672.0,5.845963561647137e-14,320.00000000000904,0.06510000000002941
75744.0,5.845963561647137e-14,320.00000000000904,0.06510000000002941
75816.0,5.845963561647137e-14,320.00000000000904,0.06510000000002941
75888.0,5.845963561647137e-14,320.00000000000904,0.06510000000002941
75960.0,5.845963561647137e-14,320.00000000000904,0.06510000000002941
76032.0,5.845963561647137e-14,320.00000000000904,0.06510000000002941
76104.0,5.845963561647137e-14,320.00000000000904,0.06510000000002941
76176.0,5.845963561647137e-14,320.00000000000904,0.06510000000002941
76248.0,5.845963561647137e-14,320.00000000000904,0.06510000000002941
76320.0,5.845963561647137e-14,320.00000000000904,0.06510000000002941
76392.0,5.845963561647137e-14,320.00000000000904,0.06510000000002941
76464.0,5.845963561647137e-14,320.00000000000904,0.06510000000002941
76536.0,5.845963561647137e-14,320.00000000000904,0.06510000000002941
76608.0,5.845963561647137e-14,320.00000000000904,0.06510000000002941
76680.0,5.845963561647137e-14,320.00000000000904,0.06510000000002941
76752.0,5.845963561647137e-14,320.00000000000904,0.06510000000002941
76824.0,5.845963561647137e-14,320.00000000000904,0.06510000000002941
76896.0,5.845963561647137e-14,320.00000000000904,0.06510000000002941
76968.0,5.845963561647137e-14,320.00000000000904,0.06510000000002941
77040.0,5.845963561647137e-14,320.00000000000904,0.06510000000002941
77112.0,5.845963561647137e-14,320.00000000000904,0.06510000000002941
77184.0,5.845963561647137e-14,320.00000000000904,0.06510000000002941
77256.0,5.845963561647137e-14,320.00000000000904,0.06510000000002941
77328.0,5.845963561647137e-14,320.00000000000904,0.06510000000002941
77400.0,5.845963561647137e-14,320.00000000000904,0.06510000000002941
77472.0,5.845963561647137e-14,320.00000000000904,0.06510000000002941
77544.0,5.845963561647137e-14,320.00000000000904,0.06510000000002941
77616.0,5.845963561647137e-14,320.00000000000904,0.06510000000002941
77688.0,5.845963561647137e-14,320.00000000000904,0.06510000000002941
77760.0,5.845963561647137e-14,320.00000000000904,0.06510000000002941
77832.0,5.845963561647137e-14,320.00000000000904,0.06510000000002941
77904.0,5.845963561647137e-14,320.00000000000904,0.06510000000002941
77976.0,5.845963561647137e-14,320.00000000000904,0.06510000000002941
78048.0,5.845963561647137e-14,320.00000000000904,0.06510000000002941
78120.0,5.845963561647137e-14,320.00000000000904,0.06510000000002941
78192.0,5.845963561647137e-14,320.00000000000904,0.06510000000002941
78264.0,5.845963561647137e-14,320.00000000000904,0.06510000000002941
78336.0,5.845963561647137e-14,320.00000000000904,0.06510000000002941
78408.0,5.845963561647137e-14,320.00000000000904,0.06510000000002941
78480.0,5.845963561647137e-14,320.00000000000904,0.06510000000002941
78552.0,5.845963561647137e-14,320.00000000000904,0.06510000000002941
78624.0,5.845963561647137e-14,320.00000000000904,0.06510000000002941
78696.0,5.845963561647137e-14,320.00000000000904,0.06510000000002941
78768.0,5.845963561647137e-14,320.00000000000904,0.06510000000002941
78840.0,5.845963561647137e-14,320.00000000000904,0.06510000000002941
78912.0,5.845963561647137e-14,320.00000000000904,0.06510000000002941
78984.0,5.845963561647137e-14,320.00000000000904,0.06510000000002941
79056.0,5.845963561647137e-14,320.00000000000904,0.06510000000002941
79128.0,5.845963561647137e-14,320.00000000000904,0.06510000000002941
79200.0,5.845963561647137e-14,320.00000000000904,0.06510000000002941
79272.0,5.845963561647137e-14,320.00000000000904,0.06510000000002941
79344.0,5.845963561647137e-14,320.00000000000904,0.06510000000002941
79416.0,5.845963561647137e-14,320.00000000000904,0.06510000000002941
79488.0,5.845963561647137e-14,320.00000000000904,0.06510000000002941
79560.0,5.845963561647137e-14,320.00000000000904,0.06510000000002941
79632.0,5.845963561647137e-14,320.00000000000904,0.06510000000002941
79704.0,5.845963561647137e-14,320.00000000000904,0.06510000000002941
79776.0,5.845963561647137e-14,320.00000000000904,0.06510000000002941
79848.0,5.845963561647137e-14,320.00000000000904,0.06510000000002941
79920.0,5.845963561647137e-14,320.00000000000904,0.06510000000002941
79992.0,5.845963561647137e-14,320.00000000000904,0.06510000000002941
80064.0,5.845963561647137e-14,320.00000000000904,0.06510000000002941
80136.0,5.845963561647137e-14,320.00000000000904,0.06510000000002941
80208.0,5.845963561647137e-14,320.00000000000904,0.06510000000002941
80280.0,5.845963561647137e-14,320.00000000000904,0.06510000000002941
80352.0,5.845963561647137e-14,320.00000000000904,0.06510000000002941
80424.0,5.845963561647137e-14,320.00000000000904,0.06510000000002941
80496.0,5.845963561647137e-14,320.00000000000904,0.06510000000002941
80568.0,5.845963561647137e-14,320.00000000000904,0.06510000000002941
80640.0,5.845963561647137e-14,320.00000000000904,0.06510000000002941
80712.0,5.845963561647137e-14,320.00000000000904,0.06510000000002941
80784.0,5.845963561647137e-14,320.00000000000904,0.06510000000002941
80856.0,5.845963561647137e-14,320.00000000000904,0.06510000000002941
80928.0,5.845963561647137e-14,320.00000000000904,0.06510000000002941
81000.0,5.845963561647137e-14,320.00000000000904,0.06510000000002941
81072.0,5.845963561647137e-14,320.00000000000904,0.06510000000002941
81144.0,5.845963561647137e-14,320.00000000000904,0.06510000000002941
81216.0,5.845963561647137e-14,320.00000000000904,0.06510000000002941
81288.0,5.845963561647137e-14,320.00000000000904,0.06510000000002941
81360.0,5.845963561647137e-14,320.00000000000904,0.06510000000002941
81432.0,5.845963561647137e-14,320.00000000000904,0.06510000000002941
81504.0,5.845963561647137e-14,320.00000000000904,0.06510000000002941
81576.0,5.845963561647137e-14,320.00000000000904,0.06510000000002941
81648.0,5.845963561647137e-14,320.00000000000904,0.06510000000002941
81720.0,5.845963561647137e-14,320.00000000000904,0.06510000000002941
81792.0,5.845963561647137e-14,320.00000000000904,0.06510000000002941
81864.0,5.845963561647137e-14,320.00000000000904,0.06510000000002941
81936.0,5.845963561647137e-14,320.00000000000904,0.06510000000002941
82008.0,5.845963561647137e-14,320.00000000000904,0.06510000000002941
82080.0,5.845963561647137e-14,320.00000000000904,0.06510000000002941
82152.0,5.845963561647137e-14,320.00000000000904,0.06510000000002941
82224.0,5.845963561647137e-14,320.00000000000904,0.06510000000002941
82296.0,5.845963561647137e-14,320.00000000000904,0.06510000000002941
82368.0,5.845963561647137e-14,320.00000000000904,0.06510000000002941
82440.0,5.845963561647137e-14,320.00000000000904,0.06510000000002941
82512.0,5.845963561647137e-14,320.00000000000904,0.06510000000002941
82584.0,5.845963561647137e-14,320.00000000000904,0.06510000000002941
82656.0,5.845963561647137e-14,320.00000000000904,0.06510000000002941
82728.0,5.845963561647137e-14,320.00000000000904,0.06510000000002941
82800.0,5.845963561647137e-14,320.00000000000904,0.06510000000002941
82872.0,5.845963561647137e-14,320.00000000000904,0.06510000000002941
82944.0,5.845963561647137e-14,320.00000000000904,0.06510000000002941
83016.0,5.845963561647137e-14,320.00000000000904,0.06510000000002941
83088.0,5.845963561647137e-14,320.00000000000904,0.06510000000002941
83160.0,5.845963561647137e-14,320.00000000000904,0.06510000000002941
83232.0,5.845963561647137e-14,320.00000000000904,0.06510000000002941
83304.0,5.845963561647137e-14,320.00000000000904,0.06510000000002941
83376.0,5.845963561647137e-14,320.00000000000904,0.06510000000002941
83448.0,5.845963561647137e-14,320.00000000000904,0.06510000000002941
83520.0,5.845963561647137e-14,320.00000000000904,0.06510000000002941
83592.0,5.845963561647137e-14,320.00000000000904,0.06510000000002941
83664.0,5.845963561647137e-14,320.00000000000904,0.06510000000002941
83736.0,5.845963561647137e-14,320.00000000000904,0.06510000000002941
83808.0,5.845963561647137e-14,320.00000000000904,0.06510000000002941
83880.0,5.845963561647137e-14,320.00000000000904,0.06510000000002941
83952.0,5.845963561647137e-14,320.00000000000904,0.06510000000002941
84024.0,5.845963561647137e-14,320.00000000000904,0.06510000000002941
84096.0,5.845963561647137e-14,320.00000000000904,0.06510000000002941
84168.0,5.845963561647137e-14,320.00000000000904,0.06510000000002941
84240.0,5.845963561647137e-14,320.00000000000904,0.06510000000002941
84312.0,5.845963561647137e-14,320.00000000000904,0.06510000000002941
84384.0,5.845963561647137e-14,320.00000000000904,0.06510000000002941
84456.0,5.845963561647137e-14,320.00000000000904,0.06510000000002941
84528.0,5.845963561647137e-14,320.00000000000904,0.06510000000002941
84600.0,5.845963561647137e-14,320.00000000000904,0.06510000000002941
84672.0,5.845963561647137e-14,320.00000000000904,0.06510000000002941
84744.0,5.845963561647137e-14,320.00000000000904,0.06510000000002941
84816.0,5.845963561647137e-14,320.00000000000904,0.06510000000002941
84888.0,5.845963561647137e-14,320.00000000000904,0.06510000000002941
84960.0,5.845963561647137e-14,320.00000000000904,0.06510000000002941
85032.0,5.845963561647137e-14,320.00000000000904,0.06510000000002941
85104.0,5.845963561647137e-14,320.00000000000904,0.06510000000002941
85176.0,5.845963561647137e-14,320.00000000000904,0.06510000000002941
85248.0,5.845963561647137e-14,320.00000000000904,0.06510000000002941
85320.0,5.845963561647137e-14,320.00000000000904,0.06510000000002941
85392.0,5.845963561647137e-14,320.00000000000904,0.06510000000002941
85464.0,5.845963561647137e-14,320.00000000000904,0.06510000000002941
85536.0,5.845963561647137e-14,320.00000000000904,0.06510000000002941
85608.0,5.845963561647137e-14,320.00000000000904,0.06510000000002941
85680.0,5.845963561647137e-14,320.00000000000904,0.06510000000002941
85752.0,5.845963561647137e-14,320.00000000000904,0.06510000000002941
85824.0,5.845963561647137e-14,320.00000000000904,0.06510000000002941
85896.0,5.845963561647137e-14,320.00000000000904,0.06510000000002941
85968.0,5.845963561647137e-14,320.00000000000904,0.06510000000002941
86040.0,5.845963561647137e-14,320.00000000000904,0.06510000000002941
86112.0,5.845963561647137e-14,320.00000000000904,0.06510000000002941
86184.0,5.845963561647137e-14,320.00000000000904,0.06510000000002941
86256.0,5.845963561647137e-14,320.00000000000904,0.06510000000002941
86328.0,5.845963561647137e-14,320.00000000000904,0.06510000000002941
86400.0,5.845963561647137e-14,320.00000000000904,0.06510000000002941
86472.0,5.845963561647137e-14,320.00000000000904,0.06510000000002941
86544.0,5.845963561647137e-14,320.00000000000904,0.06510000000002941
86616.0,5.845963561647137e-14,320.00000000000904,0.06510000000002941
86688.0,5.845963561647137e-14,320.00000000000904,0.06510000000002941
86760.0,5.845963561647137e-14,320.00000000000904,0.06510000000002941
86832.0,5.845963561647137e-14,320.00000000000904,0.06510000000002941
86904.0,5.845963561647137e-14,320.00000000000904,0.06510000000002941
86976.0,5.845963561647137e-14,320.00000000000904,0.06510000000002941
87048.0,5.845963561647137e-14,320.00000000000904,0.06510000000002941
87120.0,5.845963561647137e-14,320.00000000000904,0.06510000000002941
87192.0,5.845963561647137e-14,320.00000000000904,0.06510000000002941
87264.0,5.845963561647137e-14,320.00000000000904,0.06510000000002941
87336.0,5.845963561647137e-14,320.00000000000904,0.06510000000002941
87408.0,5.845963561647137e-14,320.00000000000904,0.06510000000002941
87480.0,5.845963561647137e-14,320.00000000000904,0.06510000000002941
87552.0,5.845963561647137e-14,320.00000000000904,0.06510000000002941
87624.0,5.845963561647137e-14,320.00000000000904,0.06510000000002941
87696.0,5.845963561647137e-14,320.00000000000904,0.06510000000002941
87768.0,5.845963561647137e-14,320.00000000000904,0.06510000000002941
87840.0,5.845963561647137e-14,320.00000000000904,0.06510000000002941
87912.0,5.845963561647137e-14,320.00000000000904,0.06510000000002941
87984.0,5.845963561647137e-14,320.00000000000904,0.06510000000002941
88056.0,5.845963561647137e-14,320.00000000000904,0.06510000000002941
88128.0,5.845963561647137e-14,320.00000000000904,0.06510000000002941
88200.0,5.845963561647137e-14,320.00000000000904,0.06510000000002941
88272.0,5.845963561647137e-14,320.00000000000904,0.06510000000002941
88344.0,5.845963561647137e-14,320.00000000000904,0.06510000000002941
88416.0,5.845963561647137e-14,320.00000000000904,0.06510000000002941
88488.0,5.845963561647137e-14,320.00000000000904,0.06510000000002941
88560.0,5.845963561647137e-14,320.00000000000904,0.06510000000002941
88632.0,5.845963561647137e-14,320.00000000000904,0.06510000000002941
88704.0,5.845963561647137e-14,320.00000000000904,0.06510000000002941
88776.0,5.845963561647137e-14,320.00000000000904,0.06510000000002941
88848.0,5.845963561647137e-14,320.00000000000904,0.06510000000002941
88920.0,5.845963561647137e-14,320.00000000000904,0.06510000000002941
88992.0,5.845963561647137e-14,320.00000000000904,0.06510000000002941
89064.0,5.845963561647137e-14,320.00000000000904,0.06510000000002941
89136.0,5.845963561647137e-14,320.00000000000904,0.06510000000002941
89208.0,5.845963561647137e-14,320.00000000000904,0.06510000000002941
89280.0,5.845963561647137e-14,320.00000000000904,0.06510000000002941
89352.0,5.845963561647137e-14,320.00000000000904,0.06510000000002941
89424.0,5.845963561647137e-14,320.00000000000904,0.06510000000002941
89496.0,5.845963561647137e-14,320.00000000000904,0.06510000000002941
89568.0,5.845963561647137e-14,320.00000000000904,0.06510000000002941
89640.0,5.845963561647137e-14,320.00000000000904,0.06510000000002941
89712.0,5.845963561647137e-14,320.00000000000904,0.06510000000002941
89784.0,5.845963561647137e-14,320.00000000000904,0.06510000000002941
89856.0,5.845963561647137e-14,320.00000000000904,0.06510000000002941
89928.0,5.845963561647137e-14,320.00000000000904,0.06510000000002941
90000.0,5.845963561647137e-14,320.00000000000904,0.06510000000002941
90072.0,5.845963561647137e-14,320.00000000000904,0.06510000000002941
90144.0,5.845963561647137e-14,320.00000000000904,0.06510000000002941
90216.0,5.845963561647137e-14,320.00000000000904,0.06510000000002941
90288.0,5.845963561647137e-14,320.00000000000904,0.06510000000002941
90360.0,5.845963561647137e-14,320.00000000000904,0.06510000000002941
90432.0,5.845963561647137e-14,320.00000000000904,0.06510000000002941
90504.0,5.845963561647137e-14,320.00000000000904,0.06510000000002941
90576.0,5.845963561647137e-14,320.00000000000904,0.06510000000002941
90648.0,5.845963561647137e-14,320.00000000000904,0.06510000000002941
90720.0,5.845963561647137e-14,320.00000000000904,0.06510000000002941
90792.0,5.845963561647137e-14,320.00000000000904,0.06510000000002941
90864.0,5.845963561647137e-14,320.00000000000904,0.06510000000002941
90936.0,5.845963561647137e-14,320.00000000000904,0.06510000000002941
91008.0,5.845963561647137e-14,320.00000000000904,0.06510000000002941
91080.0,5.845963561647137e-14,320.00000000000904,0.06510000000002941
91152.0,5.845963561647137e-14,320.00000000000904,0.06510000000002941
91224.0,5.845963561647137e-14,320.00000000000904,0.06510000000002941
91296.0,5.845963561647137e-14,320.00000000000904,0.06510000000002941
91368.0,5.845963561647137e-14,320.00000000000904,0.06510000000002941
91440.0,5.845963561647137e-14,320.00000000000904,0.06510000000002941
91512.0,5.845963561647137e-14,320.00000000000904,0.06510000000002941
91584.0,5.845963561647137e-14,320.00000000000904,0.06510000000002941
91656.0,5.845963561647137e-14,320.00000000000904,0.06510000000002941
91728.0,5.845963561647137e-14,320.00000000000904,0.06510000000002941
91800.0,5.845963561647137e-14,320.00000000000904,0.06510000000002941
91872.0,5.845963561647137e-14,320.00000000000904,0.06510000000002941
91944.0,5.845963561647137e-14,320.00000000000904,0.06510000000002941
92016.0,5.845963561647137e-14,320.00000000000904,0.06510000000002941
92088.0,5.845963561647137e-14,320.00000000000904,0.06510000000002941
92160.0,5.845963561647137e-14,320.00000000000904,0.06510000000002941
92232.0,5.845963561647137e-14,320.00000000000904,0.06510000000002941
92304.0,5.845963561647137e-14,320.00000000000904,0.06510000000002941
92376.0,5.845963561647137e-14,320.00000000000904,0.06510000000002941
92448.0,5.845963561647137e-14,320.00000000000904,0.06510000000002941
92520.0,5.845963561647137e-14,320.00000000000904,0.06510000000002941
92592.0,5.845963561647137e-14,320.00000000000904,0.06510000000002941
92664.0,5.845963561647137e-14,320.00000000000904,0.06510000000002941
92736.0,5.845963561647137e-14,320.00000000000904,0.06510000000002941
92808.0,5.845963561647137e-14,320.00000000000904,0.06510000000002941
92880.0,5.845963561647137e-14,320.00000000000904,0.06510000000002941
92952.0,5.845963561647137e-14,320.00000000000904,0.06510000000002941
93024.0,5.845963561647137e-14,320.00000000000904,0.06510000000002941
93096.0,5.845963561647137e-14,320.00000000000904,0.06510000000002941
93168.0,5.845963561647137e-14,320.00000000000904,0.06510000000002941
93240.0,5.845963561647137e-14,320.00000000000904,0.06510000000002941
93312.0,5.845963561647137e-14,320.00000000000904,0.06510000000002941
93384.0,5.845963561647137e-14,320.00000000000904,0.06510000000002941
93456.0,5.845963561647137e-14,320.00000000000904,0.06510000000002941
93528.0,5.845963561647137e-14,320.00000000000904,0.06510000000002941
93600.0,5.845963561647137e-14,320.00000000000904,0.06510000000002941
93672.0,5.845963561647137e-14,320.00000000000904,0.06510000000002941
93744.0,5.845963561647137e-14,320.00000000000904,0.06510000000002941
93816.0,5.845963561647137e-14,320.00000000000904,0.06510000000002941
93888.0,5.845963561647137e-14,320.00000000000904,0.06510000000002941
93960.0,5.845963561647137e-14,320.00000000000904,0.06510000000002941
94032.0,5.845963561647137e-14,320.00000000000904,0.06510000000002941
94104.0,5.845963561647137e-14,320.00000000000904,0.06510000000002941
94176.0,5.845963561647137e-14,320.00000000000904,0.06510000000002941
94248.0,5.845963561647137e-14,320.00000000000904,0.06510000000002941
94320.0,5.845963561647137e-14,320.00000000000904,0.06510000000002941
94392.0,5.845963561647137e-14,320.00000000000904,0.06510000000002941
94464.0,5.845963561647137e-14,320.00000000000904,0.06510000000002941
94536.0,5.845963561647137e-14,320.00000000000904,0.06510000000002941
94608.0,5.845963561647137e-14,320.00000000000904,0.06510000000002941
94680.0,5.845963561647137e-14,320.00000000000904,0.06510000000002941
94752.0,5.845963561647137e-14,320.00000000000904,0.06510000000002941
94824.0,5.845963561647137e-14,320.00000000000904,0.06510000000002941
94896.0,5.845963561647137e-14,320.00000000000904,0.06510000000002941
94968.0,5.845963561647137e-14,320.00000000000904,0.06510000000002941
95040.0,5.845963561647137e-14,320.00000000000904,0.06510000000002941
95112.0,5.845963561647137e-14,320.00000000000904,0.06510000000002941
95184.0,5.845963561647137e-14,320.00000000000904,0.06510000000002941
95256.0,5.845963561647137e-14,320.00000000000904,0.06510000000002941
95328.0,5.845963561647137e-14,320.00000000000904,0.06510000000002941
95400.0,5.845963561647137e-14,320.00000000000904,0.06510000000002941
95472.0,5.845963561647137e-14,320.00000000000904,0.06510000000002941
95544.0,5.845963561647137e-14,320.00000000000904,0.06510000000002941
95616.0,5.845963561647137e-14,320.00000000000904,0.06510000000002941
95688.0,5.845963561647137e-14,320.00000000000904,0.06510000000002941
95760.0,5.845963561647137e-14,320.00000000000904,0.06510000000002941
95832.0,5.845963561647137e-14,320.00000000000904,0.06510000000002941
95904.0,5.845963561647137e-14,320.00000000000904,0.06510000000002941
95976.0,5.845963561647137e-14,320.00000000000904,0.06510000000002941
96048.0,5.845963561647137e-14,320.00000000000904,0.06510000000002941
96120.0,5.845963561647137e-14,320.00000000000904,0.06510000000002941
96192.0,5.845963561647137e-14,320.00000000000904,0.06510000000002941
96264.0,5.845963561647137e-14,320.00000000000904,0.06510000000002941
96336.0,5.845963561647137e-14,320.00000000000904,0.06510000000002941
96408.0,5.845963561647137e-14,320.00000000000904,0.06510000000002941
96480.0,5.845963561647137e-14,320.00000000000904,0.06510000000002941
96552.0,5.845963561647137e-14,320.00000000000904,0.06510000000002941
96624.0,5.845963561647137e-14,320.00000000000904,0.06510000000002941
96696.0,5.845963561647137e-14,320.00000000000904,0.06510000000002941
96768.0,5.845963561647137e-14,320.00000000000904,0.06510000000002941
96840.0,5.845963561647137e-14,320.00000000000904,0.06510000000002941
96912.0,5.845963561647137e-14,320.00000000000904,0.06510000000002941
96984.0,5.845963561647137e-14,320.00000000000904,0.06510000000002941
97056.0,5.845963561647137e-14,320.00000000000904,0.06510000000002941
97128.0,5.845963561647137e-14,320.00000000000904,0.06510000000002941
97200.0,5.845963561647137e-14,320.00000000000904,0.06510000000002941
97272.0,5.845963561647137e-14,320.00000000000904,0.06510000000002941
97344.0,5.845963561647137e-14,320.00000000000904,0.06510000000002941
97416.0,5.845963561647137e-14,320.00000000000904,0.06510000000002941
97488.0,5.845963561647137e-14,320.00000000000904,0.06510000000002941
97560.0,5.845963561647137e-14,320.00000000000904,0.06510000000002941
97632.0,5.845963561647137e-14,320.00000000000904,0.06510000000002941
97704.0,5.845963561647137e-14,320.00000000000904,0.06510000000002941
97776.0,5.845963561647137e-14,320.00000000000904,0.06510000000002941
97848.0,5.845963561647137e-14,320.00000000000904,0.06510000000002941
97920.0,5.845963561647137e-14,320.00000000000904,0.06510000000002941
97992.0,5.845963561647137e-14,320.00000000000904,0.06510000000002941
98064.0,5.845963561647137e-14,320.00000000000904,0.06510000000002941
98136.0,5.845963561647137e-14,320.00000000000904,0.06510000000002941
98208.0,5.845963561647137e-14,320.00000000000904,0.06510000000002941
98280.0,5.845963561647137e-14,320.00000000000904,0.06510000000002941
98352.0,5.845963561647137e-14,320.00000000000904,0.06510000000002941
98424.0,5.845963561647137e-14,320.00000000000904,0.06510000000002941
98496.0,5.845963561647137e-14,320.00000000000904,0.06510000000002941
98568.0,5.845963561647137e-14,320.00000000000904,0.06510000000002941
98640.0,5.845963561647137e-14,320.00000000000904,0.06510000000002941
98712.0,5.845963561647137e-14,320.00000000000904,0.06510000000002941
98784.0,5.845963561647137e-14,320.00000000000904,0.06510000000002941
98856.0,5.845963561647137e-14,320.00000000000904,0.06510000000002941
98928.0,5.845963561647137e-14,320.00000000000904,0.06510000000002941
99000.0,5.845963561647137e-14,320.00000000000904,0.06510000000002941
99072.0,5.845963561647137e-14,320.00000000000904,0.06510000000002941
99144.0,5.845963561647137e-14,320.00000000000904,0.06510000000002941
99216.0,5.845963561647137e-14,320.00000000000904,0.06510000000002941
99288.0,5.845963561647137e-14,320.00000000000904,0.06510000000002941
99360.0,5.845963561647137e-14,320.00000000000904,0.06510000000002941
99432.0,5.845963561647137e-14,320.00000000000904,0.06510000000002941
99504.0,5.845963561647137e-14,320.00000000000904,0.06510000000002941
99576.0,5.845963561647137e-14,320.00000000000904,0.06510000000002941
99648.0,5.845963561647137e-14,320.00000000000904,0.06510000000002941
99720.0,5.845963561647137e-14,320.00000000000904,0.06510000000002941
99792.0,5.845963561647137e-14,320.00000000000904,0.06510000000002941
99864.0,5.845963561647137e-14,320.00000000000904,0.06510000000002941
99936.0,5.845963561647137e-14,320.00000000000904,0.06510000000002941
100008.0,5.845963561647137e-14,320.00000000000904,0.06510000000002941
100080.0,5.845963561647137e-14,320.00000000000904,0.06510000000002941
100152.0,5.845963561647137e-14,320.00000000000904,0.06510000000002941
100224.0,5.845963561647137e-14,320.00000000000904,0.06510000000002941
100296.0,5.845963561647137e-14,320.00000000000904,0.06510000000002941
100368.0,5.845963561647137e-14,320.00000000000904,0.06510000000002941
100440.0,5.845963561647137e-14,320.00000000000904,0.06510000000002941
100512.0,5.845963561647137e-14,320.00000000000904,0.06510000000002941
100584.0,5.845963561647137e-14,320.00000000000904,0.06510000000002941
100656.0,5.845963561647137e-14,320.00000000000904,0.06510000000002941
100728.0,5.845963561647137e-14,320.00000000000904,0.06510000000002941
100800.0,5.845963561647137e-14,320.00000000000904,0.06510000000002941
100872.0,5.845963561647137e-14,320.00000000000904,0.06510000000002941
100944.0,5.845963561647137e-14,320.00000000000904,0.06510000000002941
101016.0,5.845963561647137e-14,320.00000000000904,0.06510000000002941
101088.0,5.845963561647137e-14,320.00000000000904,0.06510000000002941
101160.0,5.845963561647137e-14,320.00000000000904,0.06510000000002941
101232.0,5.845963561647137e-14,320.00000000000904,0.06510000000002941
101304.0,5.845963561647137e-14,320.00000000000904,0.06510000000002941
101376.0,5.845963561647137e-14,320.00000000000904,0.06510000000002941
101448.0,5.845963561647137e-14,320.00000000000904,0.06510000000002941
101520.0,5.845963561647137e-14,320.00000000000904,0.06510000000002941
101592.0,5.845963561647137e-14,320.00000000000904,0.06510000000002941
101664.0,5.845963561647137e-14,320.00000000000904,0.06510000000002941
101736.0,5.845963561647137e-14,320.00000000000904,0.06510000000002941
101808.0,5.845963561647137e-14,320.00000000000904,0.06510000000002941
101880.0,5.845963561647137e-14,320.00000000000904,0.06510000000002941
101952.0,5.845963561647137e-14,320.00000000000904,0.06510000000002941
102024.0,5.845963561647137e-14,320.00000000000904,0.06510000000002941
102096.0,5.845963561647137e-14,320.00000000000904,0.06510000000002941
102168.0,5.845963561647137e-14,320.00000000000904,0.06510000000002941
102240.0,5.845963561647137e-14,320.00000000000904,0.06510000000002941
102312.0,5.845963561647137e-14,320.00000000000904,0.06510000000002941
102384.0,5.845963561647137e-14,320.00000000000904,0.06510000000002941
102456.0,5.845963561647137e-14,320.00000000000904,0.06510000000002941
102528.0,5.845963561647137e-14,320.00000000000904,0.06510000000002941
102600.0,5.845963561647137e-14,320.00000000000904,0.06510000000002941
102672.0,5.845963561647137e-14,320.00000000000904,0.06510000000002941
102744.0,5.845963561647137e-14,320.00000000000904,0.06510000000002941
102816.0,5.845963561647137e-14,320.00000000000904,0.06510000000002941
102888.0,5.845963561647137e-14,320.00000000000904,0.06510000000002941
102960.0,5.845963561647137e-14,320.00000000000904,0.06510000000002941
103032.0,5.845963561647137e-14,320.00000000000904,0.06510000000002941
103104.0,5.845963561647137e-14,320.00000000000904,0.06510000000002941
103176.0,5.845963561647137e-14,320.00000000000904,0.06510000000002941
103248.0,5.845963561647137e-14,320.00000000000904,0.06510000000002941
103320.0,5.845963561647137e-14,320.00000000000904,0.06510000000002941
103392.0,5.845963561647137e-14,320.00000000000904,0.06510000000002941
103464.0,5.845963561647137e-14,320.00000000000904,0.06510000000002941
103536.0,5.845963561647137e-14,320.00000000000904,0.06510000000002941
103608.0,5.845963561647137e-14,320.00000000000904,0.06510000000002941
103680.0,5.845963561647137e-14,320.00000000000904,0.06510000000002941
103752.0,5.845963561647137e-14,320.00000000000904,0.06510000000002941
103824.0,5.845963561647137e-14,320.00000000000904,0.06510000000002941
103896.0,5.845963561647137e-14,320.00000000000904,0.06510000000002941
103968.0,5.845963561647137e-14,320.00000000000904,0.06510000000002941
104040.0,5.845963561647137e-14,320.00000000000904,0.06510000000002941
104112.0,5.845963561647137e-14,320.00000000000904,0.06510000000002941
104184.0,5.845963561647137e-14,320.00000000000904,0.06510000000002941
104256.0,5.845963561647137e-14,320.00000000000904,0.06510000000002941
104328.0,5.845963561647137e-14,320.00000000000904,0.06510000000002941
104400.0,5.845963561647137e-14,320.00000000000904,0.06510000000002941
104472.0,5.845963561647137e-14,320.00000000000904,0.06510000000002941
104544.0,5.845963561647137e-14,320.00000000000904,0.06510000000002941
104616.0,5.845963561647137e-14,320.00000000000904,0.06510000000002941
104688.0,5.845963561647137e-14,320.00000000000904,0.06510000000002941
104760.0,5.845963561647137e-14,320.00000000000904,0.06510000000002941
104832.0,5.845963561647137e-14,320.00000000000904,0.06510000000002941
104904.0,5.845963561647137e-14,320.00000000000904,0.06510000000002941
104976.0,5.845963561647137e-14,320.00000000000904,0.06510000000002941
105048.0,5.845963561647137e-14,320.00000000000904,0.06510000000002941
105120.0,5.845963561647137e-14,320.00000000000904,0.06510000000002941
105192.0,5.845963561647137e-14,320.00000000000904,0.06510000000002941
105264.0,5.845963561647137e-14,320.00000000000904,0.06510000000002941
105336.0,5.845963561647137e-14,320.00000000000904,0.06510000000002941
105408.0,5.845963561647137e-14,320.00000000000904,0.06510000000002941
105480.0,5.845963561647137e-14,320.00000000000904,0.06510000000002941
105552.0,5.845963561647137e-14,320.00000000000904,0.06510000000002941
105624.0,5.845963561647137e-14,320.00000000000904,0.06510000000002941
105696.0,5.845963561647137e-14,320.00000000000904,0.06510000000002941
105768.0,5.845963561647137e-14,320.00000000000904,0.06510000000002941
105840.0,5.845963561647137e-14,320.00000000000904,0.06510000000002941
105912.0,5.845963561647137e-14,320.00000000000904,0.06510000000002941
105984.0,5.845963561647137e-14,320.00000000000904,0.06510000000002941
106056.0,5.845963561647137e-14,320.00000000000904,0.06510000000002941
106128.0,5.845963561647137e-14,320.00000000000904,0.06510000000002941
106200.0,5.845963561647137e-14,320.00000000000904,0.06510000000002941
106272.0,5.845963561647137e-14,320.00000000000904,0.06510000000002941
106344.0,5.845963561647137e-14,320.00000000000904,0.06510000000002941
106416.0,5.845963561647137e-14,320.00000000000904,0.06510000000002941
106488.0,5.845963561647137e-14,320.00000000000904,0.06510000000002941
106560.0,5.845963561647137e-14,320.00000000000904,0.06510000000002941
106632.0,5.845963561647137e-14,320.00000000000904,0.06510000000002941
106704.0,5.845963561647137e-14,320.00000000000904,0.06510000000002941
106776.0,5.845963561647137e-14,320.00000000000904,0.06510000000002941
106848.0,5.845963561647137e-14,320.00000000000904,0.06510000000002941
106920.0,5.845963561647137e-14,320.00000000000904,0.06510000000002941
106992.0,5.845963561647137e-14,320.00000000000904,0.06510000000002941
107064.0,5.845963561647137e-14,320.00000000000904,0.06510000000002941
107136.0,5.845963561647137e-14,320.00000000000904,0.06510000000002941
107208.0,5.845963561647137e-14,320.00000000000904,0.06510000000002941
107280.0,5.845963561647137e-14,320.00000000000904,0.06510000000002941
107352.0,5.845963561647137e-14,320.00000000000904,0.06510000000002941
107424.0,5.845963561647137e-14,320.00000000000904,0.06510000000002941
107496.0,5.845963561647137e-14,320.00000000000904,0.06510000000002941
107568.0,5.845963561647137e-14,320.00000000000904,0.06510000000002941
107640.0,5.845963561647137e-14,320.00000000000904,0.06510000000002941
107712.0,5.845963561647137e-14,320.00000000000904,0.06510000000002941
107784.0,5.845963561647137e-14,320.00000000000904,0.06510000000002941
107856.0,5.845963561647137e-14,320.00000000000904,0.06510000000002941
107928.0,5.845963561647137e-14,320.00000000000904,0.06510000000002941
108000.0,5.845963561647137e-14,320.00000000000904,0.06510000000002941
