time_s,state_of_charge,outlet_temperature_c,storage_heat_mw,deliverable_power_mw
0.0,1.0,500.0,0.10535603796296296,0.10535603796296296
57.6,0.9986666666666666,499.99999999999994,0.10535603796296289,0.10535603796296289
115.2,0.9973333333333333,499.99999999999994,0.10535603796296289,0.10535603796296289
172.8,0.9959999999999999,499.99999999999994,0.10535603796296289,0.10535603796296289
230.4,0.9946666666666665,499.99999999999994,0.10535603796296289,0.10535603796296289
288.0,0.9933333333333331,499.99999999999994,0.10535603796296289,0.10535603796296289
345.6,0.992,499.99999999999994,0.10535603796296289,0.10535603796296289
403.2,0.9906666666666668,499.99999999999994,0.10535603796296289,0.10535603796296289
460.8,0.9893333333333334,499.99999999999994,0.10535603796296289,0.10535603796296289
518.4,0.988,499.99999999999994,0.10535603796296289,0.10535603796296289
576.0,0.9866666666666667,499.99999999999994,0.10535603796296289,0.10535603796296289
633.6,0.9853333333333333,499.99999999999994,0.10535603796296289,0.10535603796296289
691.2,0.9839999999999999,499.99999999999994,0.10535603796296289,0.10535603796296289
748.8000000000001,0.9826666666666665,499.99999999999994,0.10535603796296289,0.10535603796296289
806.4,0.9813333333333332,499.99999999999994,0.10535603796296289,0.10535603796296289
864.0,0.9799999999999998,499.99999999999994,0.10535603796296289,0.10535603796296289
921.6,0.9786666666666666,499.99999999999994,0.10535603796296289,0.10535603796296289
979.2,0.9773333333333332,499.99999999999994,0.10535603796296289,0.10535603796296289
1036.8,0.976,499.99999999999994,0.10535603796296289,0.10535603796296289
1094.4,0.9746666666666667,499.99999999999994,0.10535603796296289,0.10535603796296289
1152.0,0.9733333333333333,499.99999999999994,0.10535603796296289,0.10535603796296289
1209.6000000000001,0.9719999999999999,499.99999999999994,0.10535603796296289,0.10535603796296289
1267.2,0.9706666666666666,499.99999999999994,0.10535603796296289,0.10535603796296289
1324.8,0.9693333333333334,499.99999999999994,0.10535603796296289,0.10535603796296289
1382.4,0.9680000000000002,499.99999999999994,0.10535603796296289,0.10535603796296289
1440.0,0.9666666666666666,499.99999999999994,0.10535603796296289,0.10535603796296289
1497.6000000000001,0.9653333333333334,499.99999999999994,0.10535603796296289,0.10535603796296289
1555.2,0.9640000000000001,499.99999999999994,0.10535603796296289,0.10535603796296289
1612.8,0.9626666666666667,499.99999999999994,0.10535603796296289,0.10535603796296289
1670.4,0.9613333333333335,499.99999999999994,0.10535603796296289,0.10535603796296289
1728.0,0.96,499.99999999999994,0.10535603796296289,0.10535603796296289
1785.6000000000001,0.9586666666666666,499.99999999999994,0.10535603796296289,0.10535603796296289
1843.2,0.9573333333333331,499.99999999999994,0.10535603796296289,0.10535603796296289
1900.8,0.956,499.99999999999994,0.10535603796296289,0.10535603796296289
1958.4,0.9546666666666668,499.99999999999994,0.10535603796296289,0.10535603796296289
2016.0,0.9533333333333337,499.99999999999994,0.10535603796296289,0.10535603796296289
2073.6,0.9520000000000003,499.99999999999994,0.10535603796296289,0.10535603796296289
2131.2000000000003,0.9506666666666669,499.99999999999994,0.10535603796296289,0.10535603796296289
2188.8,0.9493333333333335,499.99999999999994,0.10535603796296289,0.10535603796296289
2246.4,0.9480000000000002,499.99999999999994,0.10535603796296289,0.10535603796296289
2304.0,0.946666666666667,499.99999999999994,0.10535603796296289,0.10535603796296289
2361.6,0.9453333333333336,499.99999999999994,0.10535603796296289,0.10535603796296289
2419.2000000000003,0.9440000000000002,499.9999999999999,0.10535603796296282,0.10535603796296282
2476.8,0.942666666666667,499.99999999999983,0.10535603796296274,0.10535603796296274
2534.4,0.9413333333333336,499.99999999999983,0.10535603796296274,0.10535603796296274
2592.0,0.9400000000000001,499.9999999999997,0.1053560379629626,0.1053560379629626
2649.6,0.9386666666666669,499.9999999999997,0.1053560379629626,0.1053560379629626
2707.2000000000003,0.9373333333333336,499.9999999999996,0.10535603796296243,0.10535603796296243
2764.8,0.9360000000000003,499.9999999999993,0.10535603796296207,0.10535603796296207
2822.4,0.934666666666667,499.9999999999992,0.10535603796296192,0.10535603796296192
2880.0,0.9333333333333336,499.99999999999903,0.1053560379629617,0.1053560379629617
2937.6,0.9320000000000003,499.99999999999875,0.10535603796296132,0.10535603796296132
2995.2000000000003,0.9306666666666671,499.9999999999984,0.10535603796296086,0.10535603796296086
3052.8,0.9293333333333338,499.99999999999807,0.10535603796296042,0.10535603796296042
3110.4,0.9280000000000003,499.9999999999976,0.10535603796295982,0.10535603796295982
3168.0,0.9266666666666672,499.99999999999704,0.10535603796295907,0.10535603796295907
3225.6,0.9253333333333339,499.99999999999636,0.10535603796295817,0.10535603796295817
3283.2000000000003,0.9240000000000008,499.99999999999557,0.10535603796295713,0.10535603796295713
3340.8,0.9226666666666674,499.9999999999946,0.10535603796295585,0.10535603796295585
3398.4,0.9213333333333342,499.99999999999346,0.10535603796295435,0.10535603796295435
3456.0,0.920000000000001,499.9999999999921,0.10535603796295255,0.10535603796295255
3513.6,0.918666666666668,499.99999999999034,0.10535603796295025,0.10535603796295025
3571.2000000000003,0.9173333333333348,499.99999999998835,0.10535603796294762,0.10535603796294762
3628.8,0.9160000000000018,499.99999999998596,0.10535603796294447,0.10535603796294447
3686.4,0.9146666666666688,499.9999999999831,0.10535603796294073,0.10535603796294073
3744.0,0.9133333333333359,499.9999999999797,0.10535603796293624,0.10535603796293624
3801.6,0.9120000000000028,499.9999999999757,0.105356037962931,0.105356037962931
3859.2000000000003,0.91066666666667,499.999999999971,0.1053560379629248,0.1053560379629248
3916.8,0.9093333333333374,499.9999999999654,0.10535603796291737,0.10535603796291737
3974.4,0.9080000000000049,499.9999999999588,0.1053560379629087,0.1053560379629087
4032.0,0.9066666666666722,499.999999999951,0.10535603796289844,0.10535603796289844
4089.6,0.9053333333333399,499.9999999999419,0.10535603796288646,0.10535603796288646
4147.2,0.9040000000000077,499.99999999993116,0.1053560379628723,0.1053560379628723
4204.8,0.9026666666666756,499.99999999991877,0.10535603796285599,0.10535603796285599
4262.400000000001,0.9013333333333441,499.9999999999041,0.10535603796283668,0.10535603796283668
4320.0,0.9000000000000126,499.99999999988717,0.10535603796281437,0.10535603796281437
4377.6,0.8986666666666815,499.99999999986727,0.10535603796278817,0.10535603796278817
4435.2,0.8973333333333509,499.9999999998443,0.10535603796275793,0.10535603796275793
4492.8,0.8960000000000206,499.99999999981753,0.10535603796272267,0.10535603796272267
4550.400000000001,0.8946666666666908,499.99999999978655,0.10535603796268186,0.10535603796268186
4608.0,0.8933333333333616,499.9999999997506,0.10535603796263456,0.10535603796263456
4665.6,0.8920000000000331,499.9999999997092,0.10535603796257999,0.10535603796257999
4723.2,0.8906666666667056,499.99999999966127,0.10535603796251687,0.10535603796251687
4780.8,0.8893333333333788,499.9999999996061,0.10535603796244418,0.10535603796244418
4838.400000000001,0.8880000000000532,499.9999999995425,0.1053560379623605,0.1053560379623605
4896.0,0.8866666666667287,499.9999999994695,0.1053560379622643,0.1053560379622643
4953.6,0.8853333333334056,499.9999999993855,0.10535603796215373,0.10535603796215373
5011.2,0.884000000000084,499.9999999992894,0.10535603796202714,0.10535603796202714
5068.8,0.8826666666667644,499.9999999991792,0.10535603796188199,0.10535603796188199
5126.400000000001,0.8813333333334468,499.9999999990532,0.1053560379617161,0.1053560379617161
5184.0,0.8800000000001317,499.9999999989092,0.1053560379615264,0.1053560379615264
5241.6,0.8786666666668191,499.99999999874484,0.10535603796130998,0.10535603796130998
5299.2,0.8773333333335098,499.9999999985575,0.10535603796106324,0.10535603796106324
5356.8,0.8760000000002041,499.99999999834426,0.10535603796078244,0.10535603796078244
5414.400000000001,0.8746666666669025,499.99999999810166,0.10535603796046294,0.10535603796046294
5472.0,0.8733333333336053,499.99999999782614,0.1053560379601001,0.1053560379601001
5529.6,0.8720000000003132,499.9999999975133,0.10535603795968813,0.10535603795968813
5587.2,0.8706666666670272,499.99999999715885,0.10535603795922131,0.10535603795922131
5644.8,0.8693333333337482,499.99999999675737,0.10535603795869258,0.10535603795869258
5702.400000000001,0.8680000000004765,499.99999999630325,0.10535603795809452,0.10535603795809452
5760.0,0.8666666666672133,499.99999999579006,0.10535603795741869,0.10535603795741869
5817.6,0.8653333333339597,499.99999999521054,0.10535603795665549,0.10535603795665549
5875.2,0.864000000000717,499.99999999455713,0.10535603795579498,0.10535603795579498
5932.8,0.8626666666674866,499.9999999938208,0.10535603795482523,0.10535603795482523
5990.400000000001,0.8613333333342701,499.99999999299183,0.10535603795373355,0.10535603795373355
6048.0,0.8600000000010691,499.99999999205977,0.10535603795250607,0.10535603795250607
6105.6,0.8586666666678855,499.9999999910125,0.10535603795112686,0.10535603795112686
6163.2,0.8573333333347217,499.99999998983697,0.10535603794957875,0.10535603794957875
6220.8,0.8560000000015796,499.9999999885185,0.10535603794784237,0.10535603794784237
6278.400000000001,0.8546666666684622,499.99999998704135,0.10535603794589705,0.10535603794589705
6336.0,0.8533333333353724,499.9999999853876,0.10535603794371916,0.10535603794371916
6393.6,0.8520000000023134,499.9999999835378,0.10535603794128306,0.10535603794128306
6451.2,0.8506666666692888,499.9999999814707,0.10535603793856078,0.10535603793856078
6508.8,0.8493333333363028,499.9999999791625,0.10535603793552102,0.10535603793552102
6566.400000000001,0.8480000000033596,499.99999997658733,0.10535603793212964,0.10535603793212964
6624.0,0.8466666666704642,499.99999997371657,0.105356037928349,0.105356037928349
6681.6,0.8453333333376222,499.9999999705191,0.10535603792413811,0.10535603792413811
6739.2,0.8440000000048395,499.9999999669604,0.10535603791945143,0.10535603791945143
6796.8,0.842666666672123,499.9999999630029,0.10535603791423961,0.10535603791423961
6854.400000000001,0.8413333333394794,499.9999999586053,0.1053560379084482,0.1053560379084482
6912.0,0.8400000000069174,499.9999999537226,0.10535603790201789,0.10535603790201789
6969.6,0.8386666666744457,499.99999994830523,0.10535603789488351,0.10535603789488351
7027.2,0.8373333333420738,499.9999999422993,0.10535603788697404,0.10535603788697404
7084.8,0.8360000000098131,499.99999993564563,0.10535603787821146,0.10535603787821146
7142.400000000001,0.834666666677675,499.99999992828015,0.10535603786851147,0.10535603786851147
7200.0,0.8333333333456727,499.99999992013227,0.10535603785778112,0.10535603785778112
7257.6,0.8320000000138208,499.9999999111254,0.10535603784591954,0.10535603784591954
7315.2,0.8306666666821345,499.9999999011763,0.10535603783281704,0.10535603783281704
7372.8,0.8293333333506313,499.99999989019375,0.10535603781835357,0.10535603781835357
7430.400000000001,0.8280000000193299,499.99999987807894,0.10535603780239897,0.10535603780239897
7488.0,0.8266666666882514,499.9999998647245,0.10535603778481181,0.10535603778481181
7545.6,0.825333333357418,499.9999998500132,0.10535603776543775,0.10535603776543775
7603.2,0.8240000000268543,499.9999998338181,0.10535603774410962,0.10535603774410962
7660.8,0.8226666666965876,499.9999998160014,0.10535603772064589,0.10535603772064589
7718.400000000001,0.8213333333666472,499.9999997964134,0.10535603769484952,0.10535603769484952
7776.0,0.8200000000370657,499.999999774892,0.10535603766650686,0.10535603766650686
7833.6,0.818666666707878,499.99999975126144,0.1053560376353866,0.1053560376353866
7891.2,0.8173333333791225,499.9999997253313,0.10535603760123788,0.10535603760123788
7948.8,0.8160000000508408,499.99999969689554,0.1053560375637894,0.1053560375637894
8006.400000000001,0.8146666667230786,499.9999996657315,0.10535603752274789,0.10535603752274789
8064.0,0.8133333333958853,499.99999963159814,0.10535603747779597,0.10535603747779597
8121.6,0.8120000000693147,499.9999995942351,0.10535603742859066,0.10535603742859066
8179.2,0.8106666667434254,499.9999995533612,0.10535603737476178,0.10535603737476178
8236.800000000001,0.8093333334182808,499.99999950867294,0.10535603731590956,0.10535603731590956
8294.4,0.8080000000939501,499.99999945984285,0.10535603725160275,0.10535603725160275
8352.0,0.8066666667705081,499.99999940651804,0.10535603718137662,0.10535603718137662
8409.6,0.8053333334480361,499.99999934831806,0.10535603710473011,0.10535603710473011
8467.2,0.8040000001266224,499.9999992848331,0.10535603702112359,0.10535603702112359
8524.800000000001,0.8026666668063621,499.999999215622,0.10535603692997596,0.10535603692997596
8582.4,0.8013333334873585,499.9999991402102,0.10535603683066239,0.10535603683066239
8640.0,0.8000000001697236,499.99999905808744,0.10535603672251077,0.10535603672251077
8697.6,0.7986666668535785,499.9999989687047,0.10535603660479811,0.10535603660479811
8755.2,0.7973333335390541,499.9999988714728,0.10535603647674857,0.10535603647674857
8812.800000000001,0.7960000002262914,499.9999987657587,0.10535603633752826,0.10535603633752826
8870.4,0.7946666669154434,499.99999865088284,0.1053560361862425,0.1053560361862425
8928.0,0.7933333336066747,499.9999985261164,0.1053560360219313,0.1053560360219313
8985.6,0.7920000003001635,499.99999839067806,0.10535603584356566,0.10535603584356566
9043.2,0.7906666669961013,499.99999824372986,0.10535603565004217,0.10535603565004217
9100.800000000001,0.7893333336946952,499.99999808437474,0.10535603544017937,0.10535603544017937
9158.4,0.7880000003961675,499.9999979116516,0.10535603521271152,0.10535603521271152
9216.0,0.7866666671007586,499.99999772453225,0.10535603496628462,0.10535603496628462
9273.6,0.7853333338087266,499.9999975219164,0.10535603469944958,0.10535603469944958
9331.2,0.7840000005203496,499.9999973026276,0.10535603441065712,0.10535603441065712
9388.800000000001,0.7826666672359259,499.9999970654085,0.10535603409825127,0.10535603409825127
9446.4,0.7813333339557772,499.9999968089157,0.10535603376046296,0.10535603376046296
9504.0,0.7800000006802488,499.99999653171454,0.10535603339540278,0.10535603339540278
9561.6,0.7786666674097109,499.99999623227376,0.1053560330010541,0.1053560330010541
9619.2,0.7773333341445615,499.99999590895965,0.10535603257526543,0.10535603257526543
9676.800000000001,0.7760000008852276,499.9999955600295,0.10535603211574171,0.10535603211574171
9734.4,0.7746666676321673,499.9999951836258,0.10535603162003668,0.10535603162003668
9792.0,0.7733333343858712,499.99999477776896,0.10535603108554333,0.10535603108554333
9849.6,0.7720000011468653,499.99999434035055,0.10535603050948494,0.10535603050948494
9907.2,0.7706666679157131,499.9999938691257,0.10535602988890516,0.10535602988890516
9964.800000000001,0.7693333346930181,499.9999933617049,0.10535602922065712,0.10535602922065712
10022.4,0.7680000014794255,499.9999928155466,0.10535602850139364,0.10535602850139364
10080.0,0.7666666682756265,499.9999922279475,0.1053560277275547,0.1053560277275547
10137.6,0.765333335082359,499.99999159603436,0.10535602689535643,0.10535602689535643
10195.2,0.7640000019004135,499.99999091675386,0.10535602600077765,0.10535602600077765
10252.800000000001,0.7626666687306324,499.9999901868633,0.1053560250395479,0.1053560250395479
10310.4,0.7613333355739169,499.9999894029192,0.10535602400713238,0.10535602400713238
10368.0,0.7600000024312292,499.9999885612674,0.10535602289871865,0.10535602289871865
10425.6,0.7586666693035952,499.99998765803076,0.10535602170920072,0.10535602170920072
10483.2,0.7573333361921102,499.99998668909757,0.1053560204331637,0.1053560204331637
10540.800000000001,0.7560000030979419,499.9999856501089,0.10535601906486707,0.10535601906486707
10598.4,0.7546666700223343,499.9999845364455,0.10535601759822749,0.10535601759822749
10656.0,0.7533333369666141,499.99998334321396,0.10535601602680067,0.10535601602680067
10713.6,0.7520000039321937,499.99998206523236,0.1053560143437622,0.1053560143437622
10771.2,0.7506666709205768,499.9999806970157,0.10535601254188863,0.10535601254188863
10828.800000000001,0.7493333379333639,499.9999792327595,0.1053560106135357,0.1053560106135357
10886.4,0.7480000049722585,499.9999776663239,0.10535600855061762,0.10535600855061762
10944.0,0.7466666720390716,499.99997599121673,0.10535600634458445,0.10535600634458445
11001.6,0.7453333391357286,499.9999742005754,0.10535600398639854,0.10535600398639854
11059.2,0.7440000062642762,499.9999722871483,0.10535600146650975,0.10535600146650975
11116.800000000001,0.7426666734268882,499.9999702432756,0.10535599877483064,0.10535599877483064
11174.4,0.7413333406258736,499.99996806086926,0.10535599590070958,0.10535599590070958
11232.0,0.7400000078636839,499.99996573139146,0.10535599283290267,0.10535599283290267
11289.6,0.7386666751429201,499.99996324583327,0.10535598955954564,0.10535598955954564
11347.2,0.7373333424663417,499.99996059469134,0.10535598606812303,0.10535598606812303
11404.800000000001,0.7360000098368761,499.9999577679448,0.10535598234543783,0.10535598234543783
11462.4,0.7346666772576255,499.9999547550296,0.10535597837757772,0.10535597837757772
11520.0,0.7333333447318787,499.9999515448141,0.10535597414988292,0.10535597414988292
11577.6,0.7320000122631191,499.99994812557094,0.10535596964690899,0.10535596964690899
11635.2,0.7306666798550366,499.99994448495045,0.10535596485239211,0.10535596485239211
11692.800000000001,0.7293333475115373,499.9999406099512,0.10535595974920998,0.10535595974920998
11750.4,0.7280000152367558,499.99993648688996,0.10535595431934257,0.10535595431934257
11808.0,0.7266666830350664,499.9999321013712,0.10535594854383154,0.10535594854383154
11865.6,0.7253333509110953,499.9999274382538,0.10535594240273687,0.10535594240273687
11923.2,0.7240000188697351,499.9999224816184,0.10535593587509354,0.10535593587509354
11980.800000000001,0.7226666869161563,499.99991721473225,0.1053559289388653,0.1053559289388653
12038.4,0.7213333550558227,499.99991162001265,0.1053559215708967,0.1053559215708967
12096.0,0.7200000232945063,499.9999056789904,0.1053559137468646,0.1053559137468646
12153.6,0.7186666916383018,499.99989937227053,0.10535590544122689,0.10535590544122689
12211.2,0.7173333600936437,499.99989267949184,0.10535589662716881,0.10535589662716881
12268.800000000001,0.7160000286673222,499.9998855792859,0.10535588727654921,0.10535588727654921
12326.4,0.7146666973665017,499.9998780492333,0.10535587735984289,0.10535587735984289
12384.0,0.7133333661987379,499.9998700658195,0.10535586684608228,0.10535586684608228
12441.6,0.7120000351719982,499.99986160438834,0.10535585570279651,0.10535585570279651
12499.2,0.71066670429468,499.99985263909406,0.10535584389594796,0.10535584389594796
12556.800000000001,0.7093333735756322,499.9998431428524,0.105355831389868,0.105355831389868
12614.4,0.7080000430241775,499.99983308728895,0.10535581814718895,0.10535581814718895
12672.0,0.7066667126501327,499.9998224426864,0.10535580412877459,0.10535580412877459
12729.6,0.705333382463834,499.99981117793027,0.10535578929364862,0.10535578929364862
12787.2,0.7040000524761597,499.9997992604518,0.10535577359891973,0.10535577359891973
12844.800000000001,0.7026667226985568,499.9997866561703,0.10535575699970516,0.10535575699970516
12902.4,0.7013333931430664,499.99977332943257,0.10535573944905163,0.10535573944905163
12960.0,0.7000000638223505,499.9997592429509,0.10535572089785292,0.10535572089785292
13017.6,0.6986667347497214,499.9997443577391,0.10535570129476612,0.10535570129476612
13075.2,0.6973334059391707,499.9997286330459,0.10535568058612398,0.10535568058612398
13132.800000000001,0.6960000774053993,499.99971202628745,0.10535565871584558,0.10535565871584558
13190.4,0.6946667491638496,499.9996944929763,0.10535563562534311,0.10535563562534311
13248.0,0.6933334212307389,499.9996759866493,0.10535561125342703,0.10535561125342703
13305.6,0.6920000936230922,499.9996564587928,0.10535558553620712,0.10535558553620712
13363.2,0.6906667663587797,499.99963585876566,0.1053555584069916,0.1053555584069916
13420.800000000001,0.689333439456551,499.99961413371994,0.10535552979618233,0.10535552979618233
13478.4,0.6880001129360757,499.99959122851965,0.10535549963116794,0.10535549963116794
13536.0,0.6866667868179812,499.99956708565617,0.10535546783621243,0.10535546783621243
13593.6,0.6853334611238953,499.9995416451624,0.10535543433234211,0.10535543433234211
13651.2,0.6840001358764864,499.9995148445236,0.10535539903722811,0.10535539903722811
13708.800000000001,0.68266681109951,499.9994866185859,0.10535536186506603,0.10535536186506603
13766.4,0.6813334868178523,499.9994568994621,0.10535532272645182,0.10535532272645182
13824.0,0.6800001630575784,499.9994256164357,0.10535528152825539,0.10535528152825539
13881.6,0.6786668398459806,499.9993926958609,0.10535523817348875,0.10535523817348875
13939.2,0.6773335172116298,499.999358061061,0.10535519256117264,0.10535519256117264
13996.800000000001,0.6760001951844261,499.99932163222337,0.10535514458619763,0.10535514458619763
14054.4,0.6746668737956546,499.9992833262921,0.10535509413918322,0.10535509413918322
14112.0,0.6733335530780401,499.9992430568574,0.10535504110633209,0.10535504110633209
14169.6,0.6720002330658064,499.99920073404235,0.10535498536928076,0.10535498536928076
14227.2,0.6706669137947331,499.9991562643867,0.10535492680494668,0.10535492680494668
14284.800000000001,0.6693335953022209,499.99910955072767,0.10535486528537122,0.10535486528537122
14342.4,0.6680002776273528,499.99906049207726,0.10535480067755829,0.10535480067755829
14400.0,0.6666669608109613,499.99900898349756,0.1053547328433098,0.1053547328433098
14457.6,0.6653336448956951,499.99895491597175,0.10535466163905603,0.10535466163905603
14515.2,0.6640003299260905,499.99889817627286,0.10535458691568265,0.10535458691568265
14572.800000000001,0.6626670159486434,499.9988386468288,0.10535450851835304,0.10535450851835304
14630.4,0.6613337030118837,499.9987762055843,0.10535442628632648,0.10535442628632648
14688.0,0.6600003911664527,499.9987107258598,0.1053543400527722,0.1053543400527722
14745.6,0.6586670804651827,499.99864207620664,0.10535424964457892,0.10535424964457892
14803.2,0.6573337709631784,499.99857012025893,0.10535415488215943,0.10535415488215943
14860.800000000001,0.6560004627179021,499.99849471658257,0.10535405557925206,0.10535405557925206
14918.4,0.6546671557892604,499.99841571851994,0.105353951542716,0.105353951542716
14976.0,0.653333850239693,499.9983329740321,0.10535384257232348,0.10535384257232348
15033.6,0.6520005461342675,499.9982463255366,0.10535372846054625,0.10535372846054625
15091.2,0.6506672435407717,499.9981556097427,0.10535360899233837,0.10535360899233837
15148.800000000001,0.6493339425298137,499.9980606574816,0.10535348394491303,0.10535348394491303
15206.4,0.6480006431749216,499.9979612935348,0.10535335308751616,0.10535335308751616
15264.0,0.6466673455526472,499.99785733645757,0.10535321618119399,0.10535321618119399
15321.6,0.6453340497426738,499.9977485983992,0.10535307297855642,0.10535307297855642
15379.2,0.6440007558279252,499.99763488491953,0.10535292322353541,0.10535292322353541
15436.800000000001,0.6426674638946785,499.99751599480163,0.10535276665113823,0.10535276665113823
15494.4,0.641334174032681,499.9973917198611,0.10535260298719636,0.10535260298719636
15552.0,0.6400008863352684,499.9972618447512,0.10535243194810873,0.10535243194810873
15609.6,0.638667600899489,499.99712614676434,0.10535225324058052,0.10535225324058052
15667.2,0.6373343178262285,499.99698439562985,0.10535206656135668,0.10535206656135668
15724.800000000001,0.63600103722034,499.99683635330746,0.10535187159694996,0.10535187159694996
15782.4,0.634667759190777,499.99668177377816,0.10535166802336549,0.10535166802336549
15840.0,0.6333344838507299,499.9965204028293,0.10535145550581777,0.10535145550581777
15897.6,0.6320012113177659,499.99635197783743,0.10535123369844485,0.10535123369844485
15955.2,0.6306679417139734,499.9961762275467,0.10535100224401607,0.10535100224401607
16012.800000000001,0.6293346751661094,499.99599287184293,0.10535076077363498,0.10535076077363498
16070.4,0.6280014118057506,499.99580162152466,0.10535050890643757,0.10535050890643757
16128.0,0.6266681517694495,499.9956021780694,0.10535024624928455,0.10535024624928455
16185.6,0.6253348951988928,499.9953942333963,0.10534997239644865,0.10534997239644865
16243.2,0.6240016422410656,499.9951774696252,0.10534968692929743,0.10534968692929743
16300.800000000001,0.6226683930484184,499.99495155883153,0.10534938941597048,0.10534938941597048
16358.4,0.6213351477790383,499.9947161627967,0.10534907941105069,0.10534907941105069
16416.0,0.6200019065968259,499.9944709327557,0.10534875645523183,0.10534875645523183
16473.600000000002,0.6186686696716736,499.99421550914,0.10534842007497996,0.10534842007497996
16531.2,0.6173354371796514,499.9939495213163,0.10534806978218933,0.10534806978218933
16588.8,0.616002209303196,499.9936725873228,0.10534770507383513,0.10534770507383513
16646.4,0.6146689862313028,499.99338431359945,0.10534732543161837,0.10534732543161837
16704.0,0.6133357681597242,499.9930842947164,0.105346930321608,0.105346930321608
16761.600000000002,0.6120025552911726,499.99277211309715,0.10534651919387635,0.10534651919387635
16819.2,0.6106693478355268,499.99244733873866,0.10534609148213082,0.10534609148213082
16876.8,0.6093361460100449,499.99210952892724,0.10534564660333938,0.10534564660333938
16934.4,0.608002950039579,499.9917582279509,0.10534518395735191,0.10534518395735191
16992.0,0.6066697601567989,499.99139296680823,0.10534470292651671,0.10534470292651671
17049.600000000002,0.6053365766024171,499.9910132629124,0.10534420287529093,0.10534420287529093
17107.2,0.6040033996254206,499.990618619793,0.10534368314984753,0.10534368314984753
17164.8,0.6026702294833073,499.9902085267934,0.10534314307767714,0.10534314307767714
17222.4,0.6013370664423279,499.98978245876435,0.10534258196718407,0.10534258196718407
17280.0,0.600003910777732,499.9893398757545,0.10534199910727926,0.10534199910727926
17337.600000000002,0.5986707627740201,499.988880222697,0.10534139376696702,0.10534139376696702
17395.2,0.5973376227252019,499.98840292909324,0.10534076519492908,0.10534076519492908
17452.8,0.5960044909350574,499.9879074086922,0.10534011261910177,0.10534011261910177
17510.4,0.5946713677174045,499.98739305916746,0.10533943524625108,0.10533943524625108
17568.0,0.5933382533963747,499.98685926179,0.10533873226154156,0.10533873226154156
17625.600000000002,0.5920051483066896,499.98630538109876,0.10533800282810236,0.10533800282810236
17683.2,0.5906720527939469,499.985730764567,0.10533724608658819,0.10533724608658819
17740.8,0.5893389672149091,499.985134742266,0.10533646115473604,0.10533646115473604
17798.4,0.5880058919378004,499.9845166265258,0.1053356471269187,0.1053356471269187
17856.0,0.5866728273426071,499.98387571159327,0.10533480307369414,0.10533480307369414
17913.600000000002,0.5853397738213857,499.98321127328614,0.10533392804135029,0.10533392804135029
17971.2,0.584006731778575,499.98252256864566,0.10533302105144718,0.10533302105144718
18028.8,0.5826737016313152,499.9818088355854,0.10533208110035479,0.10533208110035479
18086.4,0.5813406838097729,499.9810692925382,0.10533110715878785,0.10533110715878785
18144.0,0.5800076787574712,499.9803031380998,0.10533009817133665,0.10533009817133665
18201.600000000002,0.5786746869316266,499.97950955067097,0.10532905305599563,0.10532905305599563
18259.2,0.5773417088034916,499.97868768809604,0.10532797070368756,0.10532797070368756
18316.8,0.5760087448587032,499.97783668730045,0.10532684997778598,0.10532684997778598
18374.4,0.5746757955976379,499.97695566392525,0.10532568971363394,0.10532568971363394
18432.0,0.5733428615357719,499.97604371195985,0.10532448871806034,0.10532448871806034
18489.600000000002,0.5720099432040491,499.9750999033729,0.10532324576889388,0.10532324576889388
18547.2,0.5706770411492533,499.9741232877409,0.10532195961447388,0.10532195961447388
18604.8,0.5693441559343888,499.97311289187576,0.1053206289731598,0.1053206289731598
18662.4,0.5680112881390645,499.97206771945025,0.10531925253283807,0.10531925253283807
18720.0,0.5666784383598875,499.970986750622,0.10531782895042673,0.10531782895042673
18777.600000000002,0.5653456072108598,499.96986894165644,0.1053163568513791,0.1053163568513791
18835.2,0.564012795323784,499.9687132245482,0.10531483482918498,0.10531483482918498
18892.8,0.5626800033486734,499.96751850664174,0.10531326144487113,0.10531326144487113
18950.4,0.5613472319541692,499.9662836702504,0.10531163522649957,0.10531163522649957
19008.0,0.5600144818279646,499.9650075722755,0.105309954668666,0.105309954668666
19065.600000000002,0.5586817536772342,499.9636890438237,0.10530821823199571,0.10530821823199571
19123.2,0.5573490482290704,499.96232688982496,0.10530642434264066,0.10530642434264066
19180.8,0.5560163662309262,499.9609198886494,0.10530457139177485,0.10530457139177485
19238.4,0.5546837084510641,499.95946679172374,0.10530265773508904,0.10530265773508904
19296.0,0.5533510756790117,499.9579663231483,0.10530068169228658,0.10530068169228658
19353.600000000002,0.5520184687260232,499.9564171793134,0.10529864154657809,0.10529864154657809
19411.2,0.550685888425548,499.95481802851657,0.10529653554417734,0.10529653554417734
19468.8,0.5493533356337049,499.95316751057993,0.10529436189379746,0.10529436189379746
19526.4,0.5480208112297638,499.95146423646736,0.10529211876614664,0.10529211876614664
19584.0,0.5466883161166322,499.94970678790423,0.10528980429342745,0.10528980429342745
19641.600000000002,0.5453558512213489,499.9478937169956,0.10528741656883399,0.10528741656883399
19699.2,0.5440234174955847,499.94602354584777,0.10528495364605335,0.10528495364605335
19756.8,0.5426910159161482,499.9440947661892,0.10528241353876673,0.10528241353876673
19814.4,0.5413586474854983,499.94210583899417,0.1052797942201534,0.1052797942201534
19872.0,0.5400263132322632,499.9400551941072,0.10527709362239639,0.10527709362239639
19929.600000000002,0.5386940142117654,499.9379412298697,0.10527430963619068,0.10527430963619068
19987.2,0.537361751506553,499.9357623127482,0.10527144011025352,0.10527144011025352
20044.8,0.5360295262269368,499.93351677696535,0.10526848285083873,0.10526848285083873
20102.4,0.5346973395115346,499.9312029241324,0.10526543562125235,0.10526543562125235
20160.0,0.53336519252782,499.92881902288445,0.10526229614137263,0.10526229614137263
20217.600000000002,0.5320330864726779,499.9263633085194,0.10525906208717424,0.10525906208717424
20275.2,0.5307010225729673,499.9238339826379,0.10525573109025436,0.10525573109025436
20332.8,0.5293690020860875,499.92122921278843,0.10525230073736504,0.10525230073736504
20390.4,0.5280370263005523,499.9185471321143,0.10524876856994853,0.10524876856994853
20448.0,0.5267050965365689,499.9157858390046,0.10524513208367736,0.10524513208367736
20505.600000000002,0.5253732141466231,499.9129433967489,0.10524138872799986,0.10524138872799986
20563.2,0.5240413805160699,499.9100178331958,0.10523753590569031,0.10523753590569031
20620.8,0.5227095970637295,499.9070071404157,0.10523357097240488,0.10523357097240488
20678.4,0.5213778652424901,499.9039092743677,0.10522949123624294,0.10522949123624294
20736.0,0.5200461865399137,499.90072215457127,0.10522529395731459,0.10522529395731459
20793.600000000002,0.5187145624788508,499.8974436637822,0.10522097634731417,0.10522097634731417
20851.2,0.5173829946180564,499.8940716476743,0.10521653556910071,0.10521653556910071
20908.8,0.5160514845528141,499.89060391452534,0.10521196873628462,0.10521196873628462
20966.4,0.5147200339155656,499.8870382349091,0.10520727291282193,0.10520727291282193
21024.0,0.5133886443765423,499.8833723413927,0.10520244511261595,0.10520244511261595
21081.600000000002,0.5120573176444051,499.8796039282396,0.10519748229912569,0.10519748229912569
21139.2,0.5107260554668864,499.87573065111883,0.1051923813849835,0.1051923813849835
21196.8,0.5093948596314394,499.8717501268205,0.10518713923161988,0.10518713923161988
21254.4,0.5080637319658898,499.8676599329775,0.10518175264889744,0.10518175264889744
21312.0,0.5067326743390933,499.8634576077943,0.10517621839475326,0.10517621839475326
21369.600000000002,0.505401688661597,499.8591406497819,0.10517053317485028,0.10517053317485028
21427.2,0.5040707768863052,499.8547065175007,0.10516469364223836,0.10516469364223836
21484.8,0.5027399410091501,499.8501526293101,0.10515869639702478,0.10515869639702478
21542.4,0.5014091830697648,499.8454763631259,0.10515253798605442,0.10515253798605442
21600.0,0.5000785051521616,499.84067505618543,0.10514621490260079,0.10514621490260079
21657.600000000002,0.4987479093854145,499.8357460048206,0.10513972358606681,0.10513972358606681
21715.2,0.49741739794434403,499.83068646423885,0.10513306042169678,0.10513306042169678
21772.8,0.4960869730502054,499.82549364831306,0.10512622174029912,0.10512622174029912
21830.4,0.49475663697138245,499.82016472937954,0.10511920381798086,0.10511920381798086
21888.0,0.4934263920240818,499.8146968380453,0.10511200287589348,0.10511200287589348
21945.600000000002,0.4920962405730316,499.8090870630037,0.10510461507999042,0.10510461507999042
22003.2,0.490766185032184,499.80333245086007,0.10509703654079709,0.10509703654079709
22060.8,0.48943622786541796,499.7974300059662,0.10508926331319318,0.10508926331319318
22118.4,0.48810637158724685,499.79137669026466,0.1050812913962075,0.1050812913962075
22176.0,0.48677661876352774,499.78516942314343,0.10507311673282663,0.10507311673282663
22233.600000000002,0.48544697201217285,499.7788050812997,0.10506473520981544,0.10506473520981544
22291.2,0.48411743400386253,499.7722804986148,0.10505614265755239,0.10505614265755239
22348.8,0.4827880074627618,499.7655924660388,0.10504733484987772,0.10504733484987772
22406.4,0.481458695167237,499.75873773148646,0.10503830750395618,0.10503830750395618
22464.0,0.4801294999505746,499.751712999744,0.10502905628015441,0.10502905628015441
22521.600000000002,0.4788004247017014,499.7445149323863,0.10501957678193201,0.10501957678193201
22579.2,0.4774714723659063,499.73714014770576,0.10500986455574732,0.10500986455574732
22636.8,0.47614264594556216,499.7295852206532,0.10499991509098035,0.10499991509098035
22694.4,0.47481394850084907,499.72184668278874,0.10498972381986753,0.10498972381986753
22752.0,0.4734853831504783,499.7139210222466,0.10497928611745556,0.10497928611745556
22809.600000000002,0.47215695307241645,499.7058046837103,0.1049685973015687,0.1049685973015687
22867.2,0.4708286615046097,499.6974940684003,0.1049576526327925,0.1049576526327925
22924.8,0.4695005117457085,499.6889855340751,0.10494644731447524,0.10494644731447524
22982.4,0.46817250715579106,499.6802753950431,0.10493497649274382,0.10493497649274382
23040.0,0.46684465115708795,499.6713599221888,0.10492323525653761,0.10492323525653761
23097.600000000002,0.4655169472347045,499.6622353430104,0.1049112186376587,0.1049112186376587
23155.2,0.4641893989373433,499.6528978416719,0.10489892161083997,0.10489892161083997
23212.8,0.46286200987802545,499.6433435590672,0.10488633909382983,0.10488633909382983
23270.4,0.4615347837348105,499.633568592898,0.10487346594749468,0.10487346594749468
23328.0,0.46020772425151435,499.6235689977651,0.1048602969759393,0.1048602969759393
23385.600000000002,0.4588808352384264,499.61334078527375,0.10484682692664511,0.10484682692664511
23443.2,0.45755412057302386,499.60287992415175,0.10483305049062643,0.10483305049062643
23500.8,0.45622758420068416,499.59218234038286,0.1048189623026056,0.1048189623026056
23558.4,0.45490123013539496,499.58124391735294,0.10480455694120563,0.10480455694120563
23616.0,0.45357506246046136,499.5700604960111,0.10478982892916254,0.10478982892916254
23673.600000000002,0.4522490853292106,499.5586278750449,0.10477477273355594,0.10477477273355594
23731.2,0.4509233029656928,499.54694181106987,0.10475938276605853,0.10475938276605853
23788.8,0.4495977196653789,499.5349980188341,0.10474365338320583,0.10474365338320583
23846.4,0.44827233979585496,499.5227921714361,0.10472757888668294,0.10472757888668294
23904.0,0.44694716779751226,499.51031990055964,0.10471115352363364,0.10471115352363364
23961.600000000002,0.4456222081842335,499.49757679672115,0.10469437148698646,0.10469437148698646
24019.2,0.4442974655440746,499.48455840953363,0.10467722691580215,0.10467722691580215
24076.8,0.4429729445399416,499.47126024798536,0.10465971389564069,0.10465971389564069
24134.4,0.4416486499102628,499.4576777807327,0.1046418264589469,0.1046418264589469
24192.0,0.440324586469656,499.4438064364096,0.10462355858545815,0.10462355858545815
24249.600000000002,0.43900075910959,499.42964160395144,0.10460490420263063,0.10460490420263063
24307.2,0.43767717279904117,499.41517863293444,0.10458585718608658,0.10458585718608658
24364.8,0.43635383258514243,499.4004128339305,0.10456641136008141,0.10456641136008141
24422.4,0.43503074359382765,499.38533947887817,0.10454656049799238,0.10454656049799238
24480.0,0.4337079110304699,499.3699538014673,0.10452629832282509,0.10452629832282509
24537.600000000002,0.4323853401805109,499.3542509975419,0.10450561850774394,0.10450561850774394
24595.2,0.4310630364100856,499.33822622551617,0.10448451467662032,0.10448451467662032
24652.8,0.42974100516663866,499.3218746068081,0.10446298040460325,0.10446298040460325
24710.4,0.4284192519795339,499.30519122628743,0.1044410092187097,0.1044410092187097
24768.0,0.42709778246065483,499.28817113273976,0.10441859459843543,0.10441859459843543
24825.600000000002,0.4257766023049991,499.2708093393465,0.10439572997638737,0.10439572997638737
24883.2,0.4244557172912628,499.2531008241809,0.10437240873893665,0.10437240873893665
24940.8,0.4231351332824175,499.23504053071883,0.10434862422689153,0.10434862422689153
24998.4,0.421814856226278,499.2166233683664,0.10432436973619189,0.10432436973619189
25056.0,0.4204948921560613,499.19784421300216,0.10429963851862353,0.10429963851862353
25113.600000000002,0.41917524719093574,499.1786979075362,0.10427442378255453,0.10427442378255453
25171.2,0.4178559275365609,499.15917926248414,0.10424871869369089,0.10424871869369089
25228.8,0.41653693948561826,499.1392830565571,0.10422251637585374,0.10422251637585374
25286.4,0.41521828941833044,499.1190040372672,0.10419580991177677,0.10419580991177677
25344.0,0.4138999838029713,499.0983369215485,0.10416859234392371,0.10416859234392371
25401.600000000002,0.4125820291963648,499.07727639639404,0.10414085667532756,0.10414085667532756
25459.2,0.411264432244373,499.05581711950776,0.10411259587044898,0.10411259587044898
25516.8,0.4099471996823733,499.0339537199718,0.10408380285605509,0.10408380285605509
25574.4,0.4086303383357245,499.01168079893023,0.10405447052212005,0.10405447052212005
25632.0,0.4073138551202197,498.9889929302863,0.10402459172274323,0.10402459172274323
25689.600000000002,0.4059977570425294,498.9658846614168,0.10399415927708978,0.10399415927708978
25747.2,0.4046820512006311,498.94235051389984,0.1039631659703495,0.1039631659703495
25804.8,0.4033667447842268,498.91838498425886,0.1039316045547163,0.1039316045547163
25862.4,0.40205184507514813,498.89398254472115,0.10389946775038723,0.10389946775038723
25920.0,0.4007373594477483,498.86913764399105,0.10386674824658092,0.10386674824658092
25977.600000000002,0.399423295369281,498.84384470803786,0.10383343870257492,0.10383343870257492
26035.2,0.3981096604002661,498.81809814089877,0.10379953174876339,0.10379953174876339
26092.8,0.39679646219484116,498.79189232549584,0.10376501998773287,0.10376501998773287
26150.4,0.39548370850110004,498.76522162446724,0.10372989599535704,0.10372989599535704
26208.0,0.3941714071614165,498.73808038101294,0.10369415232191036,0.10369415232191036
26265.600000000002,0.39285956611275397,498.7104629197549,0.10365778149320107,0.10365778149320107
26323.2,0.39154819338696045,498.6823635476093,0.10362077601171978,0.10362077601171978
26380.8,0.3902372971110493,498.6537765546754,0.10358312835780985,0.10358312835780985
26438.4,0.3889268855074637,498.62469621513526,0.10354483099085277,0.10354483099085277
26496.0,0.38761696689432756,498.5951167881682,0.10350587635047194,0.10350587635047194
26553.600000000002,0.3863075496856794,498.5650325188785,0.10346625685775482,0.10346625685775482
26611.2,0.384998642391692,498.534437639236,0.10342596491649118,0.10342596491649118
26668.8,0.3836902536188749,498.5033263690286,0.10338499291442815,0.10338499291442815
26726.4,0.38238239207026115,498.47169291682934,0.10334333322454305,0.10334333322454305
26784.0,0.3810750665455782,498.43953148097387,0.10330097820633138,0.10330097820633138
26841.600000000002,0.3797682859414024,498.406836250552,0.10325792020711218,0.10325792020711218
26899.2,0.3784620592512956,498.37360140640925,0.10321415156334726,0.10321415156334726
26956.8,0.3771563955659262,498.3398211221623,0.10316966460197821,0.10316966460197821
27014.4,0.3758513040731724,498.3054895652246,0.10312445164177754,0.10312445164177754
27072.0,0.3745467940582083,498.270600897844,0.10307850499471471,0.10307850499471471
27129.600000000002,0.37324287490357244,498.2351492781506,0.10303181696733633,0.10303181696733633
27187.2,0.37193955608921886,498.19912886121693,0.10298437986216255,0.10298437986216255
27244.8,0.3706368471925501,498.16253380012733,0.10293618597909489,0.10293618597909489
27302.4,0.3693347578884325,498.1253582470586,0.10288722761683987,0.10288722761683987
27360.0,0.368033297949193,498.08759635437025,0.1028374970743445,0.1028374970743445
27417.600000000002,0.3667324772445978,498.0492422757045,0.10278698665224523,0.10278698665224523
27475.2,0.36543230574181296,498.01029016709657,0.10273568865432979,0.10273568865432979
27532.8,0.36413279350534467,497.9707341880934,0.10268359538901076,0.10268359538901076
27590.4,0.36283395069696334,497.9305685028819,0.1026306991708114,0.1026306991708114
27648.0,0.36153578757560634,497.88978728142564,0.10257699232186238,0.10257699232186238
27705.600000000002,0.36023831449726273,497.84838470061015,0.10252246717341036,0.10252246717341036
27763.2,0.3589415419148395,497.8063549453965,0.10246711606733705,0.10246711606733705
27820.8,0.3576454803780066,497.76369220998197,0.10241093135768785,0.10241093135768785
27878.4,0.3563501405330237,497.7203906989694,0.1023539054122117,0.1023539054122117
27936.0,0.355055533122548,497.6764446285428,0.10229603061390935,0.10229603061390935
27993.600000000002,0.3537616689854204,497.63184822765044,0.10223729936259149,0.10223729936259149
28051.2,0.3524685590564338,497.5865957391939,0.10217770407644468,0.10217770407644468
28108.8,0.35117621436608,497.5406814212243,0.10211723719360655,0.10211723719360655
28166.4,0.34988464604027764,497.4940995481437,0.10205589117374825,0.10205589117374825
28224.0,0.3485938653000792,497.4468444119128,0.10199365849966467,0.10199365849966467
28281.600000000002,0.34730388346135815,497.3989103232632,0.10193053167887102,0.10193053167887102
28339.2,0.3460147119344761,497.3502916129147,0.10186650324520621,0.10186650324520621
28396.8,0.3447263622239295,497.30098263279837,0.10180156576044308,0.10180156576044308
28454.4,0.3434388459279749,497.2509777572822,0.10173571181590291,0.10173571181590291
28512.0,0.3421521747382348,497.20027138440184,0.10166893403407605,0.10166893403407605
28569.600000000002,0.34086636043928314,497.1488579370946,0.10160122507024717,0.10160122507024717
28627.2,0.3395814149082093,497.0967318644366,0.1015325776141245,0.1015325776141245
28684.8,0.33829735011416123,497.043887642883,0.10146298439147296,0.10146298439147296
28742.4,0.3370141781178694,496.9903197775102,0.10139243816575028,0.10139243816575028
28800.0,0.3357319110711484,496.93602280326127,0.10132093173974724,0.10132093173974724
28857.600000000002,0.3344505612163785,496.88099128619217,0.10124845795722859,0.10124845795722859
28915.2,0.33317014088596647,496.8252198247198,0.10117500970457692,0.10117500970457692
28972.8,0.3318906625017852,496.7687030508713,0.10110057991243784,0.10110057991243784
29030.4,0.330612138574593,496.7114356315337,0.10102516155736564,0.10102516155736564
29088.0,0.3293345817034314,496.65341226970423,0.10094874766347013,0.10094874766347013
29145.600000000002,0.3280580045750024,496.5946277057406,0.10087133130406278,0.10087133130406278
29203.2,0.3267824199630255,496.5350767186105,0.10079290560330267,0.10079290560330267
29260.8,0.3255078407275732,496.4747541271411,0.10071346373784174,0.10071346373784174
29318.4,0.3242342798143854,496.41365479126637,0.10063299893846757,0.10063299893846757
29376.0,0.3229617502541642,496.3517736132738,0.10055150449174535,0.10055150449174535
29433.600000000002,0.3216902651618467,496.28910553904893,0.10046897374165659,0.10046897374165659
29491.2,0.3204198377358581,496.2256455593173,0.10038540009123488,0.10038540009123488
29548.8,0.3191504812573433,496.1613887108845,0.10030077700419911,0.10030077700419911
29606.4,0.31788220908937886,496.0963300778723,0.10021509800658096,0.10021509800658096
29664.0,0.316615034676163,496.0304647929522,0.10012835668834992,0.10012835668834992
29721.600000000002,0.3153489715421867,495.96378803857465,0.10004054670503178,0.10004054670503178
29779.2,0.3140840332913835,495.89629504819465,0.09995166177932291,0.09995166177932291
29836.8,0.31282023360625866,495.8279811074921,0.09986169570269722,0.09986169570269722
29894.4,0.31155758624699875,495.7588415555884,0.09977064233700833,0.09977064233700833
29952.0,0.31029610505056116,495.6888717862564,0.09967849561608334,0.09967849561608334
30009.600000000002,0.30903580392974234,495.6180672491259,0.0995852495473099,0.0995852495473099
30067.2,0.30777669687222775,495.5464234508823,0.09949089821321537,0.09949089821321537
30124.8,0.30651879793962006,495.4739359564595,0.0993954357730373,0.0993954357730373
30182.4,0.30526212126644964,495.40060039022603,0.09929885646428568,0.09929885646428568
30240.0,0.3040066810591637,495.3264124371631,0.09920115460429456,0.09920115460429456
30297.600000000002,0.3027524915950963,495.2513678440366,0.09910232459176517,0.09910232459176517
30355.2,0.30149956722142035,495.1754624205602,0.09900236090829798,0.09900236090829798
30412.8,0.30024792235407793,495.09869204055065,0.09890125811991399,0.09890125811991399
30470.4,0.29899757147669337,495.0210526430745,0.09879901087856498,0.09879901087856498
30528.0,0.2977485291394669,494.94254023358536,0.09869561392363123,0.09869561392363123
30585.600000000002,0.29650080995804934,494.86315088505324,0.09859106208340868,0.09859106208340868
30643.2,0.295254428612398,494.7828807390826,0.09848535027658148,0.09848535027658148
30700.8,0.2940093998456143,494.7017260070214,0.09837847351368258,0.09837847351368258
30758.4,0.29276573846276344,494.61968297105926,0.09827042689853976,0.09827042689853976
30816.0,0.2915234593296749,494.5367479853156,0.09816120562970895,0.09816120562970895
30873.600000000002,0.29028257737172636,494.45291747691635,0.09805080500189185,0.09805080500189185
30931.2,0.2890431075726087,494.3681879470584,0.09793922040733813,0.09793922040733813
30988.8,0.2878050649730742,494.28255597206464,0.09782644733723456,0.09782644733723456
31046.4,0.2865684646696672,494.19601820442415,0.09771248138307502,0.09771248138307502
31104.0,0.28533332181343674,494.10857137382226,0.09759731823801711,0.09759731823801711
31161.600000000002,0.2840996516086341,494.02021228815664,0.09748095369822012,0.09748095369822012
31219.2,0.2828674693113917,493.9309378345405,0.09736338366416628,0.09736338366416628
31276.8,0.2816367902283868,493.8407449802931,0.09724460414196534,0.09724460414196534
31334.4,0.28040762971548816,493.7496307739161,0.09712461124464011,0.09712461124464011
31392.0,0.2791800031763873,493.65759234605554,0.09700340119339347,0.09700340119339347
31449.600000000002,0.2779539260612131,493.5646269104504,0.09688097031885773,0.09688097031885773
31507.2,0.27672941386513206,493.4707317648659,0.0967573150623235,0.0967573150623235
31564.8,0.27550648212693185,493.3759042920125,0.09663243197695004,0.09663243197695004
31622.4,0.27428514642759105,493.2801419604486,0.09650631772895421,0.09650631772895421
31680.0,0.27306542238883325,493.18344232546946,0.09637896909878088,0.09637896909878088
31737.600000000002,0.271847325671667,493.085803029979,0.09625038298225125,0.09625038298225125
31795.2,0.2706308719749111,492.98722180534565,0.09612055639168994,0.09612055639168994
31852.8,0.26941607703370696,492.8876964722433,0.09598948645703234,0.09598948645703234
31910.4,0.2682029566180158,492.7872249414734,0.09585717042690749,0.09585717042690749
31968.0,0.26699152653110286,492.6858052147722,0.09572360566970088,0.09572360566970088
32025.600000000002,0.26578180260800943,492.58343538559996,0.09558878967459422,0.09558878967459422
32083.2,0.2645738007140108,492.48011363991304,0.09545272005258185,0.09545272005258185
32140.8,0.2633675367430622,492.37583825691803,0.09531539453746404,0.09531539453746404
32198.4,0.26216302661623203,492.27060760980896,0.09517681098681792,0.09517681098681792
32256.0,0.26096028628012397,492.164420166485,0.09503696738294254,0.09503696738294254
32313.600000000002,0.2597593317052865,492.05727449025153,0.09489586183378229,0.09489586183378229
32371.2,0.2585601788846115,491.94916924050136,0.09475349257382386,0.09475349257382386
32428.8,0.2573628438317219,491.84010317337754,0.09460985796496925,0.09460985796496925
32486.4,0.2561673425793482,491.7300751424175,0.09446495649738404,0.09446495649738404
32544.0,0.25497369117769525,491.61908409917817,0.09431878679032064,0.09431878679032064
32601.600000000002,0.2537819056927979,491.5071290938407,0.09417134759291469,0.09417134759291469
32659.2,0.25259200220486794,491.3942092757973,0.09402263778495781,0.09402263778495781
32716.8,0.251403996806631,491.2803238942164,0.09387265637764197,0.09387265637764197
32774.4,0.2502179056016545,491.1654722985893,0.09372140251427953,0.09372140251427953
32832.0,0.2490337447026669,491.0496539392565,0.09356887547099607,0.09356887547099607
32889.6,0.2478515302298684,490.93286836791304,0.09341507465739626,0.09341507465739626
32947.200000000004,0.24667127830923352,490.815115238094,0.09325999961720285,0.09325999961720285
33004.8,0.24549300507080626,490.6963943056397,0.09310365002886972,0.09310365002886972
33062.4,0.24431672664698725,490.5767054291392,0.09294602570616559,0.09294602570616559
33120.0,0.2431424591708146,490.4560485703536,0.09278712659873167,0.09278712659873167
33177.6,0.2419702187742376,490.3344237946185,0.09262695279261189,0.09262695279261189
33235.200000000004,0.2408000215863839,490.21183127122475,0.09246550451075382,0.09246550451075382
33292.8,0.23963188373182093,490.0882712737783,0.09230278211348289,0.09230278211348289
33350.4,0.23846582132881194,489.9637441805383,0.09213878609894778,0.09213878609894778
33408.0,0.23730185048756638,489.83825047473437,0.09197351710353788,0.09197351710353788
33465.6,0.23613998730848532,489.7117907448616,0.09180697590227213,0.09180697590227213
33523.200000000004,0.23498024788040267,489.58436568495443,0.09163916340915947,0.09163916340915947
33580.8,0.2338226482788221,489.45597609483815,0.09147008067753021,0.09147008067753021
33638.4,0.23266720456414935,489.32662288035874,0.09129972890033865,0.09129972890033865
33696.0,0.23151393277992283,489.1963070535916,0.09112810941043802,0.09112810941043802
33753.6,0.23036284895103903,489.06502973302736,0.09095522368082495,0.09095522368082495
33811.200000000004,0.22921396908197675,488.93279214373507,0.09078107332485484,0.09078107332485484
33868.8,0.22806730915501836,488.79959561750536,0.09060566009642994,0.09060566009642994
33926.4,0.22692288512846884,488.6654415929694,0.09042898589015624,0.09042898589015624
33984.0,0.22578071293487398,488.5303316156966,0.09025105274147213,0.09025105274147213
34041.6,0.22464080847923618,488.39426733827014,0.09007186282674784,0.09007186282674784
34099.200000000004,0.22350318763723045,488.2572505203401,0.08989141846335533,0.08989141846335533
34156.8,0.22236786625341964,488.1192830286541,0.08970972210970873,0.08970972210970873
34214.4,0.2212348601394685,487.98036683706596,0.08952677636527587,0.08952677636527587
34272.0,0.2201041850723598,487.84050402652196,0.08934258397055986,0.08934258397055986
34329.6,0.21897585679260942,487.6996967850251,0.0891571478070523,0.0891571478070523
34387.200000000004,0.2178498910024832,487.55794740757665,0.08897047089715626,0.08897047089715626
34444.8,0.21672630336421475,487.4152582960958,0.08878255640408025,0.08878255640408025
34502.4,0.21560510949822617,487.2716319593167,0.08859340763170306,0.08859340763170306
34560.0,0.2144863249813484,487.12707101266426,0.08840302802440958,0.08840302802440958
34617.6,0.21336996534504665,486.98157817810625,0.08821142116689668,0.08821142116689668
34675.200000000004,0.21225604607364687,486.83515628398476,0.08801859078395076,0.08801859078395076
34732.8,0.21114458260256655,486.68780826482475,0.0878245407401959,0.0878245407401959
34790.4,0.2100355903165479,486.5395371611211,0.0876292750398132,0.0876292750398132
34848.0,0.20892908454789624,486.3903461191033,0.08743279782623123,0.08743279782623123
34905.6,0.20782508057472168,486.2402383904784,0.08723511338178698,0.08723511338178698
34963.200000000004,0.20672359361918569,486.08921733215254,0.08703622612735967,0.08703622612735967
35020.8,0.20562463884575355,485.9372864059303,0.08683614062197444,0.08683614062197444
35078.4,0.20452823135945022,485.78444917819235,0.08663486156237801,0.08663486156237801
35136.0,0.20343438620412432,485.63070931955264,0.08643239378258719,0.08643239378258719
35193.6,0.2023431183607161,485.47607060449235,0.08622874225340675,0.08622874225340675
35251.200000000004,0.20125444274553322,485.32053691097457,0.08602391208192199,0.08602391208192199
35308.8,0.2001683742085326,485.1641122200363,0.08581790851096155,0.08581790851096155
35366.4,0.19908492753161,485.00680061535996,0.08561073691853285,0.08561073691853285
35424.0,0.1980041174268963,484.84860628282405,0.08540240281723062,0.08540240281723062
35481.6,0.19692595853506242,484.6895335100327,0.08519291185361709,0.08519291185361709
35539.200000000004,0.195850465423632,484.52958668582477,0.0849822698075758,0.0849822698075758
35596.8,0.1947776525853026,484.3687702997628,0.08477048259163814,0.08477048259163814
35654.4,0.19370753443627597,484.20708894160043,0.08455755625028243,0.08455755625028243
35712.0,0.19264012531459707,484.0445473007313,0.08434349695920783,0.08434349695920783
35769.6,0.19157543947850347,483.88115016561613,0.08412831102457989,0.08412831102457989
35827.200000000004,0.19051349110478363,483.7169024231915,0.08391200488225216,0.08391200488225216
35884.8,0.18945429428714602,483.55180905825773,0.08369458509695969,0.08369458509695969
35942.4,0.1883978630345985,483.385875152848,0.08347605836148853,0.08347605836148853
36000.0,0.18734421126983883,483.21910588557773,0.0832564314958188,0.0832564314958188
36057.6,0.18629335282765597,483.0515065309755,0.08303571144624323,0.08303571144624323
36115.200000000004,0.18524530145334275,482.88308245879335,0.08281390528445955,0.08281390528445955
36172.8,0.18420007080112102,482.71383913330084,0.08259102020663994,0.08259102020663994
36230.4,0.18315767443257844,482.54378211255823,0.08236706353247461,0.08236706353247461
36288.0,0.18211812581511724,482.37291704767273,0.08214204270419184,0.08214204270419184
36345.6,0.18108143832041662,482.2012496820359,0.0819159652855539,0.0819159652855539
36403.200000000004,0.1800476252229076,482.02878585054424,0.08168883896083048,0.08168883896083048
36460.8,0.17901669969826084,481.85553147880006,0.08146067153374636,0.08146067153374636
36518.4,0.1779886748218892,481.68149258229755,0.08123147092640949,0.08123147092640949
36576.0,0.1769635635674627,481.5066752655894,0.08100124517821343,0.08100124517821343
36633.6,0.1759413788054388,481.3310857214378,0.08077000244471917,0.08077000244471917
36691.200000000004,0.1749221333016063,481.1547302299475,0.08053775099651388,0.08053775099651388
36748.8,0.17390583971564497,480.9776151576844,0.08030449921804929,0.08030449921804929
36806.4,0.1728925105996987,480.7997469567755,0.08007025560645725,0.08007025560645725
36864.0,0.17188215839696544,480.62113216399473,0.0798350287703453,0.0798350287703453
36921.6,0.17087479544030154,480.441777399832,0.07959882742857072,0.07959882742857072
36979.200000000004,0.16987043395084242,480.2616893675472,0.07936166040899481,0.07936166040899481
37036.8,0.16886908603663897,480.08087485220915,0.07912353664721718,0.07912353664721718
37094.4,0.16787076369131032,479.8993407197192,0.07888446518528985,0.07888446518528985
37152.0,0.1668754787927133,479.7170939158207,0.07864445517041291,0.07864445517041291
37209.6,0.16588324310162844,479.5341414650936,0.07840351585361015,0.07840351585361015
37267.200000000004,0.16489406826046288,479.3504904699351,0.07816165658838692,0.07816165658838692
37324.8,0.16390796579197076,479.1661481095268,0.0779188868293699,0.0779188868293699
37382.4,0.16292494709799088,478.981121638788,0.07767521613092858,0.07767521613092858
37440.0,0.16194502345820222,478.79541838731575,0.0774306541457791,0.0774306541457791
37497.6,0.16096820602889708,478.60904575831205,0.07718521062357198,0.07718521062357198
37555.200000000004,0.15999450584177202,478.42201122749844,0.0769388954094622,0.0769388954094622
37612.8,0.15902393380273847,478.23432234201823,0.07669171844266368,0.07669171844266368
37670.4,0.15805650069074975,478.04598671932644,0.0764436897549875,0.0764436897549875
37728.0,0.15709221715664862,477.857012046068,0.07619481946936434,0.07619481946936434
37785.6,0.15613109372203296,477.6674060769452,0.075945117798353,0.075945117798353
37843.200000000004,0.15517314077814,477.47717663357264,0.07569459504263258,0.07569459504263258
37900.8,0.15421836858475133,477.2863316033226,0.07544326158948175,0.07544326158948175
37958.4,0.15326678726911533,477.094878938159,0.07519112791124319,0.07519112791124319
38016.0,0.15231840682489095,476.90282665346183,0.07493820456377531,0.07493820456377531
38073.6,0.1513732371111103,476.71018282684093,0.0746845021848903,0.0746845021848903
38131.200000000004,0.15043128785116122,476.516955596941,0.07443003149278009,0.07443003149278009
38188.8,0.1494925686317906,476.3231531622358,0.0741748032844287,0.0741748032844287
38246.4,0.14855708890212693,476.1287837798158,0.07391882843401519,0.07391882843401519
38304.0,0.14762485797272418,475.9338557641647,0.07366211789130292,0.07366211789130292
38361.6,0.14669588501462524,475.73837748592905,0.07340468268001878,0.07340468268001878
38419.200000000004,0.14577017905844727,475.54235737067916,0.07314653389622161,0.07314653389622161
38476.8,0.1448477489934861,475.3458038976631,0.07288768270666118,0.07288768270666118
38534.4,0.1439286035668436,475.1487255985521,0.07262814034712606,0.07262814034712606
38592.0,0.1430127513825739,474.95113105618026,0.07236791812078351,0.07236791812078351
38649.6,0.14210020090085257,474.7530289032761,0.07210702739650958,0.07210702739650958
38707.200000000004,0.1411909604371661,474.5544278211891,0.07184547960721152,0.07184547960721152
38764.8,0.1402850381615226,474.3553365386086,0.07158328624814092,0.07158328624814092
38822.4,0.1393824420976847,474.1557638302785,0.07132045887520096,0.07132045887520096
38880.0,0.13848318012242292,473.95571851570526,0.07105700910324483,0.07105700910324483
38937.6,0.1375872599647919,473.75520945786127,0.07079294860436823,0.07079294860436823
38995.200000000004,0.13669468920542707,473.55424556188353,0.07052828910619553,0.07052828910619553
39052.8,0.13580547527586428,473.3528357737674,0.07026304239015962,0.07026304239015962
39110.4,0.1349196254578801,473.15098907905656,0.06999722028977641,0.06999722028977641
39168.0,0.1340371468828546,472.94871450152885,0.06973083468891451,0.06973083468891451
39225.6,0.13315804653115662,472.74602110187885,0.06946389752005992,0.06946389752005992
39283.200000000004,0.13228233123155006,472.54291797639684,0.06919642076257643,0.06919642076257643
39340.8,0.1314100076606226,472.33941425564535,0.06892841644096272,0.06892841644096272
39398.4,0.13054108234223713,472.13551910313254,0.06865989662310516,0.06865989662310516
39456.0,0.12967556164700403,471.931241713984,0.06839087341852877,0.06839087341852877
39513.6,0.1288134517917771,471.72659131361183,0.06812135897664448,0.06812135897664448
39571.200000000004,0.12795475883917068,471.5215771563829,0.067851365484995,0.067851365484995
39628.8,0.12709948869709925,471.316208524285,0.06758090516749868,0.06758090516749868
39686.4,0.1262476471183394,471.1104947255927,0.067309990282692,0.067309990282692
39744.0,0.12539923970011382,470.90444509353165,0.06703863312197106,0.06703863312197106
39801.6,0.1245542718836981,470.6980689849437,0.06676684600783303,0.06676684600783303
39859.200000000004,0.12371274895404884,470.49137577895067,0.06649464129211693,0.06649464129211693
39916.8,0.12287467603945514,470.28437487561905,0.06622203135424477,0.06622203135424477
39974.4,0.12204005811121134,470.07707569462514,0.0659490285994637,0.0659490285994637
40032.0,0.12120889998331268,469.8694876739209,0.06567564545708905,0.06567564545708905
40089.6,0.12038120631217268,469.66162026840095,0.06540189437874877,0.06540189437874877
40147.200000000004,0.11955698159636317,469.4534829485712,0.06512778783663012,0.06512778783663012
40204.8,0.11873623017637625,469.2450851992188,0.06485333832172803,0.06485333832172803
40262.4,0.11791895623440826,469.0364365180843,0.06457855834209643,0.06457855834209643
40320.0,0.11710516379416593,468.8275464145367,0.06430346042110331,0.06430346042110331
40377.6,0.116294856720695,468.61842440824955,0.06402805709568732,0.06402805709568732
40435.200000000004,0.11548803872023038,468.40908002788206,0.06375236091462068,0.06375236091462068
40492.8,0.11468471334006768,468.1995228097611,0.06347638443677363,0.06347638443677363
40550.4,0.11388488396845807,467.989762296569,0.06320014022938614,0.06320014022938614
40608.0,0.11308855383452415,467.7798080360327,0.0629236408663418,0.0629236408663418
40665.6,0.11229572600819714,467.5696695796189,0.06264689892644917,0.06264689892644917
40723.200000000004,0.11150640340017658,467.3593564812326,0.062369926991728004,0.062369926991728004
40780.8,0.11072058876191118,467.1488782959198,0.06209273764570061,0.06209273764570061
40838.4,0.10993828468560154,466.93824457857556,0.0618153434716906,0.0618153434716906
40896.0,0.10915949360422392,466.7274648826575,0.06153775705112853,0.06153775705112853
40953.6,0.10838421779157556,466.51654875890404,0.061259990961863894,0.061259990961863894
41011.200000000004,0.10761245936234122,466.3055057540579,0.060982057776484036,0.060982057776484036
41068.8,0.10684422027218124,466.0943454095967,0.06070397006064249,0.06070397006064249
41126.4,0.10607950231784025,465.8830772604685,0.06042574037139352,0.06042574037139352
41184.0,0.10531830713727638,465.6717108338342,0.06014738125553628,0.06014738125553628
41241.6,0.10456063620981282,465.4602556478167,0.05986890524796725,0.05986890524796725
41299.200000000004,0.10380649085630848,465.2487212102564,0.05959032487004127,0.05959032487004127
41356.8,0.10305587223935062,465.0371170174741,0.059311652627942565,0.059311652627942565
41414.4,0.1023087813634665,464.8254525530416,0.05903290101106557,0.05903290101106557
41472.0,0.1015652190753572,464.6137372865591,0.05875408249040473,0.05875408249040473
41529.6,0.10082518606414995,464.40198067244086,0.05847520951695533,0.05847520951695533
41587.200000000004,0.10008868286167136,464.19019214870883,0.058196294520124946,0.058196294520124946
41644.8,0.09935570984274146,463.9783811357943,0.05791734990615495,0.05791734990615495
41702.4,0.09862626722548572,463.7665570353485,0.05763838805655452,0.05763838805655452
41760.0,0.097900355071668,463.5547292290611,0.057359421326544154,0.057359421326544154
41817.6,0.09717797328704313,463.3429070774884,0.05708046204351306,0.05708046204351306
41875.200000000004,0.09645912162172833,463.13109991888984,0.05680152250548634,0.05680152250548634
41932.8,0.09574379967059374,462.9193170680745,0.05652261497960629,0.05652261497960629
41990.4,0.09503200687367279,462.7075678152567,0.05624375170062501,0.05624375170062501
42048.0,0.09432374251659073,462.4958614249211,0.05596494486940999,0.05596494486940999
42105.6,0.09361900573101237,462.284207134698,0.05568620665146293,0.05568620665146293
42163.200000000004,0.09291779549510809,462.0726141542493,0.05540754917545231,0.05540754917545231
42220.8,0.0922201106340388,461.8610916641627,0.05512898453175747,0.05512898453175747
42278.4,0.09152594982045781,461.6496488148588,0.05485052477102921,0.05485052477102921
42336.0,0.09083531157503262,461.43829472550703,0.054572181902762085,0.054572181902762085
42393.6,0.09014819426698331,461.2270384829533,0.05429396789388201,0.05429396789388201
42451.200000000004,0.089464596114639,461.0158891406578,0.0540158946673478,0.0540158946673478
42508.8,0.0887845151860116,460.8048557176452,0.05373797410076815,0.05373797410076815
42566.4,0.08810794939938718,460.59394719746416,0.05346021802503185,0.05346021802503185
42624.0,0.08743489652393452,460.38317252716007,0.05318263822295449,0.05318263822295449
42681.6,0.08676535418033023,460.1725406162587,0.05290524642794027,0.05290524642794027
42739.200000000004,0.08609931984140086,459.96206033576095,0.052628054322658095,0.052628054322658095
42796.8,0.08543679083278177,459.75174051715055,0.052351073537734584,0.052351073537734584
42854.4,0.08477776433359152,459.5415899514131,0.05207431565046238,0.05207431565046238
42912.0,0.08412223737712361,459.3316173880671,0.05179779218352416,0.05179779218352416
42969.6,0.08347020685155353,459.12183153420796,0.051521514603733186,0.051521514603733186
43027.200000000004,0.0828216695006608,458.91224105356355,0.051245494320790085,0.051245494320790085
43084.8,0.08217662192456804,458.70285456556263,0.050969742686055634,0.050969742686055634
43142.4,0.08153506058049446,458.4936806444165,0.05069427099134145,0.05069427099134145
43200.0,0.08089698178352432,458.28472781821205,0.05041909046771566,0.05041909046771566
43257.6,0.08026238170739067,458.0760045680191,0.050144212284327104,0.050144212284327104
43315.200000000004,0.0796312563852738,457.86751932700963,0.04986964754724575,0.04986964754724575
43372.8,0.07900360171061392,457.65928047959056,0.04959540729832017,0.04959540729832017
43430.4,0.07837941343793814,457.45129636054975,0.0493215025140532,0.0493215025140532
43488.0,0.07775868718370121,457.2435752542151,0.04904794410449443,0.04904794410449443
43545.6,0.07714141842714091,457.0361253936266,0.04877474291214976,0.04877474291214976
43603.200000000004,0.07652760251114553,456.8289549597229,0.048501909710910264,0.048501909710910264
43660.8,0.07591723464313652,456.62207208054025,0.04822945520499706,0.04822945520499706
43718.4,0.07531030989596275,456.4154848304252,0.04795739002792476,0.04795739002792476
43776.0,0.07470682320880835,456.2092012292619,0.04768572474148353,0.04768572474148353
43833.6,0.07410676938811316,456.00322924171195,0.04741446983473828,0.04741446983473828
43891.200000000004,0.07351014310850536,455.7975767764687,0.04714363572304647,0.04714363572304647
43948.8,0.07291693891374657,455.59225168552547,0.04687323274709442,0.04687323274709442
44006.4,0.07232715121768897,455.3872617634568,0.04660327117195081,0.04660327117195081
44064.0,0.07174077430524367,455.18261474671505,0.04633376118614014,0.04633376118614014
44121.6,0.07115780233336134,454.9783183129399,0.046064712900733745,0.046064712900733745
44179.200000000004,0.0705782293320233,454.7743800802823,0.04579613634845906,0.04579613634845906
44236.8,0.07000204920524421,454.5708076067425,0.04552804148282815,0.04552804148282815
44294.4,0.06942925573208544,454.36760838952233,0.04526043817728449,0.04526043817728449
44352.0,0.06885984256767894,454.16478986439154,0.04499333622436859,0.04499333622436859
44409.6,0.06829380324426111,453.96235940506807,0.0447267453349018,0.0447267453349018
44467.200000000004,0.06773113117221759,453.7603243226131,0.04446067513718958,0.04446067513718958
44524.8,0.06717181964113689,453.55869186483983,0.044195135176243024,0.044195135176243024
44582.4,0.06661586182087467,453.357469215737,0.04393013491301947,0.04393013491301947
44640.0,0.06606325076262616,453.1566634949063,0.0436656837236817,0.0436656837236817
44697.6,0.06551397940000933,452.9562817570138,0.043401790898875636,0.043401790898875636
44755.200000000004,0.06496804055015502,452.7563309912571,0.043138465643028256,0.043138465643028256
44812.8,0.06442542691480758,452.55681812084447,0.042875717073662126,0.042875717073662126
44870.4,0.06388613108143266,452.3577500024908,0.042613554220731036,0.042613554220731036
44928.0,0.06335014552433386,452.1591334259257,0.042351986025972725,0.042351986025972725
44985.6,0.06281746260577688,451.9609751134174,0.0420910213422815,0.0420910213422815
45043.200000000004,0.06228807457712174,451.7632817193101,0.04183066893309904,0.04183066893309904
45100.8,0.0617619735799623,451.5660598295757,0.041570937471824214,0.041570937471824214
45158.4,0.06123915164727266,451.36931596138044,0.041311835541242216,0.041311835541242216
45216.0,0.06071960070456152,451.17305656266456,0.041053371632970986,0.041053371632970986
45273.6,0.06020331257103258,450.97728801173747,0.040795554146928134,0.040795554146928134
45331.200000000004,0.05969027896075124,450.7820166168862,0.040538391390815255,0.040538391390815255
45388.8,0.05918049148381796,450.5872486159979,0.040281891579620775,0.040281891579620775
45446.4,0.058673941647548036,450.39299017619777,0.04002606283514316,0.04002606283514316
45504.0,0.05817062085765643,450.19924739349915,0.03977091318553009,0.03977091318553009
45561.6,0.05767052041944863,450.00602629246913,0.03951645056483803,0.03951645056483803
45619.200000000004,0.05717363153901682,449.81333282590765,0.0392626828126097,0.0392626828126097
45676.8,0.0566799453244411,449.6211728745404,0.03900961767346956,0.03900961767346956
45734.4,0.05618945278699579,449.42955224672556,0.03875726279673775,0.03875726279673775
45792.0,0.055702144842359545,449.23847667817523,0.03850562573606296,0.03850562573606296
45849.6,0.0552180123118315,449.04795183168943,0.03825471394907239,0.03825471394907239
45907.200000000004,0.054737045923549846,448.8579832969045,0.038004534797040246,0.038004534797040246
45964.8,0.05425923631371553,448.6685765900551,0.03775509554457449,0.03775509554457449
46022.4,0.053784574027819755,448.47973715375025,0.037506403359321476,0.037506403359321476
46080.0,0.053313049521873754,448.29147035676164,0.03725846531168775,0.03725846531168775
46137.6,0.052844653163643285,448.1037814938269,0.037011288374580516,0.037011288374580516
46195.200000000004,0.05237937523388553,447.9166757854655,0.03676487942316538,0.03676487942316538
46252.8,0.051917205927588764,447.7301583778078,0.03651924523464119,0.03651924523464119
46310.4,0.051458135355214735,447.5442343424381,0.03627439248803318,0.03627439248803318
46368.0,0.0510021535439439,447.35890867624977,0.03603032776400259,0.03603032776400259
46425.6,0.05054925043892198,447.17418630131493,0.03578705754467455,0.03578705754467455
46483.200000000004,0.050099415904509184,446.9900720647656,0.03554458821348192,0.03554458821348192
46540.8,0.049652639725531154,446.80657073868906,0.03530292605502721,0.03530292605502721
46598.4,0.04920891160853064,446.6236870200349,0.03506207725496049,0.03506207725496049
46656.0,0.04876822118302172,446.44142553053604,0.03482204789987516,0.03482204789987516
46713.6,0.048330558002744384,446.2597908166413,0.03458284397721913,0.03458284397721913
46771.200000000004,0.04789591154692003,446.0787873494611,0.03434447137522327,0.03434447137522327
46828.8,0.04746427122150794,445.8984195247254,0.034106935882846384,0.034106935882846384
46886.4,0.04703562636046197,445.7186916627545,0.03387024318973629,0.03387024318973629
46944.0,0.04660996622698795,445.5396080084413,0.033634398886206666,0.033634398886206666
47001.6,0.046187280014800464,445.36117273124603,0.03339940846323022,0.03339940846323022
47059.200000000004,0.045767556849380324,445.1833899252037,0.03316527731244825,0.03316527731244825
47116.8,0.04535078578923118,445.0062636089422,0.0329320107261947,0.0329320107261947
47174.4,0.04493695582713604,444.82979772571366,0.03269961389753725,0.03269961389753725
47232.0,0.0445260558914121,444.6539961434359,0.0324680919203322,0.0324680919203322
47289.6,0.04411807484716627,444.4788626547475,0.03223744978929668,0.03223744978929668
47347.200000000004,0.04371300149754842,444.30440097707236,0.03200769240009387,0.03200769240009387
47404.8,0.04331082458500346,444.1306147526973,0.03177882454943511,0.03177882454943511
47462.4,0.04291153279252242,443.95750754885944,0.031550850935195086,0.031550850935195086
47520.0,0.042515114744891676,443.7850828578462,0.03132377615654329,0.03132377615654329
47577.6,0.04212155900993995,443.6133440971052,0.031097604714089032,0.031097604714089032
47635.200000000004,0.0417308540997839,443.4422946093657,0.03087234101004121,0.03087234101004121
47692.8,0.04134298847207111,443.2719376627702,0.030647989348381557,0.030647989348381557
47750.4,0.040957950531220796,443.1022764510177,0.030424553935053576,0.030424553935053576
47808.0,0.04057572862966235,442.9333140935165,0.030202038878163494,0.030202038878163494
47865.6,0.040196311069069894,442.765053635548,0.02998044818819602,0.02998044818819602
47923.200000000004,0.039819686101595905,442.59749804844023,0.029759785778243127,0.029759785778243127
47980.8,0.039445841931100074,442.4306502297526,0.02954005546424697,0.02954005546424697
48038.4,0.03907476671437558,442.2645130034692,0.029321260965254763,0.029321260965254763
48096.0,0.03870644856237206,442.0990891202035,0.029103405903688234,0.029103405903688234
48153.6,0.03834087554141526,441.93438125741136,0.02888649380562418,0.02888649380562418
48211.200000000004,0.03797803567442172,441.77039201961503,0.02867052810108934,0.02867052810108934
48268.8,0.03761791694211111,441.60712393863565,0.028455512124366797,0.028455512124366797
48326.4,0.037260507284213894,441.4445794738355,0.02824144911431489,0.02824144911431489
48384.0,0.0369057946006744,441.2827610123697,0.028028342214698614,0.028028342214698614
48441.6,0.0365537667528503,441.12167086944606,0.027816194474532104,0.027816194474532104
48499.200000000004,0.03620441156470698,440.9613112885957,0.02760500884843467,0.02760500884843467
48556.8,0.035857716824007874,440.80168444195044,0.027394788196996336,0.027394788196996336
48614.4,0.035513670283499034,440.64279243052994,0.027185535287155956,0.027185535287155956
48672.0,0.03517225966209003,440.4846372845376,0.02697725279259087,0.02697725279259087
48729.6,0.03483347264602899,440.32722096366416,0.026769943294116725,0.026769943294116725
48787.200000000004,0.03449729689007229,440.1705453573999,0.026563609280098592,0.026563609280098592
48844.8,0.03416372001864976,440.01461228535544,0.02635825314687366,0.02635825314687366
48902.4,0.03383272962702323,439.8594234975892,0.026153877199182086,0.026153877199182086
48960.0,0.033504313282440745,439.70498067494435,0.02595048365061111,0.02595048365061111
49017.6,0.03317845852528417,439.55128542939224,0.025748074624047164,0.025748074624047164
49075.200000000004,0.03285515287021111,439.3983393043838,0.025546652152138697,0.025546652152138697
49132.8,0.032534383807290984,439.24614377520874,0.02534621817776919,0.02534621817776919
49190.4,0.03221613880313492,439.09470024936127,0.0251467745545388,0.0251467745545388
49248.0,0.03190040530201966,438.94401006691334,0.024948323047255926,0.024948323047255926
49305.6,0.031587170727004725,438.79407450089525,0.024750865332438424,0.024750865332438424
49363.200000000004,0.03127642248104339,438.6448947576823,0.02455440299882285,0.02455440299882285
49420.8,0.03096814794808697,438.49647197738926,0.024358937547883798,0.024358937547883798
49478.4,0.030662334494182528,438.34880723426977,0.024164470394360194,0.024164470394360194
49536.0,0.030358969468563854,438.20190153712406,0.023971002866791956,0.023971002866791956
49593.6,0.03005804020473538,438.05575582971153,0.023778536208063472,0.023778536208063472
49651.200000000004,0.029759534021549315,437.9103709911703,0.023587071575956086,0.023587071575956086
49708.8,0.02946343822427535,437.76574783644196,0.02339661004370758,0.02339661004370758
49766.4,0.029169740105663623,437.6218871167036,0.023207152600580892,0.023207152600580892
49824.0,0.028878426947000217,437.47878951980346,0.023018700152438152,0.023018700152438152
49881.6,0.028589486019155102,437.3364556707043,0.02283125352232435,0.02283125352232435
49939.200000000004,0.028302904583622952,437.19488613193084,0.022644813451056643,0.022644813451056643
49996.8,0.028018669893556013,437.05408140402284,0.022459380597821134,0.022459380597821134
50054.4,0.02773676919478941,436.9140419259938,0.022274955540776856,0.022274955540776856
50112.0,0.027457189726859496,436.77476807579376,0.02209153877766533,0.02209153877766533
50169.6,0.027179918724013194,436.636260170778,0.021909130726427663,0.021909130726427663
50227.200000000004,0.02690494341621025,436.4985184681799,0.021727731725827582,0.021727731725827582
50284.8,0.026632251030117123,436.3615431655881,0.021547342036079466,0.021547342036079466
50342.4,0.026361828790093314,436.22533440142917,0.02136796183948425,0.02136796183948425
50400.0,0.02609366391916912,436.08989225545383,0.021189591241069724,0.021189591241069724
50457.6,0.025827743640015475,435.95521674922685,0.02101223026923558,0.02101223026923558
50515.200000000004,0.025564055175905154,435.8213078466227,0.020835878876406297,0.020835878876406297
50572.8,0.02530258575166647,435.68816545432355,0.020660536939686953,0.020660536939686953
50630.4,0.02504332259462773,435.55578942232177,0.020486204261524872,0.020486204261524872
50688.0,0.024786252935553966,435.4241795444256,0.020312880570375773,0.020312880570375773
50745.6,0.02453136400957451,435.2933355587692,0.020140565521375203,0.020140565521375203
50803.200000000004,0.024278643057102475,435.1632571483254,0.019969258697014238,0.019969258697014238
50860.8,0.02402807732474546,435.03394394142185,0.019798959607818724,0.019798959607818724
50918.4,0.023779654066207873,434.90539551226027,0.019629667693033384,0.019629667693033384
50976.0,0.023533360543183886,434.77761138143893,0.01946138232130992,0.01946138232130992
51033.6,0.023289184026242648,434.65059101647773,0.019294102791398402,0.019294102791398402
51091.200000000004,0.023047111795703498,434.5243338323463,0.019127828332842822,0.019127828332842822
51148.8,0.02280713114250354,434.39883919199434,0.018962558106679434,0.018962558106679434
51206.4,0.022569229369055494,434.2741064068849,0.018798291206139264,0.018798291206139264
51264.0,0.02233339379009671,434.1501347375298,0.018635026657352897,0.018635026657352897
51321.6,0.02209961173352962,434.0269233940269,0.018472763420058366,0.018472763420058366
51379.200000000004,0.021867870541253033,433.90447153660034,0.018311500388312543,0.018311500388312543
51436.8,0.021638157569984037,433.7827782761424,0.018151236391204476,0.018151236391204476
51494.4,0.021410460192071445,433.6618426747566,0.017991970193571048,0.017991970193571048
51552.0,0.021184765796299732,433.5416637463034,0.01783370049671527,0.01783370049671527
51609.6,0.020961061788684014,433.42224045694746,0.01767642593912718,0.01767642593912718
51667.200000000004,0.02073933559325561,433.303571725706,0.017520145097205998,0.017520145097205998
51724.8,0.020519574652839014,433.1856564249985,0.017364856485984126,0.017364856485984126
51782.4,0.02030176642981899,433.0684933811983,0.01721055855985326,0.01721055855985326
51840.0,0.020085898406899238,432.952081375185,0.017057249713292207,0.017057249713292207
51897.6,0.01987195808785101,432.8364191428978,0.01690492828159556,0.01690492828159556
51955.200000000004,0.019659932998252815,432.72150537588965,0.016753592541603343,0.016753592541603343
52012.8,0.019449810686221425,432.60733872188314,0.016603240712433163,0.016603240712433163
52070.4,0.019241578723132657,432.4939177853259,0.01645387095621166,0.01645387095621166
52128.0,0.01903522470433357,432.3812411279471,0.016305481378807385,0.016305481378807385
52185.6,0.018830736249844975,432.26930726931505,0.016158070030565172,0.016158070030565172
52243.200000000004,0.018628101005055145,432.15811468739395,0.01601163490703918,0.01601163490703918
52300.8,0.018427306641403414,432.0476618191026,0.015866173949728894,0.015866173949728894
52358.4,0.018228340857055644,431.9379470608712,0.015721685046812327,0.015721685046812327
52416.0,0.018031191377568968,431.8289687692002,0.01557816603388196,0.01557816603388196
52473.6,0.01783584595654875,431.7207252612179,0.015435614694679179,0.015435614694679179
52531.200000000004,0.017642292376294774,431.61321481523845,0.015294028761828825,0.015294028761828825
52588.8,0.017450518448439405,431.5064356713195,0.01515340591757408,0.01515340591757408
52646.4,0.017260512014575766,431.4003860318194,0.015013743794509942,0.015013743794509942
52704.0,0.01707226094687654,431.29506406195446,0.014875039976317162,0.014875039976317162
52761.6,0.01688575314870399,431.19046789035497,0.01473729199849445,0.01473729199849445
52819.200000000004,0.016700976555210377,431.086595609621,0.014600497349090589,0.014600497349090589
52876.8,0.016517919133929127,430.98344527687783,0.014464653469435838,0.014464653469435838
52934.4,0.016336568885356964,430.8810149143302,0.014329757754871728,0.014329757754871728
52992.0,0.016156913843526667,430.77930250981524,0.014195807555479452,0.014195807555479452
53049.6,0.01597894207657081,430.6783060173557,0.014062800176808261,0.014062800176808261
53107.200000000004,0.01580264168727559,430.5780233577106,0.013930732880600845,0.013930732880600845
53164.8,0.015628000813626856,430.4784524189261,0.013799602885518505,0.013799602885518505
53222.4,0.015455007629345416,430.3795910568844,0.013669407367864306,0.013669407367864306
53280.0,0.015283650344414586,430.28143709585095,0.013540143462303601,0.013540143462303601
53337.6,0.01511391720559761,430.1839883290214,0.013411808262584403,0.013411808262584403
53395.200000000004,0.014945796496946464,430.0872425190662,0.013284398822254401,0.013284398822254401
53452.8,0.014779276540301868,429.9911973986738,0.013157912155376697,0.013157912155376697
53510.4,0.014614345695783706,429.8958506710926,0.013032345237243061,0.013032345237243061
53568.0,0.01445099236227253,429.8012000106703,0.012907695005084664,0.012907695005084664
53625.6,0.014289204977882681,429.707243063393,0.012783958358781747,0.012783958358781747
53683.200000000004,0.014128972020425741,429.6139774474204,0.012661132161568644,0.012661132161568644
53740.8,0.013970282007865386,429.5214007536211,0.012539213240738601,0.012539213240738601
53798.4,0.013813123498763787,429.4295105461042,0.012418198388343937,0.012418198388343937
53856.0,0.013657485092717912,429.3383043627505,0.012298084361895525,0.012298084361895525
53913.6,0.01350335543078902,429.24777971573945,0.012178867885057062,0.012178867885057062
53971.200000000004,0.013350723195921134,429.1579340920761,0.012060545648338554,0.012060545648338554
54028.8,0.013199577113352583,429.06876495411416,0.011943114309785492,0.011943114309785492
54086.4,0.013049905951017963,428.98026974007746,0.011826570495665606,0.011826570495665606
54144.0,0.01290169851994166,428.8924458645789,0.011710910801152118,0.011710910801152118
54201.6,0.012754943674622734,428.8052907191368,0.011596131791003767,0.011596131791003767
54259.200000000004,0.012609630313411288,428.71880167268887,0.011482230000241917,0.011482230000241917
54316.8,0.012465747378876244,428.63297607210313,0.011369201934823108,0.011369201934823108
54374.4,0.012323283858164776,428.54781124268726,0.011257044072310008,0.011257044072310008
54432.0,0.012182228783353198,428.46330448869395,0.011145752862536934,0.011145752862536934
54489.6,0.012042571231789478,428.37945309382417,0.01103532472827258,0.01103532472827258
54547.200000000004,0.011904300326427338,428.2962543217276,0.010925756065879092,0.010925756065879092
54604.8,0.011767405236152308,428.21370541650043,0.010817043245967673,0.010817043245967673
54662.4,0.011631875176099381,428.1318036031793,0.010709182614048995,0.010709182614048995
54720.0,0.011497699407962077,428.0505460882334,0.01060217049118123,0.01060217049118123
54777.6,0.011364867240294571,427.9699300600529,0.010496003174613648,0.010496003174613648
54835.200000000004,0.011233368028804062,427.8899526894343,0.010390676938425304,0.010390676938425304
54892.8,0.011103191176636384,427.8106111300632,0.010286188034160986,0.010286188034160986
54950.4,0.010974326134653222,427.73190251899297,0.0101825326914619,0.0101825326914619
55008.0,0.010846762401701331,427.65382397712136,0.010079707118692929,0.010079707118692929
55065.6,0.010720489524873762,427.5763726096629,0.009977707503564944,0.009977707503564944
55123.200000000004,0.010595497099763498,427.4995455066184,0.00987653001375321,0.00987653001375321
55180.8,0.01047177477070952,427.4233397432414,0.009776170797511408,0.009776170797511408
55238.4,0.010349312231034642,427.34775238050065,0.009676625984280976,0.009676625984280976
55296.0,0.01022809922327571,427.2727804655396,0.009577891685296066,0.009577891685296066
55353.6,0.010108125539406826,427.1984210321324,0.009479963994184135,0.009479963994184135
55411.200000000004,0.009989381021054582,427.1246711011362,0.009382838987561615,0.009382838987561615
55468.8,0.009871855559705567,427.05152768094024,0.0092865127256253,0.0092865127256253
55526.4,0.009755539096907044,426.97898776791124,0.00919098125273888,0.00919098125273888
55584.0,0.009640421624459767,426.90704834683527,0.009096240598014964,0.009096240598014964
55641.6,0.009526493184603803,426.8357063913556,0.009002286775891596,0.009002286775891596
55699.200000000004,0.009413743870197118,426.7649588644077,0.008909115786705222,0.008909115786705222
55756.8,0.00930216382488637,426.69480271864984,0.008816723617257752,0.008816723617257752
55814.4,0.009191743243271525,426.62523489689084,0.008725106241379735,0.008725106241379735
55872.0,0.009082472371063008,426.5562523325126,0.008634259620487025,0.008634259620487025
55929.6,0.00897434150523152,426.4878519498908,0.008544179704134725,0.008544179704134725
55987.200000000004,0.008867340994151434,426.4200306648104,0.008454862430564364,0.008454862430564364
56044.8,0.008761461237736927,426.3527853848776,0.008366303727246536,0.008366303727246536
56102.4,0.008656692687571459,426.28611300992895,0.008278499511419379,0.008278499511419379
56160.0,0.008553025847030887,426.2200104324349,0.00819144569062045,0.00819144569062045
56217.6,0.008450451271399269,426.15447453790136,0.008105138163215314,0.008105138163215314
56275.200000000004,0.008348959567978079,426.08950220526606,0.00801957281891947,0.00801957281891947
56332.8,0.008248541396189928,426.02509030729135,0.007934745539315845,0.007934745539315845
56390.4,0.008149187467674,425.96123571095353,0.007850652198367385,0.007850652198367385
56448.0,0.008050888546376953,425.8979352778275,0.007767288662923677,0.007767288662923677
56505.6,0.007953635448635867,425.83518586446877,0.0076846507932239565,0.0076846507932239565
56563.200000000004,0.007857419043256078,425.7729843227893,0.007602734443392224,0.007602734443392224
56620.8,0.007762230251582288,425.71132750043193,0.007521535461930266,0.007521535461930266
56678.4,0.007668060047563287,425.6502122411391,0.007441049692203134,0.007441049692203134
56736.0,0.007574899457811354,425.5896353851181,0.007361272972920259,0.007361272972920259
56793.6,0.007482739561654758,425.5295937694023,0.007282201138611417,0.007282201138611417
56851.200000000004,0.007391571491184584,425.47008422820903,0.007203830020097448,0.007203830020097448
56908.8,0.007301386431296538,425.4111035932915,0.007126155444954307,0.007126155444954307
56966.4,0.007212175619725122,425.3526486942898,0.007049173237975039,0.007049173237975039
57024.0,0.007123930347073919,425.29471635907447,0.006972879221622137,0.006972879221622137
57081.6,0.007036641956839217,425.23730341408896,0.006897269216478895,0.006897269216478895
57139.200000000004,0.00695030184542777,425.1804066846858,0.006822339041691812,0.006822339041691812
57196.8,0.006864901462170095,425.12402299546034,0.0067480845154101795,0.0067480845154101795
57254.4,0.006780432309327045,425.0681491705796,0.006674501455219298,0.006674501455219298
57312.0,0.00669688594209188,425.0127820341073,0.006601585678568366,0.006601585678568366
57369.6,0.006614253968586496,424.957918410325,0.006529333003193449,0.006529333003193449
57427.200000000004,0.006532528049852424,424.90355512404886,0.006457739247534671,0.006457739247534671
57484.8,0.006451699899836774,424.8496890009426,0.006386800231148393,0.006386800231148393
57542.4,0.006371761285373031,424.79631686782653,0.006316511775114148,0.006316511775114148
57600.0,0.006292704026156722,424.74343555298225,0.006246869702435824,0.006246869702435824
57657.6,0.006214519994715854,424.69104188645343,0.0061778698384379665,0.0061778698384379665
57715.200000000004,0.006137201116376938,424.6391327003427,0.006109508011156623,0.006109508011156623
57772.8,0.006060739369225214,424.58770482910444,0.006041780051724947,0.006041780051724947
57830.4,0.0059851267840613336,424.5367551098335,0.005974681794753565,0.005974681794753565
57888.0,0.005910355444352225,424.4862803825496,0.00590820907870487,0.00590820907870487
57945.6,0.005836417486177743,424.4362774904787,0.005842357746263883,0.005842357746263883
58003.200000000004,0.005763305098172376,424.38674328032903,0.005777123644701472,0.005777123644701472
58060.8,0.005691010521463001,424.3376746025645,0.0057125026262345785,0.0057125026262345785
58118.4,0.00561952604960175,424.2890683116729,0.005648490548379403,0.005648490548379403
58176.0,0.005548844028494596,424.24092126643114,0.0055850832743007065,0.0055850832743007065
58233.6,0.005478956856325227,424.19323033016565,0.005522276673154746,0.005522276673154746
58291.200000000004,0.005409856983475138,424.14599237100975,0.005460066620428232,0.005460066620428232
58348.8,0.0053415369124392795,424.09920426215615,0.005398448998270786,0.005398448998270786
58406.4,0.005273989197737595,424.05286288210624,0.005337419695823356,0.005337419695823356
58464.0,0.005207206445822437,424.00696511491515,0.0052769746095408555,0.0052769746095408555
58521.6,0.0051411813149819605,423.96150785043295,0.005217109643509873,0.005217109643509873
58579.200000000004,0.005075906515239691,423.9164879845419,0.005157820709761062,0.005157820709761062
58636.8,0.005011374808249918,423.8719024193902,0.005099103728577039,0.005099103728577039
58694.4,0.004947579007189643,423.82774806362124,0.005040954628794221,0.005040954628794221
58752.0,0.00488451197664634,423.78402183259965,0.004983369348100616,0.004983369348100616
58809.6,0.0048221666325025244,423.7407206486329,0.004926343833327555,0.004926343833327555
58867.200000000004,0.004760535941816074,423.6978414411898,0.004869874040737601,0.004869874040737601
58924.8,0.0046996129226975,423.6553811471148,0.00481395593630655,0.00481395593630655
58982.4,0.004639390644183568,423.61333671083815,0.004758585496000404,0.004758585496000404
59040.0,0.004579862226107198,423.57170508458347,0.004703758706048549,0.004703758706048549
59097.6,0.004521020838964373,423.5304832285703,0.004649471563210695,0.004649471563210695
59155.200000000004,0.0044628597037774985,423.48966811121335,0.004595720075039184,0.004595720075039184
59212.8,0.004405372091955544,423.4492567093187,0.0045425002601373445,0.0045425002601373445
59270.4,0.0043485513251509565,423.4092460082755,0.004489808148411904,0.004489808148411904
59328.0,0.004292390775113551,423.36963300224414,0.004437639781321085,0.004437639781321085
59385.6,0.004236883863541252,423.3304146943415,0.004385991212118196,0.004385991212118196
59443.200000000004,0.0041820240619275815,423.2915880968214,0.004334858506089386,0.004334858506089386
59500.8,0.004127804891406661,423.25315023125256,0.004284237740788333,0.004284237740788333
59558.4,0.0040742199225952,423.2150981286925,0.004234125006264714,0.004234125006264714
59616.0,0.004021262775430996,423.1774288298578,0.004184516405288858,0.004184516405288858
59673.6,0.003968927119009565,423.1401393852907,0.004135408053571021,0.004135408053571021
59731.200000000004,0.003917206671417538,423.1032268555231,0.004086796079977192,0.004086796079977192
59788.8,0.003866095199563609,423.06668831123585,0.004038676626739238,0.004038676626739238
59846.4,0.0038155865190066954,423.0305208334156,0.0039910458496610615,0.0039910458496610615
59904.0,0.0037656744937817127,422.99472151350733,0.003943899918319751,0.003943899918319751
59961.6,0.0037163530362223306,422.95928745356434,0.003897235016263062,0.003897235016263062
60019.200000000004,0.0036676161067824395,422.9242157663945,0.003851047341201955,0.003851047341201955
60076.8,0.003619457713854184,422.88950357570275,0.003805333105198198,0.003805333105198198
60134.4,0.0035718719135837997,422.8551480162306,0.0037600885348483696,0.0037600885348483696
60192.0,0.003524852809685665,422.82114623389265,0.0037153098714632978,0.0037153098714632978
60249.6,0.003478394553253951,422.7874953859095,0.00367099337124331,0.00367099337124331
60307.200000000004,0.003432491342571801,422.7541926409369,0.0036271353054482375,0.0036271353054482375
60364.8,0.003387137422918683,422.7212351791929,0.0035837319605649533,0.0035837319605649533
60422.4,0.0033423270863757173,422.68862019258063,0.0035407796384689196,0.0035407796384689196
60480.0,0.003298054671628992,422.6563448848085,0.003498274656582591,0.003498274656582591
60537.6,0.0032543145637706867,422.62440647150703,0.003456213348029253,0.003456213348029253
60595.200000000004,0.003211101194098369,422.5928021803425,0.003414592061782742,0.003414592061782742
60652.8,0.003168409039912956,422.561529251128,0.003373407162813493,0.003373407162813493
60710.4,0.0031262326243141807,422.53058493593085,0.003332655032230406,0.003332655032230406
60768.0,0.003084566515994707,422.499966499177,0.003292332067417835,0.003292332067417835
60825.6,0.0030434053290322107,422.46967121775293,0.003252434682170186,0.003252434682170186
60883.200000000004,0.0030027437226805252,422.4396963811039,0.0032129593068210543,0.0032129593068210543
60940.8,0.0029625764011584343,422.4100392913299,0.003173902388369809,0.003173902388369809
60998.4,0.002922898113437059,422.3806972632779,0.003135260390602868,0.003135260390602868
61056.0,0.0028837036530266016,422.35166762463206,0.0030970297942125745,0.0030970297942125745
61113.6,0.0028449878577599314,422.32294771600033,0.0030592070969113587,0.0030592070969113587
61171.200000000004,0.002806745609576667,422.2945348909987,0.003021788813542533,0.003021788813542533
61228.8,0.0027689718343045055,422.2664265163324,0.0029847714761872617,0.0029847714761872617
61286.4,0.002731661501440033,422.2386199718743,0.002948151634267948,0.002948151634267948
61344.0,0.0026948096239278576,422.2111126507406,0.0029119258546476453,0.0029119258546476453
61401.6,0.0026584112579384673,422.18390195936405,0.002876090721726851,0.002876090721726851
61459.200000000004,0.0026224615026457627,422.15698531756374,0.0028406428375349862,0.0028406428375349862
61516.8,0.00258695550000229,422.130360158613,0.0028055788218201523,0.0028055788218201523
61574.4,0.0025518884345139834,422.10402392930456,0.002770895312134922,0.002770895312134922
61632.0,0.0025172555330138318,422.0779740900122,0.0027365889639172597,0.0027365889639172597
61689.6,0.002483052064434655,422.0522081147515,0.0027026564505707755,0.0027026564505707755
61747.200000000004,0.0024492733395807807,422.02672349123594,0.0026690944635385334,0.0026690944635385334
61804.8,0.0024159147108987335,422.0015177209321,0.0026358997123758173,0.0026358997123758173
61862.4,0.0023829715722468994,421.9765883191121,0.002603068924819077,0.002603068924819077
61920.0,0.0023504393586652483,421.95193281490293,0.0025705988468508307,0.0025705988468508307
61977.6,0.002318313546143152,421.9275487513336,0.002538486242762025,0.002538486242762025
62035.200000000004,0.002286589651386906,421.90343368538004,0.002506727895211021,0.002506727895211021
62092.8,0.002255263231586782,421.87958518800787,0.002475320605279745,0.002475320605279745
62150.4,0.0022243298841833066,421.8560008442123,0.0024442611925265347,0.0024442611925265347
62208.0,0.0021937852466324143,421.83267825305575,0.0024135464950354735,0.0024135464950354735
62265.6,0.002163624996170804,421.8096150277036,0.0023831733694636287,0.0023831733694636287
62323.200000000004,0.002133844849579913,421.78680879545726,0.0023531386910843922,0.0023531386910843922
62380.8,0.002104440562950286,421.76425719778507,0.002323439353828432,0.002323439353828432
62438.4,0.0020754079314445175,421.7419578903512,0.00229407227032157,0.00229407227032157
62496.0,0.0020467427890605524,421.7199085430424,0.0022650343719199653,0.0022650343719199653
62553.6,0.0020184410083940786,421.698106839992,0.0022363226087420817,0.0022363226087420817
62611.200000000004,0.0019904985004007823,421.6765504796028,0.00220793394969818,0.00220793394969818
62668.8,0.001962911214158045,421.65523717456665,0.002179865382516895,0.002179865382516895
62726.4,0.0019356751366267722,421.6341646518832,0.002152113913769265,0.002152113913769265
62784.0,0.0019087862924122778,421.6133306528757,0.0021246765688897676,0.0021246765688897676
62841.6,0.0018822407435255034,421.5927329332051,0.002097550392195259,0.002097550392195259
62899.200000000004,0.0018560345891442255,421.57236926288255,0.0020707324469006203,0.0020707324469006203
62956.8,0.0018301639653729776,421.552237426279,0.0020442198151323053,0.0020442198151323053
63014.4,0.0018046250450041684,421.5323352221341,0.0020180095979393485,0.0020180095979393485
63072.0,0.0017794140372782365,421.512660463562,0.0019920989153013715,0.0019920989153013715
63129.6,0.0017545271876441082,421.4932109780563,0.001966484906135172,0.001966484906135172
63187.200000000004,0.0017299607775193545,421.4739846074926,0.0019411647282976444,0.0019411647282976444
63244.8,0.001705711124050561,421.45497920812903,0.001916135558587051,0.001916135558587051
63302.4,0.0016817745798738202,421.43619265060585,0.0018913945927419747,0.0018913945927419747
63360.0,0.00165814753287489,421.4176228199425,0.0018669390454378002,0.0018669390454378002
63417.6,0.001634826405949418,421.3992676155332,0.001842766150280725,0.001842766150280725
63475.200000000004,0.0016118076567638658,421.38112495114063,0.0018188731597996006,0.0018188731597996006
63532.8,0.0015890877775157682,421.3631927548888,0.0017952573454362748,0.0017952573454362748
63590.4,0.0015666632946948695,421.3454689692527,0.0017719159975321918,0.0017719159975321918
63648.0,0.001544530768844113,421.32795155104816,0.001748846425315067,0.001748846425315067
63705.6,0.0015226867943205274,421.3106384714187,0.0017260459568813709,0.0017260459568813709
63763.200000000004,0.0015011279990568914,421.2935277158213,0.001703511939177687,0.001703511939177687
63820.8,0.001479851044323456,421.27661728401085,0.0016812417379802774,0.0016812417379802774
63878.4,0.0014588526244897334,421.2599051900229,0.0016592327378723228,0.0016592327378723228
63936.0,0.001438129466787212,421.2433894621548,0.001637482342219146,0.001637482342219146
63993.6,0.001417678331071468,421.22706814294554,0.0016159879731414107,0.0016159879731414107
64051.200000000004,0.0013974960095856073,421.2109392891541,0.00159474707148705,0.00159474707148705
64108.8,0.0013775793267234429,421.1950009717364,0.0015737570968004982,0.0015737570968004982
64166.4,0.001357925138793239,421.179251275821,0.0015530155272908753,0.0015530155272908753
64224.0,0.0013385303337819015,421.163688300683,0.001532519859797702,0.001532519859797702
64281.6,0.001319391831120054,421.14831015971725,0.0015122676097553396,0.0015122676097553396
64339.200000000004,0.0013005065814466362,421.13311498040974,0.0014922563111556372,0.0014922563111556372
64396.8,0.0012818715663748342,421.11810090430805,0.0014724835165087777,0.0014724835165087777
64454.4,0.0012634837982584723,421.10326608699,0.0014529467968021062,0.0014529467968021062
64512.0,0.001245340319958031,421.088608698032,0.001433643741458357,0.001433643741458357
64569.6,0.0012274382046084968,421.0741269209749,0.001414571958290889,0.001414571958290889
64627.200000000004,0.0012097745553870686,421.05981895329023,0.0013957290734589176,0.0013957290734589176
64684.8,0.0011923465052814145,421.045683006344,0.0013771127314200552,0.0013771127314200552
64742.4,0.001175151216858834,421.0317173053597,0.0013587205948815005,0.0013587205948815005
64800.0,0.0011581858820359032,421.0179200893803,0.0013405503447501842,0.0013405503447501842
64857.6,0.0011414477218488267,421.0042896112296,0.0013225996800814127,0.0013225996800814127
64915.200000000004,0.0011249339862243767,420.9908241374712,0.00130486631802542,0.00130486631802542
64972.8,0.001108641953751615,420.97752194836835,0.0012873479937740657,0.0012873479937740657
65030.4,0.0010925689314543606,420.96438133784085,0.0012700424605041677,0.0012700424605041677
65088.0,0.0010767122545641003,420.9514006134222,0.0012529474893212056,0.0012529474893212056
65145.6,0.0010610692862939135,420.9385780962154,0.0012360608692009326,0.0012360608692009326
65203.200000000004,0.001045637417613176,420.9259121208474,0.001219380406929559,0.001219380406929559
65260.8,0.0010304140670228193,420.9134010354236,0.0012029039270437174,0.0012029039270437174
65318.4,0.0010153966803315255,420.9010432014803,0.0011866292717678784,0.0011866292717678784
65376.0,0.0010005827304326725,420.88883699393716,0.001170554300951618,0.001170554300951618
65433.6,0.0009859697170819352,420.8767808010483,0.0011546768920055383,0.0011546768920055383
65491.200000000004,0.0009715551666760762,420.86487302435233,0.0011389949398350895,0.0011389949398350895
65548.8,0.0009573366320323769,420.8531120786229,0.001123506356775743,0.001123506356775743
65606.40000000001,0.0009433116921688313,420.84149639181635,0.0011082090725237459,0.0011082090725237459
65664.0,0.0009294779520852487,420.83002440502014,0.0010931010340685954,0.0010931010340685954
65721.6,0.0009158330425453111,420.81869457240015,0.001078180205623271,0.001078180205623271
65779.2,0.0009023746198595765,420.8075053611471,0.0010634445685538663,0.0010634445685538663
65836.8,0.0008891003656692604,420.7964552514222,0.0010488921213079468,0.0010488921213079468
65894.40000000001,0.0008760079867310317,420.785542736302,0.0010345208793420112,0.0010345208793420112
65952.0,0.0008630952147023777,420.77476632172335,0.0010203288750488778,0.0010203288750488778
66009.6,0.0008503598059287069,420.76412452642643,0.0010063141576826737,0.0010063141576826737
66067.2,0.0008377995412305619,420.75361588189816,0.0009924747932844244,0.0009924747932844244
66124.8,0.0008254122256921093,420.7432389323144,0.000978808864605847,0.000978808864605847
66182.40000000001,0.0008131956884508733,420.7329922344819,0.0009653144710329177,0.0009653144710329177
66240.0,0.0008011477824879494,420.72287435777963,0.0009519897285085407,0.0009519897285085407
66297.6,0.0007892663844196568,420.7128838840992,0.0009388327694542461,0.0009388327694542461
66355.2,0.0007775493942900071,420.7030194077847,0.0009258417426908374,0.0009258417426908374
66412.8,0.0007659947353638145,420.69327953557325,0.0009130148133600131,0.0009130148133600131
66470.40000000001,0.0007546003539216509,420.68366288653266,0.0009003501628425456,0.0009003501628425456
66528.0,0.0007433642190550341,420.67416809200114,0.0008878459886786289,0.0008878459886786289
66585.6,0.0007322843224630538,420.66479379552453,0.0008755005044853092,0.0008755005044853092
66643.2,0.0007213586782499028,420.6555386527947,0.0008633119398753362,0.0008633119398753362
66700.8,0.0007105853227235468,420.64640133158576,0.0008512785403732449,0.0008512785403732449
66758.40000000001,0.0006999623141954246,420.6373805116917,0.0008393985673330099,0.0008393985673330099
66816.0,0.0006894877327811398,420.6284748848616,0.0008276702978530794,0.0008276702978530794
66873.6,0.0006791596802023118,420.61968315473666,0.0008160920246930562,0.0008160920246930562
66931.2,0.0006689762795893642,420.6110040367851,0.0008046620561882069,0.0008046620561882069
66988.8,0.0006589356752855243,420.6024362582372,0.0007933787161638228,0.0007933787161638228
67046.40000000001,0.0006490360326518506,420.59397855802035,0.0007822403438497293,0.0007822403438497293
67104.0,0.0006392755378737708,420.5856296866933,0.0007712452937937487,0.0007712452937937487
67161.6,0.0006296523977675689,420.5773884063805,0.000760391935775011,0.000760391935775011
67219.2,0.0006201648395891405,420.5692534907059,0.0007496786547169677,0.0007496786547169677
67276.8,0.0006108111108437675,420.56122372472606,0.0007391038505994312,0.0007391038505994312
67334.40000000001,0.0006015894790961355,420.5532979048641,0.0007286659383711375,0.0007286659383711375
67392.0,0.0005924982317821502,420.54547483884187,0.0007183633478608136,0.0007183633478608136
67449.6,0.000583535676022099,420.53775334561345,0.0007081945236895161,0.0007081945236895161
67507.2,0.0005747001384338354,420.53013225529725,0.0006981579251810984,0.0006981579251810984
67564.8,0.0005659899649487835,420.522610409108,0.0006882520262727537,0.0006882520262727537
67622.40000000001,0.0005574035206273769,420.51518665928944,0.0006784753154263798,0.0006784753154263798
67680.0,0.0005489391894766453,420.5078598690462,0.0006688262955386735,0.0006688262955386735
67737.6,0.0005405953742687798,420.50062891247444,0.0006593034838501743,0.0006593034838501743
67795.2,0.0005323704963605838,420.4934926744947,0.0006499054118563326,0.0006499054118563326
67852.8,0.0005242629955142773,420.4864500507824,0.0006406306252164781,0.0006406306252164781
67910.40000000001,0.0005162713297193286,420.47949994769954,0.00063147768366339,0.00063147768366339
67968.0,0.0005083939750157255,420.47264128222554,0.0006224451609127163,0.0006224451609127163
68025.6,0.0005006294253176218,420.4658729818881,0.0006135316445714952,0.0006135316445714952
68083.2,0.0004929761922394134,420.45919398469414,0.0006047357360474988,0.0006047357360474988
68140.8,0.00048543280492178287,420.45260323906103,0.0005960560504584286,0.0005960560504584286
68198.40000000001,0.0004779978098593932,420.4460997037465,0.0005874912165397632,0.0005874912165397632
68256.0,0.00047066977072980854,420.43968234777986,0.0005790398765542515,0.0005790398765542515
68313.6,0.0004634472682233383,420.43335015039236,0.0005707006861999112,0.0005707006861999112
68371.2,0.0004563288998742672,420.42710210094725,0.0005624723145182491,0.0005624723145182491
68428.8,0.0004493132798932215,420.42093719887094,0.0005543534438033821,0.0005543534438033821
68486.40000000001,0.00044239903900037086,420.4148544535833,0.0005463427695103335,0.0005463427695103335
68544.0,0.0004355848242600505,420.4088528844274,0.0005384390001625058,0.0005384390001625058
68601.6,0.0004288692989168053,420.4029315206009,0.0005306408572612499,0.0005306408572612499
68659.2,0.000422251142232179,420.39708940108534,0.0005229470751929643,0.0005229470751929643
68716.8,0.0004157290493226771,420.3913255745779,0.0005153564011388138,0.0005153564011388138
68774.40000000001,0.0004093017309990782,420.38563909942053,0.0005078675949819025,0.0005078675949819025
68832.0,0.00040296791360697247,420.3800290435312,0.0005004794292162449,0.0005004794292162449
68889.6,0.0003967263388681162,420.3744944843342,0.0004931906888554367,0.0004931906888554367
68947.2,0.00039057576372329695,420.36903450869073,0.000486000171340801,0.000486000171340801
69004.8,0.00038451496017624637,420.3636482128294,0.0004789066864502095,0.0004789066864502095
69062.40000000001,0.00037854271513838806,420.358334702277,0.00047190905620675297,0.00047190905620675297
69120.0,0.00037265783027543275,420.3530930917894,0.00046500611478778644,0.00046500611478778644
69177.6,0.00036685912185418644,420.347922505282,0.00045819670843322583,0.00045819670843322583
69235.2,0.0003611454205916331,420.3428220757611,0.00045147969535534163,0.00045147969535534163
69292.8,0.00035551557150415817,420.3377909452548,0.00044485394564765447,0.00044485394564765447
69350.40000000001,0.00034996843375855016,420.33282826474397,0.0004383183411939052,0.0004383183411939052
69408.0,0.0003445028805237991,420.3279331940936,0.0004318717755779983,0.0004318717755779983
69465.6,0.00033911779882410577,420.32310490198466,0.0004255131539939457,0.0004255131539939457
69523.2,0.00033381208939338094,420.3183425658447,0.0004192413931545371,0.0004192413931545371
69580.8,0.0003285846665304918,420.3136453717805,0.00041305542120270635,0.00041305542120270635
69638.40000000001,0.0003234344579554492,420.30901251450894,0.00040695417762042624,0.00040695417762042624
69696.0,0.000318360404667425,420.30444319728974,0.0004009366131402995,0.0004009366131402995
69753.6,0.0003133614608032311,420.29993663185735,0.00039500168965557675,0.00039500168965557675
69811.2,0.0003084365934974147,420.29549203835296,0.00038914838013084853,0.00038914838013084853
69868.8,0.00030358478274325983,420.29110864525734,0.0003833756685134861,0.0003833756685134861
69926.40000000001,0.00029880502125473085,420.2867856893233,0.00037768254964478255,0.00037768254964478255
69984.0,0.0002940963143296933,420.28252241550865,0.00037206802917146876,0.00037206802917146876
70041.6,0.00028945767971461073,420.278318076909,0.0003665311234575275,0.0003665311234575275
70099.2,0.0002848881474697742,420.2741719346914,0.000361070859496608,0.000361070859496608
70156.8,0.0002803867598361114,420.27008325802717,0.0003556862748233916,0.0003556862748233916
70214.40000000001,0.0002759525711024597,420.2660513240264,0.0003503764174278019,0.0003503764174278019
70272.0,0.00027158464747471995,420.2620754176709,0.00034514034566622125,0.00034514034566622125
70329.6,0.0002672820669456875,420.2581548317491,0.0003399771281760004,0.0003399771281760004
70387.2,0.00026304391916605373,420.25428886678964,0.000334885843788097,0.000334885843788097
70444.8,0.00025886930531620776,420.2504768309965,0.00032986558144136103,0.00032986558144136103
70502.40000000001,0.0002547573379798503,420.24671804018345,0.00032491544009644567,0.00032491544009644567
70560.0,0.00025070714101812206,420.24301181770926,0.0003200345286503173,0.0003200345286503173
70617.6,0.0002467178494446739,420.23935749441307,0.00031522196585128943,0.00031522196585128943
70675.2,0.00024278860930231815,420.2357544085492,0.0003104768802130836,0.0003104768802130836
70732.8,0.00023891857754026544,420.2322019057245,0.00030579840993225847,0.00030579840993225847
70790.40000000001,0.0002351069218932099,420.22869933883237,0.00030118570280159734,0.00030118570280159734
70848.0,0.00023135282076009356,420.2252460679908,0.00029663791612806115,0.00029663791612806115
70905.6,0.00022765546308558954,420.2218414604781,0.000292154216648646,0.000292154216648646
70963.2,0.00022401404824119384,420.2184848906699,0.00028773378044691465,0.00028773378044691465
71020.8,0.00022042778590835997,420.2151757399764,0.00028337579287079977,0.00028337579287079977
71078.40000000001,0.00021689589596213116,420.21191339677955,0.00027907944844958454,0.00027907944844958454
71136.0,0.00021341760835605163,420.2086972563714,0.00027484395081290403,0.00027484395081290403
71193.6,0.00020999216300793003,420.2055267208911,0.0002706685126075759,0.0002706685126075759
71251.2,0.00020661880968695336,420.202401199264,0.000266552355417575,0.000266552355417575
71308.8,0.00020329680790136923,420.19932010714,0.0002624947096828103,0.0002624947096828103
71366.40000000001,0.0002000254267876601,420.1962828668323,0.00025849481461827616,0.00025849481461827616
71424.0,0.00019680394500012614,420.1932889072568,0.000254551918134551,0.000254551918134551
71481.6,0.00019363165060231558,420.1903376638713,0.0002506652767575476,0.0002506652767575476
71539.2,0.00019050784095886358,420.18742857861577,0.0002468341555498349,0.0002468341555498349
71596.8,0.00018743182262809477,420.1845610998519,0.0002430578280310624,0.0002430578280310624
71654.40000000001,0.00018440291125645572,420.18173468230407,0.00023933557610017998,0.00023933557610017998
71712.0,0.0001814204314732136,420.1789487869997,0.0002356666899570601,0.0002356666899570601
71769.6,0.00017848371678650516,420.1762028812105,0.00023205046802494253,0.00023205046802494253
71827.2,0.00017559210948002443,420.1734964383936,0.00022848621687295454,0.00022848621687295454
71884.8,0.00017274496051129288,420.17082893813404,0.0002249732511402774,0.0002249732511402774
71942.40000000001,0.00016994162940999876,420.16819986608556,0.00022151089345844217,0.00022151089345844217
72000.0,0.0001671814841781321,420.1656087139141,0.00021809847437661908,0.00021809847437661908
72057.6,0.00016446390119095343,420.1630549792398,0.00021473533228548507,0.00021473533228548507
72115.2,0.00016178826509796387,420.1605381655804,0.00021142081334243881,0.00021142081334243881
72172.8,0.00015915396872639585,420.1580577822946,0.00020815427139711488,0.00020815427139711488
72230.40000000001,0.00015656041298443878,420.15561334452525,0.00020493506791682326,0.00020493506791682326
72288.0,0.00015400700676538838,420.15320437314404,0.00020176257191318665,0.00020176257191318665
72345.6,0.0001514931668538729,420.15083039469556,0.00019863615986892726,0.00019863615986892726
72403.2,0.00014901831783165499,420.14849094134206,0.00019555521566487854,0.00019555521566487854
72460.8,0.00014658189198494203,420.14618555080847,0.0001925191305076703,0.0001925191305076703
72518.40000000001,0.00014418332921286952,420.14391376632767,0.00018952730285763867,0.00018952730285763867
72576.0,0.00014182207693657023,420.1416751365867,0.00018657913835793357,0.00018657913835793357
72633.6,0.00013949759000877682,420.13946921567236,0.0001836740497630276,0.0001836740497630276
72691.2,0.0001372093306252711,420.13729556301786,0.00018081145686819783,0.00018081145686819783
72748.8,0.0001349567682362809,420.1351537433495,0.0001779907864396067,0.0001779907864396067
72806.40000000001,0.00013273937945915514,420.13304332663427,0.0001752114721449816,0.0001752114721449816
72864.0,0.00013055664799215832,420.1309638880264,0.0001724729544835459,0.0001724729544835459
72921.6,0.00012840806452869144,420.1289150078161,0.0001697746807183457,0.0001697746807183457
72979.2,0.00012629312667247175,420.12689627137735,0.00016711610480737855,0.00016711610480737855
73036.8,0.00012421133885399198,420.1249072691164,0.0001644966873359949,0.0001644966873359949
73094.40000000001,0.0001221622122470858,420.12294759642083,0.000161915895449599,0.000161915895449599
73152.0,0.00012014526468702101,420.1210168536087,0.00015937320278694867,0.00015937320278694867
73209.6,0.00011816002058919661,420.11911464587797,0.0001568680894133054,0.0001568680894133054
73267.2,0.00011620601086835532,420.117240583257,0.0001544000417553061,0.0001544000417553061
73324.8,0.00011428277285923458,420.11539428055426,0.0001519685525347869,0.0001519685525347869
73382.40000000001,0.00011238985023748427,420.1135753573092,0.00014957312070402939,0.00014957312070402939
73440.0,0.00011052679294175629,420.1117834377435,0.00014721325138168027,0.00014721325138168027
73497.6,0.00010869315709671869,420.110018150712,0.000144888455787848,0.000144888455787848
73555.2,0.00010688850493594501,420.1082791296548,0.00014259825118136994,0.00014259825118136994
73612.8,0.00010511240472686363,420.1065660125493,0.00014034216079633128,0.00014034216079633128
73670.40000000001,0.00010336443069599251,420.10487844186235,0.00013811971377933224,0.00013811971377933224
73728.0,0.00010164416295431499,420.10321606450333,0.0001359304451275041,0.0001359304451275041
73785.6,9.995118742485876e-05,420.10157853177714,0.00013377389562667483,0.00013377389562667483
73843.2,9.828509576933338e-05,420.09996549933777,0.00013164961179020849,0.00013164961179020849
73900.8,9.664548531711223e-05,420.0983766271423,0.00012955714579836875,0.00012955714579836875
73958.40000000001,9.503195899382423e-05,420.09681157940474,0.000127496055437757,0.000127496055437757
74016.0,9.344412525143692e-05,420.0952700245508,0.00012546590404134968,0.00012546590404134968
74073.6,9.188159799864237e-05,420.0937516351731,0.000123466260429808,0.000123466260429808
74131.2,9.03439965323969e-05,420.09225608798573,0.00012149669885173972,0.00012149669885173972
74188.8,8.883094546955034e-05,420.09078306378063,0.00011955679892583227,0.00011955679892583227
74246.40000000001,8.734207467994905e-05,420.0893322473829,0.00011764614558238728,0.00011764614558238728
74304.0,8.587701921994807e-05,420.0879033276078,0.00011576432900650178,0.00011576432900650178
74361.6,8.443541926649105e-05,420.0864959972167,0.00011391094458005175,0.00011391094458005175
74419.2,8.301692005206102e-05,420.08510995287475,0.00011208559282622086,0.00011208559282622086
74476.8,8.162117180039517e-05,420.0837448951077,0.00011028787935215775,0.00011028787935215775
74534.40000000001,8.024782966278522e-05,420.08240052826017,0.00010851741479432826,0.00010851741479432826
74592.0,7.88965536553552e-05,420.08107656045314,0.00010677381476259503,0.00010677381476259503
74649.6,7.75670085964458e-05,420.0797727035429,0.00010505669978594397,0.00010505669978594397
74707.2,7.625886404524188e-05,420.07848867307945,0.00010336569525776179,0.00010336569525776179
74764.8,7.497179424098668e-05,420.0772241882657,0.00010170043138223604,0.00010170043138223604
74822.40000000001,7.370547804242627e-05,420.0759789719168,0.00010006054312068063,0.00010006054312068063
74880.0,7.24595988687823e-05,420.07475275042043,9.84456701391339e-05,9.84456701391339e-05
74937.6,7.12338446405999e-05,420.0735452536962,9.685545675513311e-05,9.685545675513311e-05
74995.2,7.002790772144869e-05,420.0723562151565,9.528955188606106e-05,9.528955188606106e-05
75052.8,6.88414848605115e-05,420.07118537166775,9.374760899794189e-05,9.374760899794189e-05
75110.40000000001,6.767427713542218e-05,420.07003246351036,9.222928605296423e-05,9.222928605296423e-05
75168.0,6.652598989659509e-05,420.06889723434176,9.07342454606726e-05,9.07342454606726e-05
75225.6,6.539633271073804e-05,420.0677794311567,8.926215402564009e-05,8.926215402564009e-05
75283.2,6.428501930672714e-05,420.06667880425044,8.781268289918389e-05,8.781268289918389e-05
75340.8,6.319176752050533e-05,420.0655951071811,8.638550752943355e-05,8.638550752943355e-05
75398.40000000001,6.211629924179204e-05,420.06452809673203,8.498030761222294e-05,8.498030761222294e-05
75456.0,6.105834036070469e-05,420.0634775328752,8.359676704243116e-05,8.359676704243116e-05
75513.6,6.001762071521475e-05,420.06244317873495,8.223457386659632e-05,8.223457386659632e-05
75571.2,5.89938740395273e-05,420.0614248005514,8.089342023448099e-05,8.089342023448099e-05
75628.8,5.7986837912248046e-05,420.060422167645,7.957300235265914e-05,7.957300235265914e-05
75686.40000000001,5.699625370597071e-05,420.0594350523804,7.827302043653087e-05,7.827302043653087e-05
75744.0,5.602186653725567e-05,420.05846323013196,7.699317866525663e-05,7.699317866525663e-05
75801.6,5.506342521664396e-05,420.0575064792482,7.573318513489503e-05,7.573318513489503e-05
75859.2,5.412068219984368e-05,420.05656458101765,7.44927518131873e-05,7.44927518131873e-05
75916.8,5.319339353944943e-05,420.05563731963457,7.327159449471617e-05,7.327159449471617e-05
75974.40000000001,5.2281318836874454e-05,420.0547244821647,7.206943275561568e-05,7.206943275561568e-05
76032.0,5.1384221195171644e-05,420.0538258585122,7.088598991000258e-05,7.088598991000258e-05
76089.6,5.0501867172280255e-05,420.05294124138567,6.972099296543475e-05,6.972099296543475e-05
76147.2,4.9634026734681525e-05,420.05207042626563,6.85741725798666e-05,6.85741725798666e-05
76204.8,4.878047321197792e-05,420.05121321137176,6.744526301860469e-05,6.744526301860469e-05
76262.40000000001,4.794098325152553e-05,420.0503693976306,6.633400211178722e-05,6.633400211178722e-05
76320.0,4.7115336774309996e-05,420.0495387886433,6.524013121178871e-05,6.524013121178871e-05
76377.6,4.630331693023652e-05,420.0487211906539,6.416339515167272e-05,6.416339515167272e-05
76435.2,4.550471005510677e-05,420.047916412518,6.310354220371949e-05,6.310354220371949e-05
76492.8,4.471930562738314e-05,420.0471242656715,6.206032403832769e-05,6.206032403832769e-05
76550.40000000001,4.394689622578781e-05,420.0463445641,6.1033495683739866e-05,6.1033495683739866e-05
76608.0,4.3187277487399044e-05,420.04557712430795,6.002281548539343e-05,6.002281548539343e-05
76665.6,4.244024806608494e-05,420.0448217652886,5.902804506639461e-05,5.902804506639461e-05
76723.2,4.170560959138162e-05,420.04407830849385,5.804894928776783e-05,5.804894928776783e-05
76780.8,4.0983166628134695e-05,420.0433465778049,5.7085296209753035e-05,5.7085296209753035e-05
76838.40000000001,4.027272663653204e-05,420.0426263995027,5.61368570528786e-05,5.61368570528786e-05
76896.0,3.957409993272261e-05,420.04191760223887,5.5203406159932394e-05,5.5203406159932394e-05
76953.6,3.888709964939941e-05,420.04122001700694,5.428472095770838e-05,5.428472095770838e-05
77011.2,3.821154169771511e-05,420.04053347711397,5.338058191987605e-05,5.338058191987605e-05
77068.8,3.75472447285937e-05,420.0398578181522,5.2490772529550456e-05,5.2490772529550456e-05
77126.40000000001,3.689403009580029e-05,420.03919287797123,5.1615079242685655e-05,5.1615079242685655e-05
77184.0,3.625172181847861e-05,420.03853849665046,5.0753291451767675e-05,5.0753291451767675e-05
77241.6,3.562014654414979e-05,420.03789451647117,4.990520144905822e-05,4.990520144905822e-05
77299.2,3.499913351274193e-05,420.03726078189044,4.9070604392233977e-05,4.9070604392233977e-05
77356.8,3.438851452097453e-05,420.03663713951346,4.82492982679298e-05,4.82492982679298e-05
77414.40000000001,3.3788123886636405e-05,420.03602343806733,4.7441083857228285e-05,4.7441083857228285e-05
77472.0,3.319779841394752e-05,420.035419528375,4.6645764701299e-05,4.6645764701299e-05
77529.6,3.26173773585295e-05,420.0348252633289,4.5863147066888084e-05,4.5863147066888084e-05
77587.2,3.2046702394241644e-05,420.0342404978655,4.5093039912331805e-05,4.5093039912331805e-05
77644.8,3.148561757870247e-05,420.03366508893976,4.43352548545433e-05,4.43352548545433e-05
77702.40000000001,3.093396932049866e-05,420.0330988954999,4.358960613525077e-05,4.358960613525077e-05
77760.0,3.0391606346269297e-05,420.0325417784627,4.285591058873279e-05,4.285591058873279e-05
77817.6,2.9858379668323996e-05,420.03199360068845,4.213398760880508e-05,4.213398760880508e-05
77875.2,2.9334142552544073e-05,420.031454226957,4.142365911722962e-05,4.142365911722962e-05
77932.8,2.88187504869952e-05,420.03092352394333,4.0724749531524823e-05,4.0724749531524823e-05
77990.40000000001,2.8312061150592693e-05,420.0304013601937,4.003708573367409e-05,4.003708573367409e-05
78048.0,2.781393438235343e-05,420.0298876061021,3.936049703890923e-05,3.936049703890923e-05
78105.6,2.7324232150949392e-05,420.0293821338868,3.869481516516755e-05,3.869481516516755e-05
78163.2,2.6842818525025298e-05,420.02888481756753,3.803987420247412e-05,3.803987420247412e-05
78220.8,2.6369559642788008e-05,420.0283955329419,3.739551058254871e-05,3.739551058254871e-05
78278.40000000001,2.5904323683513825e-05,420.02791415756343,3.676156304946057e-05,3.676156304946057e-05
78336.0,2.5446980838434808e-05,420.02744057071897,3.61378726299091e-05,3.61378726299091e-05
78393.6,2.4997403281820025e-05,420.02697465340634,3.552428260395358e-05,3.552428260395358e-05
78451.2,2.455546514338901e-05,420.0265162883128,3.492063847649152e-05,3.492063847649152e-05
78508.8,2.412104248031707e-05,420.02606535979317,3.432678794858731e-05,3.432678794858731e-05
78566.40000000001,2.369401324970207e-05,420.02562175384816,3.37425808888008e-05,3.37425808888008e-05
78624.0,2.3274257281510893e-05,420.02518535810384,3.316786930623779e-05,3.316786930623779e-05
78681.6,2.286165625188134e-05,420.02475606178996,3.260250732195345e-05,3.260250732195345e-05
78739.2,2.2456093656743503e-05,420.0243337557198,3.2046351142451946e-05,3.2046351142451946e-05
78796.8,2.2057454785654562e-05,420.02391833226926,3.1499259032137934e-05,3.1499259032137934e-05
78854.40000000001,2.1665626696539288e-05,420.02350968535666,3.096109128666643e-05,3.096109128666643e-05
78912.0,2.128049818968481e-05,420.02310771042306,3.043171020711613e-05,3.043171020711613e-05
78969.6,2.0901959783013894e-05,420.02271230441187,2.9910980073039787e-05,2.9910980073039787e-05
79027.2,2.0529903687340626e-05,420.02232336574974,2.9398767117386166e-05,2.9398767117386166e-05
79084.8,2.016422378203507e-05,420.0219407943271,2.8894939500823043e-05,2.8894939500823043e-05
79142.40000000001,1.98048155908648e-05,420.02156449147844,2.839936728568595e-05,2.839936728568595e-05
79200.0,1.9451576258334555e-05,420.0211943599644,2.791192241262185e-05,2.791192241262185e-05
79257.6,1.9104404525918753e-05,420.020830303952,2.7432478674313322e-05,2.7432478674313322e-05
79315.2,1.8763200709413194e-05,420.02047222899677,2.696091169212222e-05,2.696091169212222e-05
79372.8,1.842786667577213e-05,420.0201200420243,2.6497098891610464e-05,2.6497098891610464e-05
79430.40000000001,1.809830582079722e-05,420.01977365131205,2.604091947873459e-05,2.604091947873459e-05
79488.0,1.7774423046365272e-05,420.0194329664716,2.5592254416414573e-05,2.5592254416414573e-05
79545.6,1.7456124739254072e-05,420.0190978984308,2.5150986401102646e-05,2.5150986401102646e-05
79603.2,1.714331874915181e-05,420.01876835941636,2.4716999839651578e-05,2.4716999839651578e-05
79660.8,1.6835914367003568e-05,420.01844426293667,2.429018082693155e-05,2.429018082693155e-05
79718.40000000001,1.653382230447663e-05,420.01812552376464,2.3870417123072716e-05,2.3870417123072716e-05
79776.0,1.6236954672520753e-05,420.01781205792093,2.3457598131456374e-05,2.3457598131456374e-05
79833.6,1.5945224961757007e-05,420.0175037826569,2.305161487618212e-05,2.305161487618212e-05
79891.2,1.5658548021268764e-05,420.0172006164387,2.2652359981256764e-05,2.2652359981256764e-05
79948.8,1.537684003920403e-05,420.0169024789303,2.2259727648136374e-05,2.2259727648136374e-05
80006.40000000001,1.5100018523022733e-05,420.01660929097835,2.1873613635663748e-05,2.1873613635663748e-05
80064.0,1.4828002279974848e-05,420.01632097459526,2.1493915238134506e-05,2.1493915238134506e-05
80121.6,1.4560711397720825e-05,420.01603745294386,2.112053126478541e-05,2.112053126478541e-05
80179.2,1.4298067225875165e-05,420.0157586503221,2.0753362019731917e-05,2.0753362019731917e-05
80236.8,1.403999235694694e-05,420.0154844921474,2.039230928145655e-05,2.039230928145655e-05
80294.40000000001,1.3786410608061046e-05,420.01521490494144,2.0037276282671544e-05,2.0037276282671544e-05
80352.0,1.3537247002963978e-05,420.0149498163157,1.968816769122959e-05,1.968816769122959e-05
80409.6,1.3292427753834419e-05,420.01468915495576,1.934488958953731e-05,1.934488958953731e-05
80467.2,1.3051880243875246e-05,420.0144328506075,1.9007349456439158e-05,1.9007349456439158e-05
80524.8,1.2815533009727667e-05,420.01418083406213,1.8675456147454396e-05,1.8675456147454396e-05
80582.40000000001,1.2583315724081258e-05,420.0139330371422,1.8349119876136954e-05,1.8349119876136954e-05
80640.0,1.2355159179455796e-05,420.01368939268724,1.8028252195585014e-05,1.8028252195585014e-05
80697.6,1.2130995270562643e-05,420.01344983454,1.7712765979875752e-05,1.7712765979875752e-05
80755.2,1.1910756978530715e-05,420.0132142975324,1.7402575405949207e-05,1.7402575405949207e-05
80812.8,1.1694378354138142e-05,420.01298271747254,1.709759593624079e-05,1.709759593624079e-05
80870.40000000001,1.1481794502162616e-05,420.0127550311306,1.6797744300190855e-05,1.6797744300190855e-05
80928.0,1.1272941565252698e-05,420.0125311762258,1.650293847710177e-05,1.650293847710177e-05
80985.6,1.106775670847325e-05,420.0123110914135,1.621309767906986e-05,1.621309767906986e-05
81043.2,1.0866178104118353e-05,420.0120947162717,1.592814233339327e-05,1.592814233339327e-05
81100.8,1.0668144916132717e-05,420.0118819912891,1.564799406662687e-05,1.564799406662687e-05
81158.40000000001,1.0473597285421239e-05,420.01167285785135,1.5372575686540916e-05,1.5372575686540916e-05
81216.0,1.0282476315105968e-05,420.0114672582297,1.5101811167223979e-05,1.5101811167223979e-05
81273.6,1.009472405578219e-05,420.011265135568,1.4835625632014837e-05,1.4835625632014837e-05
81331.2,9.910283491450035e-06,420.01106643387055,1.4573945337257885e-05,1.4573945337257885e-05
81388.8,9.729098525108622e-06,420.01087109799033,1.431669765710655e-05,1.431669765710655e-05
81446.40000000001,9.55111396497156e-06,420.010679073617,1.4063811067503253e-05,1.4063811067503253e-05
81504.0,9.376275510771579e-06,420.01049030726534,1.3815215131132574e-05,1.3815215131132574e-05
81561.6,9.204529739869595e-06,420.0103047462631,1.3570840481176617e-05,1.3570840481176617e-05
81619.2,9.035824094376492e-06,420.0101223387404,1.333061880761565e-05,1.333061880761565e-05
81676.8,8.870106867599591e-06,420.0099430336179,1.309448284143265e-05,1.309448284143265e-05
81734.40000000001,8.707327191164263e-06,420.0097667805957,1.2862366340240188e-05,1.2862366340240188e-05
81792.0,8.547435022260144e-06,420.0095935301424,1.2634204073533008e-05,1.2634204073533008e-05
81849.6,8.390381131011197e-06,420.0094232334844,1.240993180898867e-05,1.240993180898867e-05
81907.2,8.236117087934914e-06,420.009255842595,1.2189486297720118e-05,1.2189486297720118e-05
81964.8,8.0845952517036e-06,420.0090913101837,1.1972805260576317e-05,1.1972805260576317e-05
82022.40000000001,7.935768757082963e-06,420.0089295896859,1.1759827374293159e-05,1.1759827374293159e-05
82080.0,7.789591503083907e-06,420.0087706352527,1.1550492258018664e-05,1.1550492258018664e-05
82137.6,7.646018140848306e-06,420.0086144017403,1.1344740459763327e-05,1.1344740459763327e-05
82195.2,7.50500406275989e-06,420.0084608447005,1.1142513443299627e-05,1.1142513443299627e-05
82252.8,7.366505390081025e-06,420.0083099203701,1.0943753574762087e-05,1.0943753574762087e-05
82310.40000000001,7.2304789625791065e-06,420.0081615856617,1.0748404110145667e-05,1.0748404110145667e-05
82368.0,7.0968823268560685e-06,420.0080157981538,1.0556409182429842e-05,1.0556409182429842e-05
82425.6,6.965673725707909e-06,420.0078725160811,1.0367713788777556e-05,1.0367713788777556e-05
82483.2,6.8368120870764835e-06,420.0077316983252,1.0182263778333035e-05,1.0182263778333035e-05
82540.8,6.7102570137996344e-06,420.0075933044053,1.000000583986991e-05,1.000000583986991e-05
82598.40000000001,6.585968772846856e-06,420.0074572944691,9.8208874898136e-06,9.8208874898136e-06
82656.0,6.463908284981098e-06,420.0073236292834,9.64485706011402e-06,9.64485706011402e-06
82713.6,6.3440371147223636e-06,420.0071922702257,9.47186368671713e-06,9.47186368671713e-06
82771.2,6.226317460293996e-06,420.0070631792746,9.301857297437626e-06,9.301857297437626e-06
82828.8,6.11071214374603e-06,420.00693631900197,9.134788601179108e-06,9.134788601179108e-06
82886.40000000001,5.997184601167809e-06,420.0068116525636,8.970609076031334e-06,8.970609076031334e-06
82944.0,5.88569887314907e-06,420.00668914369123,8.809270958415539e-06,8.809270958415539e-06
83001.6,5.776219595258763e-06,420.00656875668386,8.65072723193029e-06,8.65072723193029e-06
83059.2,5.6687119888615895e-06,420.0064504563995,8.494931616272214e-06,8.494931616272214e-06
83116.8,5.563141851632347e-06,420.00633420824727,8.341838557055046e-06,8.341838557055046e-06
83174.40000000001,5.459475548780887e-06,420.006219978179,8.191403214430903e-06,8.191403214430903e-06
83232.0,5.3576800042770216e-06,420.0061077326815,8.043581453283639e-06,8.043581453283639e-06
83289.6,5.257722691667123e-06,420.0059974387688,7.898329832598731e-06,7.898329832598731e-06
83347.2,5.1595716256008144e-06,420.0058890639742,7.755605595432033e-06,7.755605595432033e-06
83404.8,5.0631953533757595e-06,420.0057825763427,7.6153666585791045e-06,7.6153666585791045e-06
83462.40000000001,4.9685629465001384e-06,420.0056779444236,7.477571603068001e-06,7.477571603068001e-06
83520.0,4.87564399229065e-06,420.00557513726284,7.3421796639034515e-06,7.3421796639034515e-06
83577.6,4.7844085859144614e-06,420.005474124396,7.209150721008803e-06,7.209150721008803e-06
83635.2,4.694827322111706e-06,420.0053748758409,7.07844528926965e-06,7.07844528926965e-06
83692.8,4.606871287539409e-06,420.00527736209017,6.950024508951749e-06,6.950024508951749e-06
83750.40000000001,4.520512052618149e-06,420.0051815541048,6.823850137166996e-06,6.823850137166996e-06
83808.0,4.435721664426767e-06,420.0050874233066,6.699884537767318e-06,6.699884537767318e-06
83865.6,4.352472638407117e-06,420.0049949415719,6.57809067340952e-06,6.57809067340952e-06
83923.2,4.270737951524847e-06,420.0049040812244,6.458432095673778e-06,6.458432095673778e-06
83980.8,4.190491034578355e-06,420.00481481502896,6.340872937203329e-06,6.340872937203329e-06
84038.40000000001,4.111705765075295e-06,420.00472711618414,6.225377901897821e-06,6.225377901897821e-06
84096.0,4.034356460003228e-06,420.0046409583168,6.111912257651903e-06,6.111912257651903e-06
84153.6,3.958417868937425e-06,420.004556315475,6.000441826922856e-06,6.000441826922856e-06
84211.2,3.883865167077615e-06,420.0044731621219,5.890932979094888e-06,5.890932979094888e-06
84268.8,3.8106739483914065e-06,420.00439147312954,5.783352621870231e-06,5.783352621870231e-06
84326.40000000001,3.7388202190063967e-06,420.0043112237728,5.677668193408845e-06,5.677668193408845e-06
84384.0,3.668280390460035e-06,420.00423238972303,5.573847654168685e-06,5.573847654168685e-06
84441.6,3.599031273322824e-06,420.00415494704265,5.471859479494561e-06,5.471859479494561e-06
84499.2,3.5310500705546163e-06,420.00407887217864,5.371672651233822e-06,5.371672651233822e-06
84556.8,3.4643143715362415e-06,420.00400414195695,5.2732566503252234e-06,5.2732566503252234e-06
84614.40000000001,3.3988021454263426e-06,420.0039307335773,5.176581449911803e-06,5.176581449911803e-06
84672.0,3.334491735529902e-06,420.0038586246065,5.081617506582267e-06,5.081617506582267e-06
84729.6,3.2713618528151073e-06,420.0037877929738,4.988335754307339e-06,4.988335754307339e-06
84787.2,3.2093915702999317e-06,420.0037182169651,4.896707596654315e-06,4.896707596654315e-06
84844.8,3.148560316888412e-06,420.0036498752173,4.806704899450791e-06,4.806704899450791e-06
84902.40000000001,3.0888478718640093e-06,420.00358274671345,4.718299984421564e-06,4.718299984421564e-06
84960.0,3.0302343590632162e-06,420.0035168107769,4.631465621478055e-06,4.631465621478055e-06
85017.6,2.9727002414932805e-06,420.0034520470666,4.5461750225049375e-06,4.5461750225049375e-06
85075.2,2.916226315452764e-06,420.0033884355717,4.462401834098711e-06,4.462401834098711e-06
85132.8,2.860793705504285e-06,420.00332595660683,4.38012013165377e-06,4.38012013165377e-06
85190.40000000001,2.8063838589503066e-06,420.00326459080657,4.299304411876405e-06,4.299304411876405e-06
85248.0,2.7529785404509834e-06,420.0032043191213,4.219929587394888e-06,4.219929587394888e-06
85305.6,2.700559827121178e-06,420.00314512281165,4.141970979273473e-06,4.141970979273473e-06
85363.2,2.649110103255061e-06,420.0030869834441,4.065404311622477e-06,4.065404311622477e-06
85420.8,2.5986120554234138e-06,420.0030298828863,3.990205704935744e-06,3.990205704935744e-06
85478.40000000001,2.5490486672511547e-06,420.0029738033024,3.91635167025157e-06,3.91635167025157e-06
85536.0,2.500403214994272e-06,420.00291872714826,3.843819102939324e-06,3.843819102939324e-06
85593.6,2.4526592623354438e-06,420.00286463716714,3.77258527663579e-06,3.77258527663579e-06
85651.2,2.405800656067201e-06,420.00281151638563,3.7026278382295484e-06,3.7026278382295484e-06
85708.8,2.3598115211185097e-06,420.0027593481085,3.633924800899002e-06,3.633924800899002e-06
85766.40000000001,2.314676256113895e-06,420.00270811591514,3.5664545395459157e-06,3.5664545395459157e-06
85824.0,2.270379528683831e-06,420.00265780365464,3.5001957842077394e-06,3.5001957842077394e-06
85881.6,2.2269062715036646e-06,420.002608395442,3.435127615116852e-06,3.435127615116852e-06
85939.2,2.1842416774265654e-06,420.0025598756543,3.37122945768494e-06,3.37122945768494e-06
85996.8,2.14237119548652e-06,420.002512228926,3.308481076214766e-06,3.308481076214766e-06
86054.40000000001,2.1012805265643043e-06,420.0024654401449,3.2468625687348243e-06,3.2468625687348243e-06
86112.0,2.060955619337534e-06,420.0024194944491,3.186354362882047e-06,3.186354362882047e-06
86169.6,2.021382665893061e-06,420.002374377222,3.1269372092392663e-06,3.1269372092392663e-06
86227.2,1.982548098014274e-06,420.00233007408934,3.068592177667074e-06,3.068592177667074e-06
86284.8,1.9444385830071297e-06,420.0022865709147,3.011300651165308e-06,3.011300651165308e-06
86342.40000000001,1.907041019916126e-06,420.0022438537963,2.95504432183061e-06,2.95504432183061e-06
86400.0,1.870342535758998e-06,420.00220190906316,2.89980518561623e-06,2.89980518561623e-06
