time_s,state_of_charge,outlet_temperature_c,storage_heat_mw,deliverable_power_mw
0.0,1.0,500.0,0.15803405694444445,0.15803405694444445
38.4,0.9986666666666666,500.00000000000006,0.15803405694444458,0.15803405694444458
76.8,0.9973333333333336,500.00000000000006,0.15803405694444458,0.15803405694444458
115.19999999999999,0.9960000000000001,500.00000000000006,0.15803405694444458,0.15803405694444458
153.6,0.9946666666666669,500.00000000000006,0.15803405694444458,0.15803405694444458
192.0,0.9933333333333337,500.00000000000006,0.15803405694444458,0.15803405694444458
230.39999999999998,0.9920000000000003,500.00000000000006,0.15803405694444458,0.15803405694444458
268.8,0.9906666666666671,500.00000000000006,0.15803405694444458,0.15803405694444458
307.2,0.9893333333333338,500.00000000000006,0.15803405694444458,0.15803405694444458
345.59999999999997,0.9880000000000007,500.00000000000006,0.15803405694444458,0.15803405694444458
384.0,0.9866666666666675,500.00000000000006,0.15803405694444458,0.15803405694444458
422.4,0.9853333333333341,500.00000000000006,0.15803405694444458,0.15803405694444458
460.79999999999995,0.984000000000001,500.00000000000006,0.15803405694444458,0.15803405694444458
499.2,0.9826666666666678,500.00000000000006,0.15803405694444458,0.15803405694444458
537.6,0.9813333333333344,500.00000000000006,0.15803405694444458,0.15803405694444458
576.0,0.9800000000000012,500.00000000000006,0.15803405694444458,0.15803405694444458
614.4,0.9786666666666678,500.00000000000006,0.15803405694444458,0.15803405694444458
652.8,0.9773333333333347,500.00000000000006,0.15803405694444458,0.15803405694444458
691.1999999999999,0.9760000000000013,500.00000000000006,0.15803405694444458,0.15803405694444458
729.6,0.9746666666666683,500.00000000000006,0.15803405694444458,0.15803405694444458
768.0,0.9733333333333349,500.00000000000006,0.15803405694444458,0.15803405694444458
806.4,0.9720000000000018,500.00000000000006,0.15803405694444458,0.15803405694444458
844.8,0.9706666666666686,500.00000000000006,0.15803405694444458,0.15803405694444458
883.1999999999999,0.9693333333333355,500.00000000000006,0.15803405694444458,0.15803405694444458
921.5999999999999,0.9680000000000023,500.00000000000006,0.15803405694444458,0.15803405694444458
960.0,0.9666666666666689,500.00000000000006,0.15803405694444458,0.15803405694444458
998.4,0.9653333333333357,500.00000000000006,0.15803405694444458,0.15803405694444458
1036.8,0.9640000000000024,500.00000000000006,0.15803405694444458,0.15803405694444458
1075.2,0.962666666666669,500.00000000000006,0.15803405694444458,0.15803405694444458
1113.6,0.9613333333333358,500.0,0.15803405694444445,0.15803405694444445
1152.0,0.9600000000000026,500.0,0.15803405694444445,0.15803405694444445
1190.3999999999999,0.9586666666666694,500.0,0.15803405694444445,0.15803405694444445
1228.8,0.9573333333333363,500.0,0.15803405694444445,0.15803405694444445
1267.2,0.956000000000003,499.9999999999999,0.15803405694444422,0.15803405694444422
1305.6,0.9546666666666698,499.99999999999983,0.1580340569444441,0.1580340569444441
1344.0,0.9533333333333366,499.9999999999997,0.1580340569444439,0.1580340569444439
1382.3999999999999,0.9520000000000032,499.99999999999966,0.15803405694444378,0.15803405694444378
1420.8,0.95066666666667,499.9999999999995,0.15803405694444345,0.15803405694444345
1459.2,0.9493333333333369,499.9999999999993,0.1580340569444431,0.1580340569444431
1497.6,0.9480000000000037,499.99999999999915,0.15803405694444278,0.15803405694444278
1536.0,0.9466666666666703,499.9999999999988,0.1580340569444421,0.1580340569444421
1574.3999999999999,0.9453333333333374,499.99999999999847,0.15803405694444142,0.15803405694444142
1612.8,0.944000000000004,499.99999999999795,0.15803405694444042,0.15803405694444042
1651.2,0.9426666666666708,499.99999999999744,0.1580340569444394,0.1580340569444394
1689.6,0.9413333333333377,499.99999999999665,0.1580340569444378,0.1580340569444378
1728.0,0.9400000000000044,499.9999999999957,0.15803405694443592,0.15803405694443592
1766.3999999999999,0.9386666666666713,499.99999999999466,0.1580340569444339,0.1580340569444339
1804.8,0.9373333333333381,499.99999999999335,0.15803405694443132,0.15803405694443132
1843.1999999999998,0.9360000000000052,499.99999999999176,0.15803405694442818,0.15803405694442818
1881.6,0.934666666666672,499.9999999999898,0.15803405694442435,0.15803405694442435
1920.0,0.9333333333333389,499.9999999999875,0.15803405694441974,0.15803405694441974
1958.3999999999999,0.9320000000000059,499.99999999998465,0.15803405694441414,0.15803405694441414
1996.8,0.9306666666666731,499.9999999999814,0.15803405694440772,0.15803405694440772
2035.1999999999998,0.9293333333333401,499.99999999997743,0.15803405694439987,0.15803405694439987
2073.6,0.9280000000000073,499.9999999999727,0.15803405694439054,0.15803405694439054
2112.0,0.9266666666666746,499.99999999996703,0.15803405694437933,0.15803405694437933
2150.4,0.9253333333333421,499.9999999999603,0.1580340569443661,0.1580340569443661
2188.7999999999997,0.9240000000000096,499.9999999999523,0.15803405694435024,0.15803405694435024
2227.2,0.9226666666666774,499.9999999999428,0.1580340569443315,0.1580340569443315
2265.6,0.9213333333333454,499.99999999993173,0.15803405694430958,0.15803405694430958
2304.0,0.9200000000000135,499.99999999991854,0.15803405694428355,0.15803405694428355
2342.4,0.918666666666682,499.999999999903,0.1580340569442529,0.1580340569442529
2380.7999999999997,0.9173333333333507,499.99999999988495,0.15803405694421718,0.15803405694421718
2419.2,0.9160000000000198,499.9999999998637,0.1580340569441752,0.1580340569441752
2457.6,0.9146666666666894,499.9999999998388,0.158034056944126,0.158034056944126
2496.0,0.9133333333333592,499.9999999998097,0.15803405694406852,0.15803405694406852
2534.4,0.9120000000000298,499.99999999977587,0.1580340569440017,0.1580340569440017
2572.7999999999997,0.9106666666667009,499.99999999973653,0.158034056943924,0.158034056943924
2611.2,0.909333333333373,499.9999999996907,0.1580340569438335,0.1580340569438335
2649.6,0.9080000000000458,499.9999999996377,0.1580340569437287,0.1580340569437287
2688.0,0.9066666666667196,499.9999999995762,0.15803405694360723,0.15803405694360723
2726.4,0.9053333333333946,499.99999999950523,0.1580340569434671,0.1580340569434671
2764.7999999999997,0.904000000000071,499.99999999942327,0.15803405694330516,0.15803405694330516
2803.2,0.902666666666749,499.99999999932874,0.15803405694311842,0.15803405694311842
2841.6,0.9013333333334287,499.99999999922005,0.15803405694290373,0.15803405694290373
2880.0,0.9000000000001106,499.99999999909505,0.15803405694265682,0.15803405694265682
2918.4,0.8986666666667948,499.9999999989516,0.15803405694237338,0.15803405694237338
2956.7999999999997,0.8973333333334818,499.99999999878725,0.15803405694204875,0.15803405694204875
2995.2,0.8960000000001719,499.9999999985991,0.15803405694167705,0.15803405694167705
3033.6,0.8946666666668658,499.99999999838394,0.15803405694125205,0.15803405694125205
3072.0,0.8933333333335634,499.99999999813843,0.15803405694076708,0.15803405694076708
3110.4,0.8920000000002658,499.9999999978584,0.1580340569402139,0.1580340569402139
3148.7999999999997,0.8906666666669737,499.99999999753953,0.158034056939584,0.158034056939584
3187.2,0.8893333333336872,499.99999999717676,0.15803405693886735,0.15803405693886735
3225.6,0.888000000000408,499.9999999967647,0.15803405693805336,0.15803405693805336
3264.0,0.8866666666671364,499.99999999629705,0.15803405693712955,0.15803405693712955
3302.4,0.8853333333338737,499.9999999957671,0.15803405693608266,0.15803405693608266
3340.7999999999997,0.884000000000621,499.9999999951671,0.15803405693489744,0.15803405693489744
3379.2,0.8826666666673796,499.9999999944885,0.15803405693355693,0.15803405693355693
3417.6,0.881333333334151,499.999999993722,0.1580340569320427,0.1580340569320427
3456.0,0.8800000000009368,499.999999992857,0.15803405693033398,0.15803405693033398
3494.4,0.878666666667739,499.99999999188185,0.15803405692840766,0.15803405692840766
3532.7999999999997,0.8773333333345592,499.99999999078403,0.15803405692623898,0.15803405692623898
3571.2,0.8760000000014001,499.9999999895489,0.15803405692379904,0.15803405692379904
3609.6,0.8746666666682643,499.99999998816094,0.15803405692105726,0.15803405692105726
3648.0,0.8733333333351545,499.99999998660275,0.15803405691797917,0.15803405691797917
3686.3999999999996,0.8720000000020737,499.9999999848551,0.15803405691452682,0.15803405691452682
3724.7999999999997,0.8706666666690255,499.99999998289695,0.15803405691065867,0.15803405691065867
3763.2,0.8693333333360137,499.99999998070484,0.1580340569063283,0.1580340569063283
3801.6,0.868000000003043,499.99999997825313,0.15803405690148514,0.15803405690148514
3840.0,0.8666666666701176,499.99999997551384,0.15803405689607386,0.15803405689607386
3878.3999999999996,0.8653333333372436,499.99999997245584,0.158034056890033,0.158034056890033
3916.7999999999997,0.8640000000044262,499.999999969045,0.15803405688329517,0.15803405688329517
3955.2,0.8626666666716722,499.9999999652441,0.15803405687578678,0.15803405687578678
3993.6,0.8613333333389889,499.99999996101195,0.15803405686742647,0.15803405686742647
4032.0,0.8600000000063838,499.99999995630395,0.15803405685812616,0.15803405685812616
4070.3999999999996,0.858666666673866,499.9999999510708,0.15803405684778843,0.15803405684778843
4108.8,0.8573333333414452,499.9999999452588,0.1580340568363073,0.1580340568363073
4147.2,0.8560000000091318,499.9999999388091,0.15803405682356636,0.15803405682356636
4185.599999999999,0.8546666666769375,499.99999993165756,0.15803405680943902,0.15803405680943902
4224.0,0.8533333333448754,499.9999999237341,0.15803405679378682,0.15803405679378682
4262.4,0.8520000000129594,499.9999999149623,0.1580340567764588,0.1580340567764588
4300.8,0.8506666666812053,499.99999990525885,0.15803405675729035,0.15803405675729035
4339.2,0.8493333333496298,499.9999998945329,0.15803405673610202,0.15803405673610202
4377.599999999999,0.8480000000182518,499.99999988268564,0.15803405671269866,0.15803405671269866
4416.0,0.8466666666870917,499.9999998696095,0.1580340566868677,0.1580340566868677
4454.4,0.8453333333561719,499.9999998551878,0.15803405665837875,0.15803405665837875
4492.8,0.8440000000255171,499.9999998392932,0.1580340566269801,0.1580340566269801
4531.2,0.8426666666951542,499.9999998217881,0.15803405659240008,0.15803405659240008
4569.599999999999,0.8413333333651122,499.9999998025227,0.15803405655434277,0.15803405655434277
4608.0,0.8400000000354234,499.99999978133485,0.1580340565124877,0.1580340565124877
4646.4,0.8386666667061226,499.99999975804855,0.15803405646648733,0.15803405646648733
4684.8,0.8373333333772481,499.99999973247355,0.15803405641596585,0.15803405641596585
4723.2,0.8360000000488416,499.99999970440365,0.15803405636051582,0.15803405636051582
4761.599999999999,0.834666666720948,499.9999996736157,0.15803405629969655,0.15803405629969655
4800.0,0.833333333393617,499.9999996398687,0.15803405623303182,0.15803405623303182
4838.4,0.832000000066902,499.9999996029021,0.15803405616000707,0.15803405616000707
4876.8,0.8306666667408614,499.99999956243454,0.1580340560800664,0.1580340560800664
4915.2,0.8293333334155588,499.9999995181625,0.15803405599261025,0.15803405599261025
4953.599999999999,0.828000000091063,499.9999994697584,0.15803405589699154,0.15803405589699154
4992.0,0.8266666667674485,499.999999416869,0.15803405579251248,0.15803405579251248
5030.4,0.8253333334447966,499.99999935911416,0.15803405567842208,0.15803405567842208
5068.8,0.8240000001231953,499.99999929608384,0.15803405555391037,0.15803405555391037
5107.2,0.8226666668027398,499.9999992273375,0.15803405541810714,0.15803405541810714
5145.599999999999,0.8213333334835332,499.99999915240056,0.15803405527007472,0.15803405527007472
5184.0,0.8200000001656872,499.999999070763,0.15803405510880583,0.15803405510880583
5222.4,0.8186666668493228,499.999998981877,0.15803405493321815,0.15803405493321815
5260.8,0.8173333335345704,499.9999988851538,0.15803405474214857,0.15803405474214857
5299.2,0.816000000221571,499.9999987799616,0.15803405453434918,0.15803405453434918
5337.599999999999,0.8146666669104774,499.9999986656225,0.15803405430848083,0.15803405430848083
5376.0,0.813333333601454,499.9999985414093,0.1580340540631069,0.1580340540631069
5414.4,0.8120000002946784,499.99999840654294,0.15803405379668842,0.15803405379668842
5452.8,0.8106666669903418,499.9999982601885,0.15803405350757602,0.15803405350757602
5491.2,0.8093333336886512,499.99999810145175,0.15803405319400343,0.15803405319400343
5529.599999999999,0.8080000003898284,499.999997929376,0.15803405285408054,0.15803405285408054
5568.0,0.8066666670941128,499.9999977429373,0.15803405248578475,0.15803405248578475
5606.4,0.8053333338017622,499.99999754104124,0.1580340520869541,0.1580340520869541
5644.8,0.8040000005130536,499.9999973225177,0.15803405165527706,0.15803405165527706
5683.2,0.8026666672282852,499.9999970861167,0.15803405118828448,0.15803405118828448
5721.599999999999,0.8013333339477768,499.99999683050373,0.15803405068334003,0.15803405068334003
5760.0,0.8000000006718728,499.99999655425415,0.1580340501376295,0.1580340501376295
5798.4,0.7986666674009422,499.99999625584815,0.15803404954815062,0.15803404954815062
5836.8,0.797333334135381,499.99999593366505,0.15803404891170184,0.15803404891170184
5875.2,0.7960000008756152,499.999995585977,0.1580340482248699,0.1580340482248699
5913.599999999999,0.7946666676220994,499.99999521094367,0.15803404748401945,0.15803404748401945
5952.0,0.7933333343753227,499.99999480660455,0.15803404668527754,0.15803404668527754
5990.4,0.7920000011358084,499.99999437087286,0.15803404582452196,0.15803404582452196
6028.8,0.7906666679041162,499.999993901528,0.15803404489736605,0.15803404489736605
6067.2,0.7893333346808462,499.99999339620814,0.15803404389914422,0.15803404389914422
6105.599999999999,0.7880000014666396,499.99999285240193,0.15803404282489544,0.15803404282489544
6144.0,0.7866666682621823,499.9999922674408,0.1580340416693482,0.1580340416693482
6182.4,0.7853333350682076,499.9999916384892,0.158034040426901,0.158034040426901
6220.8,0.7840000018854989,499.99999096253663,0.15803403909160693,0.15803403909160693
6259.2,0.7826666687148925,499.9999902363872,0.15803403765715268,0.15803403765715268
6297.599999999999,0.7813333355572817,499.99998945665016,0.15803403611684008,0.15803403611684008
6336.0,0.7800000024136197,499.99998861972904,0.1580340344635646,0.1580340344635646
6374.4,0.778666669284923,499.99998772181056,0.15803403268979332,0.15803403268979332
6412.8,0.7773333361722754,499.9999867588536,0.15803403078754338,0.15803403078754338
6451.2,0.7760000030768326,499.99998572657694,0.15803402874835756,0.15803402874835756
6489.599999999999,0.7746666699998253,499.9999846204466,0.1580340265632792,0.1580340265632792
6528.0,0.7733333369425645,499.99998343566295,0.15803402422282717,0.15803402422282717
6566.4,0.7720000039064453,499.99998216714727,0.15803402171696865,0.15803402171696865
6604.8,0.7706666708929532,499.9999808095268,0.15803401903509026,0.15803401903509026
6643.2,0.769333337903668,499.99997935712054,0.1580340161659696,0.1580340161659696
6681.599999999999,0.7680000049402693,499.9999778039232,0.1580340130977436,0.1580340130977436
6720.0,0.7666666720045427,499.9999761435895,0.15803400981787777,0.15803400981787777
6758.4,0.765333339098386,499.9999743694168,0.1580340063131314,0.1580340063131314
6796.8,0.7640000062238139,499.999972474328,0.1580340025695242,0.1580340025695242
6835.2,0.7626666733829668,499.9999704508527,0.15803399857229908,0.15803399857229908
6873.599999999999,0.7613333405781147,499.99996829110876,0.15803399430588538,0.15803399430588538
6912.0,0.7600000078116687,499.99996598678194,0.15803398975385896,0.15803398975385896
6950.4,0.7586666750861836,499.9999635291055,0.15803398489890175,0.15803398489890175
6988.8,0.7573333424043698,499.99996090883866,0.15803397972275926,0.15803397972275926
7027.2,0.756000009769099,499.99995811624416,0.15803397420619625,0.15803397420619625
7065.599999999999,0.7546666771834147,499.9999551410654,0.1580339683289517,0.1580339683289517
7104.0,0.7533333446505399,499.9999519725021,0.15803396206969025,0.15803396206969025
7142.4,0.752000012173887,499.999948599185,0.15803395540595294,0.15803395540595294
7180.8,0.7506666797570678,499.9999450091502,0.1580339483141059,0.1580339483141059
7219.2,0.7493333474039046,499.9999411898122,0.15803394076928737,0.15803394076928737
7257.599999999999,0.7480000151184389,499.9999371279354,0.15803393274535155,0.15803393274535155
7296.0,0.7466666829049456,499.99993280960575,0.15803392421481208,0.15803392421481208
7334.4,0.7453333507679424,499.99992822019976,0.15803391514878146,0.15803391514878146
7372.799999999999,0.7440000187122034,499.9999233443538,0.15803390551691002,0.15803390551691002
7411.2,0.7426666867427714,499.9999181659318,0.15803389528732198,0.15803389528732198
7449.599999999999,0.7413333548649718,499.99991266799105,0.15803388442654853,0.15803388442654853
7488.0,0.740000023084426,499.99990683274797,0.1580338728994593,0.1580338728994593
7526.4,0.7386666914070669,499.99990064154184,0.1580338606691915,0.1580338606691915
7564.799999999999,0.7373333598391536,499.99989407479774,0.15803384769707637,0.15803384769707637
7603.2,0.7360000283872874,499.9998871119875,0.158033833942562,0.158033833942562
7641.599999999999,0.7346666970584277,499.9998797315904,0.15803381936313582,0.15803381936313582
7680.0,0.7333333658599104,499.99987191105146,0.1580338039142421,0.1580338039142421
7718.4,0.7320000347994647,499.99986362673866,0.15803378754919759,0.15803378754919759
7756.799999999999,0.7306667038852332,499.9998548538994,0.15803377021910542,0.15803377021910542
7795.2,0.7293333731257897,499.99984556661417,0.15803375187276333,0.15803375187276333
7833.599999999999,0.7280000425301605,499.99983573774983,0.158033732456572,0.158033732456572
7872.0,0.7266667121078454,499.99982533891097,0.15803371191443832,0.15803371191443832
7910.4,0.7253333818688391,499.9998143403898,0.15803369018767677,0.15803369018767677
7948.799999999999,0.724000051823654,499.9998027111137,0.15803366721490583,0.15803366721490583
7987.2,0.722666721983344,499.9997904185926,0.1580336429319436,0.1580336429319436
8025.599999999999,0.7213333923595298,499.9997774288631,0.15803361727169796,0.15803361727169796
8064.0,0.7200000629644228,499.99976370643185,0.15803359016405438,0.15803359016405438
8102.4,0.7186667338108527,499.99974921421693,0.15803356153576045,0.15803356153576045
8140.799999999999,0.7173334049122945,499.99973391348715,0.1580335313103054,0.1580335313103054
8179.2,0.7160000762828981,499.99971776380016,0.15803349940779848,0.15803349940779848
8217.6,0.7146667479375157,499.99970072293775,0.15803346574484073,0.15803346574484073
8256.0,0.7133334198917353,499.99968274684,0.15803343023439503,0.15803343023439503
8294.4,0.7120000921619097,499.99966378953746,0.1580333927856522,0.1580333927856522
8332.8,0.7106667647651916,499.9996438030807,0.15803335330389157,0.15803335330389157
8371.199999999999,0.7093334377195674,499.9996227374686,0.15803331169033982,0.15803331169033982
8409.6,0.7080001110438912,499.99960054057397,0.15803326784202343,0.15803326784202343
8448.0,0.7066667847579234,499.9995771580674,0.1580332216516187,0.1580332216516187
8486.4,0.7053334588823679,499.9995525333389,0.1580331730072969,0.1580331730072969
8524.8,0.7040001334389109,499.9995266074174,0.158033121792565,0.158033121792565
8563.199999999999,0.7026668084502629,499.99949931888807,0.15803306788610252,0.15803306788610252
8601.6,0.7013334839401996,499.9994706038067,0.15803301116159243,0.15803301116159243
8640.0,0.7000001599336062,499.9994403956133,0.15803295148755053,0.15803295148755053
8678.4,0.6986668364565221,499.9994086250416,0.15803288872714635,0.15803288872714635
8716.8,0.6973335135361887,499.9993752200274,0.15803282273802233,0.15803282273802233
8755.199999999999,0.6960001912010951,499.9993401056142,0.15803275337210762,0.15803275337210762
8793.6,0.694666869481031,499.999303203856,0.15803268047542574,0.15803268047542574
8832.0,0.6933335484071357,499.99926443371834,0.15803260388789894,0.15803260388789894
8870.4,0.6920002280119528,499.99922371097614,0.15803252344314692,0.15803252344314692
8908.8,0.6906669083294846,499.99918094810914,0.15803243896827995,0.15803243896827995
8947.199999999999,0.689333589395248,499.99913605419505,0.15803235028368776,0.15803235028368776
8985.6,0.6880002712463348,499.99908893479994,0.15803225720282313,0.15803225720282313
9024.0,0.6866669539214705,499.9990394918657,0.15803215953197952,0.15803215953197952
9062.4,0.6853336374610773,499.9989876235951,0.15803205707006418,0.15803205707006418
9100.8,0.6840003219073385,499.9989332243343,0.15803194960836567,0.15803194960836567
9139.199999999999,0.6826670073042642,499.99887618445143,0.15803183693031447,0.15803183693031447
9177.6,0.681333693697761,499.9988163902146,0.1580317188112416,0.1580317188112416
9216.0,0.6800003811356998,499.9987537236644,0.15803159501812705,0.15803159501812705
9254.4,0.6786670696679918,499.99868806248594,0.15803146530934692,0.15803146530934692
9292.8,0.6773337593466607,499.9986192798761,0.15803132943441087,0.15803132943441087
9331.199999999999,0.6760004502259204,499.9985472444093,0.1580311871336976,0.1580311871336976
9369.6,0.6746671423622557,499.99847181989935,0.15803103813818134,0.15803103813818134
9408.0,0.6733338358145015,499.9983928652589,0.15803088216915454,0.15803088216915454
9446.4,0.672000530643929,499.9983102343553,0.158030718937943,0.158030718937943
9484.8,0.6706672269143312,499.99822377586395,0.15803054814561618,0.15803054814561618
9523.199999999999,0.6693339246921126,499.9981333331187,0.15803036948269175,0.15803036948269175
9561.6,0.6680006240463803,499.9980387439583,0.15803018262883228,0.15803018262883228
9600.0,0.6666673250490375,499.9979398405707,0.15802998725253745,0.15802998725253745
9638.4,0.665334027774882,499.9978364493336,0.15802978301082923,0.15802978301082923
9676.8,0.6640007323017046,499.99772839065247,0.15802956954893216,0.15802956954893216
9715.199999999999,0.6626674387103914,499.99761547879416,0.1580293464999441,0.1580293464999441
9753.6,0.6613341470850294,499.99749752171897,0.15802911348450485,0.15802911348450485
9792.0,0.6600008575130144,499.9973743209082,0.15802887011045555,0.15802887011045555
9830.4,0.6586675700851612,499.9972456711889,0.1580286159724923,0.1580286159724923
9868.8,0.6573342848958189,499.9971113605559,0.15802835065181442,0.15802835065181442
9907.199999999999,0.6560010020429857,499.99697116998925,0.15802807371576452,0.15802807371576452
9945.6,0.6546677216284312,499.9968248732698,0.15802778471746343,0.15802778471746343
9984.0,0.6533344437578181,499.99667223679114,0.15802748319543886,0.15802748319543886
10022.4,0.6520011685408289,499.99651301936694,0.15802716867324534,0.15802716867324534
10060.8,0.650667896091295,499.9963469720373,0.15802684065908104,0.15802684065908104
10099.199999999999,0.6493346265273305,499.99617383786966,0.15802649864539467,0.15802649864539467
10137.6,0.6480013599714681,499.99599335175776,0.15802614210848856,0.15802614210848856
10176.0,0.6466680965507979,499.9958052402162,0.1580257705081127,0.1580257705081127
10214.4,0.6453348363971118,499.99560922117325,0.15802538328705523,0.15802538328705523
10252.8,0.6440015796470493,499.99540500375804,0.15802497987072242,0.15802497987072242
10291.199999999999,0.6426683264422479,499.99519228808714,0.15802455966671683,0.15802455966671683
10329.6,0.6413350769294973,499.9949707650451,0.1580241220644038,0.1580241220644038
10368.0,0.6400018312608964,499.9947401160638,0.15802366643447574,0.15802366643447574
10406.4,0.6386685895940148,499.99450001289745,0.1580231921285075,0.1580231921285075
10444.8,0.6373353520920585,499.99425011739476,0.15802269847850617,0.15802269847850617
10483.199999999999,0.6360021189240372,499.9939900812672,0.15802218479645386,0.15802218479645386
10521.6,0.6346688902649398,499.9937195458544,0.15802165037384341,0.15802165037384341
10560.0,0.6333356662959087,499.9934381418866,0.15802109448121002,0.15802109448121002
10598.4,0.6320024472044212,499.9931454892434,0.15802051636765396,0.15802051636765396
10636.8,0.6306692331844763,499.9928411967092,0.15801991526035808,0.15801991526035808
10675.199999999999,0.6293360244367809,499.9925248617258,0.15801929036409837,0.15801929036409837
10713.6,0.6280028211689453,499.992196070142,0.1580186408607498,0.1580186408607498
10752.0,0.6266696235956793,499.99185439595874,0.15801796590878317,0.15801796590878317
10790.4,0.6253364319389949,499.99149940107355,0.1580172646427594,0.1580172646427594
10828.8,0.6240032464284114,499.99113063501915,0.1580165361728139,0.1580165361728139
10867.199999999999,0.6226700673011664,499.9907476347008,0.15801577958413743,0.15801577958413743
10905.6,0.621336894802431,499.99034992413067,0.1580149939364513,0.1580149939364513
10944.0,0.6200037291855284,499.98993701415736,0.1580141782634734,0.1580141782634734
10982.4,0.6186705707121586,499.98950840219516,0.15801333157238287,0.15801333157238287
11020.8,0.6173374196526261,499.9890635719479,0.158012452843275,0.158012452843275
11059.199999999999,0.6160042762860742,499.9886019931323,0.15801154102861467,0.15801154102861467
11097.6,0.614671140900721,499.98812312119566,0.15801059505267834,0.15801059505267834
11136.0,0.6133380137941038,499.98762639703403,0.15800961381099782,0.15800961381099782
11174.4,0.6120048952733254,499.98711124670444,0.1580085961697913,0.1580085961697913
11212.8,0.6106717856553066,499.9865770811377,0.15800754096539635,0.15800754096539635
11251.199999999999,0.6093386852670426,499.9860232958454,0.15800644700369124,0.15800644700369124
11289.6,0.6080055944458655,499.98544927062704,0.1580053130595156,0.1580053130595156
11328.0,0.6066725135397109,499.9848543692726,0.15800413787608408,0.15800413787608408
11366.4,0.60533944290739,499.9842379392647,0.15800292016439688,0.15800292016439688
11404.8,0.6040063829188655,499.9835993114761,0.15800165860264304,0.15800165860264304
11443.199999999999,0.6026733339555346,499.9829377998673,0.1580003518356023,0.1580003518356023
11481.6,0.6013402964105151,499.98225270117985,0.15799899847404003,0.15799899847404003
11520.0,0.6000072706889381,499.9815432946291,0.15799759709409952,0.15799759709409952
11558.4,0.598674257208245,499.98080884159396,0.1579961462366898,0.1579961462366898
11596.8,0.5973412563984899,499.98004858530476,0.15799464440686858,0.15799464440686858
11635.199999999999,0.5960082687026478,499.97926175053004,0.15799309007322365,0.15799309007322365
11673.6,0.5946752945769269,499.97844754325985,0.15799148166724736,0.15799148166724736
11712.0,0.5933423344910871,499.97760515038937,0.15798981758271158,0.15798981758271158
11750.4,0.5920093889287642,499.9767337393996,0.15798809617503687,0.15798809617503687
11788.8,0.5906764583877967,499.9758324580362,0.15798631576065805,0.15798631576065805
11827.199999999999,0.5893435433805637,499.97490043398824,0.15798447461638968,0.15798447461638968
11865.6,0.5880106444343209,499.9739367745645,0.15798257097878657,0.15798257097878657
11904.0,0.5866777620915483,499.9729405663687,0.15798060304350234,0.15798060304350234
11942.4,0.5853448969102989,499.9719108749739,0.1579785689646458,0.1579785689646458
11980.8,0.5840120494645558,499.97084674459586,0.1579764668541363,0.1579764668541363
12019.199999999999,0.582679220344593,499.96974719776466,0.1579742947810546,0.1579742947810546
12057.6,0.5813464101573431,499.9686112349968,0.1579720507709953,0.1579720507709953
12096.0,0.5800136195267689,499.96743783446544,0.15796973280541543,0.15796973280541543
12134.4,0.5786808490942411,499.9662259516707,0.15796733882098302,0.15796733882098302
12172.8,0.5773480995189229,499.9649745191094,0.15796486670892476,0.15796486670892476
12211.199999999999,0.5760153714781571,499.9636824459439,0.15796231431437213,0.15796231431437213
12249.6,0.5746826656678627,499.96234861767135,0.15795967943570743,0.15795967943570743
12288.0,0.5733499828029328,499.9609718957929,0.15795695982391073,0.15795695982391073
12326.4,0.5720173236176415,499.959551117482,0.15795415318190464,0.15795415318190464
12364.8,0.5706846888660541,499.95808509525386,0.15795125716390104,0.15795125716390104
12403.199999999999,0.5693520793224436,499.95657261663496,0.15794826937474873,0.15794826937474873
12441.6,0.5680194957817131,499.9550124438319,0.15794518736927865,0.15794518736927865
12480.0,0.5666869390598231,499.95340331340304,0.1579420086516559,0.1579420086516559
12518.4,0.5653544099942244,499.9517439359281,0.1579387306747263,0.1579387306747263
12556.8,0.5640219094442963,499.9500329956808,0.15793535083937035,0.15793535083937035
12595.199999999999,0.5626894382917915,499.94826915030126,0.15793186649385602,0.15793186649385602
12633.6,0.5613569974412838,499.94645103047003,0.15792827493319425,0.15792827493319425
12672.0,0.560024587820624,499.9445772395832,0.1579245733984979,0.1579245733984979
12710.4,0.5586922103814003,499.9426463534285,0.15792075907634126,0.15792075907634126
12748.8,0.5573598660994026,499.9406569198637,0.15791682909812552,0.15791682909812552
12787.199999999999,0.5560275559750945,499.9386074584966,0.15791278053944557,0.15791278053944557
12825.6,0.5546952810340885,499.9364964603661,0.15790861041946092,0.15790861041946092
12864.0,0.5533630423276281,499.93432238762614,0.15790431570027114,0.15790431570027114
12902.4,0.5520308409330744,499.9320836732313,0.15789989328629422,0.15789989328629422
12940.8,0.5506986779543975,499.92977872062534,0.15789534002365185,0.15789534002365185
12979.199999999999,0.5493665545226737,499.92740590343135,0.15789065269955746,0.15789065269955746
13017.6,0.5480344717965879,499.92496356514516,0.15788582804171,0.15788582804171
13056.0,0.5467024309629408,499.92245001883134,0.15788086271769386,0.15788086271769386
13094.4,0.5453704332371604,499.91986354682234,0.15787575333438442,0.15787575333438442
13132.8,0.5440384798638203,499.9172024004209,0.15787049643736006,0.15787049643736006
13171.199999999999,0.5427065721171602,499.9144647996046,0.15786508851031897,0.15786508851031897
13209.6,0.5413747113016149,499.911648932736,0.1578595259745057,0.1578595259745057
13248.0,0.5400428987523437,499.9087529562747,0.1578538051881433,0.1578538051881433
13286.4,0.5387111358357689,499.90577499449336,0.15784792244587162,0.15784792244587162
13324.8,0.5373794239501157,499.90271313919885,0.15784187397819702,0.15784187397819702
13363.199999999999,0.5360477645259581,499.899565449456,0.15783565595094623,0.15783565595094623
13401.6,0.5347161590267696,499.8963299513175,0.15782926446473292,0.15782926446473292
13440.0,0.533384608949477,499.893004637556,0.1578226955544286,0.1578226955544286
13478.4,0.5320531158250204,499.88958746740303,0.15781594518864683,0.15781594518864683
13516.8,0.5307216812189157,499.88607636629183,0.15780900926923502,0.15780900926923502
13555.199999999999,0.5293903067318224,499.88246922560484,0.15780188363077582,0.15780188363077582
13593.6,0.5280589940001154,499.8787639024271,0.15779456404010003,0.15779456404010003
13632.0,0.5267277446964604,499.87495821930474,0.15778704619580908,0.15778704619580908
13670.4,0.5253965605303936,499.87104996400865,0.1577793257278089,0.1577793257278089
13708.8,0.5240654432489054,499.86703688930464,0.1577713981968552,0.1577713981968552
13747.199999999999,0.5227343946370266,499.86291671272903,0.15776325909411054,0.15776325909411054
13785.6,0.5214034165184205,499.85868711636977,0.1577549038407119,0.1577549038407119
13824.0,0.5200725107559764,499.85434574665527,0.15774632778735342,0.15774632778735342
13862.4,0.5187416792524072,499.849890214148,0.15773752621387876,0.15773752621387876
13900.8,0.5174109239508515,499.8453180933459,0.15772849432888883,0.15772849432888883
13939.199999999999,0.5160802468354768,499.8406269224901,0.15771922726936186,0.15771922726936186
13977.6,0.5147496499320872,499.8358142033793,0.15770972010028664,0.15770972010028664
14016.0,0.513419135308734,499.8308774011917,0.15769996781431111,0.15769996781431111
14054.4,0.5120887050763289,499.82581394431395,0.15768996533140422,0.15768996533140422
14092.8,0.5107583613892593,499.8206212241784,0.1576797074985343,0.1576797074985343
14131.199999999999,0.5094281064460078,499.815296595106,0.15766918908935884,0.15766918908935884
14169.6,0.5080979424897718,499.80983737415943,0.15765840480393453,0.15765840480393453
14208.0,0.5067678718090887,499.804240841002,0.1576473492684384,0.1576473492684384
14246.4,0.5054378967384592,499.79850423776696,0.15763601703490945,0.15763601703490945
14284.8,0.5041080196589771,499.79262476893257,0.15762440258100224,0.15762440258100224
14323.199999999999,0.5027782429989571,499.7865996012078,0.15761250030976076,0.15761250030976076
14361.6,0.5014485692345668,499.78042586342525,0.15760030454940718,0.15760030454940718
14400.0,0.5001190008904594,499.77410064644397,0.15758780955314963,0.15758780955314963
14438.4,0.4987895405404085,499.76762100305996,0.15757500949900552,0.15757500949900552
14476.8,0.4974601908079432,499.7609839479272,0.15756189848964552,0.15756189848964552
14515.199999999999,0.4961309543669853,499.75418645748636,0.157548470552253,0.157548470552253
14553.6,0.4948018339424869,499.74722546990466,0.15753471963840454,0.15753471963840454
14592.0,0.49347283231107,499.74009788502383,0.15752063962396787,0.15752063962396787
14630.4,0.4921439523016645,499.7328005643187,0.15750622430901973,0.15750622430901973
14668.8,0.49081519679615027,499.72533033086523,0.15749146741778253,0.15749146741778253
14707.199999999999,0.489486568729995,499.7176839693186,0.15747636259858155,0.15747636259858155
14745.599999999999,0.48815807109289683,499.70985822590154,0.1574609034238215,0.1574609034238215
14784.0,0.4868297069294235,499.7018498084032,0.15744508338998442,0.15744508338998442
14822.4,0.4855014793396538,499.6936553861881,0.15742889591764725,0.15742889591764725
14860.8,0.4841733914798169,499.6852715902154,0.15741233435152024,0.15741233435152024
14899.199999999999,0.48284544656293255,499.67669501306966,0.1573953919605073,0.1573953919605073
14937.599999999999,0.48151764785944917,499.667922209002,0.15737806193778736,0.15737806193778736
14976.0,0.4801899986978829,499.6589496939822,0.15736033740091776,0.15736033740091776
15014.4,0.4788625024654536,499.6497739457617,0.15734221139195792,0.15734221139195792
15052.8,0.47753516260872114,499.64039140394846,0.15732367687761795,0.15732367687761795
15091.199999999999,0.47620798263421954,499.63079847009226,0.15730472674942675,0.15730472674942675
15129.599999999999,0.4748809661090899,499.6209915077826,0.15728535382392558,0.15728535382392558
15168.0,0.4735541166617108,499.6109668427567,0.1572655508428811,0.1572655508428811
15206.4,0.47222743798232714,499.60072076302043,0.1572453104735249,0.1572453104735249
15244.8,0.4709009338236775,499.59024951898044,0.15722462530881373,0.15722462530881373
15283.199999999999,0.4695746080016178,499.57954932358825,0.15720348786771465,0.15720348786771465
15321.599999999999,0.46824846439574286,499.5686163524961,0.15718189059551285,0.15718189059551285
15360.0,0.4669225069500059,499.55744674422533,0.1571598258641439,0.1571598258641439
15398.4,0.46559673967333354,499.5460366003466,0.15713728597255047,0.15713728597255047
15436.8,0.4642711666402391,499.53438198567204,0.15711426314706117,0.15711426314706117
15475.199999999999,0.46294579199143154,499.52247892846054,0.15709074954179647,0.15709074954179647
15513.599999999999,0.46162061993442116,499.5103234206348,0.15706673723909742,0.15706673723909742
15552.0,0.46029565474412104,499.4979114180109,0.15704221824997922,0.15704221824997922
15590.4,0.4589709007634454,499.4852388405405,0.1570171845146093,0.1570171845146093
15628.8,0.45764636240390266,499.47230157256604,0.15699162790281207,0.15699162790281207
15667.199999999999,0.4563220441461846,499.4590954630875,0.15696554021459527,0.15696554021459527
15705.599999999999,0.45499795054075065,499.4456163260434,0.15693891318070538,0.15693891318070538
15744.0,0.45367408620840743,499.4318599406035,0.15691173846320583,0.15691173846320583
15782.4,0.452350455840883,499.41782205147433,0.15688400765608065,0.15688400765608065
15820.8,0.45102706420139604,499.4034983692184,0.15685571228586456,0.15685571228586456
15859.199999999999,0.4497039161252197,499.3888845705855,0.15682684381229797,0.15682684381229797
15897.599999999999,0.44838101652023876,499.3739762988571,0.15679739362900708,0.15679739362900708
15936.0,0.44705837036750207,499.3587691642044,0.1567673530642112,0.1567673530642112
15974.4,0.4457359827217678,499.34325874405795,0.15673671338145304,0.15673671338145304
16012.8,0.4444138587120429,499.32744058349243,0.15670546578035846,0.15670546578035846
16051.199999999999,0.44309200354211603,499.31131019562184,0.1566736013974175,0.1566736013974175
16089.599999999999,0.44177042249108245,499.2948630620102,0.15664111130679562,0.15664111130679562
16128.0,0.44044912091386434,499.2780946330938,0.15660798652116756,0.15660798652116756
16166.4,0.43912810424172094,499.2610003286166,0.15657421799257784,0.15657421799257784
16204.8,0.437807377982753,499.2435755380793,0.15653979661332765,0.15653979661332765
16243.199999999999,0.43648694772239977,499.22581562120155,0.15650471321688778,0.15650471321688778
16281.599999999999,0.43516681912392663,499.20771590839587,0.15646895857883517,0.15646895857883517
16320.0,0.43384699792890574,499.18927170125625,0.15643252341781766,0.15643252341781766
16358.4,0.43252748995768814,499.1704782730585,0.15639539839654287,0.15639539839654287
16396.8,0.4312083011098671,499.15133086927443,0.1563575741227935,0.1563575741227935
16435.2,0.4298894373647322,499.1318247080978,0.15631904115046652,0.15631904115046652
16473.6,0.4285709047817159,499.1119549809849,0.15627978998064113,0.15627978998064113
16512.0,0.42725270950082916,499.0917168532061,0.1562398110626681,0.1562398110626681
16550.399999999998,0.425934857743089,499.07110546441146,0.15619909479528718,0.15619909479528718
16588.8,0.4246173558109356,499.0501159292088,0.15615763152776901,0.15615763152776901
16627.2,0.42330021008863983,499.02874333775355,0.15611541156108036,0.15611541156108036
16665.6,0.4219834270427008,499.00698275635267,0.15607242514907724,0.15607242514907724
16704.0,0.42066701322223277,498.98482922808046,0.1560286624997211,0.1560286624997211
16742.399999999998,0.4193509752593429,498.96227777340584,0.15598411377631827,0.15598411377631827
16780.8,0.4180353198694957,498.93932339083415,0.1559387690987875,0.1559387690987875
16819.2,0.41672005385186983,498.9159610575591,0.15589261854494824,0.15589261854494824
16857.6,0.415405184089701,498.89218573012835,0.15584565215183488,0.15584565215183488
16896.0,0.4140907175506156,498.86799234512046,0.15579785991703468,0.15579785991703468
16934.399999999998,0.41277666128695184,498.84337581983425,0.15574923180004902,0.15574923180004902
16972.8,0.41146302243606864,498.8183310529897,0.15569975772367817,0.15569975772367817
17011.2,0.41014980822064473,498.79285292544137,0.1556494275754305,0.1556494275754305
17049.6,0.40883702594896315,498.7669363009022,0.15559823120895264,0.15559823120895264
17088.0,0.4075246830151853,498.7405760266805,0.15554615844548483,0.15554615844548483
17126.399999999998,0.40621278689961154,498.7137669344267,0.15549319907533649,0.15549319907533649
17164.8,0.40490134516893006,498.686503840893,0.15543934285938668,0.15543934285938668
17203.2,0.4035903654764517,498.6587815487027,0.1553845795306037,0.1553845795306037
17241.6,0.40227985556233287,498.63059484713176,0.1553288987955895,0.1553288987955895
17280.0,0.40096982325378455,498.60193851290063,0.15527229033614326,0.15527229033614326
17318.399999999998,0.39966027646526836,498.572807310977,0.15521474381084752,0.15521474381084752
17356.8,0.39835122319867866,498.54319599538843,0.15515624885667345,0.15515624885667345
17395.2,0.3970426715435113,498.51309931004687,0.1550967950906096,0.1550967950906096
17433.6,0.3957346296770184,498.48251198958206,0.15503637211130822,0.15503637211130822
17472.0,0.39442710586434865,498.4514287601856,0.15497496950075246,0.15497496950075246
17510.399999999998,0.3931201084586743,498.4198443404647,0.15491257682594334,0.15491257682594334
17548.8,0.39181364590130263,498.38775344230606,0.15484918364060585,0.15484918364060585
17587.2,0.39050772672177375,498.35515077174904,0.154784779486914,0.154784779486914
17625.6,0.3892023595379426,498.3220310298676,0.15471935389723307,0.15471935389723307
17664.0,0.3878975530560483,498.28838891366274,0.1546528963958824,0.1546528963958824
17702.399999999998,0.3865933160707656,498.2542191169625,0.15458539650091352,0.15458539650091352
17740.8,0.3852896574652436,498.21951633133176,0.15451684372590732,0.15451684372590732
17779.2,0.38398658621112713,498.1842752469901,0.15444722758178694,0.15444722758178694
17817.6,0.382684111368565,498.1484905537378,0.15437653757864725,0.15437653757864725
17856.0,0.3813822420862002,498.112156941891,0.15430476322760228,0.15430476322760228
17894.399999999998,0.38008098760114656,498.07526910322326,0.15423189404264512,0.15423189404264512
17932.8,0.37878035723894793,498.0378217319162,0.15415791954252564,0.15415791954252564
17971.2,0.3774803604135228,497.9998095255169,0.15408282925264202,0.15408282925264202
18009.6,0.37618100662709114,497.9612271859026,0.1540066127069463,0.1540066127069463
18048.0,0.374882305470087,497.9220694202528,0.1539292594498648,0.1539292594498648
18086.399999999998,0.3735842666210533,497.8823309420274,0.15385075903823034,0.15385075903823034
18124.8,0.3722868998465208,497.84200647195235,0.15377110104322914,0.15377110104322914
18163.2,0.37099021500087076,497.80109073901104,0.15369027505235952,0.15369027505235952
18201.6,0.36969422202618,497.7595784814413,0.15360827067140112,0.15360827067140112
18240.0,0.3683989309520511,497.7174644477393,0.15352507752639838,0.15352507752639838
18278.399999999998,0.36710435189542345,497.6747433976681,0.15344068526565244,0.15344068526565244
18316.8,0.3658104950603689,497.631410103272,0.1533550835617251,0.1533550835617251
18355.2,0.36451737073787077,497.58745934989565,0.15326826211345224,0.15326826211345224
18393.6,0.363224989305584,497.54288593720804,0.15318021064796622,0.15318021064796622
18432.0,0.36193336122758024,497.4976846802308,0.15309091892272744,0.15309091892272744
18470.399999999998,0.36064249705407414,497.45185041037155,0.15300037672756564,0.15300037672756564
18508.8,0.3593524074211333,497.4053779764599,0.15290857388672635,0.15290857388672635
18547.2,0.35806310305037015,497.358262245788,0.15281550026092663,0.15281550026092663
18585.6,0.3567745947486176,497.3104981051553,0.1527211457494185,0.1527211457494185
18624.0,0.3554868934075857,497.262080461914,0.15262550029205463,0.15262550029205463
18662.399999999998,0.3542000100035022,497.21300424502067,0.15252855387136535,0.15252855387136535
18700.8,0.35291395559673416,497.1632644060873,0.15243029651463533,0.15243029651463533
18739.2,0.35162874133139366,497.11285592043697,0.15233071829598846,0.15233071829598846
18777.6,0.35034437843492444,497.06177378816017,0.15222980933847502,0.15222980933847502
18816.0,0.3490608782176716,497.01001303517404,0.1521275598161638,0.1521275598161638
18854.399999999998,0.3477782520724336,496.9575687142816,0.15202395995623466,0.15202395995623466
18892.8,0.34649651147399646,496.9044359062336,0.1519190000410762,0.1519190000410762
18931.2,0.34521566797865005,496.8506097207902,0.15181267041038293,0.15181267041038293
18969.6,0.34393573322368703,496.79608529778415,0.15170496146325543,0.15170496146325543
19008.0,0.3426567189268841,496.7408578081827,0.1515958636602982,0.1515958636602982
19046.399999999998,0.341378636885965,496.6849224551516,0.15148536752572167,0.15148536752572167
19084.8,0.3401014989780465,496.62827447511745,0.15137346364944038,0.15137346364944038
19123.2,0.338825317159066,496.57090913882945,0.1512601426891707,0.1512601426891707
19161.6,0.3375501034631925,496.51282175242085,0.15114539537252755,0.15114539537252755
19200.0,0.33627587000221804,496.45400765846864,0.15102921249911783,0.15102921249911783
19238.399999999998,0.335002628964934,496.3944622370522,0.15091158494263152,0.15091158494263152
19276.8,0.3337303926164872,496.3341809068102,0.15079250365292962,0.15079250365292962
19315.2,0.3324591732977206,496.2731591259944,0.15067195965812594,0.15067195965812594
19353.6,0.33118898342449526,496.21139239352294,0.15054994406666758,0.15054994406666758
19392.0,0.32991983548699483,496.1488762500288,0.15042644806940636,0.15042644806940636
19430.399999999998,0.32865174204901304,496.08560627890716,0.15030146294166744,0.15030146294166744
19468.8,0.3273847157472239,496.02157810735804,0.1501749800453094,0.1501749800453094
19507.2,0.32611876929043354,495.956787407426,0.15004699083077783,0.15004699083077783
19545.6,0.3248539154588165,495.89122989703645,0.1499174868391523,0.1499174868391523
19584.0,0.32359016710313276,495.8249013410265,0.14978645970418325,0.14978645970418325
19622.399999999998,0.3223275371439299,495.75779755217263,0.1496539011543218,0.1496539011543218
19660.8,0.3210660385707264,495.6899143922125,0.1495198030147379,0.1495198030147379
19699.2,0.3198056844411788,495.6212477728627,0.14938415720933163,0.14938415720933163
19737.6,0.31854648788023177,495.5517936568305,0.1492469557627309,0.1492469557627309
19776.0,0.31728846207925154,495.48154805881956,0.14910819080227888,0.14910819080227888
19814.399999999998,0.31603162029514287,495.4105070465307,0.1489678545600108,0.1489678545600108
19852.8,0.3147759758494486,495.3386667416562,0.14882593937461774,0.14882593937461774
19891.2,0.3135215421274342,495.26602332086634,0.14868243769339595,0.14868243769339595
19929.6,0.31226833257715453,495.1925730167908,0.14853734207418517,0.14853734207418517
19968.0,0.3110163607085048,495.1183121189921,0.14839064518729186,0.14839064518729186
20006.399999999998,0.309765640092256,495.0432369749315,0.1482423398173971,0.1482423398173971
20044.8,0.30851618435907396,494.96734399092753,0.14809241886544997,0.14809241886544997
20083.2,0.3072680071985224,494.8906296331066,0.14794087535054584,0.14794087535054584
20121.6,0.30602112235804996,494.81309042834516,0.14778770241178715,0.14778770241178715
20160.0,0.3047755436419633,494.7347229652034,0.14763289331012794,0.14763289331012794
20198.399999999998,0.3035312849103825,494.6555238948503,0.1474764414302014,0.1474764414302014
20236.8,0.30228836007818294,494.5754899319795,0.14731834028212867,0.14731834028212867
20275.2,0.3010467831139211,494.4946178557156,0.14715858350330985,0.14715858350330985
20313.6,0.2998065680387461,494.4129045105113,0.1469971648601956,0.1469971648601956
20352.0,0.2985677289252956,494.3303468070343,0.14683407825003952,0.14683407825003952
20390.399999999998,0.29733027989657823,494.2469417230447,0.14666931770263117,0.14666931770263117
20428.8,0.29609423512484073,494.1626863042604,0.14650287738200568,0.14650287738200568
20467.2,0.29485960883042045,494.0775776652144,0.14633475158813747,0.14633475158813747
20505.6,0.29362641528058553,493.99161299009853,0.1461649347586066,0.1461649347586066
20544.0,0.29239466878835896,493.90478953359826,0.14599342147024813,0.14599342147024813
20582.399999999998,0.2911643837113305,493.817104621714,0.1458202064407746,0.1458202064407746
20620.8,0.2899355744504544,493.728555652573,0.14564528453037953,0.14564528453037953
20659.2,0.28870825544883405,493.6391400972275,0.14546865074331464,0.14546865074331464
20697.6,0.2874824411904935,493.54885550044156,0.14529030022944373,0.14529030022944373
20736.0,0.2862581461991357,493.4576994814657,0.14511022828577294,0.14511022828577294
20774.399999999998,0.2850353850368891,493.36566973479864,0.1449284303579559,0.1449284303579559
20812.8,0.28381417230304024,493.2727640309358,0.14474490204177182,0.14474490204177182
20851.2,0.28259452263275514,493.178980217106,0.14455963908458133,0.14455963908458133
20889.6,0.28137645069578865,493.0843162179936,0.14437263738675232,0.14437263738675232
20928.0,0.2801599711951814,492.98877003644793,0.14418389300306217,0.14418389300306217
20966.399999999998,0.27894509886594515,492.8923397541786,0.14399340214407064,0.14399340214407064
21004.8,0.2777318484737379,492.7950235324377,0.14380116117746794,0.14380116117746794
21043.2,0.27652023481352656,492.69681961268657,0.14360716662939144,0.14360716662939144
21081.6,0.27531027270823916,492.59772631724974,0.14341141518571798,0.14341141518571798
21120.0,0.2741019770074067,492.4977420499533,0.1432139036933245,0.1432139036933245
21158.399999999998,0.27289536258579433,492.3968652967488,0.14301462916132088,0.14301462916132088
21196.8,0.2716904443420224,492.29509462632336,0.14281358876225483,0.14281358876225483
21235.2,0.2704872371971776,492.19242869069325,0.14261077983328452,0.14261077983328452
21273.6,0.2692857560934146,492.0888662257826,0.14240619987732211,0.14240619987732211
21312.0,0.26808601599254844,491.9844060519876,0.14219984656414777,0.14219984656414777
21350.399999999998,0.2668880318746365,491.87904707472444,0.14199171773149258,0.14199171773149258
21388.8,0.26569181873655384,491.77278828496134,0.1417818113860892,0.1417818113860892
21427.2,0.26449739159055824,491.6656287597351,0.14157012570469243,0.14157012570469243
21465.6,0.2633047654628476,491.5575676626519,0.1413566590350683,0.1413566590350683
21504.0,0.2621139553921081,491.4486042443709,0.1411414098969499,0.1411414098969499
21542.399999999998,0.26092497642805695,491.3387378430731,0.1409243769829626,0.1409243769829626
21580.8,0.2597378436299752,491.2279678849117,0.140705559159515,0.140705559159515
21619.2,0.25855257206523447,491.1162938844481,0.140484955467659,0.140484955467659
21657.6,0.25736917680781685,491.0037154450694,0.14026256512391538,0.14026256512391538
21696.0,0.25618767293682715,490.89023225938985,0.14003838752106634,0.14003838752106634
21734.399999999998,0.2550080755349999,490.7758441096354,0.13981242222891552,0.13981242222891552
21772.8,0.2538303996871998,490.6605508680109,0.1395846689950131,0.1395846689950131
21811.2,0.25265466047891577,490.5443524970505,0.13935512774534803,0.13935512774534803
21849.6,0.25148087299474986,490.42724904995026,0.13912379858500512,0.13912379858500512
21888.0,0.2503090523169018,490.3092406708836,0.13889068179878833,0.13889068179878833
21926.399999999998,0.24913921352364699,490.19032759529966,0.13865577785181,0.13865577785181
21964.8,0.24797137168781042,490.07051015020323,0.13841908739004363,0.13841908739004363
22003.2,0.2468055418752369,489.9497887544183,0.13818061124084502,0.13818061124084502
22041.6,0.24564173914325646,489.8281639188328,0.13794035041343528,0.13794035041343528
22080.0,0.2444799785391462,489.70563624662606,0.1376983060993504,0.1376983060993504
22118.399999999998,0.24332027509858822,489.58220643347767,0.13745447967285374,0.13745447967285374
22156.8,0.2421626438441257,489.4578752677604,0.13720887269131712,0.13720887269131712
22195.2,0.24100709978361387,489.3326436307129,0.13696148689556192,0.13696148689556192
22233.6,0.2398536579086707,489.2065124965952,0.13671232421016669,0.13671232421016669
22272.0,0.2387023331931235,489.07948293282703,0.13646138674373956,0.13646138674373956
22310.399999999998,0.23755314059145513,488.95155610010676,0.1362086767891541,0.1362086767891541
22348.8,0.2364060950372467,488.8227332525129,0.13595419682374915,0.13595419682374915
22387.2,0.23526121144162032,488.6930157375873,0.13569794950949363,0.13569794950949363
22425.6,0.23411850469168044,488.5624049964002,0.1354399376931146,0.1354399376931146
22464.0,0.23297798964895391,488.43090256359704,0.1351801644061903,0.1351801644061903
22502.399999999998,0.23183968114783018,488.29851006742706,0.13491863286520603,0.13491863286520603
22540.8,0.230703593994001,488.16522922975395,0.13465534647157557,0.13465534647157557
22579.2,0.22956974296290025,488.03106186604776,0.1343903088116252,0.1343903088116252
22617.6,0.22843814279814434,487.8960098853588,0.13412352365654198,0.13412352365654198
22656.0,0.22730880820997312,487.7600752902739,0.13385499496228737,0.13385499496228737
22694.399999999998,0.22618175387369227,487.6232601768538,0.13358472686947373,0.13358472686947373
22732.8,0.22505699442811636,487.48556673455226,0.13331272370320424,0.13331272370320424
22771.2,0.22393454447401448,487.346997246118,0.13303898997287947,0.13303898997287947
22809.6,0.22281441857255657,487.2075540874772,0.13276353037196506,0.13276353037196506
22848.0,0.2216966312437633,487.0672397275993,0.13248634977772672,0.13248634977772672
22886.399999999998,0.22058119696495765,486.9260567283434,0.13220745325092673,0.13220745325092673
22924.8,0.21946813016921954,486.78400774428815,0.13192684603548815,0.13192684603548815
22963.2,0.21835744524384385,486.64109552254206,0.13164453355811967,0.13164453355811967
23001.6,0.21724915652880158,486.4973229025373,0.13136052142790863,0.13136052142790863
23040.0,0.21614327831520497,486.3526928158052,0.13107481543587737,0.13107481543587737
23078.399999999998,0.21503982484377607,486.2072082857336,0.13078742155450399,0.13078742155450399
23116.8,0.2139388103033211,486.0608724273071,0.1304983459372092,0.1304983459372092
23155.2,0.2128402488292074,485.91368844682927,0.13020759491780734,0.13020759491780734
23193.6,0.21174415450184692,485.7656596416279,0.12991517500992472,0.12991517500992472
23232.0,0.2106505413451847,485.616789399742,0.1296210929063806,0.1296210929063806
23270.399999999998,0.20955942332519156,485.4670811995922,0.12932535547853655,0.12932535547853655
23308.8,0.20847081434836448,485.3165386096331,0.12902796977560949,0.12902796977560949
23347.2,0.20738472826023135,485.1651652879896,0.12872894302395357,0.12872894302395357
23385.6,0.20630117884386343,485.012964982075,0.12842828262630518,0.12842828262630518
23424.0,0.20522017981839358,484.85994152819285,0.12812599616099707,0.12812599616099707
23462.399999999998,0.20414174483754158,484.70609885112145,0.12782209138113723,0.12782209138113723
23500.8,0.2030658874881469,484.55144096368264,0.1275165762137571,0.1275165762137571
23539.2,0.20199262128870873,484.3959719662925,0.12720945875892398,0.12720945875892398
23577.6,0.20092195968793394,484.23969604649704,0.12690074728882397,0.12690074728882397
23616.0,0.1998539160632925,484.08261747849036,0.12659045024680995,0.12659045024680995
23654.399999999998,0.19878850371958226,483.92474062261755,0.12627857624641978,0.12627857624641978
23692.8,0.19772573588750142,483.766069924861,0.12596513407036133,0.12596513407036133
23731.2,0.19666562572222956,483.60660991631084,0.12565013266946667,0.12565013266946667
23769.6,0.19560818630201934,483.4463652126196,0.12533358116161428,0.12533358116161428
23808.0,0.1945534306267954,483.2853405134416,0.12501548883062236,0.12501548883062236
23846.399999999998,0.1935013716167645,483.12354060185635,0.12469586512510898,0.12469586512510898
23884.8,0.1924520221110349,482.96097034377715,0.12437471965732445,0.12437471965732445
23923.2,0.19140539486624597,482.7976346873438,0.12405206220195142,0.12405206220195142
23961.6,0.1903615025552077,482.63353866230136,0.12372790269487746,0.12372790269487746
24000.0,0.18932035776555167,482.4686873793632,0.12340225123193727,0.12340225123193727
24038.399999999998,0.18828197299839233,482.30308602955967,0.12307511806762568,0.12307511806762568
24076.8,0.1872463606669996,482.136739883573,0.12274651361378386,0.12274651361378386
24115.2,0.186213533095482,481.9696542910567,0.12241644843825492,0.12241644843825492
24153.6,0.18518350251748308,481.8018346799417,0.12208493326351309,0.12208493326351309
24192.0,0.18415628107488774,481.6332865557285,0.12175197896526574,0.12175197896526574
24230.399999999998,0.18313188081654172,481.4640155007651,0.12141759657102655,0.12141759657102655
24268.8,0.18211031369698322,481.2940271735124,0.12108179725866482,0.12108179725866482
24307.2,0.1810915915751867,481.12332730779514,0.12074459235492517,0.12074459235492517
24345.6,0.18007572621331946,480.95192171204053,0.12040599333392417,0.12040599333392417
24384.0,0.1790627292755111,480.77981626850317,0.12006601181561877,0.12006601181561877
24422.399999999998,0.17805261232663655,480.6070169324787,0.1197246595642531,0.1197246595642531
24460.8,0.1770453868311116,480.4335297315027,0.11938194848677591,0.11938194848677591
24499.2,0.17604106415170262,480.2593607645397,0.11903789063123857,0.11903789063123857
24537.6,0.17503965554835002,480.0845162011581,0.11869249818516522,0.11869249818516522
24576.0,0.17404117217700518,479.9090022806951,0.11834578347390282,0.11834578347390282
24614.399999999998,0.17304562508848184,479.73282531140774,0.11799775895894454,0.11799775895894454
24652.8,0.17205302522732166,479.5559916696147,0.11764843723623433,0.11764843723623433
24691.2,0.17106338343067462,479.37850779882507,0.11729783103444576,0.11729783103444576
24729.6,0.1700767104271937,479.200380208858,0.11694595321324286,0.11694595321324286
24768.0,0.16909301683594466,479.02161547494984,0.11659281676151659,0.11659281676151659
24806.399999999998,0.1681123131653306,478.84222023685174,0.11623843479560214,0.11623843479560214
24844.8,0.16713460981203215,478.6622011979165,0.1158828205574749,0.1158828205574749
24883.2,0.1661599170599626,478.48156512417575,0.11552598741292783,0.11552598741292783
24921.6,0.16518824507923924,478.30031884340707,0.11516794884972825,0.11516794884972825
24960.0,0.16421960392516935,478.11846924419166,0.1148087184757566,0.1148087184757566
24998.399999999998,0.16325400353725336,477.9360232749621,0.11444831001712527,0.11444831001712527
25036.8,0.1622914537382027,477.75298794304234,0.11408673731628209,0.11408673731628209
25075.2,0.16133196423297474,477.5693703136768,0.11372401433009265,0.11372401433009265
25113.6,0.1603755446078239,477.38517750905265,0.1133601551279085,0.1133601551279085
25152.0,0.1594222043293689,477.200416707313,0.11299517388961823,0.11299517388961823
25190.399999999998,0.1584719527436762,477.0150951415616,0.11262908490368075,0.11262908490368075
25228.8,0.15752479907536196,476.82922009886033,0.11226190256514576,0.11226190256514576
25267.2,0.1565807524267085,476.64279891921854,0.11189364137365623,0.11189364137365623
25305.6,0.15563982177679897,476.4558389945751,0.1115243159314384,0.1115243159314384
25344.0,0.15470201598066946,476.2683477677736,0.11115394094127673,0.11115394094127673
25382.399999999998,0.15376734376847742,476.0803327315299,0.11078253120447484,0.11078253120447484
25420.8,0.15283581374468772,475.89180142739417,0.1104101016188049,0.1104101016188049
25459.2,0.15190743438727608,475.7027614447053,0.110036667176442,0.110036667176442
25497.6,0.15098221404695045,475.51322041954,0.10966224296188852,0.10966224296188852
25536.0,0.1500601609463896,475.32318603365576,0.10928684414988561,0.10928684414988561
25574.399999999998,0.14914128317949932,475.132666013428,0.10891048600331395,0.10891048600331395
25612.8,0.14822558871068633,474.94166812878166,0.10853318387108313,0.10853318387108313
25651.2,0.14731308537415105,474.7502001921191,0.10815495318601356,0.10815495318601356
25689.6,0.14640378087319714,474.5582700572403,0.10777580946270365,0.10777580946270365
25728.0,0.14549768277955957,474.3658856182613,0.10739576829539325,0.10739576829539325
25766.399999999998,0.14459479853275087,474.1730548085267,0.10701484535581518,0.10701484535581518
25804.8,0.1436951354394257,473.97978559951804,0.1066330563910392,0.1066330563910392
25843.2,0.14279870067276307,473.7860859997592,0.10625041722130919,0.10625041722130919
25881.6,0.14190550127186782,473.591964053717,0.10586694373787164,0.10586694373787164
25920.0,0.1410155441411895,473.39742784069955,0.1054826519007997,0.1054826519007997
25958.399999999998,0.14012883604996043,473.20248547375047,0.10509755773680826,0.10509755773680826
25996.8,0.13924538363165148,473.007145098541,0.10471167733706573,0.10471167733706573
26035.2,0.1383651933834472,472.81141489225945,0.10432502685500016,0.10432502685500016
26073.6,0.13748827166573904,472.6153030624974,0.10393762250409894,0.10393762250409894
26112.0,0.13661462470163696,472.4188178461348,0.1035494805557066,0.1035494805557066
26150.399999999998,0.1357442585765,472.22196750822326,0.10316061733681853,0.10316061733681853
26188.8,0.13487717923748566,472.0247603408663,0.10277104922786924,0.10277104922786924
26227.2,0.1340133924931174,471.8272046620999,0.10238079266052094,0.10238079266052094
26265.6,0.13315290401287122,471.6293088147711,0.10198986411544804,0.10198986411544804
26304.0,0.13229571932678102,471.4310811654158,0.10159828012012076,0.10159828012012076
26342.399999999998,0.13144184382506222,471.23253010313584,0.10120605724658668,0.10120605724658668
26380.8,0.13059128275775445,471.03366403847616,0.10081321210925236,0.10081321210925236
26419.2,0.1297440412343828,470.83449140230096,0.10041976136266376,0.10041976136266376
26457.6,0.12890012422363836,470.6350206446705,0.10002572169928718,0.10002572169928718
26496.0,0.1280595365530765,470.4352602337187,0.09963110984729216,0.09963110984729216
26534.399999999998,0.12722228290883436,470.2352186545301,0.09923594256833289,0.09923594256833289
26572.8,0.12638836783536744,470.0349044080186,0.09884023665533304,0.09884023665533304
26611.2,0.12555779573520406,469.83432600980706,0.09844400893027322,0.09844400893027322
26649.6,0.12473057086871896,469.6334919891074,0.09804727624197788,0.09804727624197788
26688.0,0.12390669735392569,469.4324108876034,0.09765005546390863,0.09765005546390863
26726.399999999998,0.12308617916628685,469.2310912583343,0.09725236349195929,0.09725236349195929
26764.8,0.12226902013854386,469.02954166458073,0.09685421724225454,0.09685421724225454
26803.2,0.12145522396056478,468.8277706787531,0.09645563364895428,0.09645563364895428
26841.6,0.12064479417921017,468.62578688128156,0.09605662966206087,0.09605662966206087
26880.0,0.11983773419821846,468.4235988595093,0.09565722224523285,0.09565722224523285
26918.399999999998,0.11903404727810869,468.2212152065885,0.095257428373604,0.095257428373604
26956.8,0.11823373653610238,468.0186445203794,0.09485726503160839,0.09485726503160839
26995.2,0.11743680494606332,467.8158954023525,0.09445674921081221,0.09445674921081221
27033.6,0.11664325533845522,467.61297645649444,0.09405589790775168,0.09405589790775168
27072.0,0.1158530904003184,467.40989628821694,0.09365472812177852,0.09365472812177852
27110.399999999998,0.1150663126752639,467.20666350327105,0.09325325685291455,0.09325325685291455
27148.8,0.11428292456348625,467.0032867066642,0.09285150109971274,0.09285150109971274
27187.2,0.11350292832179329,466.7997745015819,0.09244947785712694,0.09244947785712694
27225.6,0.11272632606365479,466.59613548831453,0.09204720411439185,0.09204720411439185
27264.0,0.11195311975926842,466.3923782631881,0.09164469685291096,0.09164469685291096
27302.399999999998,0.11118331123564346,466.1885114175004,0.0912419730441548,0.0912419730441548
27340.8,0.1104169021767025,465.9845435364625,0.09083904964757004,0.09083904964757004
27379.2,0.10965389412340024,465.78048319814457,0.09043594360849701,0.09043594360849701
27417.6,0.10889428847385987,465.57633897242846,0.09003267185610077,0.09003267185610077
27456.0,0.10813808648352727,465.3721194199649,0.08962925130131087,0.08962925130131087
27494.399999999998,0.10738528926534179,465.1678330911378,0.08922569883477546,0.08922569883477546
27532.8,0.10663589778992463,464.9634885250332,0.08882203132482464,0.08882203132482464
27571.2,0.10588991288578445,464.7590942484153,0.08841826561544774,0.08841826561544774
27609.6,0.10514733523953931,464.55465877470874,0.08801441852428267,0.08801441852428267
27648.0,0.10440816539615619,464.35019060298805,0.08761050684061975,0.08761050684061975
27686.399999999998,0.10367240375920668,464.1456982169725,0.08720654732341616,0.08720654732341616
27724.8,0.10294005059113956,463.9411900840294,0.08680255669932703,0.08680255669932703
27763.2,0.10221110601356999,463.73667465418305,0.08639855166074756,0.08639855166074756
27801.6,0.10148557000758451,463.5321603591327,0.08599454886387334,0.08599454886387334
27840.0,0.10076344241406329,463.3276556112757,0.08559056492677028,0.08559056492677028
27878.399999999998,0.1000447229340178,463.123168802741,0.0851866164274658,0.0851866164274658
27916.8,0.09932941112894403,462.91870830442764,0.08478271990204898,0.08478271990204898
27955.2,0.09861750642119325,462.71428246505263,0.08437889184279017,0.08437889184279017
27993.6,0.09790900809435643,462.50989961020707,0.08397514869627602,0.08397514869627602
28032.0,0.09720391529366623,462.30556804141935,0.08357150686155919,0.08357150686155919
28070.399999999998,0.09650222702641255,462.101296035228,0.08316798268832672,0.08316798268832672
28108.8,0.095803942162375,461.8970918422617,0.0827645924750826,0.0827645924750826
28147.2,0.09510905943426959,461.69296368632877,0.08236135246734919,0.08236135246734919
28185.6,0.09441757743821105,461.48891976351507,0.08195827885588534,0.08195827885588534
28224.0,0.09372949463418953,461.2849682412911,0.08155538777492223,0.08155538777492223
28262.399999999998,0.09304480934656252,461.0811172576272,0.08115269530041577,0.08115269530041577
28300.8,0.09236351976456067,460.87737492011945,0.08075021744831955,0.08075021744831955
28339.2,0.09168562394280867,460.6737493051228,0.0803479701728729,0.0803479701728729
28377.6,0.09101111980186065,460.47024845689543,0.07994596936491036,0.07994596936491036
28416.0,0.09034000512874824,460.2668803867514,0.07954423085018753,0.07954423085018753
28454.399999999998,0.08967227757754459,460.063653072223,0.07914277038772699,0.07914277038772699
28492.8,0.08900793466994071,459.8605744562339,0.07874160366818421,0.07874160366818421
28531.2,0.08834697379583611,459.6576524462802,0.07834074631223045,0.07834074631223045
28569.6,0.08768939221394256,459.45489491362315,0.0779402138689574,0.0779402138689574
28608.0,0.08703518705240113,459.252309692491,0.07754002181430114,0.07754002181430114
28646.399999999998,0.0863843553094131,459.04990457929074,0.07714018554948443,0.07714018554948443
28684.8,0.08573689385388267,458.847687331831,0.07674072039948197,0.07674072039948197
28723.2,0.0850927994260735,458.645665668554,0.07634164161150278,0.07634164161150278
28761.6,0.08445206863827737,458.44384726777866,0.07594296435349575,0.07594296435349575
28800.0,0.0838146979754948,458.2422397669546,0.07554470371267498,0.07554470371267498
28838.399999999998,0.08318068379612945,458.04085076192496,0.07514687469406452,0.07514687469406452
28876.8,0.08255002233269283,457.83968780620177,0.07474949221906613,0.07474949221906613
28915.2,0.08192270969252204,457.6387584102511,0.07435257112404765,0.07435257112404765
28953.6,0.08129874185850902,457.4380700407886,0.07395612615895107,0.07395612615895107
28992.0,0.08067811468984094,457.23763012008664,0.07356017198592414,0.07356017198592414
29030.399999999998,0.08006082392275285,457.0374460252916,0.07316472317797154,0.07316472317797154
29068.8,0.07944686517129035,456.83752508775336,0.0727697942176302,0.0727697942176302
29107.2,0.0788362339280843,456.6378745923638,0.07237539949566295,0.07237539949566295
29145.6,0.0782289255651359,456.4385017769084,0.07198155330977733,0.07198155330977733
29184.0,0.07762493533461216,456.2394138314277,0.07158826986336421,0.07158826986336421
29222.399999999998,0.07702425836965236,456.0406178975903,0.07119556326425941,0.07119556326425941
29260.8,0.07642688968518453,455.84212106807723,0.07080344752352737,0.07080344752352737
29299.2,0.07583282417875165,455.6439303859772,0.07041193655426674,0.07041193655426674
29337.6,0.07524205663134846,455.44605284419356,0.0700210441704384,0.0700210441704384
29376.0,0.07465458170826751,455.2484953848626,0.0696307840857171,0.0696307840857171
29414.399999999998,0.07407039395995459,455.0512648987824,0.0692411699123623,0.0692411699123623
29452.8,0.07348948782287372,454.8543682248542,0.06885221516011561,0.06885221516011561
29491.199999999997,0.0729118576203816,454.65781214953495,0.0684639332351183,0.0684639332351183
29529.6,0.07233749756361008,454.46160340630047,0.06807633743885187,0.06807633743885187
29568.0,0.07176640175235811,454.26574867512136,0.06768944096710187,0.06768944096710187
29606.399999999998,0.07119856417599245,454.0702545819492,0.0673032569089435,0.0673032569089435
29644.8,0.07063397871435553,453.8751276982152,0.06691779824575082,0.06691779824575082
29683.199999999997,0.07007263913868322,453.68037454034015,0.06653307785022916,0.06653307785022916
29721.6,0.06951453911252903,453.48600156925534,0.06614910848546818,0.06614910848546818
29760.0,0.06895967219269682,453.2920151899361,0.06576590280402085,0.06576590280402085
29798.399999999998,0.06840803183018108,453.09842175094576,0.06538347334700252,0.06538347334700252
29836.8,0.06785961137111467,452.90522754399205,0.06500183254321427,0.06500183254321427
29875.199999999997,0.06731440405772315,452.71243880349476,0.06462099270828932,0.06462099270828932
29913.6,0.06677240302928715,452.5200617061646,0.06424096604386079,0.06424096604386079
29952.0,0.06623360132311061,452.32810237059476,0.06386176463675504,0.06386176463675504
29990.399999999998,0.06569799187549637,452.1365668568621,0.06348340045820362,0.06348340045820362
30028.8,0.06516556752272734,451.94546116614214,0.06310588536308306,0.06310588536308306
30067.199999999997,0.06463632100205519,451.7547912403338,0.06272923108917326,0.06272923108917326
30105.6,0.06411024495269364,451.56456296169654,0.06235344925644066,0.06235344925644066
30144.0,0.06358733191681883,451.37478215249894,0.06197855136634446,0.06197855136634446
30182.399999999998,0.06306757434057421,451.18545457467815,0.0616045488011634,0.0616045488011634
30220.8,0.06255096457508243,450.9965859295121,0.0612314528233485,0.0612314528233485
30259.199999999997,0.06203749487746074,450.8081818573014,0.06085927457489464,0.06085927457489464
30297.6,0.06152715741184309,450.6202479370643,0.060488025076737804,0.060488025076737804
30336.0,0.06101994425040583,450.4327896862416,0.06011771522817262,0.06011771522817262
30374.399999999998,0.06051584737439901,450.24581256041455,0.059748355806294326,0.059748355806294326
30412.8,0.060014858675181894,450.0593219530323,0.05937995746546117,0.05937995746546117
30451.199999999997,0.059516969955262816,449.8733231951515,0.05901253073677957,0.05901253073677957
30489.6,0.05902217292934302,449.6878215551877,0.05864608602761303,0.05864608602761303
30528.0,0.05853045922536514,449.5028222386769,0.05828063362111112,0.05828063362111112
30566.399999999998,0.05804182038556433,449.31833038804865,0.05791618367576146,0.05791618367576146
30604.8,0.05755624786752423,449.13435108241043,0.05755274622496359,0.05755274622496359
30643.199999999997,0.05707373304523529,448.95088933734297,0.057190331176624615,0.057190331176624615
30681.6,0.05659426721015697,448.7679501047066,0.05682894831277672,0.05682894831277672
30720.0,0.056117841572282647,448.58553827245856,0.05646860728921642,0.05646860728921642
30758.399999999998,0.05564444726120809,448.4036586644811,0.05610931763516462,0.05610931763516462
30796.8,0.0551740753272011,448.2223160404207,0.05575108875294943,0.05575108875294943
30835.199999999997,0.054706716742275556,448.0415150955379,0.055393929917709146,0.055393929917709146
30873.6,0.0542423624012662,447.8612604605675,0.05503785027711655,0.05503785027711655
30912.0,0.05378100312290639,447.6815567015907,0.05468285885112564,0.05468285885112564
30950.399999999998,0.053322629650907886,447.502408319916,0.054328964531737134,0.054328964531737134
30988.8,0.05286723265504173,447.3238197519726,0.05397617608278722,0.05397617608278722
31027.199999999997,0.0524148027322216,447.14579536921246,0.05362450213975449,0.05362450213975449
31065.6,0.051965330407587974,446.96833947802435,0.053273951209590116,0.053273951209590116
31104.0,0.05151880613559377,446.79145631965696,0.0529245316705658,0.0529245316705658
31142.399999999998,0.05107522030109131,446.61515007015316,0.05257625177214399,0.05257625177214399
31180.8,0.05063456322041976,446.43942484029424,0.05222911963486773,0.05222911963486773
31219.199999999997,0.050196825142493934,446.2642846755543,0.05188314325027056,0.05188314325027056
31257.6,0.04976199624989286,446.0897335560637,0.051538330480804466,0.051538330480804466
31296.0,0.04933006665994977,445.9157753965849,0.05119468905979158,0.05119468905979158
31334.399999999998,0.04890102642584157,445.7424140464951,0.05085222659139097,0.05085222659139097
31372.8,0.04847486553767861,445.5696532897815,0.050510950550587914,0.050510950550587914
31411.199999999997,0.04805157392359454,445.3974968450441,0.050170868283200575,0.050170868283200575
31449.6,0.047631141450836086,445.2259483655098,0.04983198700590738,0.04983198700590738
31488.0,0.04721355792685202,445.055011439055,0.0494943138062916,0.0494943138062916
31526.399999999998,0.04679881310038145,444.88468958823813,0.04915785564290561,0.04915785564290561
31564.8,0.046386896662542546,444.71498627034146,0.048822619345353806,0.048822619345353806
31603.199999999997,0.045977798247918866,444.545904877422,0.04848861161439282,0.04848861161439282
31641.6,0.04557150743564606,444.3774487363724,0.048155839022051894,0.048155839022051894
31680.0,0.04516801375049632,444.20962110898995,0.04782430801176928,0.04782430801176928
31718.399999999998,0.04476730666396207,444.0424251920548,0.04749402489854666,0.04749402489854666
31756.8,0.0443693755953386,443.8758641174183,0.047164995869123774,0.047164995869123774
31795.199999999997,0.04397420991280369,443.7099409520981,0.04683722698216613,0.04683722698216613
31833.6,0.043581798934497394,443.54465869838424,0.04651072416847455,0.04651072416847455
31872.0,0.04319213192959825,443.3800202939518,0.0461854932312081,0.0461854932312081
31910.399999999998,0.04280519811939861,443.2160286119841,0.045861539846126814,0.045861539846126814
31948.8,0.042420986678377,443.05268646130224,0.04553886956184828,0.04553886956184828
31987.199999999997,0.04203948673526862,442.88999658650494,0.04521748780012325,0.04521748780012325
32025.6,0.04166068737413338,442.72796166811565,0.04489739985612675,0.04489739985612675
32064.0,0.04128457763542118,442.56658432273775,0.044578610898764325,0.044578610898764325
32102.399999999998,0.04091114651703426,442.40586710321804,0.044261125970995185,0.044261125970995185
32140.8,0.04054038297538743,442.2458124988182,0.04394494999017092,0.04394494999017092
32179.199999999997,0.04017227592646428,442.08642293539424,0.043630087748389716,0.043630087748389716
32217.6,0.03980681424687127,441.92770077558305,0.04331654391286538,0.04331654391286538
32256.0,0.039443986774888036,441.7696483189974,0.043004323026312026,0.043004323026312026
32294.399999999998,0.039083782311514256,441.61226780242805,0.04269342950734373,0.04269342950734373
32332.8,0.03872618962151352,441.45556140005334,0.042383867650888175,0.042383867650888175
32371.199999999997,0.03837119743445273,441.29953122365606,0.042075641628615434,0.042075641628615434
32409.6,0.03801879444573869,441.1441793228478,0.04176875548938089,0.04176875548938089
32448.0,0.03766896931765046,440.98950768529954,0.04146321315968103,0.04146321315968103
32486.399999999998,0.03732171068036752,440.83551823698093,0.04115901844412569,0.04115901844412569
32524.8,0.03697700713299416,440.68221284240457,0.040856175025921045,0.040856175025921045
32563.199999999997,0.036634847244579605,440.5295933048785,0.04055468646736821,0.04055468646736821
32601.6,0.03629521955513364,440.3776613667646,0.0402545562103735,0.0402545562103735
32640.0,0.03595811257663803,440.22641870974354,0.039955787576972344,0.039955787576972344
32678.399999999998,0.035623514794053256,440.0758669550869,0.03965838376986616,0.03965838376986616
32716.8,0.035291414666321026,439.92600766393474,0.03936234787297124,0.03936234787297124
32755.199999999997,0.03496180062736146,439.7768423375803,0.03906768285198085,0.03906768285198085
32793.6,0.03463466108706554,439.6283724177599,0.03877439155493792,0.03877439155493792
32832.0,0.03430998443228317,439.48059928694965,0.03848247671282132,0.03848247671282132
32870.4,0.03398775902780555,439.33352426866753,0.03819194094014254,0.03819194094014254
32908.799999999996,0.03366797321734265,439.18714862778177,0.037902786735554785,0.037902786735554785
32947.2,0.03335061532449571,439.0414735708242,0.03761501648247211,0.03761501648247211
32985.6,0.03303567365372388,438.89650024631044,0.03732863244970165,0.03732863244970165
33024.0,0.032723136491306225,438.7522297450638,0.03704363679208397,0.03704363679208397
33062.4,0.03241299210629716,438.60866310054627,0.036760031551146384,0.036760031551146384
33100.799999999996,0.032105228751477276,438.46580128919334,0.0364778186557647,0.0364778186557647
33139.2,0.03179983466429811,438.32364523075523,0.036196999922837134,0.036196999922837134
33177.6,0.03149679806782089,438.18219578864216,0.035917577057966416,0.035917577057966416
33216.0,0.031196107171649733,438.04145377027487,0.03563955165615226,0.03563955165615226
33254.4,0.03089775017285922,437.9014199274404,0.03536292520249406,0.03536292520249406
33292.799999999996,0.030601715256915116,437.7620949566514,0.03508769907290101,0.03508769907290101
33331.2,0.030307990598589976,437.6234794995118,0.03481387453481372,0.03481387453481372
33369.6,0.030016564362871957,437.48557414308493,0.034541452747932376,0.034541452747932376
33408.0,0.029727424705867585,437.34837942026803,0.03427043476495583,0.03427043476495583
33446.4,0.029440559775698198,437.2118958101693,0.0340008215323268,0.0340008215323268
33484.799999999996,0.029155957713390083,437.07612373848997,0.03373261389098629,0.03373261389098629
33523.2,0.02887360665375834,436.94106357791077,0.03346581257713756,0.03346581257713756
33561.6,0.028593494726283676,436.80671564848114,0.033200418223014436,0.033200418223014436
33600.0,0.028315610055983546,436.6730802180136,0.032936431357660605,0.032936431357660605
33638.4,0.02803994076427558,436.54015750248095,0.032673852407714435,0.032673852407714435
33676.799999999996,0.02776647496983542,436.40794766641733,0.03241268169820076,0.03241268169820076
33715.2,0.02749520078944673,436.2764508233232,0.03215291945333139,0.03215291945333139
33753.6,0.027226106338845632,436.14566703607295,0.031894565797309905,0.031894565797309905
33792.0,0.0269591797335569,436.01559631732624,0.031637620755144626,0.031637620755144626
33830.4,0.026694409089724626,435.88623862994314,0.031382084253468334,0.031382084253468334
33868.799999999996,0.026431782524934718,435.7575938874008,0.031127956121361575,0.031127956121361575
33907.2,0.026171288159031192,435.6296619542149,0.03087523609118517,0.03087523609118517
33945.6,0.025912914114925214,435.50244264636274,0.030623923799415913,0.030623923799415913
33984.0,0.02565664851939677,435.3759357317096,0.03037401878748892,0.03037401878748892
34022.4,0.025402479503889554,435.2501409304374,0.030125520502644332,0.030125520502644332
34060.799999999996,0.025150395205298357,435.125057915477,0.029878428298781384,0.029878428298781384
34099.2,0.02490038376674941,435.00068631294135,0.02963274143731403,0.02963274143731403
34137.6,0.02465243333837346,434.8770257025624,0.029388459088033832,0.029388459088033832
34176.0,0.024406532078071405,434.75407561812943,0.029145580329976332,0.029145580329976332
34214.4,0.024162668152272655,434.63183554793034,0.02890410415229212,0.02890410415229212
34252.799999999996,0.02392082973668618,434.51030493519414,0.028664029455121556,0.028664029455121556
34291.2,0.023681005017044034,434.3894831785361,0.028425355050473795,0.028425355050473795
34329.6,0.02344318218983745,434.26936963240456,0.02818807966310936,0.02818807966310936
34368.0,0.023207349463045417,434.14996360752906,0.0279522019314258,0.0279522019314258
34406.4,0.022973495056856006,434.0312643713714,0.02771772040834824,0.02771772040834824
34444.799999999996,0.022741607204379847,433.9132711485766,0.02748463356222063,0.02748463356222063
34483.2,0.02251167415235613,433.7959831214272,0.027252939777702725,0.027252939777702725
34521.6,0.02228368416185128,433.67939943029734,0.02702263735666763,0.02702263735666763
34560.0,0.02205762550894955,433.563519174109,0.026793724519102554,0.026793724519102554
34598.4,0.021833486485436506,433.4483414107896,0.026566199404013224,0.026566199404013224
34636.799999999996,0.021611255399474436,433.33386515773026,0.026340060070328592,0.026340060070328592
34675.2,0.021390920576270428,433.2200893922452,0.02611530449780905,0.02611530449780905
34713.6,0.02117247035873666,433.10701305203247,0.025891930587955955,0.025891930587955955
34752.0,0.020955893108142845,432.99463503563504,0.025669936164922764,0.025669936164922764
34790.4,0.02074117720476132,432.8829542029031,0.02544931897642819,0.02544931897642819
34828.799999999996,0.020528311048503847,432.77196937545665,0.02523007669467021,0.02523007669467021
34867.2,0.020317283059551553,432.6616793371491,0.02501220691724148,0.02501220691724148
34905.6,0.020108081678976163,432.5520828345311,0.024795707168045935,0.024795707168045935
34944.0,0.01990069536935436,432.44317857731494,0.024580574898216002,0.024580574898216002
34982.4,0.019695112615373808,432.33496523883935,0.024366807487031,0.024366807487031
35020.799999999996,0.019491321924431714,432.22744145653417,0.024154402242834765,0.024154402242834765
35059.2,0.01928931182722538,432.1206058323861,0.023943356403955892,0.023943356403955892
35097.6,0.01908907087833543,432.0144569334036,0.023733667139626016,0.023733667139626016
35136.0,0.018890587656800854,431.9089932920821,0.023525331550898816,0.023525331550898816
35174.4,0.01869385076668642,431.80421340686974,0.023318346671570327,0.023318346671570327
35212.799999999996,0.018498848837642655,431.70011574263214,0.023112709469096472,0.023112709469096472
35251.2,0.01830557052545736,431.5966987311176,0.022908416845512595,0.022908416845512595
35289.6,0.018114004512600427,431.49396077142154,0.022705465638350533,0.022705465638350533
35328.0,0.017924139508759616,431.39190023045114,0.02250385262155682,0.02250385262155682
35366.4,0.017735964251369956,431.2905154433889,0.02230357450640819,0.02230357450640819
35404.799999999996,0.017549467506134103,431.1898047141566,0.022104627942427953,0.022104627942427953
35443.2,0.017364638067536197,431.0897663158771,0.021907009518298822,0.021907009518298822
35481.6,0.01718146475934736,430.99039849133777,0.02171071576277762,0.02171071576277762
35520.0,0.016999936435123243,430.8916994534513,0.02151574314560618,0.02151574314560618
35558.4,0.016820041978694782,430.7936673857162,0.021322088078420873,0.021322088078420873
35596.799999999996,0.016641770304650295,430.69630044267734,0.021129746915661968,0.021129746915661968
35635.2,0.016465110358810684,430.59959675038425,0.020938715955479664,0.020938715955479664
35673.6,0.016290051118696726,430.50355440684956,0.020748991440639172,0.020748991440639172
35712.0,0.016116581593988405,430.40817148250557,0.020560569559422842,0.020560569559422842
35750.4,0.01594469082697751,430.3134460206601,0.020373446446530614,0.020373446446530614
35788.799999999996,0.015774367893011874,430.2193760379516,0.02018761818397913,0.02018761818397913
35827.2,0.015605601900932062,430.12595952480166,0.020003080801995563,0.020003080801995563
35865.6,0.015438381993501022,430.0331944458681,0.019819830279912548,0.019819830279912548
35904.0,0.01527269734782619,429.94107874049496,0.019637862547057332,0.019637862547057332
35942.4,0.015108537175773606,429.84961032316227,0.01945717348364017,0.01945717348364017
35980.799999999996,0.014945890724374819,429.7587870839338,0.019277758921638757,0.019277758921638757
36019.2,0.01478474727622656,429.6686068889032,0.019099614645679674,0.019099614645679674
36057.6,0.014625096149882834,429.5790675806392,0.01892273639391775,0.01892273639391775
36096.0,0.01446692670023919,429.49016697862834,0.018747119858910463,0.018747119858910463
36134.4,0.014310228318910738,429.40190287971654,0.018572760688490758,0.018572760688490758
36172.799999999996,0.014154990434601672,429.3142730585487,0.018399654486634835,0.018399654486634835
36211.2,0.014001202513468378,429.22727526800657,0.018227796814327665,0.018227796814327665
36249.6,0.013848854059474437,429.14090723964523,0.018057183190424736,0.018057183190424736
36288.0,0.013697934614739065,429.05516668412633,0.017887809092508217,0.017887809092508217
36326.4,0.013548433759878336,428.9700512916512,0.017719669957742424,0.017719669957742424
36364.799999999996,0.013400341114338599,428.88555873239056,0.0175527611837227,0.0175527611837227
36403.2,0.013253646336723561,428.8016866569125,0.01738707812932088,0.01738707812932088
36441.6,0.013108339125113578,428.7184326966091,0.01722261611552789,0.01722261611552789
36480.0,0.012964409217378351,428.63579446411984,0.017059370426290413,0.017059370426290413
36518.4,0.012821846391482627,428.5537695537536,0.016897336309344445,0.016897336309344445
36556.799999999996,0.01268064046578432,428.47235554190837,0.016736508977044085,0.016736508977044085
36595.2,0.012540781299326233,428.39154998748785,0.016576883607185084,0.016576883607185084
36633.6,0.012402258792120988,428.3113504323172,0.01641845534382567,0.01641845534382567
36672.0,0.012265062885428543,428.2317544015555,0.01626121929810133,0.01626121929810133
36710.4,0.012129183562026932,428.15275940410544,0.016105170549034424,0.016105170549034424
36748.799999999996,0.01199461084647658,428.07436293302186,0.015950304144341104,0.015950304144341104
36787.2,0.011861334805378059,427.9965624659165,0.015796615101230687,0.015796615101230687
36825.6,0.01172934554762217,427.9193554653615,0.01564409840720294,0.01564409840720294
36864.0,0.011598633224634102,427.84273937928924,0.015492749020837913,0.015492749020837913
36902.4,0.011469188030611019,427.7667116413903,0.015342561872581961,0.015342561872581961
36940.799999999996,0.011341000202752671,427.69126967150885,0.01519353186552885,0.01519353186552885
36979.2,0.011214060021485556,427.6164108760348,0.01504565387619466,0.01504565387619466
37017.6,0.011088357810680674,427.542132648294,0.014898922755288096,0.014898922755288096
37056.0,0.010963883937865196,427.4684323689355,0.014753333328476082,0.014753333328476082
37094.4,0.01084062881442675,427.39530740631574,0.014608880397142164,0.014608880397142164
37132.799999999996,0.010718582895812184,427.3227551168807,0.014465558739141886,0.014465558739141886
37171.2,0.010597736681719889,427.2507728455444,0.014323363109549977,0.014323363109549977
37209.6,0.010478080716285545,427.1793579260656,0.014182288241405036,0.014182288241405036
37248.0,0.010359605588261937,427.10850768142035,0.014042328846445053,0.014042328846445053
37286.4,0.010242301931192514,427.03821942417346,0.01390347961584155,0.01390347961584155
37324.799999999996,0.010126160423578482,426.9684904568454,0.013765735220924079,0.013765735220924079
37363.2,0.010011171789040619,426.89931807227725,0.013629090313901228,0.013629090313901228
37401.6,0.009897326796474136,426.8306995539921,0.01349353952857469,0.01349353952857469
37440.0,0.009784616260198336,426.76263217655475,0.013359077481049813,0.013359077481049813
37478.4,0.009673031040099658,426.6951132059266,0.013225698770436308,0.013225698770436308
37516.799999999996,0.009562562041769373,426.628139899819,0.013093397979546789,0.013093397979546789
37555.2,0.009453200216635328,426.56170950804335,0.01296216967558782,0.01296216967558782
37593.6,0.009344936562087777,426.49581927285703,0.012832008410843853,0.012832008410843853
37632.0,0.00923776212159948,426.43046642930835,0.012702908723358183,0.012702908723358183
37670.4,0.009131667984840029,426.3656482055764,0.01257486513760453,0.01257486513760453
37708.799999999996,0.009026645287785021,426.30136182330915,0.012447872165154833,0.012447872165154833
37747.2,0.008922685212819153,426.23760449795805,0.012321924305340308,0.012321924305340308
37785.6,0.008819778988834131,426.17437343910893,0.012197016045905082,0.012197016045905082
37824.0,0.008717917891320676,426.1116658508112,0.012073141863656463,0.012073141863656463
37862.4,0.008617093242455826,426.04947893190257,0.011950296225106348,0.011950296225106348
37900.799999999996,0.008517296411183735,425.98780987633074,0.011828473587106996,0.011828473587106996
37939.2,0.008418518813292596,425.9266558734733,0.01170766839748256,0.01170766839748256
37977.6,0.008320751911485123,425.8660141084526,0.011587875095651389,0.011587875095651389
38016.0,0.008223987215444399,425.8058817624488,0.011469088113244298,0.011469088113244298
38054.4,0.00812821628189446,425.746256013009,0.011351301874715208,0.011351301874715208
38092.799999999996,0.00803343071465533,425.68713403435345,0.011234510797946263,0.011234510797946263
38131.2,0.007939622164694168,425.628512997679,0.011118709294846908,0.011118709294846908
38169.6,0.00784678233017005,425.57039007145823,0.011003891771944984,0.011003891771944984
38208.0,0.00775490295647451,425.5127624217363,0.010890052630973318,0.010890052630973318
38246.4,0.007663975836267557,425.4556272124246,0.010777186269449601,0.010777186269449601
38284.799999999996,0.007573992809507826,425.39898160559017,0.010665287081248054,0.010665287081248054
38323.2,0.007484945763478837,425.34282276174355,0.010554349457168172,0.010554349457168172
38361.6,0.0073968266328102265,425.28714784012163,0.010444367785493486,0.010444367785493486
38400.0,0.007309627399494232,425.23195399896844,0.010335336452546145,0.010335336452546145
38438.4,0.007223340092897472,425.17723839581237,0.010227249843234698,0.010227249843234698
38476.799999999996,0.007137956789768691,425.1229981877401,0.010120102341595077,0.010120102341595077
38515.2,0.007053469614241074,425.06923053166724,0.010013888331325223,0.010013888331325223
38553.6,0.0069698707378310866,425.0159325846059,0.009908602196313747,0.009908602196313747
38592.0,0.006887152379432387,424.9631015039289,0.009804238321161965,0.009804238321161965
38630.4,0.006805306805305284,424.9107344476306,0.009700791091698746,0.009700791091698746
38668.799999999996,0.006724326329062359,424.85882857458523,0.009598254895491206,0.009598254895491206
38707.2,0.006644203311649074,424.8073810448007,0.00949662412234597,0.00949662412234597
38745.6,0.006564930161321334,424.75638901967034,0.009395893164806405,0.009395893164806405
38784.0,0.006486499333617786,424.70584966222094,0.009296056418642739,0.009296056418642739
38822.4,0.006408903331328655,424.6557601373575,0.00919710828333538,0.00919710828333538
38860.799999999996,0.006332134704460339,424.60611761210475,0.00909904316255214,0.00909904316255214
38899.2,0.0062561860501963735,424.55691925584574,0.009001855464619518,0.009001855464619518
38937.6,0.0061810500128538495,424.5081622405569,0.008905539602987013,0.008905539602987013
38976.0,0.006106719283836666,424.4598437410403,0.008810089996686064,0.008810089996686064
39014.4,0.0060331866015841855,424.4119609351518,0.008715501070780543,0.008715501070780543
39052.799999999996,0.005960444751517193,424.36451100402775,0.008621767256814693,0.008621767256814693
39091.2,0.0058884865659789044,424.317491132306,0.008528882993249704,0.008528882993249704
39129.6,0.005817304924173202,424.2708985083463,0.008436842725899289,0.008436842725899289
39168.0,0.005746892752099222,424.2247303244457,0.008345640908354695,0.008345640908354695
39206.4,0.005677243022481822,424.178983777052,0.00825527200240681,0.00825527200240681
39244.799999999996,0.005608348754699087,424.1336560669727,0.008165730478458939,0.008165730478458939
39283.2,0.0055402030147062185,424.0887443995825,0.008077010815936201,0.008077010815936201
39321.6,0.005472798914955956,424.04424598502595,0.007989107503686654,0.007989107503686654
39360.0,0.005406129614315715,424.00015803841853,0.007902015040377646,0.007902015040377646
39398.4,0.005340188317981794,423.95647778004354,0.007815727934885379,0.007815727934885379
39436.799999999996,0.0052749682773894765,423.91320243554605,0.007730240706677799,0.007730240706677799
39475.2,0.005210462790120891,423.87032923612446,0.007645547886193018,0.007645547886193018
39513.6,0.0051466651998090165,423.8278554187182,0.0075616440152101,0.0075616440152101
39552.0,0.005083568896039275,423.78577822619246,0.00747852364721422,0.00747852364721422
39590.4,0.00502116731424745,423.7440949075206,0.007396181347756448,0.007396181347756448
39628.799999999996,0.004959453935614943,423.7028027179625,0.007314611694806671,0.007314611694806671
39667.2,0.004898422286960962,423.6618989192406,0.0072338092791009116,0.0072338092791009116
39705.6,0.004838065940632601,423.62138077971247,0.007153768704482459,0.007153768704482459
39744.0,0.004778378514390379,423.58124557454113,0.007074484588238405,0.007074484588238405
39782.4,0.004719353671292775,423.54149058586125,0.0069959515614276425,0.0069959515614276425
39820.799999999996,0.004660985119577158,423.50211310294367,0.006918164269206058,0.006918164269206058
39859.2,0.0046032666125380125,423.4631104223557,0.006841117371143298,0.006841117371143298
39897.6,0.004546191948402832,423.4244798481195,0.006764805541535279,0.006764805541535279
39936.0,0.004489754970205184,423.38621869186744,0.006689223469711517,0.006689223469711517
39974.4,0.004433949565655441,423.3483242729931,0.0066143658603332635,0.0066143658603332635
40012.799999999996,0.004378769667008808,423.310793918802,0.006540227433690956,0.006540227433690956
40051.2,0.004324209250931363,423.2736249646573,0.006466802925992587,0.006466802925992587
40089.6,0.004270262338362799,423.23681475412303,0.006394087089646214,0.006394087089646214
40128.0,0.004216922994377843,423.20036063910544,0.006322074693539348,0.006322074693539348
40166.4,0.004164185328044873,423.164259979991,0.006250760523311585,0.006250760523311585
40204.799999999996,0.004112043492281999,423.128510145781,0.006180139381620293,0.006180139381620293
40243.2,0.0040604916837117975,423.0931085142239,0.0061102060884025726,0.0061102060884025726
40281.6,0.004009524142512851,423.05805247194564,0.006040955481131962,0.006040955481131962
40320.0,0.0039591351522700255,423.02333941457556,0.005972382415067717,0.005972382415067717
40358.4,0.003909319039822308,422.98896674687126,0.005904481763501287,0.005904481763501287
40396.799999999996,0.003860070175108459,422.95493188283933,0.00583724841799482,0.00583724841799482
40435.2,0.003811382971011022,422.92123224585487,0.005770677288617193,0.005770677288617193
40473.6,0.003763251883198228,422.8878652687768,0.005704763304171965,0.005704763304171965
40512.0,0.0037156714099640673,422.85482839406194,0.005639501412422519,0.005639501412422519
40550.4,0.0036686360920662638,422.8221190738749,0.005574886580309335,0.005574886580309335
40588.799999999996,0.003622140512563062,422.78973477019747,0.005510913794166045,0.005510913794166045
40627.2,0.0035761792966476705,422.75767295493324,0.005447578059925928,0.005447578059925928
40665.6,0.0035307471114809025,422.725931110011,0.005384874403326395,0.005384874403326395
40704.0,0.003485838666022922,422.6945067274851,0.005322797870107067,0.005322797870107067
40742.4,0.0034414487108624784,422.6633973096336,0.005261343526203918,0.005261343526203918
40780.799999999996,0.0033975720380450794,422.6326003690537,0.005200506457937484,0.005200506457937484
40819.2,0.0033542034808992922,422.6021134287546,0.005140281772196335,0.005140281772196335
40857.6,0.0033113379138619164,422.571934022248,0.005080664596616184,0.005080664596616184
40896.0,0.0032689702523014627,422.5420596936362,0.005021650079753485,0.005021650079753485
40934.4,0.003227095452340037,422.51248799769775,0.004963233391254987,0.004963233391254987
40972.799999999996,0.0031857085106740146,422.483216499971,0.0049054097220224725,0.0049054097220224725
41011.2,0.0031448044643936496,422.45424277683423,0.004848174284371412,0.004848174284371412
41049.6,0.0031043783908007118,422.42556441558503,0.004791522312187283,0.004791522312187283
41088.0,0.0030644254072256247,422.397179014516,0.00473544906107558,0.00473544906107558
41126.4,0.00302494067084264,422.3690841829885,0.0046799498085073445,0.0046799498085073445
41164.799999999996,0.0029859193784844123,422.3412775415049,0.004625019853961666,0.004625019853961666
41203.2,0.0029473567664549676,422.3137567217771,0.004570654519061438,0.004570654519061438
41241.6,0.002909248110341821,422.286519366794,0.004516849147706191,0.004516849147706191
41280.0,0.0028715887248271744,422.2595631308864,0.0044635991062008966,0.0044635991062008966
41318.4,0.0028343739634975515,422.2328856797897,0.004410899783379035,0.004410899783379035
41356.799999999996,0.0027975992186526568,422.20648469070386,0.004358746590721734,0.004358746590721734
41395.2,0.002761259921113581,422.1803578523523,0.004307134962473878,0.004307134962473878
41433.6,0.002725351540029799,422.15450286503784,0.0042560603557544865,0.0042560603557544865
41472.0,0.0026898695826849924,422.12891744069657,0.004205518250663281,0.004205518250663281
41510.4,0.0026548095943027023,422.10359930295044,0.0041555041503845485,0.0041555041503845485
41548.799999999996,0.00262016715785032,422.0785461871563,0.004106013581283941,0.004106013581283941
41587.2,0.002585937893842872,422.05375584045447,0.00405704209300459,0.00405704209300459
41625.6,0.0025521174601461642,422.02922602181405,0.004008585258556384,0.004008585258556384
41664.0,0.002518701551778356,422.00495450207734,0.0039606386744038815,0.0039606386744038815
41702.4,0.002485685900711849,421.9809390640011,0.003913197960547844,0.003913197960547844
41740.799999999996,0.002453066275673744,421.95717750229693,0.003866258760604731,0.003866258760604731
41779.2,0.0024208384819459665,421.9336676236688,0.0038198167418812615,0.0038198167418812615
41817.6,0.0023889983611652104,421.9104072468495,0.003773867595446169,0.003773867595446169
41856.0,0.0023575417911215002,421.88739420263465,0.003728407036197238,0.003728407036197238
41894.4,0.0023264646855563047,421.86462633391494,0.003683430802925307,0.003683430802925307
41932.799999999996,0.0022957629939612976,421.84210149570646,0.0036389346583740097,0.0036389346583740097
41971.2,0.002265432701375082,421.81981755517984,0.003594914389297379,0.003594914389297379
42009.6,0.0022354698281804772,421.79777239168664,0.0035513658065119474,0.0035513658065119474
42048.0,0.002205870429900874,421.77596389678445,0.003508284744946384,0.003508284744946384
42086.4,0.0021766305969966987,421.75438997426033,0.0034656670636877517,0.0034656670636877517
42124.799999999996,0.0021477464546609563,421.73304854015237,0.0034235086460240698,0.0034235086460240698
42163.2,0.002119214162614999,421.7119375227697,0.00338180539948395,0.00338180539948395
42201.6,0.0020910299149032546,421.6910548627101,0.003340553255871297,0.003340553255871297
42240.0,0.0020631899396887964,421.67039851287717,0.003299748171299326,0.003299748171299326
42278.4,0.0020356904990473817,421.649966438495,0.003259386126219318,0.003259386126219318
42316.799999999996,0.0020085278887622044,421.6297566171211,0.0032194631254462134,0.0032194631254462134
42355.2,0.0019816984381180918,421.60976703865845,0.0031799751981829837,0.0031799751981829837
42393.6,0.0019551985096955132,421.5899957053655,0.003140918398039383,0.003140918398039383
42432.0,0.001929024499164632,421.5704406318644,0.003102288803049128,0.003102288803049128
42470.4,0.001903172835078945,421.55109984514837,0.003064082515683709,0.003064082515683709
42508.799999999996,0.0018776399786693326,421.5319713845868,0.0030262956628631715,0.0030262956628631715
42547.2,0.0018524224236373759,421.51305330192963,0.0029889243959640875,0.0029889243959640875
42585.6,0.0018275166959490206,421.49434366130924,0.0029519648908239346,0.0029519648908239346
42624.0,0.001802919353628498,421.4758405392424,0.0029154133477444655,0.0029154133477444655
42662.4,0.0017786269865515754,421.457542024629,0.0028792659914892377,0.0028792659914892377
42700.799999999996,0.0017546362162392504,421.43944621875085,0.0028435190712817037,0.0028435190712817037
42739.2,0.0017309436956516057,421.4215512352683,0.002808168860797913,0.002808168860797913
42777.6,0.001707546108981483,421.4038552002156,0.0027732116581578653,0.0027732116581578653
42816.0,0.001684440171448358,421.3863562519955,0.002738643785914281,0.002738643785914281
42854.4,0.001661622629092281,421.36905254137156,0.0027044615910381173,0.0027044615910381173
42892.799999999996,0.0016390902585680842,421.35194223145993,0.002670661444901723,0.002670661444901723
42931.2,0.0016168398669397209,421.33502349771936,0.002637239743259414,0.002637239743259414
42969.6,0.001594868291474203,421.3182945279405,0.002604192906226249,0.002604192906226249
43008.0,0.0015731723994372167,421.3017535222333,0.002571517378253102,0.002571517378253102
43046.4,0.0015517490878871353,421.28539869301386,0.0025392096281008363,0.0025392096281008363
43084.799999999996,0.0015305952834708105,421.2692282649893,0.0025072661488102074,0.0025072661488102074
43123.2,0.001509707942218668,421.2532404751424,0.002475683457671663,0.002475683457671663
43161.6,0.0014890840493402525,421.2374335727143,0.0024444580961911996,0.0024444580961911996
43200.0,0.0014687206190206008,421.22180581918616,0.002413586630053988,0.002413586630053988
43238.4,0.0014486146942164256,421.20635548826033,0.002383065649087198,0.002383065649087198
43276.799999999996,0.0014287633464525632,421.1910808658398,0.0023528917672195806,0.0023528917672195806
43315.2,0.0014091636756192892,421.17598025000615,0.002323061622437671,0.002323061622437671
43353.6,0.0013898128097694798,421.1610519509981,0.0022935718767436797,0.0022935718767436797
43392.0,0.0013707079049166213,421.1462942911873,0.0022644192161073227,0.0022644192161073227
43430.4,0.0013518461448325024,421.1317056050537,0.002235600350417535,0.002235600350417535
43468.799999999996,0.0013332247408466447,421.1172842391601,0.00220711201343194,0.00220711201343194
43507.2,0.0013148409316446172,421.1030285521256,0.002178950962724524,0.002178950962724524
43545.6,0.001296691983068108,421.0889369145982,0.0021511139796315092,0.0021511139796315092
43584.0,0.0012787751879145336,421.07500770922593,0.0021235978691940905,0.0021235978691940905
43622.4,0.0012610878657374836,421.06123933062787,0.0020963994601016123,0.0020963994601016123
43660.799999999996,0.001243627362648232,421.0476301853634,0.002069515604630486,0.002069515604630486
43699.2,0.0012263910511166964,421.0341786919013,0.002042943178583214,0.002042943178583214
43737.6,0.0012093763297737316,421.0208832805878,0.0020166790812255098,0.0020166790812255098
43776.0,0.001192580623213579,421.00774239361283,0.0019907202352192586,0.0019907202352192586
43814.4,0.0011760013817974414,420.9947544849772,0.0019650635865578405,0.0019650635865578405
43852.799999999996,0.0011596360814565903,420.98191802045756,0.0019397061044970697,0.0019397061044970697
43891.2,0.0011434822234972334,420.9692314775709,0.001914644781484791,0.001914644781484791
43929.6,0.0011275373344050658,420.9566933455383,0.001889876633089687,0.001889876633089687
43968.0,0.00111179896565104,420.94430212524844,0.0018653986979284014,0.0018653986979284014
44006.4,0.0010962646934975524,420.9320563292193,0.001841208037590867,0.001841208037590867
44044.799999999996,0.0010809321188049786,420.91995448156007,0.00181730173656451,0.00181730173656451
44083.2,0.0010657988668396337,420.9079951179319,0.0017936769021565447,0.0017936769021565447
44121.6,0.0010508625870813575,420.89617678550763,0.001770330664415034,0.001770330664415034
44160.0,0.0010361209530327712,420.88449804293197,0.0017472601760495003,0.0017472601760495003
44198.4,0.0010215716620282657,420.87295746027957,0.00172446261234873,0.00172446261234873
44236.799999999996,0.001007212435044875,420.86155361901376,0.0017019351710989132,0.0017019351710989132
44275.2,0.0009930410165126858,420.85028511194326,0.0016796750724981904,0.0016796750724981904
44313.6,0.0009790551741265625,420.8391505431797,0.0016576795590727746,0.0016576795590727746
44352.0,0.0009652526986585484,420.8281485280935,0.0016359458955898117,0.0016359458955898117
44390.4,0.0009516314037708321,420.8172776932697,0.0016144713689701317,0.0016144713689701317
44428.799999999996,0.0009381891258300145,420.8065366764629,0.0015932532881989788,0.0015932532881989788
44467.2,0.0009249237237208943,420.7959241265519,0.0015722889842369652,0.0015722889842369652
44505.6,0.0009118330786627921,420.7854387034935,0.001551575809928331,0.001551575809928331
44544.0,0.0008989150940249727,420.7750790782761,0.0015311111399092013,0.0015311111399092013
44582.4,0.0008861676951439463,420.76484393287285,0.0015108923705155104,0.0015108923705155104
44620.799999999996,0.0008735888291408603,420.7547319601933,0.0014909169196872178,0.0014909169196872178
44659.2,0.0008611764647404546,420.74474186403603,0.0014711822268747704,0.0014711822268747704
44697.6,0.0008489285920899106,420.7348723590399,0.0014516857529426456,0.0014516857529426456
44736.0,0.0008368432225794744,420.72512217063513,0.0014324249800728944,0.0014324249800728944
44774.4,0.0008249183886630992,420.7154900349937,0.0014133974116672249,0.0014133974116672249
44812.799999999996,0.000813152143680245,420.7059746989796,0.0013946005722485222,0.0013946005722485222
44851.2,0.0008015425616787025,420.6965749200984,0.0013760320073612504,0.0013760320073612504
44889.6,0.0007900877372380797,420.68728946644654,0.0013576892834716236,0.0013576892834716236
44928.0,0.000778785785293873,420.6781171166607,0.0013395699878669962,0.0013395699878669962
44966.4,0.0007676348409628339,420.6690566598656,0.001321671728553229,0.001321671728553229
45004.799999999996,0.0007566330593693668,420.66010689562285,0.0013039921341535161,0.0013039921341535161
45043.2,0.0007457786154715017,420.65126663387815,0.0012865288538039556,0.0012865288538039556
45081.6,0.000735069703889831,420.6425346949093,0.0012692795570509157,0.0012692795570509157
45120.0,0.0007245045387355432,420.6339099092731,0.0012522419337463817,0.0012522419337463817
45158.4,0.0007140813534398208,420.6253911177519,0.001235413693941953,0.001235413693941953
45196.799999999996,0.0007037984005849478,420.6169771713011,0.0012187925677852008,0.0012187925677852008
45235.2,0.000693653951735147,420.608666930994,0.0012023763054113071,0.0012023763054113071
45273.6,0.0006836462972691954,420.6004592679688,0.0011861626768375128,0.0011861626768375128
45312.0,0.0006737737462130939,420.5923530633742,0.0011701494718562178,0.0011701494718562178
45350.4,0.0006640346260746882,420.58434720831445,0.0011543344999261711,0.0011543344999261711
45388.799999999996,0.0006544272826782567,420.5764406037946,0.0011387155900645614,0.0011387155900645614
45427.2,0.0006449500800006431,420.5686321606658,0.0011232905907387688,0.0011232905907387688
45465.6,0.0006356014000079916,420.56092079956983,0.0011080573697567697,0.0011080573697567697
45504.0,0.0006263796424934266,420.5533054508835,0.0010930138141574308,0.0010930138141574308
45542.4,0.0006172832249158295,420.5457850546632,0.0010781578301009118,0.0010781578301009118
45580.799999999996,0.0006083105822396154,420.53835856058913,0.0010634873427583988,0.0010634873427583988
45619.2,0.0005994601667747003,420.53102492790896,0.0010490002962010492,0.0010490002962010492
45657.6,0.000590730448018461,420.5237831253817,0.0010346946532889352,0.0010346946532889352
45696.0,0.0005821199124983512,420.5166321312216,0.0010205683955601035,0.0010205683955601035
45734.4,0.0005736270636145346,420.50957093304135,0.0010066195231186212,0.0010066195231186212
45772.799999999996,0.0005652504214847588,420.5025985277956,0.0009928460545230722,0.0009928460545230722
45811.2,0.0005569885227895095,420.4957139217243,0.0009792460266741538,0.0009792460266741538
45849.6,0.00054883992061811,420.4889161302954,0.000965817494702052,0.000965817494702052
45888.0,0.0005408031843157776,420.48220417814815,0.0009525585318539254,0.0009525585318539254
45926.4,0.000532876899331977,420.4755770990362,0.0009394672293819524,0.0009394672293819524
45964.799999999996,0.0005250596670693077,420.4690339357696,0.0009265416964285709,0.0009265416964285709
46003.2,0.0005173501047334566,420.462573740159,0.0009137800599160977,0.0009137800599160977
46041.6,0.0005097468451843574,420.45619557295646,0.0009011804644300587,0.0009011804644300587
46080.0,0.0005022485367878497,420.4498985037998,0.0008887410721089205,0.0008887410721089205
46118.4,0.0004948538432687395,420.4436816111539,0.0008764600625287685,0.0008764600625287685
46156.799999999996,0.0004875614435646241,420.4375439822536,0.0008643356325895571,0.0008643356325895571
46195.2,0.00048037003168065895,420.4314847130465,0.0008523659964030444,0.0008523659964030444
46233.6,0.0004732783165452831,420.42550290813483,0.0008405493851775829,0.0008405493851775829
46272.0,0.00046628502186683314,420.41959768071825,0.0008288840471048185,0.0008288840471048185
46310.4,0.0004593888859912938,420.41376815253585,0.0008173682472456045,0.0008173682472456045
46348.799999999996,0.00045258866176131027,420.40801345380936,0.0008060002674175987,0.0008060002674175987
46387.2,0.00044588311637509294,420.4023327231843,0.000794778406079044,0.000794778406079044
46425.6,0.00043927103124741983,420.39672510767355,0.0007837009782171514,0.0007837009782171514
46464.0,0.00043275120187093885,420.391189762599,0.000772766315233228,0.000772766315233228
46502.4,0.0004263224376789289,420.3857258515345,0.0007619727648293765,0.0007619727648293765
46540.799999999996,0.00041998356190827275,420.38033254624787,0.00075131869089452,0.00075131869089452
46579.2,0.0004137334114643839,420.3750090266438,0.0007408024733913276,0.0007408024733913276
46617.6,0.0004075708367861343,420.36975448070626,0.0007304225082424626,0.0007304225082424626
46656.0,0.00040149470171230904,420.3645681044409,0.0007201772072167226,0.0007201772072167226
46694.4,0.00039550388334871835,420.3594491018183,0.0007100649978173095,0.0007100649978173095
46732.799999999996,0.0003895972719370153,420.3543966847161,0.0007000843231668454,0.0007000843231668454
46771.2,0.0003837737707228736,420.34941007286216,0.0006902336418957558,0.0006902336418957558
46809.6,0.0003780322958267768,420.34448849377713,0.0006805114280285204,0.0006805114280285204
46848.0,0.00037237177611498497,420.3396311827178,0.0006709161708717198,0.0006709161708717198
46886.4,0.00036679115307147904,420.33483738262015,0.000661446374901521,0.000661446374901521
46924.799999999996,0.00036128938067096956,420.3301063440421,0.000652100559650938,0.000652100559650938
46963.2,0.000355865425252671,420.32543732510715,0.0006428772595978791,0.0006428772595978791
47001.6,0.0003505182653953003,420.3208295914476,0.0006337750240536434,0.0006337750240536434
47040.0,0.0003452468917930003,420.316282416148,0.0006247924170507417,0.0006247924170507417
47078.4,0.0003400503071317237,420.3117950796891,0.0006159280172322924,0.0006159280172322924
47116.799999999996,0.0003349275259670752,420.30736686989115,0.0006071804177401799,0.0006071804177401799
47155.2,0.0003298775746029867,420.3029970818577,0.0005985482261037754,0.0005985482261037754
47193.6,0.00032489949097112283,420.2986850179204,0.000590030064131016,0.000590030064131016
47232.0,0.000319992324511599,420.29442998758174,0.0005816245677955526,0.0005816245677955526
47270.4,0.0003151551360540389,420.2902313074611,0.000573330387129626,0.000573330387129626
47308.799999999996,0.00031038699770019325,420.2860883012373,0.0005651461861109906,0.0005651461861109906
47347.2,0.00030568699270712836,420.282000299595,0.0005570706425568003,0.0005570706425568003
47385.6,0.00030105421537116023,420.2779666401679,0.0005491024480118801,0.0005491024480118801
47424.0,0.00029648777091322785,420.27398666748456,0.0005412403076409276,0.0005412403076409276
47462.4,0.0002919867753648518,420.27005973291335,0.0005334829401203785,0.0005334829401203785
47500.799999999996,0.0002875503554549823,420.2661851946077,0.0005258290775300457,0.0005258290775300457
47539.2,0.00028317764849762796,420.2623624174509,0.0005182774652439741,0.0005182774652439741
47577.6,0.00027886780228097676,420.25859077300277,0.0005108268618253373,0.0005108268618253373
47616.0,0.00027461997495703235,420.2548696394446,0.0005034760389175158,0.0005034760389175158
47654.4,0.00027043333493183665,420.25119840152576,0.000496223781138433,0.000496223781138433
47692.799999999996,0.0002663070607568827,420.2475764505093,0.0004890688859736543,0.0004890688859736543
47731.2,0.000262240341021752,420.24400318411875,0.0004820101636706103,0.0004820101636706103
47769.6,0.00025823237424719823,420.2404780064846,0.00047504643713338154,0.00047504643713338154
47808.0,0.00025428236877920546,420.2370003280908,0.00046817654181692054,0.00046817654181692054
47846.4,0.0002503895426840074,420.2335695657222,0.00046139932562284735,0.00046139932562284735
47884.799999999996,0.00024655312364399396,420.2301851424112,0.000454713648794683,0.000454713648794683
47923.2,0.00024277234885432858,420.2268464873859,0.0004481183838148793,0.0004481183838148793
47961.6,0.00023904646492093316,420.223553036017,0.0004416124153001646,0.0004416124153001646
48000.0,0.0002353747277583494,420.22030422976616,0.000435194639899585,0.000435194639899585
48038.4,0.00023175640248964142,420.21709951613343,0.0004288639661905234,0.0004288639661905234
48076.799999999996,0.00022819076334635352,420.2139383486065,0.00042261931457853694,0.00042261931457853694
48115.2,0.00022467709356972755,420.2108201866083,0.00041645961719371345,0.00041645961719371345
48153.6,0.0002212146853124719,420.2077444954463,0.00041038381779073336,0.00041038381779073336
48192.0,0.0002178028395416849,420.20471074626136,0.0004043908716475843,0.0004043908716475843
48230.4,0.000214440865942311,420.20171841597687,0.0003984797454653983,0.0003984797454653983
48268.799999999996,0.00021112808282168038,420.1987669872482,0.00039264941726817673,0.00039264941726817673
48307.2,0.0002078638170150084,420.19585594841254,0.0003868988763042001,0.0003868988763042001
48345.6,0.0002046474037911606,420.1929847934389,0.0003812271229466511,0.0003812271229466511
48384.0,0.00020147818676007051,420.19015302187785,0.0003756331685950244,0.0003756331685950244
48422.4,0.00019835551778005052,420.1873601388127,0.0003701160355781077,0.0003701160355781077
48460.799999999996,0.000195278756866737,420.1846056548096,0.00036467475705561595,0.00036467475705561595
48499.2,0.00019224727210240825,420.1818890858686,0.0003593083769216221,0.0003593083769216221
48537.6,0.00018926043954636893,420.17920995337494,0.0003540159497083244,0.0003540159497083244
48576.0,0.00018631764314577768,420.17656778405046,0.00034879654048981405,0.00034879654048981405
48614.4,0.0001834182746475236,420.1739621099056,0.0003436492247874147,0.0003436492247874147
48652.799999999996,0.0001805617335112389,420.17139246819056,0.00033857308847345,0.00033857308847345
48691.2,0.00017774742682232978,420.1688584013486,0.0003335672276783798,0.0003335672276783798
48729.6,0.00017497476920632168,420.1663594569674,0.0003286307486954659,0.0003286307486954659
48768.0,0.0001722431827442703,420.16389518773303,0.0003237627678890315,0.0003237627678890315
48806.4,0.000169552096888066,420.16146515138206,0.0003189624116006985,0.0003189624116006985
48844.799999999996,0.00016690094837730143,420.15906891065504,0.0003142288160568611,0.0003142288160568611
48883.2,0.0001642891811566366,420.15670603325043,0.0003095611272779553,0.0003095611272779553
48921.6,0.00016171624629392762,420.1543760917777,0.0003049585009857074,0.0003049585009857074
48960.0,0.00015918160189895973,420.1520786637124,0.00030042010251453725,0.00030042010251453725
48998.4,0.00015668471304333415,420.1498133313495,0.00029594510671903144,0.00029594510671903144
49036.799999999996,0.00015422505168081815,420.14757968175905,0.0002915326978869184,0.0002915326978869184
49075.2,0.0001518020965686172,420.1453773067402,0.00028718206964766446,0.00028718206964766446
49113.6,0.00014941533318919929,420.1432058027767,0.0002828924248848877,0.0002828924248848877
49152.0,0.0001470642536728286,420.1410647709929,0.0002786629756493333,0.0002786629756493333
49190.4,0.00014474835672112995,420.1389538171085,0.0002744929430696029,0.0002744929430696029
49228.799999999996,0.00014246714753143525,420.13687255139536,0.00027038155726681433,0.00027038155726681433
49267.2,0.00014022013772107587,420.13482058863343,0.00026632805726723997,0.00026632805726723997
49305.6,0.00013800684525354061,420.1327975480674,0.0002623316909170787,0.0002623316909170787
49344.0,0.00013582679436442043,420.1308030533637,0.0002583917147973401,0.0002583917147973401
49382.4,0.0001336795154884902,420.1288367325674,0.00025450739413861655,0.00025450739413861655
49420.799999999996,0.00013156454518762487,420.12689821805964,0.00025067800273731455,0.00025067800273731455
49459.2,0.00012948142607919575,420.12498714651565,0.00024690282287222366,0.00024690282287222366
49497.6,0.00012742970676496394,420.1231031588621,0.0002431811452206357,0.0002431811452206357
49536.0,0.00012540894176125297,420.12124590023603,0.0002395122687772715,0.0002395122687772715
49574.4,0.00012341869142904954,420.11941501994306,0.0002358955007712986,0.0002358955007712986
49612.799999999996,0.00012145852190565101,420.11761017141606,0.0002323301565851455,0.0002323301565851455
49651.2,0.00011952800503625848,420.1158310121747,0.0002288155596743269,0.0002288155596743269
49689.6,0.00011762671830670718,420.1140772037841,0.00022535104148603313,0.00022535104148603313
49728.0,0.00011575424477658801,420.11234841181573,0.0002219359413813136,0.0002219359413813136
49766.4,0.00011391017301332713,420.1106443058056,0.0002185696065532171,0.0002185696065532171
49804.799999999996,0.00011209409702655125,420.1089645592163,0.0002152513919514455,0.0002152513919514455
49843.2,0.00011030561620344682,420.10730884939613,0.00021198066020139243,0.00021198066020139243
49881.6,0.0001085443352446518,420.1056768575408,0.0002087567815289092,0.0002087567815289092
49920.0,0.00010680986410059262,420.1040682686541,0.0002055791336823756,0.0002055791336823756
49958.4,0.00010510181790897469,420.1024827715091,0.00020244710185611802,0.00020244710185611802
49996.799999999996,0.00010341981693220245,420.10092005861003,0.00019936007861517526,0.00019936007861517526
50035.2,0.00010176348649655782,420.0993798261544,0.00019631746382017655,0.00019631746382017655
50073.6,0.00010013245693020615,420.0978617739949,0.0001933186645524441,0.0001933186645524441
50112.0,9.852636350367159e-05,420.0963656056017,0.0001903630950393203,0.0001903630950393203
50150.4,9.694484637018781e-05,420.0948910280258,0.00018745017658185312,0.00018745017658185312
50188.799999999996,9.538755050603117e-05,420.0934377518616,0.00018457933748068457,0.00018457933748068457
50227.2,9.385412565271877e-05,420.0920054912105,0.0001817500129645221,0.0001817500129645221
50265.6,9.23442262587805e-05,420.0905939636441,0.0001789616451169254,0.0001789616451169254
50304.0,9.085751142272118e-05,420.08920289016874,0.00017621368280668694,0.00017621368280668694
50342.4,8.939364483642646e-05,420.08783199518876,0.00017350558161506767,0.00017350558161506767
50380.799999999996,8.795229472885342e-05,420.08648100647224,0.00017083680376808668,0.00017083680376808668
50419.2,8.653313381052008e-05,420.0851496551142,0.0001682068180639813,0.0001682068180639813
50457.6,8.513583921899e-05,420.08383767550265,0.00016561509980594596,0.00016561509980594596
50496.0,8.376009246453418e-05,420.08254480528365,0.00016306113073329815,0.00016306113073329815
50534.4,8.24055793759888e-05,420.08127078532664,0.0001605443989528693,0.0001605443989528693
50572.799999999996,8.107199004805143e-05,420.08001535969044,0.00015806439887185544,0.00015806439887185544
50611.2,7.975901878843495e-05,420.07877827558906,0.00015562063113033097,0.00015562063113033097
50649.6,7.846636406608814e-05,420.0775592833586,0.00015321260253578346,0.00015321260253578346
50688.0,7.71937284592909e-05,420.07635813642355,0.0001508398259966382,0.0001508398259966382
50726.4,7.594081860508226e-05,420.0751745912637,0.00014850182045679302,0.00014850182045679302
50764.799999999996,7.470734514888372e-05,420.0740084073811,0.0001461981108303779,0.0001461981108303779
50803.2,7.34930226946022e-05,420.07285934726826,0.00014392822793909713,0.00014392822793909713
50841.6,7.229756975521275e-05,420.07172717637513,0.00014169170844665203,0.00014169170844665203
50880.0,7.112070870417558e-05,420.0706116630774,0.0001394880947964199,0.0001394880947964199
50918.4,6.996216572701355e-05,420.0695125786447,0.00013731693514868422,0.00013731693514868422
50956.799999999996,6.882167077372438e-05,420.0684296972092,0.00013517778331808878,0.00013517778331808878
50995.2,6.769895751167241e-05,420.0673627957346,0.00013307019871322594,0.00013307019871322594
51033.6,6.659376327887109e-05,420.06631165398437,0.00013099374627308045,0.00013099374627308045
51072.0,6.55058290374965e-05,420.0652760544921,0.00012894799640886324,0.00012894799640886324
51110.4,6.443489932880412e-05,420.0642557825307,0.00012693252494337483,0.00012693252494337483
51148.799999999996,6.338072222760157e-05,420.06325062608187,0.00012494691304991968,0.00012494691304991968
51187.2,6.234304929771624e-05,420.0622603758067,0.00012299074719526282,0.00012299074719526282
51225.6,6.132163554755111e-05,420.06128482501583,0.00012106361907977928,0.00012106361907977928
51264.0,6.03162393870626e-05,420.06032376964026,0.00011916512558041087,0.00011916512558041087
51302.4,5.932662258390273e-05,420.05937700820175,0.00011729486869182624,0.00011729486869182624
51340.799999999996,5.8352550221018215e-05,420.05844434178454,0.00011545245547072498,0.00011545245547072498
51379.2,5.739379065448054e-05,420.05752557400655,0.00011363749797890674,0.00011363749797890674
51417.6,5.6450115471493536e-05,420.0566205109906,0.00011184961322645238,0.00011184961322645238
51456.0,5.552129944936012e-05,420.05572896133714,0.00011008842311760036,0.00011008842311760036
51494.4,5.460712051464474e-05,420.05485073609583,0.00010835355439516305,0.00010835355439516305
51532.799999999996,5.3707359702530734e-05,420.0539856487378,0.00010664463858516793,0.00010664463858516793
51571.2,5.282180111729722e-05,420.05313351512876,0.00010496131194396893,0.00010496131194396893
51609.6,5.195023189247617e-05,420.0522941535019,0.0001033032154047965,0.0001033032154047965
51648.0,5.1092442152110455e-05,420.0514673844306,0.0001016699945236337,0.0001016699945236337
51686.4,5.0248224972314226e-05,420.05065303080204,0.00010006129942722614,0.00010006129942722614
51724.799999999996,4.941737634262028e-05,420.0498509177909,9.847678476120393e-05,9.847678476120393e-05
51763.2,4.859969512897867e-05,420.04906087283337,9.691610963865283e-05,9.691610963865283e-05
51801.6,4.779498303585036e-05,420.0482827256009,9.53789375881241e-05,9.53789375881241e-05
51840.0,4.700304456981005e-05,420.04751630797506,9.38649365040023e-05,9.38649365040023e-05
51878.4,4.622368700298946e-05,420.04676145402146,9.237377859541335e-05,9.237377859541335e-05
51916.799999999996,4.545672033714223e-05,420.04601799996533,9.090514033737843e-05,9.090514033737843e-05
51955.2,4.4701957267904055e-05,420.04528578416597,8.945870242073265e-05,8.945870242073265e-05
51993.6,4.395921315003032e-05,420.04456464709256,8.80341497041772e-05,8.80341497041772e-05
52032.0,4.322830596190471e-05,420.04385443129934,8.663117116532102e-05,8.663117116532102e-05
52070.4,4.2509056272055804e-05,420.04315498140176,8.524945985351893e-05,8.524945985351893e-05
52108.799999999996,4.180128720467837e-05,420.04246614405196,8.38887128414747e-05,8.38887128414747e-05
52147.2,4.1104824406256096e-05,420.0417877679155,8.254863117920222e-05,8.254863117920222e-05
52185.6,4.041949601234469e-05,420.04111970364755,8.122891984720049e-05,8.122891984720049e-05
52224.0,3.974513261476275e-05,420.0404618038697,7.992928771019021e-05,7.992928771019021e-05
52262.4,3.908156722922715e-05,420.03981392314677,7.864944747197326e-05,7.864944747197326e-05
52300.799999999996,3.842863526336163e-05,420.03917591796437,7.738911563040437e-05,7.738911563040437e-05
52339.2,3.778617448514908e-05,420.0385476467055,7.614801243168908e-05,7.614801243168908e-05
52377.6,3.715402499149047e-05,420.03792896962875,7.492586182692769e-05,7.492586182692769e-05
52416.0,3.653202917758137e-05,420.0373197488459,7.372239142832196e-05,7.372239142832196e-05
52454.4,3.592003170614544e-05,420.0367198483,7.253733246538218e-05,7.253733246538218e-05
52492.799999999996,3.531787947730846e-05,420.0361291337435,7.137041974214468e-05,7.137041974214468e-05
52531.2,3.4725421598968936e-05,420.03554747271687,7.022139159461386e-05,7.022139159461386e-05
52569.6,3.4142509356991345e-05,420.0349747345272,6.908998984865355e-05,6.908998984865355e-05
52608.0,3.35689961867673e-05,420.03441079022696,6.797595977787827e-05,6.797595977787827e-05
52646.4,3.3004737643799576e-05,420.03385551259333,6.687905006322872e-05,6.687905006322872e-05
52684.799999999996,3.244959137558275e-05,420.03330877610745,6.579901275142468e-05,6.579901275142468e-05
52723.2,3.190341709359072e-05,420.0327704569335,6.473560321409137e-05,6.473560321409137e-05
52761.6,3.136607654545926e-05,420.03224043289936,6.36885801091317e-05,6.36885801091317e-05
52800.0,3.0837433487755135e-05,420.03171858347565,6.265770533985277e-05,6.265770533985277e-05
52838.4,3.0317353658744998e-05,420.03120478975615,6.164274401577663e-05,6.164274401577663e-05
52876.799999999996,2.980570475164382e-05,420.0306989344381,6.06434644140126e-05,6.06434644140126e-05
52915.2,2.9302356388485138e-05,420.03020090180325,5.965963794186463e-05,5.965963794186463e-05
52953.6,2.880718009376087e-05,420.0297105776978,5.869103909685617e-05,5.869103909685617e-05
52992.0,2.832004926866366e-05,420.0292278495137,5.7737445430123565e-05,5.7737445430123565e-05
53030.4,2.7840839166112745e-05,420.0287526061699,5.679863750947274e-05,5.679863750947274e-05
53068.799999999996,2.7369426864765572e-05,420.02828473809336,5.587439888131283e-05,5.587439888131283e-05
53107.2,2.69056912449492e-05,420.02782413720115,5.496451603595863e-05,5.496451603595863e-05
53145.6,2.644951296387999e-05,420.02737069688146,5.4068778369676586e-05,5.4068778369676586e-05
53184.0,2.6000774431186353e-05,420.02692431197573,5.318697814953803e-05,5.318697814953803e-05
53222.4,2.555935978540762e-05,420.0264848787611,5.23189104787216e-05,5.23189104787216e-05
53260.799999999996,2.5125154870031635e-05,420.0260522949324,5.146437326102959e-05,5.146437326102959e-05
53299.2,2.4698047210491223e-05,420.02562645958454,5.0623167165853506e-05,5.0623167165853506e-05
53337.6,2.4277925990770083e-05,420.0252072731954,4.979509559471167e-05,4.979509559471167e-05
53376.0,2.386468203079023e-05,420.02479463760835,4.8979964646439306e-05,4.8979964646439306e-05
53414.4,2.3458207764101175e-05,420.0243884560159,4.8177583085073636e-05,4.8177583085073636e-05
53452.799999999996,2.3058397215285212e-05,420.02398863294184,4.738776230437024e-05,4.738776230437024e-05
53491.2,2.266514597844605e-05,420.02359507422597,4.6610316297933946e-05,4.6610316297933946e-05
53529.6,2.2278351195307e-05,420.0232076870062,4.584506162362291e-05,4.584506162362291e-05
53568.0,2.1897911533770273e-05,420.0228263797037,4.509181737412863e-05,4.509181737412863e-05
53606.4,2.1523727167241034e-05,420.0224510620059,4.435040514385044e-05,4.435040514385044e-05
53644.799999999996,2.1155699753222458e-05,420.02208164485086,4.362064899734202e-05,4.362064899734202e-05
53683.2,2.0793732413243155e-05,420.02171804041143,4.290237543876851e-05,4.290237543876851e-05
53721.6,2.043772971219892e-05,420.02136016207976,4.219541338068995e-05,4.219541338068995e-05
53760.0,2.008759763824432e-05,420.02100792445214,4.1499594114416684e-05,4.1499594114416684e-05
53798.4,1.974324358323565e-05,420.02066124331316,4.0814751278680494e-05,4.0814751278680494e-05
53836.799999999996,1.9404576323155712e-05,420.02032003562135,4.014072083122525e-05,4.014072083122525e-05
53875.2,1.907150599853884e-05,420.0199842194938,3.947734101837627e-05,3.947734101837627e-05
53913.6,1.8743944095535097e-05,420.0196537141915,3.882445234640648e-05,3.882445234640648e-05
53952.0,1.842180342740117e-05,420.0193284401051,3.818189755267782e-05,3.818189755267782e-05
53990.4,1.810499811520956e-05,420.0190083187401,3.75495215773442e-05,3.75495215773442e-05
54028.799999999996,1.7793443570333564e-05,420.0186932727024,3.692717153415612e-05,3.692717153415612e-05
54067.2,1.748705647581445e-05,420.01838322568545,3.631469668497086e-05,3.631469668497086e-05
54105.6,1.7185754768437558e-05,420.0180781024547,3.5711948409658734e-05,3.5711948409658734e-05
54144.0,1.688945762143129e-05,420.01777782883465,3.511878018005186e-05,3.511878018005186e-05
54182.4,1.659808542672174e-05,420.0174823316954,3.453504753344372e-05,3.453504753344372e-05
54220.799999999996,1.631155977802183e-05,420.0171915389387,3.3960608044965825e-05,3.3960608044965825e-05
54259.2,1.6029803453530095e-05,420.01690537948485,3.339532130221018e-05,3.339532130221018e-05
54297.6,1.57527403995352e-05,420.01662378325983,3.283904887895347e-05,3.283904887895347e-05
54336.0,1.5480295713363157e-05,420.0163466811815,3.229165430865659e-05,3.229165430865659e-05
54374.4,1.5212395627799053e-05,420.0160740051475,3.175300306009774e-05,3.175300306009774e-05
54412.799999999996,1.4948967494336366e-05,420.01580568802234,3.1222962512107214e-05,3.1222962512107214e-05
54451.2,1.468993976743861e-05,420.01554166362456,3.070140192818982e-05,3.070140192818982e-05
54489.6,1.4435241989120928e-05,420.0152818667145,3.0188192432158004e-05,3.0188192432158004e-05
54528.0,1.4184804772963371e-05,420.0150262329818,2.968320698387719e-05,2.968320698387719e-05
54566.4,1.3938559789295846e-05,420.01477469903386,2.9186320355684903e-05,2.9186320355684903e-05
54604.799999999996,1.3696439749815749e-05,420.01452720238296,2.8697409107911583e-05,2.8697409107911583e-05
54643.2,1.3458378392790946e-05,420.0142836814352,2.8216351566310256e-05,2.8216351566310256e-05
54681.6,1.322431046840503e-05,420.014044075478,2.7743027797801945e-05,2.7743027797801945e-05
54720.0,1.2994171724067262e-05,420.0138083246692,2.7277319588466822e-05,2.7277319588466822e-05
54758.4,1.2767898890557205e-05,420.01357637002485,2.681911042007561e-05,2.681911042007561e-05
54796.799999999996,1.2545429667299076e-05,420.01334815340897,2.6368285449203654e-05,2.6368285449203654e-05
54835.2,1.2326702708843792e-05,420.01312361752116,2.5924731483200876e-05,2.5924731483200876e-05
54873.6,1.211165761101384e-05,420.01290270588635,2.5488336959754997e-05,2.5488336959754997e-05
54912.0,1.1900234897189962e-05,420.0126853628436,2.50589919248827e-05,2.50589919248827e-05
54950.4,1.169237600521958e-05,420.0124715335351,2.463658801092081e-05,2.463658801092081e-05
54988.799999999996,1.148802327386376e-05,420.0122611638958,2.422101841642641e-05,2.422101841642641e-05
55027.2,1.128711993007836e-05,420.0120542006426,2.3812177884617126e-05,2.3812177884617126e-05
55065.6,1.108961007588722e-05,420.0118505912644,2.3409962683832718e-05,2.3409962683832718e-05
55104.0,1.0895438675876865e-05,420.01165028401095,2.3014270585077057e-05,2.3014270585077057e-05
55142.4,1.070455154470901e-05,420.0114532278835,2.2625000844276347e-05,2.2625000844276347e-05
55180.799999999996,1.0516895334632838e-05,420.0112593726244,2.2242054181056287e-05,2.2242054181056287e-05
55219.2,1.0332417523104097e-05,420.0110686687069,2.1865332759091364e-05,2.1865332759091364e-05
55257.6,1.0151066401239159e-05,420.01088106732595,2.149474016757698e-05,2.149474016757698e-05
55296.0,9.972791061647057e-06,420.0106965203878,2.1130181400904998e-05,2.1130181400904998e-05
55334.4,9.797541386901231e-06,420.01051498050094,2.0771562840697336e-05,2.0771562840697336e-05
55372.799999999996,9.625268037638048e-06,420.0103364009663,2.0418792236379797e-05,2.0418792236379797e-05
55411.2,9.455922441703844e-06,420.01016073576824,2.0071778687440278e-05,2.0071778687440278e-05
55449.6,9.289456782501643e-06,420.00998793956495,1.9730432624564044e-05,1.9730432624564044e-05
55488.0,9.125823988085118e-06,420.0098179676794,1.9394665791555044e-05,1.9394665791555044e-05
55526.4,8.964977720091885e-06,420.00965077609027,1.9064391227594116e-05,1.9064391227594116e-05
55564.799999999996,8.806872363280876e-06,420.00948632142365,1.8739523250732332e-05,1.8739523250732332e-05
55603.2,8.65146301446604e-06,420.0093245609432,1.8419977438464877e-05,1.8419977438464877e-05
55641.6,8.49870547232007e-06,420.0091654525421,1.8105670612010422e-05,1.8105670612010422e-05
55680.0,8.348556226965475e-06,420.00900895473444,1.7796520818906198e-05,1.7796520818906198e-05
55718.4,8.20097244972471e-06,420.0088550266467,1.7492447316613662e-05,1.7492447316613662e-05
55756.799999999996,8.055911983244287e-06,420.0087036280091,1.719337055511355e-05,1.719337055511355e-05
55795.2,7.91333333104993e-06,420.0085547191477,1.6899212161634447e-05,1.6899212161634447e-05
55833.6,7.77319564838041e-06,420.00840826097584,1.6609894923247842e-05,1.6609894923247842e-05
55872.0,7.635458732151861e-06,420.00826421498664,1.632534277249502e-05,1.632534277249502e-05
55910.4,7.500083011702698e-06,420.00812254324427,1.6045480769982107e-05,1.6045480769982107e-05
55948.799999999996,7.367029538988635e-06,420.0079832083767,1.5770235090006977e-05,1.5770235090006977e-05
55987.2,7.2362599798250646e-06,420.00784617356754,1.5499533004614056e-05,1.5499533004614056e-05
56025.6,7.107736604224525e-06,420.00771140254886,1.523330286910893e-05,1.523330286910893e-05
56064.0,6.981422277940559e-06,420.0075788595927,1.4971474105551728e-05,1.4971474105551728e-05
56102.4,6.857280453053912e-06,420.0074485095046,1.4713977190068346e-05,1.4713977190068346e-05
56140.799999999996,6.73527515965907e-06,420.00732031761567,1.4460743636568407e-05,1.4460743636568407e-05
56179.2,6.615370997000273e-06,420.007194249775,1.4211705982709021e-05,1.4211705982709021e-05
56217.6,6.497533124874495e-06,420.00707027234336,1.3966797776532283e-05,1.3966797776532283e-05
56256.0,6.381727255406856e-06,420.0069483521849,1.3725953560744663e-05,1.3725953560744663e-05
56294.4,6.267919644666279e-06,420.00682845666137,1.3489108860814293e-05,1.3489108860814293e-05
56332.799999999996,6.1560770845656746e-06,420.0067105536241,1.3256200169474945e-05,1.3256200169474945e-05
56371.2,6.046166894673128e-06,420.0065946114077,1.3027164934149555e-05,1.3027164934149555e-05
56409.6,5.9381569145024425e-06,420.0064805988234,1.2801941543587716e-05,1.2801941543587716e-05
56448.0,5.832015495590993e-06,420.00636848515194,1.2580469314390887e-05,1.2580469314390887e-05
56486.4,5.727711493470577e-06,420.0062582401372,1.2362688477649897e-05,1.2362688477649897e-05
56524.799999999996,5.625214260686541e-06,420.00614983397963,1.2148540166705322e-05,1.2148540166705322e-05
56563.2,5.524493638822247e-06,420.00604323733023,1.1937966404683321e-05,1.1937966404683321e-05
56601.6,5.425519951038278e-06,420.0059384212834,1.1730910090796244e-05,1.1730910090796244e-05
56640.0,5.3282639950028065e-06,420.0058353573713,1.1527314988889069e-05,1.1527314988889069e-05
56678.4,5.232697035999508e-06,420.00573401755764,1.1327125715312084e-05,1.1327125715312084e-05
56716.799999999996,5.138790799093987e-06,420.0056343742312,1.1130287726232119e-05,1.1130287726232119e-05
56755.2,5.046517462650175e-06,420.00553640019996,1.0936747305842108e-05,1.0936747305842108e-05
56793.6,4.955849651473632e-06,420.00544006868546,1.0746451555244372e-05,1.0746451555244372e-05
56832.0,4.8667604298131026e-06,420.00534535331656,1.0559348380211032e-05,1.0559348380211032e-05
56870.4,4.779223294699111e-06,420.00525222812377,1.0375386479954996e-05,1.0375386479954996e-05
56908.799999999996,4.6932121693715466e-06,420.0051606675335,1.0194515335788687e-05,1.0194515335788687e-05
56947.2,4.6087013968852324e-06,420.0050706463626,1.0016685200119617e-05,1.0016685200119617e-05
56985.6,4.525665733537039e-06,420.0049821398124,9.841847085221404e-06,9.841847085221404e-06
57024.0,4.444080342702569e-06,420.0048951234634,9.669952752117057e-06,9.669952752117057e-06
57062.4,4.363920788423292e-06,420.0048095732704,9.500954701146621e-06,9.500954701146621e-06
57100.799999999996,4.2851630293849685e-06,420.00472546555596,9.334806159503003e-06,9.334806159503003e-06
57139.2,4.207783412878119e-06,420.00464277700627,9.171461072361047e-06,9.171461072361047e-06
57177.6,4.13175866874084e-06,420.00456148466503,9.01087409131169e-06,9.01087409131169e-06
57216.0,4.057065903514614e-06,420.00448156592904,8.853000565378747e-06,8.853000565378747e-06
57254.4,3.983682594760137e-06,420.0044029985427,8.697796530239092e-06,8.697796530239092e-06
57292.799999999996,3.911586585177837e-06,420.0043257605929,8.545218698341128e-06,8.545218698341128e-06
57331.2,3.840756076994385e-06,420.0042498305047,8.395224449809311e-06,8.395224449809311e-06
57369.6,3.7711696266162712e-06,420.00417518703546,8.247771821439731e-06,8.247771821439731e-06
57408.0,3.702806138963226e-06,420.00410180927105,8.102819498952106e-06,8.102819498952106e-06
57446.4,3.635644862245889e-06,420.00402967662035,7.960326806097658e-06,7.960326806097658e-06
57484.799999999996,3.5696653822992532e-06,420.00395876881083,7.82025369601278e-06,7.82025369601278e-06
57523.2,3.5048476177512777e-06,420.0038890658842,7.682560742572721e-06,7.682560742572721e-06
57561.6,3.4411718148002088e-06,420.0038205481911,7.547209129836325e-06,7.547209129836325e-06
57600.0,3.378618541885923e-06,420.00375319638744,7.414160645196335e-06,7.414160645196335e-06
